#ifdef T_WATCH_ULTRA

#include "HugeDisplayFonts.h"

// Generated from DejaVuSans.ttf at 32px in the squix jump-table format used by
// https://oleddisplay.squix.ch/ - see EinkDisplayFonts.cpp for the same layout.
// Covers ISO-8859-1 (chars 32..255), matching Screen::customFontTableLookup().
const uint8_t DejaVuSans_plain_32[] PROGMEM = {
    0x20, // Width: 32
    0x26, // Height: 38
    0x20, // First Char: 32
    0xE0, // Numbers of Chars: 224

    // Jump Table:
    0xFF, 0xFF, 0x00, 0x0A, // 32:65535
    0x00, 0x00, 0x27, 0x0D, // 33:0
    0x00, 0x27, 0x39, 0x0F, // 34:39
    0x00, 0x60, 0x75, 0x1B, // 35:96
    0x00, 0xD5, 0x59, 0x14, // 36:213
    0x01, 0x2E, 0x90, 0x1E, // 37:302
    0x01, 0xBE, 0x77, 0x19, // 38:446
    0x02, 0x35, 0x1B, 0x09, // 39:565
    0x02, 0x50, 0x32, 0x0C, // 40:592
    0x02, 0x82, 0x30, 0x0C, // 41:642
    0x02, 0xB2, 0x49, 0x10, // 42:690
    0x02, 0xFB, 0x71, 0x1B, // 43:763
    0x03, 0x6C, 0x22, 0x0A, // 44:876
    0x03, 0x8E, 0x30, 0x0C, // 45:910
    0x03, 0xBE, 0x22, 0x0A, // 46:958
    0x03, 0xE0, 0x33, 0x0B, // 47:992
    0x04, 0x13, 0x58, 0x14, // 48:1043
    0x04, 0x6B, 0x54, 0x14, // 49:1131
    0x04, 0xBF, 0x54, 0x14, // 50:1215
    0x05, 0x13, 0x59, 0x14, // 51:1299
    0x05, 0x6C, 0x5E, 0x14, // 52:1388
    0x05, 0xCA, 0x58, 0x14, // 53:1482
    0x06, 0x22, 0x59, 0x14, // 54:1570
    0x06, 0x7B, 0x57, 0x14, // 55:1659
    0x06, 0xD2, 0x59, 0x14, // 56:1746
    0x07, 0x2B, 0x58, 0x14, // 57:1835
    0x07, 0x83, 0x22, 0x0B, // 58:1923
    0x07, 0xA5, 0x22, 0x0B, // 59:1957
    0x07, 0xC7, 0x72, 0x1B, // 60:1991
    0x08, 0x39, 0x72, 0x1B, // 61:2105
    0x08, 0xAB, 0x71, 0x1B, // 62:2219
    0x09, 0x1C, 0x48, 0x11, // 63:2332
    0x09, 0x64, 0x94, 0x20, // 64:2404
    0x09, 0xF8, 0x68, 0x16, // 65:2552
    0x0A, 0x60, 0x63, 0x16, // 66:2656
    0x0A, 0xC3, 0x68, 0x16, // 67:2755
    0x0B, 0x2B, 0x71, 0x19, // 68:2859
    0x0B, 0x9C, 0x59, 0x14, // 69:2972
    0x0B, 0xF5, 0x52, 0x12, // 70:3061
    0x0C, 0x47, 0x6D, 0x19, // 71:3143
    0x0C, 0xB4, 0x68, 0x18, // 72:3252
    0x0D, 0x1C, 0x1D, 0x09, // 73:3356
    0x0D, 0x39, 0x1E, 0x09, // 74:3385
    0x0D, 0x57, 0x68, 0x15, // 75:3415
    0x0D, 0xBF, 0x59, 0x12, // 76:3519
    0x0E, 0x18, 0x77, 0x1C, // 77:3608
    0x0E, 0x8F, 0x68, 0x18, // 78:3727
    0x0E, 0xF7, 0x71, 0x19, // 79:3831
    0x0F, 0x68, 0x58, 0x13, // 80:3944
    0x0F, 0xC0, 0x71, 0x19, // 81:4032
    0x10, 0x31, 0x68, 0x16, // 82:4145
    0x10, 0x99, 0x5D, 0x14, // 83:4249
    0x10, 0xF6, 0x61, 0x14, // 84:4342
    0x11, 0x57, 0x67, 0x17, // 85:4439
    0x11, 0xBE, 0x66, 0x16, // 86:4542
    0x12, 0x24, 0x93, 0x20, // 87:4644
    0x12, 0xB7, 0x68, 0x16, // 88:4791
    0x13, 0x1F, 0x5C, 0x14, // 89:4895
    0x13, 0x7B, 0x63, 0x16, // 90:4987
    0x13, 0xDE, 0x2D, 0x0C, // 91:5086
    0x14, 0x0B, 0x37, 0x0B, // 92:5131
    0x14, 0x42, 0x32, 0x0C, // 93:5186
    0x14, 0x74, 0x70, 0x1B, // 94:5236
    0x14, 0xE4, 0x50, 0x10, // 95:5348
    0x15, 0x34, 0x2F, 0x10, // 96:5428
    0x15, 0x63, 0x54, 0x14, // 97:5475
    0x15, 0xB7, 0x5D, 0x14, // 98:5559
    0x16, 0x14, 0x4F, 0x12, // 99:5652
    0x16, 0x63, 0x54, 0x14, // 100:5731
    0x16, 0xB7, 0x58, 0x14, // 101:5815
    0x17, 0x0F, 0x39, 0x0B, // 102:5903
    0x17, 0x48, 0x55, 0x14, // 103:5960
    0x17, 0x9D, 0x59, 0x14, // 104:6045
    0x17, 0xF6, 0x1D, 0x09, // 105:6134
    0x18, 0x13, 0x1E, 0x09, // 106:6163
    0x18, 0x31, 0x59, 0x13, // 107:6193
    0x18, 0x8A, 0x1D, 0x09, // 108:6282
    0x18, 0xA7, 0x8B, 0x1F, // 109:6311
    0x19, 0x32, 0x59, 0x14, // 110:6450
    0x19, 0x8B, 0x58, 0x14, // 111:6539
    0x19, 0xE3, 0x5D, 0x14, // 112:6627
    0x1A, 0x40, 0x55, 0x14, // 113:6720
    0x1A, 0x95, 0x3E, 0x0D, // 114:6805
    0x1A, 0xD3, 0x4A, 0x11, // 115:6867
    0x1B, 0x1D, 0x3B, 0x0D, // 116:6941
    0x1B, 0x58, 0x54, 0x14, // 117:7000
    0x1B, 0xAC, 0x57, 0x13, // 118:7084
    0x1C, 0x03, 0x7A, 0x1A, // 119:7171
    0x1C, 0x7D, 0x59, 0x13, // 120:7293
    0x1C, 0xD6, 0x57, 0x13, // 121:7382
    0x1D, 0x2D, 0x4A, 0x11, // 122:7469
    0x1D, 0x77, 0x50, 0x14, // 123:7543
    0x1D, 0xC7, 0x23, 0x0B, // 124:7623
    0x1D, 0xEA, 0x4E, 0x14, // 125:7658
    0x1E, 0x38, 0x71, 0x1B, // 126:7736
    0x1E, 0xA9, 0x5A, 0x13, // 127:7849
    0x1F, 0x03, 0x5A, 0x13, // 128:7939
    0x1F, 0x5D, 0x5A, 0x13, // 129:8029
    0x1F, 0xB7, 0x5A, 0x13, // 130:8119
    0x20, 0x11, 0x5A, 0x13, // 131:8209
    0x20, 0x6B, 0x5A, 0x13, // 132:8299
    0x20, 0xC5, 0x5A, 0x13, // 133:8389
    0x21, 0x1F, 0x5A, 0x13, // 134:8479
    0x21, 0x79, 0x5A, 0x13, // 135:8569
    0x21, 0xD3, 0x5A, 0x13, // 136:8659
    0x22, 0x2D, 0x5A, 0x13, // 137:8749
    0x22, 0x87, 0x5A, 0x13, // 138:8839
    0x22, 0xE1, 0x5A, 0x13, // 139:8929
    0x23, 0x3B, 0x5A, 0x13, // 140:9019
    0x23, 0x95, 0x5A, 0x13, // 141:9109
    0x23, 0xEF, 0x5A, 0x13, // 142:9199
    0x24, 0x49, 0x5A, 0x13, // 143:9289
    0x24, 0xA3, 0x5A, 0x13, // 144:9379
    0x24, 0xFD, 0x5A, 0x13, // 145:9469
    0x25, 0x57, 0x5A, 0x13, // 146:9559
    0x25, 0xB1, 0x5A, 0x13, // 147:9649
    0x26, 0x0B, 0x5A, 0x13, // 148:9739
    0x26, 0x65, 0x5A, 0x13, // 149:9829
    0x26, 0xBF, 0x5A, 0x13, // 150:9919
    0x27, 0x19, 0x5A, 0x13, // 151:10009
    0x27, 0x73, 0x5A, 0x13, // 152:10099
    0x27, 0xCD, 0x5A, 0x13, // 153:10189
    0x28, 0x27, 0x5A, 0x13, // 154:10279
    0x28, 0x81, 0x5A, 0x13, // 155:10369
    0x28, 0xDB, 0x5A, 0x13, // 156:10459
    0x29, 0x35, 0x5A, 0x13, // 157:10549
    0x29, 0x8F, 0x5A, 0x13, // 158:10639
    0x29, 0xE9, 0x5A, 0x13, // 159:10729
    0xFF, 0xFF, 0x00, 0x0A, // 160:65535
    0x2A, 0x43, 0x28, 0x0D, // 161:10819
    0x2A, 0x6B, 0x54, 0x14, // 162:10859
    0x2A, 0xBF, 0x59, 0x14, // 163:10943
    0x2B, 0x18, 0x5E, 0x14, // 164:11032
    0x2B, 0x76, 0x5B, 0x14, // 165:11126
    0x2B, 0xD1, 0x23, 0x0B, // 166:11217
    0x2B, 0xF4, 0x49, 0x10, // 167:11252
    0x2C, 0x3D, 0x3E, 0x10, // 168:11325
    0x2C, 0x7B, 0x8A, 0x20, // 169:11387
    0x2D, 0x05, 0x3F, 0x0F, // 170:11525
    0x2D, 0x44, 0x54, 0x14, // 171:11588
    0x2D, 0x98, 0x72, 0x1B, // 172:11672
    0x2E, 0x0A, 0x30, 0x0C, // 173:11786
    0x2E, 0x3A, 0x8A, 0x20, // 174:11834
    0x2E, 0xC4, 0x3E, 0x10, // 175:11972
    0x2F, 0x02, 0x3E, 0x10, // 176:12034
    0x2F, 0x40, 0x72, 0x1B, // 177:12096
    0x2F, 0xB2, 0x35, 0x0D, // 178:12210
    0x2F, 0xE7, 0x35, 0x0D, // 179:12263
    0x30, 0x1C, 0x3D, 0x10, // 180:12316
    0x30, 0x59, 0x63, 0x14, // 181:12377
    0x30, 0xBC, 0x55, 0x14, // 182:12476
    0x31, 0x11, 0x21, 0x0A, // 183:12561
    0x31, 0x32, 0x37, 0x10, // 184:12594
    0x31, 0x69, 0x35, 0x0D, // 185:12649
    0x31, 0x9E, 0x43, 0x0F, // 186:12702
    0x31, 0xE1, 0x53, 0x14, // 187:12769
    0x32, 0x34, 0x95, 0x1F, // 188:12852
    0x32, 0xC9, 0x90, 0x1F, // 189:13001
    0x33, 0x59, 0x95, 0x1F, // 190:13145
    0x33, 0xEE, 0x4B, 0x11, // 191:13294
    0x34, 0x39, 0x68, 0x16, // 192:13369
    0x34, 0xA1, 0x68, 0x16, // 193:13473
    0x35, 0x09, 0x68, 0x16, // 194:13577
    0x35, 0x71, 0x68, 0x16, // 195:13681
    0x35, 0xD9, 0x68, 0x16, // 196:13785
    0x36, 0x41, 0x68, 0x16, // 197:13889
    0x36, 0xA9, 0x90, 0x1F, // 198:13993
    0x37, 0x39, 0x68, 0x16, // 199:14137
    0x37, 0xA1, 0x59, 0x14, // 200:14241
    0x37, 0xFA, 0x59, 0x14, // 201:14330
    0x38, 0x53, 0x59, 0x14, // 202:14419
    0x38, 0xAC, 0x59, 0x14, // 203:14508
    0x39, 0x05, 0x1F, 0x09, // 204:14597
    0x39, 0x24, 0x24, 0x09, // 205:14628
    0x39, 0x48, 0x29, 0x09, // 206:14664
    0x39, 0x71, 0x29, 0x09, // 207:14705
    0x39, 0x9A, 0x71, 0x19, // 208:14746
    0x3A, 0x0B, 0x68, 0x18, // 209:14859
    0x3A, 0x73, 0x71, 0x19, // 210:14963
    0x3A, 0xE4, 0x71, 0x19, // 211:15076
    0x3B, 0x55, 0x71, 0x19, // 212:15189
    0x3B, 0xC6, 0x71, 0x19, // 213:15302
    0x3C, 0x37, 0x71, 0x19, // 214:15415
    0x3C, 0xA8, 0x6D, 0x1B, // 215:15528
    0x3D, 0x15, 0x71, 0x19, // 216:15637
    0x3D, 0x86, 0x67, 0x17, // 217:15750
    0x3D, 0xED, 0x67, 0x17, // 218:15853
    0x3E, 0x54, 0x67, 0x17, // 219:15956
    0x3E, 0xBB, 0x67, 0x17, // 220:16059
    0x3F, 0x22, 0x5C, 0x14, // 221:16162
    0x3F, 0x7E, 0x58, 0x13, // 222:16254
    0x3F, 0xD6, 0x5E, 0x14, // 223:16342
    0x40, 0x34, 0x54, 0x14, // 224:16436
    0x40, 0x88, 0x54, 0x14, // 225:16520
    0x40, 0xDC, 0x54, 0x14, // 226:16604
    0x41, 0x30, 0x54, 0x14, // 227:16688
    0x41, 0x84, 0x54, 0x14, // 228:16772
    0x41, 0xD8, 0x54, 0x14, // 229:16856
    0x42, 0x2C, 0x94, 0x1F, // 230:16940
    0x42, 0xC0, 0x4F, 0x12, // 231:17088
    0x43, 0x0F, 0x58, 0x14, // 232:17167
    0x43, 0x67, 0x58, 0x14, // 233:17255
    0x43, 0xBF, 0x58, 0x14, // 234:17343
    0x44, 0x17, 0x58, 0x14, // 235:17431
    0x44, 0x6F, 0x1D, 0x09, // 236:17519
    0x44, 0x8C, 0x29, 0x09, // 237:17548
    0x44, 0xB5, 0x2A, 0x09, // 238:17589
    0x44, 0xDF, 0x2A, 0x09, // 239:17631
    0x45, 0x09, 0x58, 0x14, // 240:17673
    0x45, 0x61, 0x59, 0x14, // 241:17761
    0x45, 0xBA, 0x58, 0x14, // 242:17850
    0x46, 0x12, 0x58, 0x14, // 243:17938
    0x46, 0x6A, 0x58, 0x14, // 244:18026
    0x46, 0xC2, 0x58, 0x14, // 245:18114
    0x47, 0x1A, 0x58, 0x14, // 246:18202
    0x47, 0x72, 0x71, 0x1B, // 247:18290
    0x47, 0xE3, 0x58, 0x14, // 248:18403
    0x48, 0x3B, 0x54, 0x14, // 249:18491
    0x48, 0x8F, 0x54, 0x14, // 250:18575
    0x48, 0xE3, 0x54, 0x14, // 251:18659
    0x49, 0x37, 0x54, 0x14, // 252:18743
    0x49, 0x8B, 0x57, 0x13, // 253:18827
    0x49, 0xE2, 0x5D, 0x14, // 254:18914
    0x4A, 0x3F, 0x57, 0x13, // 255:19007

    // Font Data:
    0x00, 0x00, 0x00, 0x00, 0x00, 0x00, 0x00, 0x00, 0x00, 0x00, 0x00, 0x00, 0x00, 0x00, 0x00, 0x00, 0x00, 0x00, 0x00, 0x00, 0x00,
    0x00, 0x00, 0x00, 0x00, 0x80, 0xFF, 0x3F, 0x3C, 0x00, 0x80, 0xFF, 0x3F, 0x3C, 0x00, 0x80, 0xFF, 0x3F, 0x3C, 0x00, 0x00, 0x00,
    0x00, 0x00, 0x00, 0x00, 0x00, 0x00, 0x00, 0x00, 0x00, 0x00, 0x00, 0x00, 0x80, 0xFF, 0x00, 0x00, 0x00, 0x80, 0xFF, 0x00, 0x00,
    0x00, 0x80, 0xFF, 0x00, 0x00, 0x00, 0x00, 0x00, 0x00, 0x00, 0x00, 0x00, 0x00, 0x00, 0x00, 0x00, 0x00, 0x00, 0x00, 0x00, 0x00,
    0x80, 0xFF, 0x00, 0x00, 0x00, 0x80, 0xFF, 0x00, 0x00, 0x00, 0x80, 0xFF, 0x00, 0x00, 0x00, 0x00, 0x00, 0x00, 0x00, 0x00, 0x00,
    0x00, 0x00, 0x00, 0xE0, 0x00, 0x00, 0x00, 0x00, 0xE0, 0x00, 0x00, 0x00, 0xE0, 0xE0, 0x00, 0x00, 0x00, 0xE0, 0xE0, 0x00, 0x00,
    0x00, 0xE0, 0xE0, 0x38, 0x00, 0x00, 0xE0, 0xE0, 0x3F, 0x00, 0x00, 0xE0, 0xF8, 0x1F, 0x00, 0x00, 0xE0, 0xFF, 0x01, 0x00, 0x00,
    0xF8, 0xFF, 0x00, 0x00, 0x80, 0xFF, 0xE1, 0x00, 0x00, 0x80, 0xFF, 0xE0, 0x00, 0x00, 0x80, 0xE1, 0xE0, 0x30, 0x00, 0x00, 0xE0,
    0xE0, 0x3F, 0x00, 0x00, 0xE0, 0xF8, 0x1F, 0x00, 0x00, 0xE0, 0xFF, 0x03, 0x00, 0x00, 0xF8, 0xFF, 0x00, 0x00, 0x80, 0xFF, 0xE1,
    0x00, 0x00, 0x80, 0xFF, 0xE0, 0x00, 0x00, 0x80, 0xE1, 0xE0, 0x00, 0x00, 0x00, 0xE0, 0xE0, 0x00, 0x00, 0x00, 0xE0, 0xE0, 0x00,
    0x00, 0x00, 0xE0, 0x00, 0x00, 0x00, 0x00, 0x00, 0x00, 0x00, 0x00, 0x00, 0x00, 0x00, 0x00, 0x00, 0x00, 0x00, 0x00, 0xF0, 0x03,
    0x1C, 0x00, 0x00, 0xF8, 0x07, 0x18, 0x00, 0x00, 0xFC, 0x0F, 0x38, 0x00, 0x00, 0x1C, 0x0E, 0x38, 0x00, 0x00, 0x0E, 0x0C, 0x38,
    0x00, 0x00, 0x0E, 0x1C, 0x38, 0x00, 0xE0, 0xFF, 0xFF, 0xFF, 0x07, 0xE0, 0xFF, 0xFF, 0xFF, 0x07, 0x00, 0x0E, 0x1C, 0x38, 0x00,
    0x00, 0x0E, 0x38, 0x38, 0x00, 0x00, 0x0E, 0x38, 0x1C, 0x00, 0x00, 0x1C, 0x78, 0x1E, 0x00, 0x00, 0x1C, 0xF0, 0x1F, 0x00, 0x00,
    0x00, 0xE0, 0x0F, 0x00, 0x00, 0x00, 0x80, 0x03, 0x00, 0x00, 0x00, 0x00, 0x00, 0x00, 0x00, 0x00, 0x00, 0x00, 0x00, 0xFC, 0x01,
    0x00, 0x00, 0x00, 0xFE, 0x07, 0x00, 0x00, 0x00, 0x8F, 0x07, 0x00, 0x00, 0x80, 0x03, 0x0E, 0x00, 0x00, 0x80, 0x01, 0x0C, 0x00,
    0x00, 0x80, 0x01, 0x0C, 0x20, 0x00, 0x80, 0x01, 0x0C, 0x38, 0x00, 0x00, 0x07, 0x07, 0x1C, 0x00, 0x00, 0xFF, 0x07, 0x0F, 0x00,
    0x00, 0xFE, 0xC3, 0x03, 0x00, 0x00, 0x20, 0xE0, 0x01, 0x00, 0x00, 0x00, 0x78, 0x00, 0x00, 0x00, 0x00, 0x3C, 0x00, 0x00, 0x00,
    0x00, 0x0F, 0x00, 0x00, 0x00, 0xC0, 0x03, 0x00, 0x00, 0x00, 0xE0, 0x01, 0x00, 0x00, 0x00, 0x78, 0xF0, 0x07, 0x00, 0x00, 0x3C,
    0xF8, 0x0F, 0x00, 0x00, 0x0F, 0x3C, 0x1E, 0x00, 0x80, 0x07, 0x0E, 0x38, 0x00, 0x80, 0x01, 0x06, 0x30, 0x00, 0x00, 0x00, 0x06,
    0x30, 0x00, 0x00, 0x00, 0x06, 0x30, 0x00, 0x00, 0x00, 0x1E, 0x3C, 0x00, 0x00, 0x00, 0xFC, 0x1F, 0x00, 0x00, 0x00, 0xF8, 0x0F,
    0x00, 0x00, 0x00, 0xC0, 0x01, 0x00, 0x00, 0x00, 0x00, 0x00, 0x00, 0x00, 0x00, 0x00, 0x00, 0x00, 0x00, 0xF0, 0x01, 0x00, 0x00,
    0x00, 0xFC, 0x07, 0x00, 0x00, 0x00, 0xFE, 0x0F, 0x00, 0x00, 0x7E, 0x0F, 0x1F, 0x00, 0x00, 0xFF, 0x03, 0x1E, 0x00, 0x00, 0xFF,
    0x01, 0x3C, 0x00, 0x80, 0xC7, 0x03, 0x38, 0x00, 0x80, 0x83, 0x07, 0x38, 0x00, 0x80, 0x03, 0x0F, 0x38, 0x00, 0x80, 0x03, 0x1E,
    0x38, 0x00, 0x80, 0x03, 0x3C, 0x38, 0x00, 0x80, 0x03, 0x78, 0x38, 0x00, 0x00, 0x07, 0xF0, 0x1C, 0x00, 0x00, 0x07, 0xE0, 0x1F,
    0x00, 0x00, 0x00, 0xC0, 0x0F, 0x00, 0x00, 0x00, 0x80, 0x07, 0x00, 0x00, 0x00, 0xC0, 0x0F, 0x00, 0x00, 0x00, 0xF0, 0x1F, 0x00,
    0x00, 0x00, 0x7E, 0x3C, 0x00, 0x00, 0x00, 0x3E, 0x38, 0x00, 0x00, 0x00, 0x06, 0x30, 0x00, 0x00, 0x00, 0x00, 0x20, 0x00, 0x00,
    0x00, 0x00, 0x00, 0x00, 0x00, 0x00, 0x00, 0x00, 0x00, 0x00, 0x00, 0x00, 0x00, 0x80, 0xFF, 0x00, 0x00, 0x00, 0x80, 0xFF, 0x00,
    0x00, 0x00, 0x80, 0xFF, 0x00, 0x00, 0x00, 0x00, 0x00, 0x00, 0x00, 0x00, 0x00, 0x00, 0x00, 0x00, 0x00, 0x00, 0x00, 0x00, 0x80,
    0xFF, 0x03, 0x00, 0x00, 0xF0, 0xFF, 0x1F, 0x00, 0x00, 0xFE, 0xFF, 0xFF, 0x00, 0x00, 0x3F, 0x00, 0xF8, 0x01, 0xC0, 0x07, 0x00,
    0xC0, 0x07, 0xC0, 0x01, 0x00, 0x00, 0x07, 0x40, 0x00, 0x00, 0x00, 0x04, 0x00, 0x00, 0x00, 0x00, 0x00, 0x00, 0x00, 0x00, 0x00,
    0x00, 0x00, 0x00, 0x00, 0x00, 0x00, 0xC0, 0x00, 0x00, 0x00, 0x06, 0xC0, 0x03, 0x00, 0x80, 0x07, 0x80, 0x1F, 0x00, 0xF0, 0x03,
    0x00, 0xFE, 0x83, 0xFF, 0x00, 0x00, 0xF8, 0xFF, 0x3F, 0x00, 0x00, 0xE0, 0xFF, 0x0F, 0x00, 0x00, 0x00, 0xFE, 0x00, 0x00, 0x00,
    0x00, 0x00, 0x00, 0x04, 0x02, 0x00, 0x00, 0x00, 0x0E, 0x07, 0x00, 0x00, 0x00, 0x0C, 0x03, 0x00, 0x00, 0x00, 0x98, 0x01, 0x00,
    0x00, 0x00, 0x98, 0x01, 0x00, 0x00, 0x00, 0xF0, 0x00, 0x00, 0x00, 0x80, 0xFF, 0x1F, 0x00, 0x00, 0x80, 0xFF, 0x1F, 0x00, 0x00,
    0x00, 0xF0, 0x00, 0x00, 0x00, 0x00, 0x98, 0x01, 0x00, 0x00, 0x00, 0x98, 0x01, 0x00, 0x00, 0x00, 0x0C, 0x03, 0x00, 0x00, 0x00,
    0x0E, 0x07, 0x00, 0x00, 0x00, 0x04, 0x02, 0x00, 0x00, 0x00, 0x00, 0x00, 0x00, 0x00, 0x00, 0x00, 0x00, 0x00, 0x00, 0x00, 0x00,
    0x00, 0x00, 0x00, 0x1C, 0x00, 0x00, 0x00, 0x00, 0x1C, 0x00, 0x00, 0x00, 0x00, 0x1C, 0x00, 0x00, 0x00, 0x00, 0x1C, 0x00, 0x00,
    0x00, 0x00, 0x1C, 0x00, 0x00, 0x00, 0x00, 0x1C, 0x00, 0x00, 0x00, 0x00, 0x1C, 0x00, 0x00, 0x00, 0x00, 0x1C, 0x00, 0x00, 0x00,
    0x00, 0x1C, 0x00, 0x00, 0x00, 0xFE, 0xFF, 0x3F, 0x00, 0x00, 0xFE, 0xFF, 0x3F, 0x00, 0x00, 0xFE, 0xFF, 0x3F, 0x00, 0x00, 0x00,
    0x1C, 0x00, 0x00, 0x00, 0x00, 0x1C, 0x00, 0x00, 0x00, 0x00, 0x1C, 0x00, 0x00, 0x00, 0x00, 0x1C, 0x00, 0x00, 0x00, 0x00, 0x1C,
    0x00, 0x00, 0x00, 0x00, 0x1C, 0x00, 0x00, 0x00, 0x00, 0x1C, 0x00, 0x00, 0x00, 0x00, 0x1C, 0x00, 0x00, 0x00, 0x00, 0x00, 0x00,
    0x00, 0x00, 0x00, 0x00, 0x00, 0x00, 0x00, 0x00, 0x00, 0x00, 0x00, 0x00, 0xC0, 0x03, 0x00, 0x00, 0x00, 0xFC, 0x03, 0x00, 0x00,
    0x00, 0xFC, 0x00, 0x00, 0x00, 0x00, 0x3C, 0x00, 0x00, 0x00, 0x00, 0x00, 0x00, 0x00, 0x00, 0x00, 0x00, 0x00, 0x00, 0x70, 0x00,
    0x00, 0x00, 0x00, 0x70, 0x00, 0x00, 0x00, 0x00, 0x70, 0x00, 0x00, 0x00, 0x00, 0x70, 0x00, 0x00, 0x00, 0x00, 0x70, 0x00, 0x00,
    0x00, 0x00, 0x70, 0x00, 0x00, 0x00, 0x00, 0x70, 0x00, 0x00, 0x00, 0x00, 0x70, 0x00, 0x00, 0x00, 0x00, 0x00, 0x00, 0x00, 0x00,
    0x00, 0x00, 0x00, 0x00, 0x00, 0x00, 0x00, 0x00, 0x00, 0x00, 0x3C, 0x00, 0x00, 0x00, 0x00, 0x3C, 0x00, 0x00, 0x00, 0x00, 0x3C,
    0x00, 0x00, 0x00, 0x00, 0x3C, 0x00, 0x00, 0x00, 0x80, 0x01, 0x00, 0x00, 0x00, 0xF0, 0x01, 0x00, 0x00, 0x00, 0xFE, 0x01, 0x00,
    0x00, 0xC0, 0x3F, 0x00, 0x00, 0x00, 0xF8, 0x07, 0x00, 0x00, 0x80, 0xFF, 0x00, 0x00, 0x00, 0xF0, 0x1F, 0x00, 0x00, 0x00, 0xFE,
    0x01, 0x00, 0x00, 0x80, 0x3F, 0x00, 0x00, 0x00, 0x80, 0x07, 0x00, 0x00, 0x00, 0x80, 0x00, 0x00, 0x00, 0x00, 0x00, 0x00, 0x00,
    0x00, 0x00, 0x00, 0x00, 0xC0, 0x7F, 0x00, 0x00, 0x00, 0xF8, 0xFF, 0x03, 0x00, 0x00, 0xFC, 0xFF, 0x07, 0x00, 0x00, 0x7E, 0xC0,
    0x0F, 0x00, 0x00, 0x0F, 0x00, 0x1E, 0x00, 0x80, 0x07, 0x00, 0x3C, 0x00, 0x80, 0x03, 0x00, 0x38, 0x00, 0x80, 0x03, 0x00, 0x38,
    0x00, 0x80, 0x03, 0x00, 0x38, 0x00, 0x80, 0x03, 0x00, 0x38, 0x00, 0x80, 0x07, 0x00, 0x3C, 0x00, 0x00, 0x0F, 0x00, 0x1E, 0x00,
    0x00, 0x3F, 0x80, 0x1F, 0x00, 0x00, 0xFE, 0xFF, 0x0F, 0x00, 0x00, 0xF8, 0xFF, 0x03, 0x00, 0x00, 0xE0, 0xFF, 0x00, 0x00, 0x00,
    0x00, 0x00, 0x00, 0x00, 0x00, 0x00, 0x00, 0x00, 0x00, 0x00, 0x00, 0x00, 0x00, 0x00, 0x00, 0x00, 0x00, 0x00, 0x07, 0x00, 0x38,
    0x00, 0x00, 0x07, 0x00, 0x38, 0x00, 0x80, 0x03, 0x00, 0x38, 0x00, 0x80, 0x03, 0x00, 0x38, 0x00, 0x80, 0x03, 0x00, 0x38, 0x00,
    0x80, 0xFF, 0xFF, 0x3F, 0x00, 0x80, 0xFF, 0xFF, 0x3F, 0x00, 0x80, 0xFF, 0xFF, 0x3F, 0x00, 0x00, 0x00, 0x00, 0x38, 0x00, 0x00,
    0x00, 0x00, 0x38, 0x00, 0x00, 0x00, 0x00, 0x38, 0x00, 0x00, 0x00, 0x00, 0x38, 0x00, 0x00, 0x00, 0x00, 0x38, 0x00, 0x00, 0x00,
    0x00, 0x00, 0x00, 0x00, 0x00, 0x00, 0x00, 0x00, 0x03, 0x00, 0x38, 0x00, 0x00, 0x07, 0x00, 0x3C, 0x00, 0x00, 0x07, 0x00, 0x3E,
    0x00, 0x80, 0x03, 0x00, 0x3F, 0x00, 0x80, 0x03, 0x80, 0x3F, 0x00, 0x80, 0x03, 0xC0, 0x3B, 0x00, 0x80, 0x03, 0xE0, 0x39, 0x00,
    0x80, 0x03, 0xF0, 0x38, 0x00, 0x80, 0x03, 0x78, 0x38, 0x00, 0x80, 0x03, 0x3C, 0x38, 0x00, 0x00, 0x07, 0x1E, 0x38, 0x00, 0x00,
    0x8F, 0x0F, 0x38, 0x00, 0x00, 0xFF, 0x07, 0x38, 0x00, 0x00, 0xFE, 0x03, 0x38, 0x00, 0x00, 0xF8, 0x00, 0x38, 0x00, 0x00, 0x00,
    0x00, 0x00, 0x00, 0x00, 0x00, 0x00, 0x00, 0x00, 0x00, 0x00, 0x1C, 0x00, 0x00, 0x07, 0x00, 0x1C, 0x00, 0x00, 0x07, 0x00, 0x18,
    0x00, 0x80, 0x03, 0x00, 0x38, 0x00, 0x80, 0x03, 0x07, 0x38, 0x00, 0x80, 0x03, 0x07, 0x38, 0x00, 0x80, 0x03, 0x07, 0x38, 0x00,
    0x80, 0x03, 0x07, 0x38, 0x00, 0x80, 0x03, 0x07, 0x38, 0x00, 0x80, 0x03, 0x07, 0x38, 0x00, 0x80, 0x87, 0x0F, 0x3C, 0x00, 0x00,
    0x87, 0x0F, 0x1C, 0x00, 0x00, 0xFF, 0x3D, 0x1F, 0x00, 0x00, 0xFE, 0xFC, 0x0F, 0x00, 0x00, 0x7C, 0xF8, 0x07, 0x00, 0x00, 0x00,
    0xE0, 0x01, 0x00, 0x00, 0x00, 0x00, 0x00, 0x00, 0x00, 0x00, 0x00, 0x00, 0x00, 0x00, 0xF0, 0x01, 0x00, 0x00, 0x00, 0xF8, 0x01,
    0x00, 0x00, 0x00, 0xDE, 0x01, 0x00, 0x00, 0x00, 0xCF, 0x01, 0x00, 0x00, 0xC0, 0xC3, 0x01, 0x00, 0x00, 0xE0, 0xC1, 0x01, 0x00,
    0x00, 0x78, 0xC0, 0x01, 0x00, 0x00, 0x3C, 0xC0, 0x01, 0x00, 0x00, 0x0F, 0xC0, 0x01, 0x00, 0x80, 0x07, 0xC0, 0x01, 0x00, 0x80,
    0xFF, 0xFF, 0x3F, 0x00, 0x80, 0xFF, 0xFF, 0x3F, 0x00, 0x80, 0xFF, 0xFF, 0x3F, 0x00, 0x00, 0x00, 0xC0, 0x01, 0x00, 0x00, 0x00,
    0xC0, 0x01, 0x00, 0x00, 0x00, 0xC0, 0x01, 0x00, 0x00, 0x00, 0xC0, 0x01, 0x00, 0x00, 0x00, 0x00, 0x00, 0x00, 0x00, 0x00, 0x00,
    0x00, 0x00, 0x00, 0x00, 0x18, 0x00, 0x80, 0xFF, 0x03, 0x1C, 0x00, 0x80, 0xFF, 0x07, 0x18, 0x00, 0x80, 0xFF, 0x03, 0x38, 0x00,
    0x80, 0x83, 0x03, 0x38, 0x00, 0x80, 0x83, 0x03, 0x38, 0x00, 0x80, 0x83, 0x03, 0x38, 0x00, 0x80, 0x83, 0x03, 0x38, 0x00, 0x80,
    0x83, 0x03, 0x38, 0x00, 0x80, 0x83, 0x07, 0x38, 0x00, 0x80, 0x03, 0x07, 0x1C, 0x00, 0x80, 0x03, 0x0F, 0x1E, 0x00, 0x80, 0x03,
    0xFF, 0x1F, 0x00, 0x80, 0x03, 0xFE, 0x0F, 0x00, 0x00, 0x00, 0xF8, 0x03, 0x00, 0x00, 0x00, 0x40, 0x00, 0x00, 0x00, 0x00, 0x00,
    0x00, 0x00, 0x00, 0x00, 0x00, 0x00, 0x00, 0x3F, 0x00, 0x00, 0x00, 0xF0, 0xFF, 0x01, 0x00, 0x00, 0xF8, 0xFF, 0x07, 0x00, 0x00,
    0xFC, 0xFF, 0x0F, 0x00, 0x00, 0x3E, 0x1C, 0x1E, 0x00, 0x00, 0x0F, 0x0E, 0x1C, 0x00, 0x00, 0x07, 0x07, 0x38, 0x00, 0x80, 0x07,
    0x07, 0x38, 0x00, 0x80, 0x03, 0x07, 0x38, 0x00, 0x80, 0x03, 0x07, 0x38, 0x00, 0x80, 0x03, 0x07, 0x38, 0x00, 0x80, 0x03, 0x0F,
    0x3C, 0x00, 0x80, 0x03, 0x1E, 0x1E, 0x00, 0x00, 0x07, 0xFE, 0x1F, 0x00, 0x00, 0x07, 0xFC, 0x0F, 0x00, 0x00, 0x00, 0xF8, 0x03,
    0x00, 0x00, 0x00, 0x00, 0x00, 0x00, 0x00, 0x00, 0x00, 0x00, 0x00, 0x00, 0x00, 0x00, 0x00, 0x80, 0x03, 0x00, 0x00, 0x00, 0x80,
    0x03, 0x00, 0x00, 0x00, 0x80, 0x03, 0x00, 0x00, 0x00, 0x80, 0x03, 0x00, 0x30, 0x00, 0x80, 0x03, 0x00, 0x3C, 0x00, 0x80, 0x03,
    0x80, 0x3F, 0x00, 0x80, 0x03, 0xE0, 0x1F, 0x00, 0x80, 0x03, 0xFC, 0x07, 0x00, 0x80, 0x03, 0xFF, 0x00, 0x00, 0x80, 0xE3, 0x1F,
    0x00, 0x00, 0x80, 0xFB, 0x07, 0x00, 0x00, 0x80, 0xFF, 0x00, 0x00, 0x00, 0x80, 0x3F, 0x00, 0x00, 0x00, 0x80, 0x07, 0x00, 0x00,
    0x00, 0x80, 0x01, 0x00, 0x00, 0x00, 0x00, 0x00, 0x00, 0x00, 0x00, 0x00, 0x00, 0x00, 0x00, 0xE0, 0x01, 0x00, 0x00, 0x7C, 0xF8,
    0x07, 0x00, 0x00, 0xFE, 0xF8, 0x0F, 0x00, 0x00, 0xFF, 0x3D, 0x1F, 0x00, 0x00, 0x87, 0x0F, 0x1C, 0x00, 0x80, 0x87, 0x0F, 0x3C,
    0x00, 0x80, 0x03, 0x07, 0x38, 0x00, 0x80, 0x03, 0x07, 0x38, 0x00, 0x80, 0x03, 0x07, 0x38, 0x00, 0x80, 0x03, 0x07, 0x38, 0x00,
    0x80, 0x03, 0x07, 0x38, 0x00, 0x80, 0x87, 0x0F, 0x3C, 0x00, 0x00, 0xFF, 0x1D, 0x1E, 0x00, 0x00, 0xFF, 0xFC, 0x1F, 0x00, 0x00,
    0xFE, 0xF8, 0x0F, 0x00, 0x00, 0x38, 0xF0, 0x03, 0x00, 0x00, 0x00, 0x00, 0x00, 0x00, 0x00, 0x00, 0x00, 0x00, 0x00, 0xF8, 0x01,
    0x00, 0x00, 0x00, 0xFC, 0x07, 0x00, 0x00, 0x00, 0xFE, 0x07, 0x1C, 0x00, 0x00, 0x0F, 0x0F, 0x38, 0x00, 0x00, 0x07, 0x1E, 0x38,
    0x00, 0x80, 0x03, 0x1C, 0x38, 0x00, 0x80, 0x03, 0x1C, 0x38, 0x00, 0x80, 0x03, 0x1C, 0x38, 0x00, 0x80, 0x03, 0x1C, 0x38, 0x00,
    0x80, 0x03, 0x1C, 0x3C, 0x00, 0x80, 0x07, 0x0E, 0x1E, 0x00, 0x00, 0x07, 0x0E, 0x1F, 0x00, 0x00, 0xFF, 0xE7, 0x0F, 0x00, 0x00,
    0xFE, 0xFF, 0x07, 0x00, 0x00, 0xF8, 0xFF, 0x01, 0x00, 0x00, 0xE0, 0x7F, 0x00, 0x00, 0x00, 0x00, 0x00, 0x00, 0x00, 0x00, 0x00,
    0x00, 0x00, 0x00, 0x00, 0x00, 0x00, 0x00, 0x00, 0x00, 0x00, 0x00, 0x00, 0xE0, 0x01, 0x3C, 0x00, 0x00, 0xE0, 0x01, 0x3C, 0x00,
    0x00, 0xE0, 0x01, 0x3C, 0x00, 0x00, 0x00, 0x00, 0x00, 0x00, 0x00, 0x00, 0x00, 0x00, 0x00, 0x00, 0x00, 0x00, 0x00, 0x00, 0x00,
    0x00, 0xC0, 0x03, 0x00, 0xE0, 0x01, 0xFC, 0x03, 0x00, 0xE0, 0x01, 0xFC, 0x00, 0x00, 0xE0, 0x01, 0x3C, 0x00, 0x00, 0x00, 0x00,
    0x00, 0x00, 0x00, 0x00, 0x00, 0x00, 0x00, 0x00, 0x00, 0x00, 0x00, 0x00, 0x00, 0x1C, 0x00, 0x00, 0x00, 0x00, 0x1C, 0x00, 0x00,
    0x00, 0x00, 0x3E, 0x00, 0x00, 0x00, 0x00, 0x3E, 0x00, 0x00, 0x00, 0x00, 0x3E, 0x00, 0x00, 0x00, 0x00, 0x77, 0x00, 0x00, 0x00,
    0x00, 0x77, 0x00, 0x00, 0x00, 0x00, 0x63, 0x00, 0x00, 0x00, 0x80, 0xE3, 0x00, 0x00, 0x00, 0x80, 0xE3, 0x00, 0x00, 0x00, 0x80,
    0xC1, 0x00, 0x00, 0x00, 0xC0, 0xC1, 0x01, 0x00, 0x00, 0xC0, 0xC1, 0x01, 0x00, 0x00, 0xE0, 0x80, 0x03, 0x00, 0x00, 0xE0, 0x80,
    0x03, 0x00, 0x00, 0xE0, 0x80, 0x03, 0x00, 0x00, 0x70, 0x00, 0x07, 0x00, 0x00, 0x70, 0x00, 0x07, 0x00, 0x00, 0x70, 0x00, 0x07,
    0x00, 0x00, 0x38, 0x00, 0x0E, 0x00, 0x00, 0x00, 0x00, 0x00, 0x00, 0x00, 0x00, 0x00, 0x00, 0x00, 0x00, 0x00, 0x00, 0x00, 0x00,
    0x80, 0xC3, 0x01, 0x00, 0x00, 0x80, 0xC3, 0x01, 0x00, 0x00, 0x80, 0xC3, 0x01, 0x00, 0x00, 0x80, 0xC3, 0x01, 0x00, 0x00, 0x80,
    0xC3, 0x01, 0x00, 0x00, 0x80, 0xC3, 0x01, 0x00, 0x00, 0x80, 0xC3, 0x01, 0x00, 0x00, 0x80, 0xC3, 0x01, 0x00, 0x00, 0x80, 0xC3,
    0x01, 0x00, 0x00, 0x80, 0xC3, 0x01, 0x00, 0x00, 0x80, 0xC3, 0x01, 0x00, 0x00, 0x80, 0xC3, 0x01, 0x00, 0x00, 0x80, 0xC3, 0x01,
    0x00, 0x00, 0x80, 0xC3, 0x01, 0x00, 0x00, 0x80, 0xC3, 0x01, 0x00, 0x00, 0x80, 0xC3, 0x01, 0x00, 0x00, 0x80, 0xC3, 0x01, 0x00,
    0x00, 0x80, 0xC3, 0x01, 0x00, 0x00, 0x80, 0xC3, 0x01, 0x00, 0x00, 0x80, 0xC3, 0x01, 0x00, 0x00, 0x00, 0x00, 0x00, 0x00, 0x00,
    0x00, 0x00, 0x00, 0x00, 0x00, 0x00, 0x00, 0x00, 0x00, 0x38, 0x00, 0x0E, 0x00, 0x00, 0x38, 0x00, 0x0E, 0x00, 0x00, 0x70, 0x00,
    0x07, 0x00, 0x00, 0x70, 0x00, 0x07, 0x00, 0x00, 0x70, 0x00, 0x07, 0x00, 0x00, 0xE0, 0x80, 0x03, 0x00, 0x00, 0xE0, 0x80, 0x03,
    0x00, 0x00, 0xC0, 0x80, 0x01, 0x00, 0x00, 0xC0, 0xC1, 0x01, 0x00, 0x00, 0xC0, 0xC1, 0x01, 0x00, 0x00, 0x80, 0xC1, 0x00, 0x00,
    0x00, 0x80, 0xE3, 0x00, 0x00, 0x00, 0x80, 0xE3, 0x00, 0x00, 0x00, 0x00, 0x63, 0x00, 0x00, 0x00, 0x00, 0x77, 0x00, 0x00, 0x00,
    0x00, 0x77, 0x00, 0x00, 0x00, 0x00, 0x3E, 0x00, 0x00, 0x00, 0x00, 0x3E, 0x00, 0x00, 0x00, 0x00, 0x1C, 0x00, 0x00, 0x00, 0x00,
    0x1C, 0x00, 0x00, 0x00, 0x00, 0x00, 0x00, 0x00, 0x00, 0x00, 0x00, 0x00, 0x0E, 0x00, 0x00, 0x00, 0x00, 0x07, 0x00, 0x00, 0x00,
    0x00, 0x07, 0x00, 0x00, 0x00, 0x80, 0x03, 0x00, 0x00, 0x00, 0x80, 0x03, 0xF0, 0x3C, 0x00, 0x80, 0x03, 0xFC, 0x3C, 0x00, 0x80,
    0x03, 0xFE, 0x3C, 0x00, 0x80, 0x03, 0x0F, 0x00, 0x00, 0x80, 0x87, 0x07, 0x00, 0x00, 0x00, 0xEF, 0x03, 0x00, 0x00, 0x00, 0xFF,
    0x01, 0x00, 0x00, 0x00, 0xFE, 0x00, 0x00, 0x00, 0x00, 0x38, 0x00, 0x00, 0x00, 0x00, 0x00, 0x00, 0x00, 0x00, 0x00, 0x00, 0x00,
    0x00, 0xFC, 0x00, 0x00, 0x00, 0x80, 0xFF, 0x07, 0x00, 0x00, 0xE0, 0x87, 0x1F, 0x00, 0x00, 0xF0, 0x00, 0x3C, 0x00, 0x00, 0x78,
    0x00, 0x78, 0x00, 0x00, 0x1C, 0x00, 0xE0, 0x00, 0x00, 0x1E, 0x00, 0xE0, 0x01, 0x00, 0x0E, 0x30, 0xC0, 0x01, 0x00, 0x07, 0xFE,
    0x81, 0x03, 0x00, 0x07, 0xFF, 0x83, 0x03, 0x00, 0x87, 0x87, 0x87, 0x07, 0x80, 0xC3, 0x03, 0x0F, 0x07, 0x80, 0xC3, 0x01, 0x0E,
    0x07, 0x80, 0xC3, 0x01, 0x0E, 0x07, 0x80, 0xC3, 0x01, 0x0E, 0x07, 0x80, 0xC3, 0x01, 0x0E, 0x07, 0x80, 0x83, 0x03, 0x07, 0x07,
    0x80, 0x03, 0x87, 0x83, 0x03, 0x00, 0xC7, 0xFF, 0x8F, 0x03, 0x00, 0xC7, 0xFF, 0x8F, 0x03, 0x00, 0xCF, 0xFF, 0xCF, 0x01, 0x00,
    0x0E, 0x00, 0xEE, 0x00, 0x00, 0x1E, 0x00, 0xC7, 0x00, 0x00, 0x3C, 0x00, 0x07, 0x00, 0x00, 0x78, 0x80, 0x03, 0x00, 0x00, 0xF0,
    0xFF, 0x01, 0x00, 0x00, 0xC0, 0xFF, 0x00, 0x00, 0x00, 0x00, 0x1E, 0x00, 0x00, 0x00, 0x20, 0x00, 0x00, 0x00, 0x00, 0x38, 0x00,
    0x00, 0x00, 0x00, 0x3F, 0x00, 0x00, 0x00, 0xC0, 0x3F, 0x00, 0x00, 0x00, 0xF8, 0x07, 0x00, 0x00, 0x00, 0xFF, 0x01, 0x00, 0x00,
    0xC0, 0xFF, 0x00, 0x00, 0x00, 0xF8, 0xE7, 0x00, 0x00, 0x00, 0xFE, 0xE0, 0x00, 0x00, 0x80, 0x3F, 0xE0, 0x00, 0x00, 0x80, 0x07,
    0xE0, 0x00, 0x00, 0x80, 0x07, 0xE0, 0x00, 0x00, 0x80, 0x3F, 0xE0, 0x00, 0x00, 0x00, 0xFE, 0xE1, 0x00, 0x00, 0x00, 0xF0, 0xE7,
    0x00, 0x00, 0x00, 0xC0, 0xFF, 0x00, 0x00, 0x00, 0x00, 0xFE, 0x01, 0x00, 0x00, 0x00, 0xF8, 0x0F, 0x00, 0x00, 0x00, 0xC0, 0x3F,
    0x00, 0x00, 0x00, 0x00, 0x3E, 0x00, 0x00, 0x00, 0x00, 0x38, 0x00, 0x00, 0x00, 0x00, 0x00, 0x00, 0x00, 0x00, 0x00, 0x00, 0x00,
    0x00, 0x00, 0x00, 0x00, 0x80, 0xFF, 0xFF, 0x3F, 0x00, 0x80, 0xFF, 0xFF, 0x3F, 0x00, 0x80, 0xFF, 0xFF, 0x3F, 0x00, 0x80, 0x03,
    0x07, 0x38, 0x00, 0x80, 0x03, 0x07, 0x38, 0x00, 0x80, 0x03, 0x07, 0x38, 0x00, 0x80, 0x03, 0x07, 0x38, 0x00, 0x80, 0x03, 0x07,
    0x38, 0x00, 0x80, 0x03, 0x07, 0x38, 0x00, 0x80, 0x03, 0x07, 0x38, 0x00, 0x80, 0x03, 0x07, 0x38, 0x00, 0x80, 0x87, 0x0F, 0x3C,
    0x00, 0x00, 0xFF, 0x0F, 0x1C, 0x00, 0x00, 0xFF, 0xFD, 0x1F, 0x00, 0x00, 0xFE, 0xF8, 0x0F, 0x00, 0x00, 0x38, 0xF0, 0x07, 0x00,
    0x00, 0x00, 0xC0, 0x01, 0x00, 0x00, 0x00, 0x00, 0x00, 0x00, 0x00, 0x00, 0x00, 0x00, 0x00, 0xC0, 0x7F, 0x00, 0x00, 0x00, 0xF0,
    0xFF, 0x01, 0x00, 0x00, 0xF8, 0xFF, 0x03, 0x00, 0x00, 0xFC, 0xE0, 0x07, 0x00, 0x00, 0x1E, 0x00, 0x0F, 0x00, 0x00, 0x0F, 0x00,
    0x1E, 0x00, 0x00, 0x07, 0x00, 0x1C, 0x00, 0x80, 0x07, 0x00, 0x3C, 0x00, 0x80, 0x03, 0x00, 0x38, 0x00, 0x80, 0x03, 0x00, 0x38,
    0x00, 0x80, 0x03, 0x00, 0x38, 0x00, 0x80, 0x03, 0x00, 0x38, 0x00, 0x80, 0x03, 0x00, 0x38, 0x00, 0x80, 0x03, 0x00, 0x38, 0x00,
    0x80, 0x03, 0x00, 0x38, 0x00, 0x00, 0x07, 0x00, 0x1C, 0x00, 0x00, 0x07, 0x00, 0x1C, 0x00, 0x00, 0x07, 0x00, 0x1C, 0x00, 0x00,
    0x0E, 0x00, 0x0E, 0x00, 0x00, 0x00, 0x00, 0x00, 0x00, 0x00, 0x00, 0x00, 0x00, 0x00, 0x00, 0x00, 0x00, 0x00, 0x80, 0xFF, 0xFF,
    0x3F, 0x00, 0x80, 0xFF, 0xFF, 0x3F, 0x00, 0x80, 0xFF, 0xFF, 0x3F, 0x00, 0x80, 0x03, 0x00, 0x38, 0x00, 0x80, 0x03, 0x00, 0x38,
    0x00, 0x80, 0x03, 0x00, 0x38, 0x00, 0x80, 0x03, 0x00, 0x38, 0x00, 0x80, 0x03, 0x00, 0x38, 0x00, 0x80, 0x03, 0x00, 0x38, 0x00,
    0x80, 0x03, 0x00, 0x38, 0x00, 0x80, 0x03, 0x00, 0x38, 0x00, 0x00, 0x07, 0x00, 0x1C, 0x00, 0x00, 0x07, 0x00, 0x1C, 0x00, 0x00,
    0x0F, 0x00, 0x1E, 0x00, 0x00, 0x0F, 0x00, 0x1E, 0x00, 0x00, 0x3E, 0x80, 0x0F, 0x00, 0x00, 0xFC, 0xFF, 0x07, 0x00, 0x00, 0xF8,
    0xFF, 0x03, 0x00, 0x00, 0xF0, 0xFF, 0x01, 0x00, 0x00, 0x00, 0x1F, 0x00, 0x00, 0x00, 0x00, 0x00, 0x00, 0x00, 0x00, 0x00, 0x00,
    0x00, 0x00, 0x00, 0x00, 0x00, 0x80, 0xFF, 0xFF, 0x3F, 0x00, 0x80, 0xFF, 0xFF, 0x3F, 0x00, 0x80, 0xFF, 0xFF, 0x3F, 0x00, 0x80,
    0x03, 0x07, 0x38, 0x00, 0x80, 0x03, 0x07, 0x38, 0x00, 0x80, 0x03, 0x07, 0x38, 0x00, 0x80, 0x03, 0x07, 0x38, 0x00, 0x80, 0x03,
    0x07, 0x38, 0x00, 0x80, 0x03, 0x07, 0x38, 0x00, 0x80, 0x03, 0x07, 0x38, 0x00, 0x80, 0x03, 0x07, 0x38, 0x00, 0x80, 0x03, 0x07,
    0x38, 0x00, 0x80, 0x03, 0x07, 0x38, 0x00, 0x80, 0x03, 0x07, 0x38, 0x00, 0x80, 0x03, 0x00, 0x38, 0x00, 0x00, 0x00, 0x00, 0x00,
    0x00, 0x00, 0x00, 0x00, 0x00, 0x00, 0x00, 0x00, 0x00, 0x00, 0x80, 0xFF, 0xFF, 0x3F, 0x00, 0x80, 0xFF, 0xFF, 0x3F, 0x00, 0x80,
    0xFF, 0xFF, 0x3F, 0x00, 0x80, 0x03, 0x07, 0x00, 0x00, 0x80, 0x03, 0x07, 0x00, 0x00, 0x80, 0x03, 0x07, 0x00, 0x00, 0x80, 0x03,
    0x07, 0x00, 0x00, 0x80, 0x03, 0x07, 0x00, 0x00, 0x80, 0x03, 0x07, 0x00, 0x00, 0x80, 0x03, 0x07, 0x00, 0x00, 0x80, 0x03, 0x07,
    0x00, 0x00, 0x80, 0x03, 0x07, 0x00, 0x00, 0x80, 0x03, 0x07, 0x00, 0x00, 0x80, 0x03, 0x00, 0x00, 0x00, 0x00, 0x00, 0x00, 0x00,
    0x00, 0x00, 0x00, 0x00, 0xC0, 0x7F, 0x00, 0x00, 0x00, 0xF0, 0xFF, 0x01, 0x00, 0x00, 0xF8, 0xFF, 0x07, 0x00, 0x00, 0x7C, 0xC0,
    0x07, 0x00, 0x00, 0x1E, 0x00, 0x0F, 0x00, 0x00, 0x0F, 0x00, 0x1E, 0x00, 0x00, 0x07, 0x00, 0x1C, 0x00, 0x00, 0x07, 0x00, 0x1C,
    0x00, 0x80, 0x03, 0x00, 0x38, 0x00, 0x80, 0x03, 0x00, 0x38, 0x00, 0x80, 0x03, 0x00, 0x38, 0x00, 0x80, 0x03, 0x00, 0x38, 0x00,
    0x80, 0x03, 0x0E, 0x38, 0x00, 0x80, 0x03, 0x0E, 0x38, 0x00, 0x80, 0x03, 0x0E, 0x38, 0x00, 0x80, 0x03, 0x0E, 0x18, 0x00, 0x00,
    0x07, 0x0E, 0x1C, 0x00, 0x00, 0x07, 0xFE, 0x1F, 0x00, 0x00, 0x07, 0xFE, 0x0F, 0x00, 0x00, 0x06, 0xFE, 0x07, 0x00, 0x00, 0x00,
    0x00, 0x00, 0x00, 0x00, 0x00, 0x00, 0x00, 0x00, 0x00, 0x00, 0x00, 0x00, 0x80, 0xFF, 0xFF, 0x3F, 0x00, 0x80, 0xFF, 0xFF, 0x3F,
    0x00, 0x80, 0xFF, 0xFF, 0x3F, 0x00, 0x00, 0x00, 0x07, 0x00, 0x00, 0x00, 0x00, 0x07, 0x00, 0x00, 0x00, 0x00, 0x07, 0x00, 0x00,
    0x00, 0x00, 0x07, 0x00, 0x00, 0x00, 0x00, 0x07, 0x00, 0x00, 0x00, 0x00, 0x07, 0x00, 0x00, 0x00, 0x00, 0x07, 0x00, 0x00, 0x00,
    0x00, 0x07, 0x00, 0x00, 0x00, 0x00, 0x07, 0x00, 0x00, 0x00, 0x00, 0x07, 0x00, 0x00, 0x00, 0x00, 0x07, 0x00, 0x00, 0x00, 0x00,
    0x07, 0x00, 0x00, 0x80, 0xFF, 0xFF, 0x3F, 0x00, 0x80, 0xFF, 0xFF, 0x3F, 0x00, 0x80, 0xFF, 0xFF, 0x3F, 0x00, 0x00, 0x00, 0x00,
    0x00, 0x00, 0x00, 0x00, 0x00, 0x00, 0x00, 0x00, 0x00, 0x00, 0x00, 0x80, 0xFF, 0xFF, 0x3F, 0x00, 0x80, 0xFF, 0xFF, 0x3F, 0x00,
    0x80, 0xFF, 0xFF, 0x3F, 0x00, 0x00, 0x00, 0x00, 0x0E, 0x00, 0x00, 0x00, 0x00, 0x0E, 0x00, 0x00, 0x00, 0x80, 0x0F, 0x80, 0xFF,
    0xFF, 0xFF, 0x07, 0x80, 0xFF, 0xFF, 0xFF, 0x03, 0x80, 0xFF, 0xFF, 0xFF, 0x01, 0x00, 0x00, 0x00, 0x00, 0x00, 0x00, 0x00, 0x00,
    0x00, 0x00, 0x00, 0x00, 0x00, 0x00, 0x00, 0x80, 0xFF, 0xFF, 0x3F, 0x00, 0x80, 0xFF, 0xFF, 0x3F, 0x00, 0x80, 0xFF, 0xFF, 0x3F,
    0x00, 0x00, 0x00, 0x07, 0x00, 0x00, 0x00, 0x00, 0x0F, 0x00, 0x00, 0x00, 0x80, 0x1F, 0x00, 0x00, 0x00, 0xC0, 0x3F, 0x00, 0x00,
    0x00, 0xE0, 0x79, 0x00, 0x00, 0x00, 0xF0, 0xF0, 0x00, 0x00, 0x00, 0x78, 0xE0, 0x01, 0x00, 0x00, 0x3C, 0xC0, 0x03, 0x00, 0x00,
    0x1E, 0x80, 0x07, 0x00, 0x00, 0x0F, 0x00, 0x0F, 0x00, 0x80, 0x07, 0x00, 0x1E, 0x00, 0x80, 0x03, 0x00, 0x3C, 0x00, 0x80, 0x01,
    0x00, 0x38, 0x00, 0x80, 0x00, 0x00, 0x30, 0x00, 0x00, 0x00, 0x00, 0x20, 0x00, 0x00, 0x00, 0x00, 0x00, 0x00, 0x00, 0x00, 0x00,
    0x00, 0x00, 0x00, 0x00, 0x00, 0x00, 0x80, 0xFF, 0xFF, 0x3F, 0x00, 0x80, 0xFF, 0xFF, 0x3F, 0x00, 0x80, 0xFF, 0xFF, 0x3F, 0x00,
    0x00, 0x00, 0x00, 0x38, 0x00, 0x00, 0x00, 0x00, 0x38, 0x00, 0x00, 0x00, 0x00, 0x38, 0x00, 0x00, 0x00, 0x00, 0x38, 0x00, 0x00,
    0x00, 0x00, 0x38, 0x00, 0x00, 0x00, 0x00, 0x38, 0x00, 0x00, 0x00, 0x00, 0x38, 0x00, 0x00, 0x00, 0x00, 0x38, 0x00, 0x00, 0x00,
    0x00, 0x38, 0x00, 0x00, 0x00, 0x00, 0x38, 0x00, 0x00, 0x00, 0x00, 0x38, 0x00, 0x00, 0x00, 0x00, 0x38, 0x00, 0x00, 0x00, 0x00,
    0x00, 0x00, 0x00, 0x00, 0x00, 0x00, 0x00, 0x00, 0x00, 0x00, 0x00, 0x80, 0xFF, 0xFF, 0x3F, 0x00, 0x80, 0xFF, 0xFF, 0x3F, 0x00,
    0x80, 0xFF, 0xFF, 0x3F, 0x00, 0x80, 0x07, 0x00, 0x00, 0x00, 0x80, 0x1F, 0x00, 0x00, 0x00, 0x00, 0xFE, 0x00, 0x00, 0x00, 0x00,
    0xF8, 0x07, 0x00, 0x00, 0x00, 0xC0, 0x1F, 0x00, 0x00, 0x00, 0x00, 0xFE, 0x00, 0x00, 0x00, 0x00, 0xF0, 0x03, 0x00, 0x00, 0x00,
    0xC0, 0x03, 0x00, 0x00, 0x00, 0xE0, 0x03, 0x00, 0x00, 0x00, 0xFC, 0x03, 0x00, 0x00, 0x00, 0x7F, 0x00, 0x00, 0x00, 0xE0, 0x0F,
    0x00, 0x00, 0x00, 0xFC, 0x03, 0x00, 0x00, 0x00, 0x7F, 0x00, 0x00, 0x00, 0x80, 0x0F, 0x00, 0x00, 0x00, 0x80, 0xFF, 0xFF, 0x3F,
    0x00, 0x80, 0xFF, 0xFF, 0x3F, 0x00, 0x80, 0xFF, 0xFF, 0x3F, 0x00, 0x00, 0x00, 0x00, 0x00, 0x00, 0x00, 0x00, 0x00, 0x00, 0x00,
    0x00, 0x00, 0x00, 0x00, 0x80, 0xFF, 0xFF, 0x3F, 0x00, 0x80, 0xFF, 0xFF, 0x3F, 0x00, 0x80, 0xFF, 0xFF, 0x3F, 0x00, 0x80, 0x0F,
    0x00, 0x00, 0x00, 0x80, 0x1F, 0x00, 0x00, 0x00, 0x00, 0x7E, 0x00, 0x00, 0x00, 0x00, 0xF8, 0x01, 0x00, 0x00, 0x00, 0xE0, 0x07,
    0x00, 0x00, 0x00, 0x80, 0x1F, 0x00, 0x00, 0x00, 0x00, 0x3E, 0x00, 0x00, 0x00, 0x00, 0xFC, 0x00, 0x00, 0x00, 0x00, 0xF0, 0x03,
    0x00, 0x00, 0x00, 0xC0, 0x0F, 0x00, 0x00, 0x00, 0x00, 0x3F, 0x00, 0x00, 0x00, 0x00, 0x3E, 0x00, 0x80, 0xFF, 0xFF, 0x3F, 0x00,
    0x80, 0xFF, 0xFF, 0x3F, 0x00, 0x80, 0xFF, 0xFF, 0x3F, 0x00, 0x00, 0x00, 0x00, 0x00, 0x00, 0x00, 0x00, 0x00, 0x00, 0x00, 0xC0,
    0x7F, 0x00, 0x00, 0x00, 0xF0, 0xFF, 0x01, 0x00, 0x00, 0xFC, 0xFF, 0x07, 0x00, 0x00, 0xFE, 0xE0, 0x0F, 0x00, 0x00, 0x1E, 0x00,
    0x0F, 0x00, 0x00, 0x0F, 0x00, 0x1E, 0x00, 0x00, 0x07, 0x00, 0x1C, 0x00, 0x80, 0x07, 0x00, 0x3C, 0x00, 0x80, 0x03, 0x00, 0x38,
    0x00, 0x80, 0x03, 0x00, 0x38, 0x00, 0x80, 0x03, 0x00, 0x38, 0x00, 0x80, 0x03, 0x00, 0x38, 0x00, 0x80, 0x03, 0x00, 0x38, 0x00,
    0x80, 0x07, 0x00, 0x3C, 0x00, 0x00, 0x07, 0x00, 0x1C, 0x00, 0x00, 0x0F, 0x00, 0x1E, 0x00, 0x00, 0x1E, 0x00, 0x0F, 0x00, 0x00,
    0x7E, 0xC0, 0x0F, 0x00, 0x00, 0xFC, 0xFF, 0x07, 0x00, 0x00, 0xF0, 0xFF, 0x01, 0x00, 0x00, 0xE0, 0xFF, 0x00, 0x00, 0x00, 0x00,
    0x00, 0x00, 0x00, 0x00, 0x00, 0x00, 0x00, 0x00, 0x00, 0x00, 0x00, 0x80, 0xFF, 0xFF, 0x3F, 0x00, 0x80, 0xFF, 0xFF, 0x3F, 0x00,
    0x80, 0xFF, 0xFF, 0x3F, 0x00, 0x80, 0x03, 0x1C, 0x00, 0x00, 0x80, 0x03, 0x1C, 0x00, 0x00, 0x80, 0x03, 0x1C, 0x00, 0x00, 0x80,
    0x03, 0x1C, 0x00, 0x00, 0x80, 0x03, 0x1C, 0x00, 0x00, 0x80, 0x03, 0x1C, 0x00, 0x00, 0x80, 0x03, 0x1C, 0x00, 0x00, 0x80, 0x07,
    0x1E, 0x00, 0x00, 0x00, 0x0F, 0x0F, 0x00, 0x00, 0x00, 0xFF, 0x0F, 0x00, 0x00, 0x00, 0xFE, 0x07, 0x00, 0x00, 0x00, 0xF8, 0x01,
    0x00, 0x00, 0x00, 0x00, 0x00, 0x00, 0x00, 0x00, 0x00, 0x00, 0x00, 0xC0, 0x7F, 0x00, 0x00, 0x00, 0xF0, 0xFF, 0x01, 0x00, 0x00,
    0xFC, 0xFF, 0x07, 0x00, 0x00, 0xFE, 0xE0, 0x0F, 0x00, 0x00, 0x1E, 0x00, 0x0F, 0x00, 0x00, 0x0F, 0x00, 0x1E, 0x00, 0x00, 0x07,
    0x00, 0x1C, 0x00, 0x80, 0x07, 0x00, 0x3C, 0x00, 0x80, 0x03, 0x00, 0x38, 0x00, 0x80, 0x03, 0x00, 0x38, 0x00, 0x80, 0x03, 0x00,
    0x38, 0x00, 0x80, 0x03, 0x00, 0x38, 0x00, 0x80, 0x03, 0x00, 0x78, 0x00, 0x80, 0x07, 0x00, 0xFC, 0x00, 0x00, 0x07, 0x00, 0xFC,
    0x01, 0x00, 0x0F, 0x00, 0xDE, 0x03, 0x00, 0x1E, 0x00, 0x8F, 0x03, 0x00, 0x7E, 0xC0, 0x07, 0x03, 0x00, 0xFC, 0xFF, 0x07, 0x02,
    0x00, 0xF8, 0xFF, 0x01, 0x00, 0x00, 0xE0, 0x7F, 0x00, 0x00, 0x00, 0x00, 0x00, 0x00, 0x00, 0x00, 0x00, 0x00, 0x00, 0x00, 0x00,
    0x00, 0x00, 0x80, 0xFF, 0xFF, 0x3F, 0x00, 0x80, 0xFF, 0xFF, 0x3F, 0x00, 0x80, 0xFF, 0xFF, 0x3F, 0x00, 0x80, 0x03, 0x0E, 0x00,
    0x00, 0x80, 0x03, 0x0E, 0x00, 0x00, 0x80, 0x03, 0x0E, 0x00, 0x00, 0x80, 0x03, 0x0E, 0x00, 0x00, 0x80, 0x03, 0x0E, 0x00, 0x00,
    0x80, 0x03, 0x0E, 0x00, 0x00, 0x80, 0x03, 0x1E, 0x00, 0x00, 0x80, 0x07, 0x3F, 0x00, 0x00, 0x00, 0x8F, 0x7F, 0x00, 0x00, 0x00,
    0xFF, 0xF3, 0x01, 0x00, 0x00, 0xFE, 0xE1, 0x07, 0x00, 0x00, 0xFC, 0xC0, 0x1F, 0x00, 0x00, 0x00, 0x00, 0x3F, 0x00, 0x00, 0x00,
    0x00, 0x3C, 0x00, 0x00, 0x00, 0x00, 0x30, 0x00, 0x00, 0x00, 0x00, 0x00, 0x00, 0x00, 0x00, 0x00, 0x00, 0x00, 0xF8, 0x00, 0x1C,
    0x00, 0x00, 0xFC, 0x01, 0x1C, 0x00, 0x00, 0xFE, 0x03, 0x1C, 0x00, 0x00, 0xCF, 0x07, 0x38, 0x00, 0x00, 0x07, 0x07, 0x38, 0x00,
    0x80, 0x07, 0x07, 0x38, 0x00, 0x80, 0x03, 0x0F, 0x38, 0x00, 0x80, 0x03, 0x0E, 0x38, 0x00, 0x80, 0x03, 0x0E, 0x38, 0x00, 0x80,
    0x03, 0x0E, 0x38, 0x00, 0x80, 0x03, 0x0E, 0x38, 0x00, 0x80, 0x03, 0x1C, 0x3C, 0x00, 0x80, 0x03, 0x3C, 0x1E, 0x00, 0x00, 0x07,
    0xFC, 0x1F, 0x00, 0x00, 0x07, 0xF8, 0x0F, 0x00, 0x00, 0x00, 0xF0, 0x07, 0x00, 0x00, 0x00, 0x80, 0x80, 0x03, 0x00, 0x00, 0x00,
    0x80, 0x03, 0x00, 0x00, 0x00, 0x80, 0x03, 0x00, 0x00, 0x00, 0x80, 0x03, 0x00, 0x00, 0x00, 0x80, 0x03, 0x00, 0x00, 0x00, 0x80,
    0x03, 0x00, 0x00, 0x00, 0x80, 0x03, 0x00, 0x00, 0x00, 0x80, 0x03, 0x00, 0x00, 0x00, 0x80, 0xFF, 0xFF, 0x3F, 0x00, 0x80, 0xFF,
    0xFF, 0x3F, 0x00, 0x80, 0xFF, 0xFF, 0x3F, 0x00, 0x80, 0x03, 0x00, 0x00, 0x00, 0x80, 0x03, 0x00, 0x00, 0x00, 0x80, 0x03, 0x00,
    0x00, 0x00, 0x80, 0x03, 0x00, 0x00, 0x00, 0x80, 0x03, 0x00, 0x00, 0x00, 0x80, 0x03, 0x00, 0x00, 0x00, 0x80, 0x03, 0x00, 0x00,
    0x00, 0x80, 0x03, 0x00, 0x00, 0x00, 0x80, 0x03, 0x00, 0x00, 0x00, 0x00, 0x00, 0x00, 0x00, 0x00, 0x00, 0x00, 0x00, 0x00, 0x00,
    0x00, 0x00, 0x80, 0xFF, 0xFF, 0x01, 0x00, 0x80, 0xFF, 0xFF, 0x07, 0x00, 0x80, 0xFF, 0xFF, 0x0F, 0x00, 0x00, 0x00, 0x00, 0x1F,
    0x00, 0x00, 0x00, 0x00, 0x1C, 0x00, 0x00, 0x00, 0x00, 0x3C, 0x00, 0x00, 0x00, 0x00, 0x38, 0x00, 0x00, 0x00, 0x00, 0x38, 0x00,
    0x00, 0x00, 0x00, 0x38, 0x00, 0x00, 0x00, 0x00, 0x38, 0x00, 0x00, 0x00, 0x00, 0x38, 0x00, 0x00, 0x00, 0x00, 0x38, 0x00, 0x00,
    0x00, 0x00, 0x1C, 0x00, 0x00, 0x00, 0x00, 0x1E, 0x00, 0x80, 0xFF, 0xFF, 0x0F, 0x00, 0x80, 0xFF, 0xFF, 0x07, 0x00, 0x80, 0xFF,
    0xFF, 0x03, 0x00, 0x80, 0xFF, 0x7F, 0x80, 0x00, 0x00, 0x00, 0x00, 0x80, 0x03, 0x00, 0x00, 0x00, 0x80, 0x1F, 0x00, 0x00, 0x00,
    0x80, 0x7F, 0x00, 0x00, 0x00, 0x00, 0xFE, 0x03, 0x00, 0x00, 0x00, 0xF0, 0x1F, 0x00, 0x00, 0x00, 0x80, 0x7F, 0x00, 0x00, 0x00,
    0x00, 0xFE, 0x03, 0x00, 0x00, 0x00, 0xF0, 0x0F, 0x00, 0x00, 0x00, 0x80, 0x3F, 0x00, 0x00, 0x00, 0x00, 0x3E, 0x00, 0x00, 0x00,
    0x00, 0x3E, 0x00, 0x00, 0x00, 0xC0, 0x3F, 0x00, 0x00, 0x00, 0xF0, 0x0F, 0x00, 0x00, 0x00, 0xFE, 0x01, 0x00, 0x00, 0xC0, 0x7F,
    0x00, 0x00, 0x00, 0xF0, 0x0F, 0x00, 0x00, 0x00, 0xFE, 0x03, 0x00, 0x00, 0x80, 0x7F, 0x00, 0x00, 0x00, 0x80, 0x0F, 0x00, 0x00,
    0x00, 0x80, 0x03, 0x00, 0x00, 0x00, 0x00, 0x00, 0x80, 0x01, 0x00, 0x00, 0x00, 0x80, 0x1F, 0x00, 0x00, 0x00, 0x80, 0xFF, 0x01,
    0x00, 0x00, 0x00, 0xFF, 0x1F, 0x00, 0x00, 0x00, 0xF0, 0xFF, 0x00, 0x00, 0x00, 0x00, 0xFF, 0x0F, 0x00, 0x00, 0x00, 0xF0, 0x3F,
    0x00, 0x00, 0x00, 0x00, 0x3F, 0x00, 0x00, 0x00, 0x00, 0x3E, 0x00, 0x00, 0x00, 0xE0, 0x3F, 0x00, 0x00, 0x00, 0xFE, 0x07, 0x00,
    0x00, 0xE0, 0x7F, 0x00, 0x00, 0x00, 0xFE, 0x07, 0x00, 0x00, 0x80, 0x7F, 0x00, 0x00, 0x00, 0x80, 0x07, 0x00, 0x00, 0x00, 0x80,
    0x1F, 0x00, 0x00, 0x00, 0x80, 0xFF, 0x01, 0x00, 0x00, 0x00, 0xF8, 0x1F, 0x00, 0x00, 0x00, 0x80, 0xFF, 0x01, 0x00, 0x00, 0x00,
    0xF8, 0x1F, 0x00, 0x00, 0x00, 0xC0, 0x3F, 0x00, 0x00, 0x00, 0x00, 0x3E, 0x00, 0x00, 0x00, 0xC0, 0x3F, 0x00, 0x00, 0x00, 0xFC,
    0x3F, 0x00, 0x00, 0x80, 0xFF, 0x07, 0x00, 0x00, 0xF8, 0x7F, 0x00, 0x00, 0x80, 0xFF, 0x07, 0x00, 0x00, 0x80, 0x7F, 0x00, 0x00,
    0x00, 0x80, 0x07, 0x00, 0x00, 0x00, 0x00, 0x00, 0x00, 0x00, 0x00, 0x20, 0x00, 0x80, 0x00, 0x00, 0x30, 0x00, 0x80, 0x01, 0x00,
    0x3C, 0x00, 0x80, 0x07, 0x00, 0x3E, 0x00, 0x80, 0x0F, 0x80, 0x0F, 0x00, 0x00, 0x3E, 0xC0, 0x07, 0x00, 0x00, 0x7C, 0xE0, 0x03,
    0x00, 0x00, 0xF0, 0xF9, 0x00, 0x00, 0x00, 0xE0, 0x7F, 0x00, 0x00, 0x00, 0x80, 0x1F, 0x00, 0x00, 0x00, 0x80, 0x1F, 0x00, 0x00,
    0x00, 0xE0, 0x7F, 0x00, 0x00, 0x00, 0xF0, 0xF9, 0x00, 0x00, 0x00, 0x78, 0xF0, 0x03, 0x00, 0x00, 0x3E, 0xC0, 0x07, 0x00, 0x00,
    0x1F, 0x80, 0x0F, 0x00, 0x80, 0x07, 0x00, 0x3E, 0x00, 0x80, 0x03, 0x00, 0x3C, 0x00, 0x80, 0x00, 0x00, 0x30, 0x00, 0x00, 0x00,
    0x00, 0x20, 0x80, 0x00, 0x00, 0x00, 0x00, 0x80, 0x01, 0x00, 0x00, 0x00, 0x80, 0x07, 0x00, 0x00, 0x00, 0x80, 0x0F, 0x00, 0x00,
    0x00, 0x00, 0x3E, 0x00, 0x00, 0x00, 0x00, 0x7C, 0x00, 0x00, 0x00, 0x00, 0xF0, 0x01, 0x00, 0x00, 0x00, 0xE0, 0x03, 0x00, 0x00,
    0x00, 0x80, 0xFF, 0x3F, 0x00, 0x00, 0x00, 0xFF, 0x3F, 0x00, 0x00, 0x80, 0xFF, 0x3F, 0x00, 0x00, 0xC0, 0x07, 0x00, 0x00, 0x00,
    0xF0, 0x01, 0x00, 0x00, 0x00, 0xF8, 0x00, 0x00, 0x00, 0x00, 0x3C, 0x00, 0x00, 0x00, 0x00, 0x1F, 0x00, 0x00, 0x00, 0x80, 0x0F,
    0x00, 0x00, 0x00, 0x80, 0x03, 0x00, 0x00, 0x00, 0x80, 0x01, 0x00, 0x00, 0x00, 0x00, 0x00, 0x00, 0x00, 0x00, 0x30, 0x00, 0x80,
    0x03, 0x00, 0x3C, 0x00, 0x80, 0x03, 0x00, 0x3E, 0x00, 0x80, 0x03, 0x00, 0x3F, 0x00, 0x80, 0x03, 0x80, 0x3F, 0x00, 0x80, 0x03,
    0xC0, 0x3B, 0x00, 0x80, 0x03, 0xF0, 0x38, 0x00, 0x80, 0x03, 0x78, 0x38, 0x00, 0x80, 0x03, 0x3C, 0x38, 0x00, 0x80, 0x03, 0x1E,
    0x38, 0x00, 0x80, 0x03, 0x0F, 0x38, 0x00, 0x80, 0xC3, 0x03, 0x38, 0x00, 0x80, 0xE3, 0x01, 0x38, 0x00, 0x80, 0xF3, 0x00, 0x38,
    0x00, 0x80, 0x7B, 0x00, 0x38, 0x00, 0x80, 0x3F, 0x00, 0x38, 0x00, 0x80, 0x0F, 0x00, 0x38, 0x00, 0x80, 0x07, 0x00, 0x38, 0x00,
    0x80, 0x03, 0x00, 0x38, 0x00, 0x00, 0x00, 0x00, 0x00, 0x00, 0x00, 0x00, 0x00, 0x00, 0x00, 0x00, 0x00, 0x00, 0x00, 0xC0, 0xFF,
    0xFF, 0xFF, 0x07, 0xC0, 0xFF, 0xFF, 0xFF, 0x07, 0xC0, 0xFF, 0xFF, 0xFF, 0x07, 0xC0, 0x01, 0x00, 0x00, 0x07, 0xC0, 0x01, 0x00,
    0x00, 0x07, 0xC0, 0x01, 0x00, 0x00, 0x07, 0x80, 0x01, 0x00, 0x00, 0x00, 0x80, 0x0F, 0x00, 0x00, 0x00, 0x80, 0x7F, 0x00, 0x00,
    0x00, 0x00, 0xFC, 0x03, 0x00, 0x00, 0x00, 0xE0, 0x1F, 0x00, 0x00, 0x00, 0x00, 0xFF, 0x01, 0x00, 0x00, 0x00, 0xF8, 0x0F, 0x00,
    0x00, 0x00, 0x80, 0x7F, 0x00, 0x00, 0x00, 0x00, 0xFC, 0x01, 0x00, 0x00, 0x00, 0xE0, 0x01, 0x00, 0x00, 0x00, 0x00, 0x01, 0x00,
    0x00, 0x00, 0x00, 0x00, 0x00, 0x00, 0x00, 0x00, 0x00, 0x00, 0x00, 0x00, 0x00, 0x00, 0xC0, 0x01, 0x00, 0x00, 0x07, 0xC0, 0x01,
    0x00, 0x00, 0x07, 0xC0, 0x01, 0x00, 0x00, 0x07, 0xC0, 0x01, 0x00, 0x00, 0x07, 0xC0, 0xFF, 0xFF, 0xFF, 0x07, 0xC0, 0xFF, 0xFF,
    0xFF, 0x07, 0xC0, 0xFF, 0xFF, 0xFF, 0x07, 0x00, 0x00, 0x00, 0x00, 0x00, 0x00, 0x00, 0x00, 0x00, 0x00, 0x00, 0x00, 0x00, 0x00,
    0x00, 0x00, 0x00, 0x00, 0x00, 0x00, 0x00, 0x80, 0x00, 0x00, 0x00, 0x00, 0xC0, 0x00, 0x00, 0x00, 0x00, 0xE0, 0x00, 0x00, 0x00,
    0x00, 0x70, 0x00, 0x00, 0x00, 0x00, 0x38, 0x00, 0x00, 0x00, 0x00, 0x1C, 0x00, 0x00, 0x00, 0x00, 0x0F, 0x00, 0x00, 0x00, 0x80,
    0x07, 0x00, 0x00, 0x00, 0x80, 0x03, 0x00, 0x00, 0x00, 0x80, 0x03, 0x00, 0x00, 0x00, 0x80, 0x07, 0x00, 0x00, 0x00, 0x00, 0x0F,
    0x00, 0x00, 0x00, 0x00, 0x0E, 0x00, 0x00, 0x00, 0x00, 0x1C, 0x00, 0x00, 0x00, 0x00, 0x38, 0x00, 0x00, 0x00, 0x00, 0x70, 0x00,
    0x00, 0x00, 0x00, 0xE0, 0x00, 0x00, 0x00, 0x00, 0xC0, 0x00, 0x00, 0x00, 0x00, 0x80, 0x00, 0x00, 0x00, 0x00, 0x38, 0x00, 0x00,
    0x00, 0x00, 0x38, 0x00, 0x00, 0x00, 0x00, 0x38, 0x00, 0x00, 0x00, 0x00, 0x38, 0x00, 0x00, 0x00, 0x00, 0x38, 0x00, 0x00, 0x00,
    0x00, 0x38, 0x00, 0x00, 0x00, 0x00, 0x38, 0x00, 0x00, 0x00, 0x00, 0x38, 0x00, 0x00, 0x00, 0x00, 0x38, 0x00, 0x00, 0x00, 0x00,
    0x38, 0x00, 0x00, 0x00, 0x00, 0x38, 0x00, 0x00, 0x00, 0x00, 0x38, 0x00, 0x00, 0x00, 0x00, 0x38, 0x00, 0x00, 0x00, 0x00, 0x38,
    0x00, 0x00, 0x00, 0x00, 0x38, 0x00, 0x00, 0x00, 0x00, 0x38, 0x00, 0x00, 0x00, 0x00, 0x00, 0x00, 0x00, 0x00, 0x00, 0x00, 0x00,
    0x00, 0x00, 0x00, 0x00, 0x10, 0x00, 0x00, 0x00, 0x00, 0x30, 0x00, 0x00, 0x00, 0x00, 0x70, 0x00, 0x00, 0x00, 0x00, 0xE0, 0x01,
    0x00, 0x00, 0x00, 0xC0, 0x03, 0x00, 0x00, 0x00, 0x00, 0x03, 0x00, 0x00, 0x00, 0x00, 0x02, 0x00, 0x00, 0x00, 0x00, 0x00, 0x00,
    0x00, 0x00, 0x00, 0x00, 0x00, 0x00, 0xC0, 0x07, 0x00, 0x00, 0xE0, 0xE0, 0x1F, 0x00, 0x00, 0xE0, 0xF0, 0x1F, 0x00, 0x00, 0x70,
    0x70, 0x3C, 0x00, 0x00, 0x70, 0x38, 0x38, 0x00, 0x00, 0x70, 0x38, 0x38, 0x00, 0x00, 0x70, 0x38, 0x38, 0x00, 0x00, 0x70, 0x38,
    0x38, 0x00, 0x00, 0x70, 0x38, 0x38, 0x00, 0x00, 0x70, 0x38, 0x1C, 0x00, 0x00, 0xE0, 0x38, 0x0C, 0x00, 0x00, 0xE0, 0x39, 0x0F,
    0x00, 0x00, 0xC0, 0xFF, 0x3F, 0x00, 0x00, 0x80, 0xFF, 0x3F, 0x00, 0x00, 0x00, 0xFC, 0x3F, 0x00, 0x00, 0x00, 0x00, 0x00, 0x00,
    0x00, 0x00, 0x00, 0x00, 0x00, 0x00, 0x00, 0x00, 0x00, 0xC0, 0xFF, 0xFF, 0x3F, 0x00, 0xC0, 0xFF, 0xFF, 0x3F, 0x00, 0xC0, 0xFF,
    0xFF, 0x3F, 0x00, 0x00, 0xC0, 0x03, 0x0F, 0x00, 0x00, 0xE0, 0x00, 0x1C, 0x00, 0x00, 0xE0, 0x00, 0x1C, 0x00, 0x00, 0x70, 0x00,
    0x38, 0x00, 0x00, 0x70, 0x00, 0x38, 0x00, 0x00, 0x70, 0x00, 0x38, 0x00, 0x00, 0x70, 0x00, 0x38, 0x00, 0x00, 0xF0, 0x00, 0x3C,
    0x00, 0x00, 0xE0, 0x01, 0x1E, 0x00, 0x00, 0xE0, 0xCF, 0x1F, 0x00, 0x00, 0xC0, 0xFF, 0x0F, 0x00, 0x00, 0x00, 0xFF, 0x03, 0x00,
    0x00, 0x00, 0x30, 0x00, 0x00, 0x00, 0x00, 0x00, 0x00, 0x00, 0x00, 0x00, 0x00, 0x00, 0x00, 0xFE, 0x01, 0x00, 0x00, 0x80, 0xFF,
    0x07, 0x00, 0x00, 0xC0, 0xFF, 0x0F, 0x00, 0x00, 0xE0, 0x03, 0x1F, 0x00, 0x00, 0xE0, 0x00, 0x1C, 0x00, 0x00, 0xF0, 0x00, 0x3C,
    0x00, 0x00, 0x70, 0x00, 0x38, 0x00, 0x00, 0x70, 0x00, 0x38, 0x00, 0x00, 0x70, 0x00, 0x38, 0x00, 0x00, 0x70, 0x00, 0x38, 0x00,
    0x00, 0x70, 0x00, 0x38, 0x00, 0x00, 0x70, 0x00, 0x38, 0x00, 0x00, 0xE0, 0x00, 0x1C, 0x00, 0x00, 0xE0, 0x00, 0x1C, 0x00, 0x00,
    0x00, 0x00, 0x00, 0x00, 0x00, 0x00, 0x00, 0x00, 0x00, 0x00, 0xFE, 0x01, 0x00, 0x00, 0x80, 0xFF, 0x07, 0x00, 0x00, 0xC0, 0xFF,
    0x0F, 0x00, 0x00, 0xE0, 0x01, 0x1E, 0x00, 0x00, 0xF0, 0x00, 0x3C, 0x00, 0x00, 0x70, 0x00, 0x38, 0x00, 0x00, 0x70, 0x00, 0x38,
    0x00, 0x00, 0x70, 0x00, 0x38, 0x00, 0x00, 0x70, 0x00, 0x38, 0x00, 0x00, 0x70, 0x00, 0x38, 0x00, 0x00, 0xE0, 0x00, 0x1C, 0x00,
    0x00, 0xC0, 0x01, 0x0E, 0x00, 0x00, 0xC0, 0xFF, 0x0F, 0x00, 0xC0, 0xFF, 0xFF, 0x3F, 0x00, 0xC0, 0xFF, 0xFF, 0x3F, 0x00, 0x00,
    0x00, 0x00, 0x00, 0x00, 0x00, 0x00, 0x00, 0x00, 0x00, 0x00, 0xFE, 0x01, 0x00, 0x00, 0x80, 0xFF, 0x07, 0x00, 0x00, 0xC0, 0xFF,
    0x0F, 0x00, 0x00, 0xE0, 0x39, 0x1F, 0x00, 0x00, 0xE0, 0x38, 0x1C, 0x00, 0x00, 0xF0, 0x38, 0x3C, 0x00, 0x00, 0x70, 0x38, 0x38,
    0x00, 0x00, 0x70, 0x38, 0x38, 0x00, 0x00, 0x70, 0x38, 0x38, 0x00, 0x00, 0x70, 0x38, 0x38, 0x00, 0x00, 0x70, 0x38, 0x38, 0x00,
    0x00, 0xE0, 0x38, 0x38, 0x00, 0x00, 0xE0, 0x39, 0x1C, 0x00, 0x00, 0xC0, 0x3F, 0x1C, 0x00, 0x00, 0x80, 0x3F, 0x0E, 0x00, 0x00,
    0x00, 0x3E, 0x00, 0x00, 0x00, 0x00, 0x00, 0x00, 0x70, 0x00, 0x00, 0x00, 0x00, 0x70, 0x00, 0x00, 0x00, 0x00, 0xF8, 0xFF, 0x3F,
    0x00, 0x00, 0xFF, 0xFF, 0x3F, 0x00, 0x80, 0xFF, 0xFF, 0x3F, 0x00, 0xC0, 0x73, 0x00, 0x00, 0x00, 0xC0, 0x71, 0x00, 0x00, 0x00,
    0xC0, 0x71, 0x00, 0x00, 0x00, 0xC0, 0x71, 0x00, 0x00, 0x00, 0xC0, 0x71, 0x00, 0x00, 0x00, 0xC0, 0x01, 0x00, 0x00, 0x00, 0x00,
    0x00, 0x00, 0x00, 0x00, 0x00, 0x00, 0x00, 0x00, 0xFE, 0x01, 0x00, 0x00, 0x80, 0xFF, 0x07, 0x00, 0x00, 0xC0, 0xFF, 0x0F, 0x0E,
    0x00, 0xE0, 0x01, 0x1E, 0x1C, 0x00, 0xF0, 0x00, 0x3C, 0x1C, 0x00, 0x70, 0x00, 0x38, 0x1C, 0x00, 0x70, 0x00, 0x38, 0x1C, 0x00,
    0x70, 0x00, 0x38, 0x1C, 0x00, 0x70, 0x00, 0x38, 0x1C, 0x00, 0x70, 0x00, 0x38, 0x1C, 0x00, 0xE0, 0x00, 0x1C, 0x1E, 0x00, 0xC0,
    0x01, 0x0E, 0x0F, 0x00, 0xC0, 0xFF, 0xFF, 0x07, 0x00, 0xF0, 0xFF, 0xFF, 0x03, 0x00, 0xF0, 0xFF, 0xFF, 0x01, 0x00, 0x00, 0x00,
    0x00, 0x00, 0x00, 0x00, 0x00, 0x00, 0x00, 0x00, 0x00, 0x00, 0x00, 0x00, 0xC0, 0xFF, 0xFF, 0x3F, 0x00, 0xC0, 0xFF, 0xFF, 0x3F,
    0x00, 0xC0, 0xFF, 0xFF, 0x3F, 0x00, 0x00, 0xC0, 0x01, 0x00, 0x00, 0x00, 0xE0, 0x00, 0x00, 0x00, 0x00, 0x60, 0x00, 0x00, 0x00,
    0x00, 0x70, 0x00, 0x00, 0x00, 0x00, 0x70, 0x00, 0x00, 0x00, 0x00, 0x70, 0x00, 0x00, 0x00, 0x00, 0x70, 0x00, 0x00, 0x00, 0x00,
    0xF0, 0x00, 0x00, 0x00, 0x00, 0xE0, 0x03, 0x00, 0x00, 0x00, 0xE0, 0xFF, 0x3F, 0x00, 0x00, 0x80, 0xFF, 0x3F, 0x00, 0x00, 0x00,
    0xFC, 0x3F, 0x00, 0x00, 0x00, 0x00, 0x00, 0x00, 0x00, 0x00, 0x00, 0x00, 0x00, 0x00, 0x00, 0x00, 0x00, 0xC0, 0xF3, 0xFF, 0x3F,
    0x00, 0xC0, 0xF3, 0xFF, 0x3F, 0x00, 0xC0, 0xF3, 0xFF, 0x3F, 0x00, 0x00, 0x00, 0x00, 0x1C, 0x00, 0x00, 0x00, 0x00, 0x1C, 0x00,
    0x00, 0x00, 0x00, 0x1E, 0xC0, 0xF3, 0xFF, 0xFF, 0x0F, 0xC0, 0xF3, 0xFF, 0xFF, 0x07, 0xC0, 0xF3, 0xFF, 0xFF, 0x01, 0x00, 0x00,
    0x00, 0x00, 0x00, 0x00, 0x00, 0x00, 0x00, 0x00, 0x00, 0x00, 0x00, 0x00, 0x00, 0xC0, 0xFF, 0xFF, 0x3F, 0x00, 0xC0, 0xFF, 0xFF,
    0x3F, 0x00, 0xC0, 0xFF, 0xFF, 0x3F, 0x00, 0x00, 0x00, 0x38, 0x00, 0x00, 0x00, 0x00, 0x7C, 0x00, 0x00, 0x00, 0x00, 0xFE, 0x00,
    0x00, 0x00, 0x00, 0xEF, 0x01, 0x00, 0x00, 0x00, 0xC7, 0x03, 0x00, 0x00, 0x80, 0x83, 0x07, 0x00, 0x00, 0xC0, 0x01, 0x0F, 0x00,
    0x00, 0xE0, 0x00, 0x1E, 0x00, 0x00, 0x70, 0x00, 0x3C, 0x00, 0x00, 0x30, 0x00, 0x38, 0x00, 0x00, 0x10, 0x00, 0x30, 0x00, 0x00,
    0x00, 0x00, 0x20, 0x00, 0x00, 0x00, 0x00, 0x00, 0x00, 0x00, 0x00, 0x00, 0x00, 0x00, 0x00, 0x00, 0x00, 0x00, 0xC0, 0xFF, 0xFF,
    0x3F, 0x00, 0xC0, 0xFF, 0xFF, 0x3F, 0x00, 0xC0, 0xFF, 0xFF, 0x3F, 0x00, 0x00, 0x00, 0x00, 0x00, 0x00, 0x00, 0x00, 0x00, 0x00,
    0x00, 0x00, 0x00, 0x00, 0x00, 0x00, 0xF0, 0xFF, 0x3F, 0x00, 0x00, 0xF0, 0xFF, 0x3F, 0x00, 0x00, 0xF0, 0xFF, 0x3F, 0x00, 0x00,
    0xC0, 0x01, 0x00, 0x00, 0x00, 0xE0, 0x00, 0x00, 0x00, 0x00, 0x60, 0x00, 0x00, 0x00, 0x00, 0x70, 0x00, 0x00, 0x00, 0x00, 0x70,
    0x00, 0x00, 0x00, 0x00, 0x70, 0x00, 0x00, 0x00, 0x00, 0x70, 0x00, 0x00, 0x00, 0x00, 0xF0, 0x00, 0x00, 0x00, 0x00, 0xE0, 0xFF,
    0x3F, 0x00, 0x00, 0xC0, 0xFF, 0x3F, 0x00, 0x00, 0x80, 0xFF, 0x3F, 0x00, 0x00, 0xC0, 0x03, 0x00, 0x00, 0x00, 0xE0, 0x00, 0x00,
    0x00, 0x00, 0xE0, 0x00, 0x00, 0x00, 0x00, 0x70, 0x00, 0x00, 0x00, 0x00, 0x70, 0x00, 0x00, 0x00, 0x00, 0x70, 0x00, 0x00, 0x00,
    0x00, 0x70, 0x00, 0x00, 0x00, 0x00, 0xF0, 0x00, 0x00, 0x00, 0x00, 0xE0, 0x03, 0x00, 0x00, 0x00, 0xE0, 0xFF, 0x3F, 0x00, 0x00,
    0x80, 0xFF, 0x3F, 0x00, 0x00, 0x00, 0x00, 0x00, 0x00, 0x00, 0x00, 0x00, 0x00, 0x00, 0x00, 0x00, 0x00, 0x00, 0x00, 0xF0, 0xFF,
    0x3F, 0x00, 0x00, 0xF0, 0xFF, 0x3F, 0x00, 0x00, 0xF0, 0xFF, 0x3F, 0x00, 0x00, 0xC0, 0x01, 0x00, 0x00, 0x00, 0xE0, 0x00, 0x00,
    0x00, 0x00, 0x60, 0x00, 0x00, 0x00, 0x00, 0x70, 0x00, 0x00, 0x00, 0x00, 0x70, 0x00, 0x00, 0x00, 0x00, 0x70, 0x00, 0x00, 0x00,
    0x00, 0x70, 0x00, 0x00, 0x00, 0x00, 0xF0, 0x00, 0x00, 0x00, 0x00, 0xE0, 0x03, 0x00, 0x00, 0x00, 0xE0, 0xFF, 0x3F, 0x00, 0x00,
    0x80, 0xFF, 0x3F, 0x00, 0x00, 0x00, 0xFC, 0x3F, 0x00, 0x00, 0x00, 0x00, 0x00, 0x00, 0x00, 0x00, 0x00, 0x00, 0x00, 0x00, 0xFE,
    0x01, 0x00, 0x00, 0x80, 0xFF, 0x07, 0x00, 0x00, 0xC0, 0xFF, 0x0F, 0x00, 0x00, 0xE0, 0x03, 0x1F, 0x00, 0x00, 0xE0, 0x00, 0x1C,
    0x00, 0x00, 0xF0, 0x00, 0x3C, 0x00, 0x00, 0x70, 0x00, 0x38, 0x00, 0x00, 0x70, 0x00, 0x38, 0x00, 0x00, 0x70, 0x00, 0x38, 0x00,
    0x00, 0x70, 0x00, 0x38, 0x00, 0x00, 0xF0, 0x00, 0x3C, 0x00, 0x00, 0xE0, 0x01, 0x1E, 0x00, 0x00, 0xE0, 0x87, 0x1F, 0x00, 0x00,
    0xC0, 0xFF, 0x0F, 0x00, 0x00, 0x00, 0xFF, 0x03, 0x00, 0x00, 0x00, 0xFC, 0x00, 0x00, 0x00, 0x00, 0x00, 0x00, 0x00, 0x00, 0x00,
    0x00, 0x00, 0x00, 0x00, 0x00, 0x00, 0x00, 0xF0, 0xFF, 0xFF, 0x1F, 0x00, 0xF0, 0xFF, 0xFF, 0x1F, 0x00, 0xF0, 0xFF, 0xFF, 0x1F,
    0x00, 0xC0, 0x03, 0x0F, 0x00, 0x00, 0xE0, 0x00, 0x1C, 0x00, 0x00, 0xE0, 0x00, 0x1C, 0x00, 0x00, 0x70, 0x00, 0x38, 0x00, 0x00,
    0x70, 0x00, 0x38, 0x00, 0x00, 0x70, 0x00, 0x38, 0x00, 0x00, 0x70, 0x00, 0x38, 0x00, 0x00, 0xF0, 0x00, 0x3C, 0x00, 0x00, 0xE0,
    0x01, 0x1E, 0x00, 0x00, 0xE0, 0xCF, 0x1F, 0x00, 0x00, 0xC0, 0xFF, 0x0F, 0x00, 0x00, 0x00, 0xFF, 0x03, 0x00, 0x00, 0x00, 0x30,
    0x00, 0x00, 0x00, 0x00, 0x00, 0x00, 0x00, 0x00, 0x00, 0x00, 0x00, 0x00, 0xFE, 0x01, 0x00, 0x00, 0x80, 0xFF, 0x07, 0x00, 0x00,
    0xC0, 0xFF, 0x0F, 0x00, 0x00, 0xE0, 0x01, 0x1E, 0x00, 0x00, 0xF0, 0x00, 0x3C, 0x00, 0x00, 0x70, 0x00, 0x38, 0x00, 0x00, 0x70,
    0x00, 0x38, 0x00, 0x00, 0x70, 0x00, 0x38, 0x00, 0x00, 0x70, 0x00, 0x38, 0x00, 0x00, 0x70, 0x00, 0x38, 0x00, 0x00, 0xE0, 0x00,
    0x1C, 0x00, 0x00, 0xC0, 0x01, 0x0E, 0x00, 0x00, 0xC0, 0xFF, 0x0F, 0x00, 0x00, 0xF0, 0xFF, 0xFF, 0x1F, 0x00, 0xF0, 0xFF, 0xFF,
    0x1F, 0x00, 0x00, 0x00, 0x00, 0x00, 0x00, 0x00, 0x00, 0x00, 0x00, 0x00, 0x00, 0x00, 0x00, 0x00, 0x00, 0xF0, 0xFF, 0x3F, 0x00,
    0x00, 0xF0, 0xFF, 0x3F, 0x00, 0x00, 0xF0, 0xFF, 0x3F, 0x00, 0x00, 0xC0, 0x01, 0x00, 0x00, 0x00, 0xE0, 0x00, 0x00, 0x00, 0x00,
    0x60, 0x00, 0x00, 0x00, 0x00, 0x70, 0x00, 0x00, 0x00, 0x00, 0x70, 0x00, 0x00, 0x00, 0x00, 0x70, 0x00, 0x00, 0x00, 0x00, 0x70,
    0x00, 0x00, 0x00, 0x00, 0x00, 0x00, 0x00, 0x00, 0x00, 0x00, 0x00, 0xC0, 0x07, 0x0E, 0x00, 0x00, 0xE0, 0x0F, 0x1C, 0x00, 0x00,
    0xE0, 0x1F, 0x1C, 0x00, 0x00, 0xF0, 0x18, 0x38, 0x00, 0x00, 0x70, 0x18, 0x38, 0x00, 0x00, 0x70, 0x38, 0x38, 0x00, 0x00, 0x70,
    0x38, 0x38, 0x00, 0x00, 0x70, 0x30, 0x38, 0x00, 0x00, 0x70, 0x30, 0x38, 0x00, 0x00, 0x70, 0x70, 0x1C, 0x00, 0x00, 0xE0, 0xE0,
    0x1F, 0x00, 0x00, 0xE0, 0xE0, 0x0F, 0x00, 0x00, 0x00, 0xC0, 0x07, 0x00, 0x00, 0x00, 0x00, 0x00, 0x00, 0x70, 0x00, 0x00, 0x00,
    0x00, 0x70, 0x00, 0x00, 0x00, 0x80, 0xFF, 0xFF, 0x07, 0x00, 0x80, 0xFF, 0xFF, 0x1F, 0x00, 0x80, 0xFF, 0xFF, 0x1F, 0x00, 0x00,
    0x70, 0x00, 0x3C, 0x00, 0x00, 0x70, 0x00, 0x38, 0x00, 0x00, 0x70, 0x00, 0x38, 0x00, 0x00, 0x70, 0x00, 0x38, 0x00, 0x00, 0x70,
    0x00, 0x38, 0x00, 0x00, 0x70, 0x00, 0x38, 0x00, 0x00, 0x00, 0x00, 0x00, 0x00, 0x00, 0x00, 0x00, 0x00, 0x00, 0x00, 0x00, 0x00,
    0x00, 0x00, 0xF0, 0xFF, 0x07, 0x00, 0x00, 0xF0, 0xFF, 0x0F, 0x00, 0x00, 0xF0, 0xFF, 0x1F, 0x00, 0x00, 0x00, 0x00, 0x3C, 0x00,
    0x00, 0x00, 0x00, 0x38, 0x00, 0x00, 0x00, 0x00, 0x38, 0x00, 0x00, 0x00, 0x00, 0x38, 0x00, 0x00, 0x00, 0x00, 0x38, 0x00, 0x00,
    0x00, 0x00, 0x18, 0x00, 0x00, 0x00, 0x00, 0x1C, 0x00, 0x00, 0x00, 0x00, 0x0E, 0x00, 0x00, 0xF0, 0xFF, 0x3F, 0x00, 0x00, 0xF0,
    0xFF, 0x3F, 0x00, 0x00, 0xF0, 0xFF, 0x3F, 0x00, 0x00, 0x00, 0x00, 0x00, 0x00, 0x30, 0x00, 0x00, 0x00, 0x00, 0xF0, 0x00, 0x00,
    0x00, 0x00, 0xF0, 0x07, 0x00, 0x00, 0x00, 0xE0, 0x3F, 0x00, 0x00, 0x00, 0x00, 0xFF, 0x00, 0x00, 0x00, 0x00, 0xF8, 0x07, 0x00,
    0x00, 0x00, 0xC0, 0x3F, 0x00, 0x00, 0x00, 0x00, 0x3F, 0x00, 0x00, 0x00, 0x00, 0x3C, 0x00, 0x00, 0x00, 0x00, 0x3F, 0x00, 0x00,
    0x00, 0xE0, 0x3F, 0x00, 0x00, 0x00, 0xF8, 0x07, 0x00, 0x00, 0x00, 0xFF, 0x00, 0x00, 0x00, 0xE0, 0x3F, 0x00, 0x00, 0x00, 0xF0,
    0x07, 0x00, 0x00, 0x00, 0xF0, 0x00, 0x00, 0x00, 0x00, 0x10, 0x00, 0x00, 0x00, 0x00, 0x00, 0x00, 0x10, 0x00, 0x00, 0x00, 0x00,
    0xF0, 0x01, 0x00, 0x00, 0x00, 0xF0, 0x0F, 0x00, 0x00, 0x00, 0xE0, 0xFF, 0x00, 0x00, 0x00, 0x00, 0xFE, 0x0F, 0x00, 0x00, 0x00,
    0xE0, 0x3F, 0x00, 0x00, 0x00, 0x00, 0x3E, 0x00, 0x00, 0x00, 0x80, 0x3F, 0x00, 0x00, 0x00, 0xF8, 0x1F, 0x00, 0x00, 0x80, 0xFF,
    0x01, 0x00, 0x00, 0xF0, 0x1F, 0x00, 0x00, 0x00, 0xF0, 0x03, 0x00, 0x00, 0x00, 0xF0, 0x01, 0x00, 0x00, 0x00, 0xF0, 0x1F, 0x00,
    0x00, 0x00, 0x80, 0xFF, 0x01, 0x00, 0x00, 0x00, 0xF8, 0x1F, 0x00, 0x00, 0x00, 0x80, 0x3F, 0x00, 0x00, 0x00, 0x00, 0x3E, 0x00,
    0x00, 0x00, 0xC0, 0x3F, 0x00, 0x00, 0x00, 0xFC, 0x1F, 0x00, 0x00, 0xC0, 0xFF, 0x01, 0x00, 0x00, 0xF0, 0x1F, 0x00, 0x00, 0x00,
    0xF0, 0x01, 0x00, 0x00, 0x00, 0x10, 0x00, 0x00, 0x00, 0x00, 0x00, 0x00, 0x00, 0x00, 0x20, 0x00, 0x00, 0x10, 0x00, 0x30, 0x00,
    0x00, 0x70, 0x00, 0x3C, 0x00, 0x00, 0xF0, 0x00, 0x3E, 0x00, 0x00, 0xE0, 0x03, 0x0F, 0x00, 0x00, 0xC0, 0xC7, 0x07, 0x00, 0x00,
    0x00, 0xEF, 0x03, 0x00, 0x00, 0x00, 0xFE, 0x00, 0x00, 0x00, 0x00, 0x7C, 0x00, 0x00, 0x00, 0x00, 0xFE, 0x00, 0x00, 0x00, 0x00,
    0xEF, 0x03, 0x00, 0x00, 0xC0, 0x87, 0x07, 0x00, 0x00, 0xE0, 0x03, 0x1F, 0x00, 0x00, 0xF0, 0x00, 0x3E, 0x00, 0x00, 0x70, 0x00,
    0x38, 0x00, 0x00, 0x10, 0x00, 0x30, 0x00, 0x00, 0x00, 0x00, 0x20, 0x00, 0x00, 0x00, 0x00, 0x00, 0x00, 0x10, 0x00, 0x00, 0x00,
    0x00, 0xF0, 0x00, 0x00, 0x00, 0x00, 0xF0, 0x03, 0x00, 0x1C, 0x00, 0xE0, 0x1F, 0x00, 0x1C, 0x00, 0x00, 0x7F, 0x00, 0x1C, 0x00,
    0x00, 0xFC, 0x03, 0x1E, 0x00, 0x00, 0xE0, 0x8F, 0x0F, 0x00, 0x00, 0x00, 0xFF, 0x07, 0x00, 0x00, 0x00, 0xFE, 0x01, 0x00, 0x00,
    0x80, 0x7F, 0x00, 0x00, 0x00, 0xE0, 0x0F, 0x00, 0x00, 0x00, 0xFC, 0x03, 0x00, 0x00, 0x00, 0x7F, 0x00, 0x00, 0x00, 0xE0, 0x1F,
    0x00, 0x00, 0x00, 0xF0, 0x03, 0x00, 0x00, 0x00, 0xF0, 0x00, 0x00, 0x00, 0x00, 0x10, 0x00, 0x00, 0x00, 0x00, 0x00, 0x00, 0x00,
    0x00, 0x38, 0x00, 0x00, 0x70, 0x00, 0x3C, 0x00, 0x00, 0x70, 0x00, 0x3E, 0x00, 0x00, 0x70, 0x00, 0x3F, 0x00, 0x00, 0x70, 0x80,
    0x3B, 0x00, 0x00, 0x70, 0xC0, 0x39, 0x00, 0x00, 0x70, 0xF0, 0x38, 0x00, 0x00, 0x70, 0x78, 0x38, 0x00, 0x00, 0x70, 0x1C, 0x38,
    0x00, 0x00, 0x70, 0x0E, 0x38, 0x00, 0x00, 0x70, 0x07, 0x38, 0x00, 0x00, 0xF0, 0x03, 0x38, 0x00, 0x00, 0xF0, 0x01, 0x38, 0x00,
    0x00, 0xF0, 0x00, 0x38, 0x00, 0x00, 0x00, 0x00, 0x00, 0x00, 0x00, 0x00, 0x00, 0x00, 0x00, 0x00, 0x00, 0x00, 0x00, 0x00, 0x00,
    0x00, 0x00, 0x00, 0x00, 0x00, 0x38, 0x00, 0x00, 0x00, 0x00, 0x38, 0x00, 0x00, 0x00, 0x00, 0x38, 0x00, 0x00, 0x00, 0x00, 0x78,
    0x00, 0x00, 0x00, 0x00, 0xFE, 0x00, 0x00, 0x00, 0xFF, 0xEF, 0xFF, 0x03, 0x80, 0xFF, 0xCF, 0xFF, 0x07, 0x80, 0xFF, 0x83, 0xFF,
    0x07, 0xC0, 0x03, 0x00, 0x00, 0x0F, 0xC0, 0x01, 0x00, 0x00, 0x0E, 0xC0, 0x01, 0x00, 0x00, 0x0E, 0xC0, 0x01, 0x00, 0x00, 0x0E,
    0x00, 0x00, 0x00, 0x00, 0x00, 0x00, 0x00, 0x00, 0x00, 0x00, 0x00, 0x00, 0x00, 0x00, 0x00, 0x00, 0x00, 0x00, 0x00, 0x00, 0xC0,
    0xFF, 0xFF, 0xFF, 0x3F, 0xC0, 0xFF, 0xFF, 0xFF, 0x3F, 0xC0, 0xFF, 0xFF, 0xFF, 0x3F, 0x00, 0x00, 0x00, 0x00, 0x00, 0x00, 0x00,
    0x00, 0x00, 0x00, 0x00, 0x00, 0x00, 0x00, 0x00, 0x00, 0x00, 0x00, 0x00, 0x00, 0xC0, 0x01, 0x00, 0x00, 0x0E, 0xC0, 0x01, 0x00,
    0x00, 0x0E, 0xC0, 0x01, 0x00, 0x00, 0x0E, 0xC0, 0x01, 0x00, 0x00, 0x0E, 0xC0, 0x07, 0x00, 0x80, 0x0F, 0x80, 0xFF, 0xC7, 0xFF,
    0x07, 0x00, 0xFF, 0xEF, 0xFF, 0x03, 0x00, 0x00, 0xFF, 0x03, 0x00, 0x00, 0x00, 0x7C, 0x00, 0x00, 0x00, 0x00, 0x38, 0x00, 0x00,
    0x00, 0x00, 0x38, 0x00, 0x00, 0x00, 0x00, 0x38, 0x00, 0x00, 0x00, 0x00, 0x00, 0x00, 0x00, 0x00, 0x00, 0x00, 0x00, 0x00, 0x00,
    0x00, 0x00, 0x00, 0x00, 0x30, 0x00, 0x00, 0x00, 0x00, 0x38, 0x00, 0x00, 0x00, 0x00, 0x1C, 0x00, 0x00, 0x00, 0x00, 0x1C, 0x00,
    0x00, 0x00, 0x00, 0x0E, 0x00, 0x00, 0x00, 0x00, 0x0E, 0x00, 0x00, 0x00, 0x00, 0x0E, 0x00, 0x00, 0x00, 0x00, 0x0E, 0x00, 0x00,
    0x00, 0x00, 0x0E, 0x00, 0x00, 0x00, 0x00, 0x1C, 0x00, 0x00, 0x00, 0x00, 0x1C, 0x00, 0x00, 0x00, 0x00, 0x1C, 0x00, 0x00, 0x00,
    0x00, 0x38, 0x00, 0x00, 0x00, 0x00, 0x38, 0x00, 0x00, 0x00, 0x00, 0x38, 0x00, 0x00, 0x00, 0x00, 0x38, 0x00, 0x00, 0x00, 0x00,
    0x38, 0x00, 0x00, 0x00, 0x00, 0x1C, 0x00, 0x00, 0x00, 0x00, 0x1C, 0x00, 0x00, 0x00, 0x00, 0x0E, 0x00, 0x00, 0x00, 0x00, 0x00,
    0x00, 0x00, 0x00, 0x00, 0x00, 0x80, 0xFF, 0xFF, 0xFF, 0x07, 0x80, 0x01, 0x00, 0x00, 0x06, 0x80, 0x01, 0x00, 0x00, 0x06, 0x80,
    0x01, 0x00, 0x00, 0x06, 0x80, 0x01, 0x00, 0x00, 0x06, 0x80, 0x01, 0x00, 0x00, 0x06, 0x80, 0x01, 0x00, 0x00, 0x06, 0x80, 0x01,
    0x00, 0x00, 0x06, 0x80, 0x01, 0x00, 0x00, 0x06, 0x80, 0x01, 0x00, 0x00, 0x06, 0x80, 0x01, 0x00, 0x00, 0x06, 0x80, 0x01, 0x00,
    0x00, 0x06, 0x80, 0x01, 0x00, 0x00, 0x06, 0x80, 0x01, 0x00, 0x00, 0x06, 0x80, 0xFF, 0xFF, 0xFF, 0x07, 0x80, 0xFF, 0xFF, 0xFF,
    0x07, 0x00, 0x00, 0x00, 0x00, 0x00, 0x00, 0x00, 0x00, 0x00, 0x00, 0x80, 0xFF, 0xFF, 0xFF, 0x07, 0x80, 0x01, 0x00, 0x00, 0x06,
    0x80, 0x01, 0x00, 0x00, 0x06, 0x80, 0x01, 0x00, 0x00, 0x06, 0x80, 0x01, 0x00, 0x00, 0x06, 0x80, 0x01, 0x00, 0x00, 0x06, 0x80,
    0x01, 0x00, 0x00, 0x06, 0x80, 0x01, 0x00, 0x00, 0x06, 0x80, 0x01, 0x00, 0x00, 0x06, 0x80, 0x01, 0x00, 0x00, 0x06, 0x80, 0x01,
    0x00, 0x00, 0x06, 0x80, 0x01, 0x00, 0x00, 0x06, 0x80, 0x01, 0x00, 0x00, 0x06, 0x80, 0x01, 0x00, 0x00, 0x06, 0x80, 0xFF, 0xFF,
    0xFF, 0x07, 0x80, 0xFF, 0xFF, 0xFF, 0x07, 0x00, 0x00, 0x00, 0x00, 0x00, 0x00, 0x00, 0x00, 0x00, 0x00, 0x80, 0xFF, 0xFF, 0xFF,
    0x07, 0x80, 0x01, 0x00, 0x00, 0x06, 0x80, 0x01, 0x00, 0x00, 0x06, 0x80, 0x01, 0x00, 0x00, 0x06, 0x80, 0x01, 0x00, 0x00, 0x06,
    0x80, 0x01, 0x00, 0x00, 0x06, 0x80, 0x01, 0x00, 0x00, 0x06, 0x80, 0x01, 0x00, 0x00, 0x06, 0x80, 0x01, 0x00, 0x00, 0x06, 0x80,
    0x01, 0x00, 0x00, 0x06, 0x80, 0x01, 0x00, 0x00, 0x06, 0x80, 0x01, 0x00, 0x00, 0x06, 0x80, 0x01, 0x00, 0x00, 0x06, 0x80, 0x01,
    0x00, 0x00, 0x06, 0x80, 0xFF, 0xFF, 0xFF, 0x07, 0x80, 0xFF, 0xFF, 0xFF, 0x07, 0x00, 0x00, 0x00, 0x00, 0x00, 0x00, 0x00, 0x00,
    0x00, 0x00, 0x80, 0xFF, 0xFF, 0xFF, 0x07, 0x80, 0x01, 0x00, 0x00, 0x06, 0x80, 0x01, 0x00, 0x00, 0x06, 0x80, 0x01, 0x00, 0x00,
    0x06, 0x80, 0x01, 0x00, 0x00, 0x06, 0x80, 0x01, 0x00, 0x00, 0x06, 0x80, 0x01, 0x00, 0x00, 0x06, 0x80, 0x01, 0x00, 0x00, 0x06,
    0x80, 0x01, 0x00, 0x00, 0x06, 0x80, 0x01, 0x00, 0x00, 0x06, 0x80, 0x01, 0x00, 0x00, 0x06, 0x80, 0x01, 0x00, 0x00, 0x06, 0x80,
    0x01, 0x00, 0x00, 0x06, 0x80, 0x01, 0x00, 0x00, 0x06, 0x80, 0xFF, 0xFF, 0xFF, 0x07, 0x80, 0xFF, 0xFF, 0xFF, 0x07, 0x00, 0x00,
    0x00, 0x00, 0x00, 0x00, 0x00, 0x00, 0x00, 0x00, 0x80, 0xFF, 0xFF, 0xFF, 0x07, 0x80, 0x01, 0x00, 0x00, 0x06, 0x80, 0x01, 0x00,
    0x00, 0x06, 0x80, 0x01, 0x00, 0x00, 0x06, 0x80, 0x01, 0x00, 0x00, 0x06, 0x80, 0x01, 0x00, 0x00, 0x06, 0x80, 0x01, 0x00, 0x00,
    0x06, 0x80, 0x01, 0x00, 0x00, 0x06, 0x80, 0x01, 0x00, 0x00, 0x06, 0x80, 0x01, 0x00, 0x00, 0x06, 0x80, 0x01, 0x00, 0x00, 0x06,
    0x80, 0x01, 0x00, 0x00, 0x06, 0x80, 0x01, 0x00, 0x00, 0x06, 0x80, 0x01, 0x00, 0x00, 0x06, 0x80, 0xFF, 0xFF, 0xFF, 0x07, 0x80,
    0xFF, 0xFF, 0xFF, 0x07, 0x00, 0x00, 0x00, 0x00, 0x00, 0x00, 0x00, 0x00, 0x00, 0x00, 0x80, 0xFF, 0xFF, 0xFF, 0x07, 0x80, 0x01,
    0x00, 0x00, 0x06, 0x80, 0x01, 0x00, 0x00, 0x06, 0x80, 0x01, 0x00, 0x00, 0x06, 0x80, 0x01, 0x00, 0x00, 0x06, 0x80, 0x01, 0x00,
    0x00, 0x06, 0x80, 0x01, 0x00, 0x00, 0x06, 0x80, 0x01, 0x00, 0x00, 0x06, 0x80, 0x01, 0x00, 0x00, 0x06, 0x80, 0x01, 0x00, 0x00,
    0x06, 0x80, 0x01, 0x00, 0x00, 0x06, 0x80, 0x01, 0x00, 0x00, 0x06, 0x80, 0x01, 0x00, 0x00, 0x06, 0x80, 0x01, 0x00, 0x00, 0x06,
    0x80, 0xFF, 0xFF, 0xFF, 0x07, 0x80, 0xFF, 0xFF, 0xFF, 0x07, 0x00, 0x00, 0x00, 0x00, 0x00, 0x00, 0x00, 0x00, 0x00, 0x00, 0x80,
    0xFF, 0xFF, 0xFF, 0x07, 0x80, 0x01, 0x00, 0x00, 0x06, 0x80, 0x01, 0x00, 0x00, 0x06, 0x80, 0x01, 0x00, 0x00, 0x06, 0x80, 0x01,
    0x00, 0x00, 0x06, 0x80, 0x01, 0x00, 0x00, 0x06, 0x80, 0x01, 0x00, 0x00, 0x06, 0x80, 0x01, 0x00, 0x00, 0x06, 0x80, 0x01, 0x00,
    0x00, 0x06, 0x80, 0x01, 0x00, 0x00, 0x06, 0x80, 0x01, 0x00, 0x00, 0x06, 0x80, 0x01, 0x00, 0x00, 0x06, 0x80, 0x01, 0x00, 0x00,
    0x06, 0x80, 0x01, 0x00, 0x00, 0x06, 0x80, 0xFF, 0xFF, 0xFF, 0x07, 0x80, 0xFF, 0xFF, 0xFF, 0x07, 0x00, 0x00, 0x00, 0x00, 0x00,
    0x00, 0x00, 0x00, 0x00, 0x00, 0x80, 0xFF, 0xFF, 0xFF, 0x07, 0x80, 0x01, 0x00, 0x00, 0x06, 0x80, 0x01, 0x00, 0x00, 0x06, 0x80,
    0x01, 0x00, 0x00, 0x06, 0x80, 0x01, 0x00, 0x00, 0x06, 0x80, 0x01, 0x00, 0x00, 0x06, 0x80, 0x01, 0x00, 0x00, 0x06, 0x80, 0x01,
    0x00, 0x00, 0x06, 0x80, 0x01, 0x00, 0x00, 0x06, 0x80, 0x01, 0x00, 0x00, 0x06, 0x80, 0x01, 0x00, 0x00, 0x06, 0x80, 0x01, 0x00,
    0x00, 0x06, 0x80, 0x01, 0x00, 0x00, 0x06, 0x80, 0x01, 0x00, 0x00, 0x06, 0x80, 0xFF, 0xFF, 0xFF, 0x07, 0x80, 0xFF, 0xFF, 0xFF,
    0x07, 0x00, 0x00, 0x00, 0x00, 0x00, 0x00, 0x00, 0x00, 0x00, 0x00, 0x80, 0xFF, 0xFF, 0xFF, 0x07, 0x80, 0x01, 0x00, 0x00, 0x06,
    0x80, 0x01, 0x00, 0x00, 0x06, 0x80, 0x01, 0x00, 0x00, 0x06, 0x80, 0x01, 0x00, 0x00, 0x06, 0x80, 0x01, 0x00, 0x00, 0x06, 0x80,
    0x01, 0x00, 0x00, 0x06, 0x80, 0x01, 0x00, 0x00, 0x06, 0x80, 0x01, 0x00, 0x00, 0x06, 0x80, 0x01, 0x00, 0x00, 0x06, 0x80, 0x01,
    0x00, 0x00, 0x06, 0x80, 0x01, 0x00, 0x00, 0x06, 0x80, 0x01, 0x00, 0x00, 0x06, 0x80, 0x01, 0x00, 0x00, 0x06, 0x80, 0xFF, 0xFF,
    0xFF, 0x07, 0x80, 0xFF, 0xFF, 0xFF, 0x07, 0x00, 0x00, 0x00, 0x00, 0x00, 0x00, 0x00, 0x00, 0x00, 0x00, 0x80, 0xFF, 0xFF, 0xFF,
    0x07, 0x80, 0x01, 0x00, 0x00, 0x06, 0x80, 0x01, 0x00, 0x00, 0x06, 0x80, 0x01, 0x00, 0x00, 0x06, 0x80, 0x01, 0x00, 0x00, 0x06,
    0x80, 0x01, 0x00, 0x00, 0x06, 0x80, 0x01, 0x00, 0x00, 0x06, 0x80, 0x01, 0x00, 0x00, 0x06, 0x80, 0x01, 0x00, 0x00, 0x06, 0x80,
    0x01, 0x00, 0x00, 0x06, 0x80, 0x01, 0x00, 0x00, 0x06, 0x80, 0x01, 0x00, 0x00, 0x06, 0x80, 0x01, 0x00, 0x00, 0x06, 0x80, 0x01,
    0x00, 0x00, 0x06, 0x80, 0xFF, 0xFF, 0xFF, 0x07, 0x80, 0xFF, 0xFF, 0xFF, 0x07, 0x00, 0x00, 0x00, 0x00, 0x00, 0x00, 0x00, 0x00,
    0x00, 0x00, 0x80, 0xFF, 0xFF, 0xFF, 0x07, 0x80, 0x01, 0x00, 0x00, 0x06, 0x80, 0x01, 0x00, 0x00, 0x06, 0x80, 0x01, 0x00, 0x00,
    0x06, 0x80, 0x01, 0x00, 0x00, 0x06, 0x80, 0x01, 0x00, 0x00, 0x06, 0x80, 0x01, 0x00, 0x00, 0x06, 0x80, 0x01, 0x00, 0x00, 0x06,
    0x80, 0x01, 0x00, 0x00, 0x06, 0x80, 0x01, 0x00, 0x00, 0x06, 0x80, 0x01, 0x00, 0x00, 0x06, 0x80, 0x01, 0x00, 0x00, 0x06, 0x80,
    0x01, 0x00, 0x00, 0x06, 0x80, 0x01, 0x00, 0x00, 0x06, 0x80, 0xFF, 0xFF, 0xFF, 0x07, 0x80, 0xFF, 0xFF, 0xFF, 0x07, 0x00, 0x00,
    0x00, 0x00, 0x00, 0x00, 0x00, 0x00, 0x00, 0x00, 0x80, 0xFF, 0xFF, 0xFF, 0x07, 0x80, 0x01, 0x00, 0x00, 0x06, 0x80, 0x01, 0x00,
    0x00, 0x06, 0x80, 0x01, 0x00, 0x00, 0x06, 0x80, 0x01, 0x00, 0x00, 0x06, 0x80, 0x01, 0x00, 0x00, 0x06, 0x80, 0x01, 0x00, 0x00,
    0x06, 0x80, 0x01, 0x00, 0x00, 0x06, 0x80, 0x01, 0x00, 0x00, 0x06, 0x80, 0x01, 0x00, 0x00, 0x06, 0x80, 0x01, 0x00, 0x00, 0x06,
    0x80, 0x01, 0x00, 0x00, 0x06, 0x80, 0x01, 0x00, 0x00, 0x06, 0x80, 0x01, 0x00, 0x00, 0x06, 0x80, 0xFF, 0xFF, 0xFF, 0x07, 0x80,
    0xFF, 0xFF, 0xFF, 0x07, 0x00, 0x00, 0x00, 0x00, 0x00, 0x00, 0x00, 0x00, 0x00, 0x00, 0x80, 0xFF, 0xFF, 0xFF, 0x07, 0x80, 0x01,
    0x00, 0x00, 0x06, 0x80, 0x01, 0x00, 0x00, 0x06, 0x80, 0x01, 0x00, 0x00, 0x06, 0x80, 0x01, 0x00, 0x00, 0x06, 0x80, 0x01, 0x00,
    0x00, 0x06, 0x80, 0x01, 0x00, 0x00, 0x06, 0x80, 0x01, 0x00, 0x00, 0x06, 0x80, 0x01, 0x00, 0x00, 0x06, 0x80, 0x01, 0x00, 0x00,
    0x06, 0x80, 0x01, 0x00, 0x00, 0x06, 0x80, 0x01, 0x00, 0x00, 0x06, 0x80, 0x01, 0x00, 0x00, 0x06, 0x80, 0x01, 0x00, 0x00, 0x06,
    0x80, 0xFF, 0xFF, 0xFF, 0x07, 0x80, 0xFF, 0xFF, 0xFF, 0x07, 0x00, 0x00, 0x00, 0x00, 0x00, 0x00, 0x00, 0x00, 0x00, 0x00, 0x80,
    0xFF, 0xFF, 0xFF, 0x07, 0x80, 0x01, 0x00, 0x00, 0x06, 0x80, 0x01, 0x00, 0x00, 0x06, 0x80, 0x01, 0x00, 0x00, 0x06, 0x80, 0x01,
    0x00, 0x00, 0x06, 0x80, 0x01, 0x00, 0x00, 0x06, 0x80, 0x01, 0x00, 0x00, 0x06, 0x80, 0x01, 0x00, 0x00, 0x06, 0x80, 0x01, 0x00,
    0x00, 0x06, 0x80, 0x01, 0x00, 0x00, 0x06, 0x80, 0x01, 0x00, 0x00, 0x06, 0x80, 0x01, 0x00, 0x00, 0x06, 0x80, 0x01, 0x00, 0x00,
    0x06, 0x80, 0x01, 0x00, 0x00, 0x06, 0x80, 0xFF, 0xFF, 0xFF, 0x07, 0x80, 0xFF, 0xFF, 0xFF, 0x07, 0x00, 0x00, 0x00, 0x00, 0x00,
    0x00, 0x00, 0x00, 0x00, 0x00, 0x80, 0xFF, 0xFF, 0xFF, 0x07, 0x80, 0x01, 0x00, 0x00, 0x06, 0x80, 0x01, 0x00, 0x00, 0x06, 0x80,
    0x01, 0x00, 0x00, 0x06, 0x80, 0x01, 0x00, 0x00, 0x06, 0x80, 0x01, 0x00, 0x00, 0x06, 0x80, 0x01, 0x00, 0x00, 0x06, 0x80, 0x01,
    0x00, 0x00, 0x06, 0x80, 0x01, 0x00, 0x00, 0x06, 0x80, 0x01, 0x00, 0x00, 0x06, 0x80, 0x01, 0x00, 0x00, 0x06, 0x80, 0x01, 0x00,
    0x00, 0x06, 0x80, 0x01, 0x00, 0x00, 0x06, 0x80, 0x01, 0x00, 0x00, 0x06, 0x80, 0xFF, 0xFF, 0xFF, 0x07, 0x80, 0xFF, 0xFF, 0xFF,
    0x07, 0x00, 0x00, 0x00, 0x00, 0x00, 0x00, 0x00, 0x00, 0x00, 0x00, 0x80, 0xFF, 0xFF, 0xFF, 0x07, 0x80, 0x01, 0x00, 0x00, 0x06,
    0x80, 0x01, 0x00, 0x00, 0x06, 0x80, 0x01, 0x00, 0x00, 0x06, 0x80, 0x01, 0x00, 0x00, 0x06, 0x80, 0x01, 0x00, 0x00, 0x06, 0x80,
    0x01, 0x00, 0x00, 0x06, 0x80, 0x01, 0x00, 0x00, 0x06, 0x80, 0x01, 0x00, 0x00, 0x06, 0x80, 0x01, 0x00, 0x00, 0x06, 0x80, 0x01,
    0x00, 0x00, 0x06, 0x80, 0x01, 0x00, 0x00, 0x06, 0x80, 0x01, 0x00, 0x00, 0x06, 0x80, 0x01, 0x00, 0x00, 0x06, 0x80, 0xFF, 0xFF,
    0xFF, 0x07, 0x80, 0xFF, 0xFF, 0xFF, 0x07, 0x00, 0x00, 0x00, 0x00, 0x00, 0x00, 0x00, 0x00, 0x00, 0x00, 0x80, 0xFF, 0xFF, 0xFF,
    0x07, 0x80, 0x01, 0x00, 0x00, 0x06, 0x80, 0x01, 0x00, 0x00, 0x06, 0x80, 0x01, 0x00, 0x00, 0x06, 0x80, 0x01, 0x00, 0x00, 0x06,
    0x80, 0x01, 0x00, 0x00, 0x06, 0x80, 0x01, 0x00, 0x00, 0x06, 0x80, 0x01, 0x00, 0x00, 0x06, 0x80, 0x01, 0x00, 0x00, 0x06, 0x80,
    0x01, 0x00, 0x00, 0x06, 0x80, 0x01, 0x00, 0x00, 0x06, 0x80, 0x01, 0x00, 0x00, 0x06, 0x80, 0x01, 0x00, 0x00, 0x06, 0x80, 0x01,
    0x00, 0x00, 0x06, 0x80, 0xFF, 0xFF, 0xFF, 0x07, 0x80, 0xFF, 0xFF, 0xFF, 0x07, 0x00, 0x00, 0x00, 0x00, 0x00, 0x00, 0x00, 0x00,
    0x00, 0x00, 0x80, 0xFF, 0xFF, 0xFF, 0x07, 0x80, 0x01, 0x00, 0x00, 0x06, 0x80, 0x01, 0x00, 0x00, 0x06, 0x80, 0x01, 0x00, 0x00,
    0x06, 0x80, 0x01, 0x00, 0x00, 0x06, 0x80, 0x01, 0x00, 0x00, 0x06, 0x80, 0x01, 0x00, 0x00, 0x06, 0x80, 0x01, 0x00, 0x00, 0x06,
    0x80, 0x01, 0x00, 0x00, 0x06, 0x80, 0x01, 0x00, 0x00, 0x06, 0x80, 0x01, 0x00, 0x00, 0x06, 0x80, 0x01, 0x00, 0x00, 0x06, 0x80,
    0x01, 0x00, 0x00, 0x06, 0x80, 0x01, 0x00, 0x00, 0x06, 0x80, 0xFF, 0xFF, 0xFF, 0x07, 0x80, 0xFF, 0xFF, 0xFF, 0x07, 0x00, 0x00,
    0x00, 0x00, 0x00, 0x00, 0x00, 0x00, 0x00, 0x00, 0x80, 0xFF, 0xFF, 0xFF, 0x07, 0x80, 0x01, 0x00, 0x00, 0x06, 0x80, 0x01, 0x00,
    0x00, 0x06, 0x80, 0x01, 0x00, 0x00, 0x06, 0x80, 0x01, 0x00, 0x00, 0x06, 0x80, 0x01, 0x00, 0x00, 0x06, 0x80, 0x01, 0x00, 0x00,
    0x06, 0x80, 0x01, 0x00, 0x00, 0x06, 0x80, 0x01, 0x00, 0x00, 0x06, 0x80, 0x01, 0x00, 0x00, 0x06, 0x80, 0x01, 0x00, 0x00, 0x06,
    0x80, 0x01, 0x00, 0x00, 0x06, 0x80, 0x01, 0x00, 0x00, 0x06, 0x80, 0x01, 0x00, 0x00, 0x06, 0x80, 0xFF, 0xFF, 0xFF, 0x07, 0x80,
    0xFF, 0xFF, 0xFF, 0x07, 0x00, 0x00, 0x00, 0x00, 0x00, 0x00, 0x00, 0x00, 0x00, 0x00, 0x80, 0xFF, 0xFF, 0xFF, 0x07, 0x80, 0x01,
    0x00, 0x00, 0x06, 0x80, 0x01, 0x00, 0x00, 0x06, 0x80, 0x01, 0x00, 0x00, 0x06, 0x80, 0x01, 0x00, 0x00, 0x06, 0x80, 0x01, 0x00,
    0x00, 0x06, 0x80, 0x01, 0x00, 0x00, 0x06, 0x80, 0x01, 0x00, 0x00, 0x06, 0x80, 0x01, 0x00, 0x00, 0x06, 0x80, 0x01, 0x00, 0x00,
    0x06, 0x80, 0x01, 0x00, 0x00, 0x06, 0x80, 0x01, 0x00, 0x00, 0x06, 0x80, 0x01, 0x00, 0x00, 0x06, 0x80, 0x01, 0x00, 0x00, 0x06,
    0x80, 0xFF, 0xFF, 0xFF, 0x07, 0x80, 0xFF, 0xFF, 0xFF, 0x07, 0x00, 0x00, 0x00, 0x00, 0x00, 0x00, 0x00, 0x00, 0x00, 0x00, 0x80,
    0xFF, 0xFF, 0xFF, 0x07, 0x80, 0x01, 0x00, 0x00, 0x06, 0x80, 0x01, 0x00, 0x00, 0x06, 0x80, 0x01, 0x00, 0x00, 0x06, 0x80, 0x01,
    0x00, 0x00, 0x06, 0x80, 0x01, 0x00, 0x00, 0x06, 0x80, 0x01, 0x00, 0x00, 0x06, 0x80, 0x01, 0x00, 0x00, 0x06, 0x80, 0x01, 0x00,
    0x00, 0x06, 0x80, 0x01, 0x00, 0x00, 0x06, 0x80, 0x01, 0x00, 0x00, 0x06, 0x80, 0x01, 0x00, 0x00, 0x06, 0x80, 0x01, 0x00, 0x00,
    0x06, 0x80, 0x01, 0x00, 0x00, 0x06, 0x80, 0xFF, 0xFF, 0xFF, 0x07, 0x80, 0xFF, 0xFF, 0xFF, 0x07, 0x00, 0x00, 0x00, 0x00, 0x00,
    0x00, 0x00, 0x00, 0x00, 0x00, 0x80, 0xFF, 0xFF, 0xFF, 0x07, 0x80, 0x01, 0x00, 0x00, 0x06, 0x80, 0x01, 0x00, 0x00, 0x06, 0x80,
    0x01, 0x00, 0x00, 0x06, 0x80, 0x01, 0x00, 0x00, 0x06, 0x80, 0x01, 0x00, 0x00, 0x06, 0x80, 0x01, 0x00, 0x00, 0x06, 0x80, 0x01,
    0x00, 0x00, 0x06, 0x80, 0x01, 0x00, 0x00, 0x06, 0x80, 0x01, 0x00, 0x00, 0x06, 0x80, 0x01, 0x00, 0x00, 0x06, 0x80, 0x01, 0x00,
    0x00, 0x06, 0x80, 0x01, 0x00, 0x00, 0x06, 0x80, 0x01, 0x00, 0x00, 0x06, 0x80, 0xFF, 0xFF, 0xFF, 0x07, 0x80, 0xFF, 0xFF, 0xFF,
    0x07, 0x00, 0x00, 0x00, 0x00, 0x00, 0x00, 0x00, 0x00, 0x00, 0x00, 0x80, 0xFF, 0xFF, 0xFF, 0x07, 0x80, 0x01, 0x00, 0x00, 0x06,
    0x80, 0x01, 0x00, 0x00, 0x06, 0x80, 0x01, 0x00, 0x00, 0x06, 0x80, 0x01, 0x00, 0x00, 0x06, 0x80, 0x01, 0x00, 0x00, 0x06, 0x80,
    0x01, 0x00, 0x00, 0x06, 0x80, 0x01, 0x00, 0x00, 0x06, 0x80, 0x01, 0x00, 0x00, 0x06, 0x80, 0x01, 0x00, 0x00, 0x06, 0x80, 0x01,
    0x00, 0x00, 0x06, 0x80, 0x01, 0x00, 0x00, 0x06, 0x80, 0x01, 0x00, 0x00, 0x06, 0x80, 0x01, 0x00, 0x00, 0x06, 0x80, 0xFF, 0xFF,
    0xFF, 0x07, 0x80, 0xFF, 0xFF, 0xFF, 0x07, 0x00, 0x00, 0x00, 0x00, 0x00, 0x00, 0x00, 0x00, 0x00, 0x00, 0x80, 0xFF, 0xFF, 0xFF,
    0x07, 0x80, 0x01, 0x00, 0x00, 0x06, 0x80, 0x01, 0x00, 0x00, 0x06, 0x80, 0x01, 0x00, 0x00, 0x06, 0x80, 0x01, 0x00, 0x00, 0x06,
    0x80, 0x01, 0x00, 0x00, 0x06, 0x80, 0x01, 0x00, 0x00, 0x06, 0x80, 0x01, 0x00, 0x00, 0x06, 0x80, 0x01, 0x00, 0x00, 0x06, 0x80,
    0x01, 0x00, 0x00, 0x06, 0x80, 0x01, 0x00, 0x00, 0x06, 0x80, 0x01, 0x00, 0x00, 0x06, 0x80, 0x01, 0x00, 0x00, 0x06, 0x80, 0x01,
    0x00, 0x00, 0x06, 0x80, 0xFF, 0xFF, 0xFF, 0x07, 0x80, 0xFF, 0xFF, 0xFF, 0x07, 0x00, 0x00, 0x00, 0x00, 0x00, 0x00, 0x00, 0x00,
    0x00, 0x00, 0x80, 0xFF, 0xFF, 0xFF, 0x07, 0x80, 0x01, 0x00, 0x00, 0x06, 0x80, 0x01, 0x00, 0x00, 0x06, 0x80, 0x01, 0x00, 0x00,
    0x06, 0x80, 0x01, 0x00, 0x00, 0x06, 0x80, 0x01, 0x00, 0x00, 0x06, 0x80, 0x01, 0x00, 0x00, 0x06, 0x80, 0x01, 0x00, 0x00, 0x06,
    0x80, 0x01, 0x00, 0x00, 0x06, 0x80, 0x01, 0x00, 0x00, 0x06, 0x80, 0x01, 0x00, 0x00, 0x06, 0x80, 0x01, 0x00, 0x00, 0x06, 0x80,
    0x01, 0x00, 0x00, 0x06, 0x80, 0x01, 0x00, 0x00, 0x06, 0x80, 0xFF, 0xFF, 0xFF, 0x07, 0x80, 0xFF, 0xFF, 0xFF, 0x07, 0x00, 0x00,
    0x00, 0x00, 0x00, 0x00, 0x00, 0x00, 0x00, 0x00, 0x80, 0xFF, 0xFF, 0xFF, 0x07, 0x80, 0x01, 0x00, 0x00, 0x06, 0x80, 0x01, 0x00,
    0x00, 0x06, 0x80, 0x01, 0x00, 0x00, 0x06, 0x80, 0x01, 0x00, 0x00, 0x06, 0x80, 0x01, 0x00, 0x00, 0x06, 0x80, 0x01, 0x00, 0x00,
    0x06, 0x80, 0x01, 0x00, 0x00, 0x06, 0x80, 0x01, 0x00, 0x00, 0x06, 0x80, 0x01, 0x00, 0x00, 0x06, 0x80, 0x01, 0x00, 0x00, 0x06,
    0x80, 0x01, 0x00, 0x00, 0x06, 0x80, 0x01, 0x00, 0x00, 0x06, 0x80, 0x01, 0x00, 0x00, 0x06, 0x80, 0xFF, 0xFF, 0xFF, 0x07, 0x80,
    0xFF, 0xFF, 0xFF, 0x07, 0x00, 0x00, 0x00, 0x00, 0x00, 0x00, 0x00, 0x00, 0x00, 0x00, 0x80, 0xFF, 0xFF, 0xFF, 0x07, 0x80, 0x01,
    0x00, 0x00, 0x06, 0x80, 0x01, 0x00, 0x00, 0x06, 0x80, 0x01, 0x00, 0x00, 0x06, 0x80, 0x01, 0x00, 0x00, 0x06, 0x80, 0x01, 0x00,
    0x00, 0x06, 0x80, 0x01, 0x00, 0x00, 0x06, 0x80, 0x01, 0x00, 0x00, 0x06, 0x80, 0x01, 0x00, 0x00, 0x06, 0x80, 0x01, 0x00, 0x00,
    0x06, 0x80, 0x01, 0x00, 0x00, 0x06, 0x80, 0x01, 0x00, 0x00, 0x06, 0x80, 0x01, 0x00, 0x00, 0x06, 0x80, 0x01, 0x00, 0x00, 0x06,
    0x80, 0xFF, 0xFF, 0xFF, 0x07, 0x80, 0xFF, 0xFF, 0xFF, 0x07, 0x00, 0x00, 0x00, 0x00, 0x00, 0x00, 0x00, 0x00, 0x00, 0x00, 0x80,
    0xFF, 0xFF, 0xFF, 0x07, 0x80, 0x01, 0x00, 0x00, 0x06, 0x80, 0x01, 0x00, 0x00, 0x06, 0x80, 0x01, 0x00, 0x00, 0x06, 0x80, 0x01,
    0x00, 0x00, 0x06, 0x80, 0x01, 0x00, 0x00, 0x06, 0x80, 0x01, 0x00, 0x00, 0x06, 0x80, 0x01, 0x00, 0x00, 0x06, 0x80, 0x01, 0x00,
    0x00, 0x06, 0x80, 0x01, 0x00, 0x00, 0x06, 0x80, 0x01, 0x00, 0x00, 0x06, 0x80, 0x01, 0x00, 0x00, 0x06, 0x80, 0x01, 0x00, 0x00,
    0x06, 0x80, 0x01, 0x00, 0x00, 0x06, 0x80, 0xFF, 0xFF, 0xFF, 0x07, 0x80, 0xFF, 0xFF, 0xFF, 0x07, 0x00, 0x00, 0x00, 0x00, 0x00,
    0x00, 0x00, 0x00, 0x00, 0x00, 0x80, 0xFF, 0xFF, 0xFF, 0x07, 0x80, 0x01, 0x00, 0x00, 0x06, 0x80, 0x01, 0x00, 0x00, 0x06, 0x80,
    0x01, 0x00, 0x00, 0x06, 0x80, 0x01, 0x00, 0x00, 0x06, 0x80, 0x01, 0x00, 0x00, 0x06, 0x80, 0x01, 0x00, 0x00, 0x06, 0x80, 0x01,
    0x00, 0x00, 0x06, 0x80, 0x01, 0x00, 0x00, 0x06, 0x80, 0x01, 0x00, 0x00, 0x06, 0x80, 0x01, 0x00, 0x00, 0x06, 0x80, 0x01, 0x00,
    0x00, 0x06, 0x80, 0x01, 0x00, 0x00, 0x06, 0x80, 0x01, 0x00, 0x00, 0x06, 0x80, 0xFF, 0xFF, 0xFF, 0x07, 0x80, 0xFF, 0xFF, 0xFF,
    0x07, 0x00, 0x00, 0x00, 0x00, 0x00, 0x00, 0x00, 0x00, 0x00, 0x00, 0x80, 0xFF, 0xFF, 0xFF, 0x07, 0x80, 0x01, 0x00, 0x00, 0x06,
    0x80, 0x01, 0x00, 0x00, 0x06, 0x80, 0x01, 0x00, 0x00, 0x06, 0x80, 0x01, 0x00, 0x00, 0x06, 0x80, 0x01, 0x00, 0x00, 0x06, 0x80,
    0x01, 0x00, 0x00, 0x06, 0x80, 0x01, 0x00, 0x00, 0x06, 0x80, 0x01, 0x00, 0x00, 0x06, 0x80, 0x01, 0x00, 0x00, 0x06, 0x80, 0x01,
    0x00, 0x00, 0x06, 0x80, 0x01, 0x00, 0x00, 0x06, 0x80, 0x01, 0x00, 0x00, 0x06, 0x80, 0x01, 0x00, 0x00, 0x06, 0x80, 0xFF, 0xFF,
    0xFF, 0x07, 0x80, 0xFF, 0xFF, 0xFF, 0x07, 0x00, 0x00, 0x00, 0x00, 0x00, 0x00, 0x00, 0x00, 0x00, 0x00, 0x80, 0xFF, 0xFF, 0xFF,
    0x07, 0x80, 0x01, 0x00, 0x00, 0x06, 0x80, 0x01, 0x00, 0x00, 0x06, 0x80, 0x01, 0x00, 0x00, 0x06, 0x80, 0x01, 0x00, 0x00, 0x06,
    0x80, 0x01, 0x00, 0x00, 0x06, 0x80, 0x01, 0x00, 0x00, 0x06, 0x80, 0x01, 0x00, 0x00, 0x06, 0x80, 0x01, 0x00, 0x00, 0x06, 0x80,
    0x01, 0x00, 0x00, 0x06, 0x80, 0x01, 0x00, 0x00, 0x06, 0x80, 0x01, 0x00, 0x00, 0x06, 0x80, 0x01, 0x00, 0x00, 0x06, 0x80, 0x01,
    0x00, 0x00, 0x06, 0x80, 0xFF, 0xFF, 0xFF, 0x07, 0x80, 0xFF, 0xFF, 0xFF, 0x07, 0x00, 0x00, 0x00, 0x00, 0x00, 0x00, 0x00, 0x00,
    0x00, 0x00, 0x80, 0xFF, 0xFF, 0xFF, 0x07, 0x80, 0x01, 0x00, 0x00, 0x06, 0x80, 0x01, 0x00, 0x00, 0x06, 0x80, 0x01, 0x00, 0x00,
    0x06, 0x80, 0x01, 0x00, 0x00, 0x06, 0x80, 0x01, 0x00, 0x00, 0x06, 0x80, 0x01, 0x00, 0x00, 0x06, 0x80, 0x01, 0x00, 0x00, 0x06,
    0x80, 0x01, 0x00, 0x00, 0x06, 0x80, 0x01, 0x00, 0x00, 0x06, 0x80, 0x01, 0x00, 0x00, 0x06, 0x80, 0x01, 0x00, 0x00, 0x06, 0x80,
    0x01, 0x00, 0x00, 0x06, 0x80, 0x01, 0x00, 0x00, 0x06, 0x80, 0xFF, 0xFF, 0xFF, 0x07, 0x80, 0xFF, 0xFF, 0xFF, 0x07, 0x00, 0x00,
    0x00, 0x00, 0x00, 0x00, 0x00, 0x00, 0x00, 0x00, 0x80, 0xFF, 0xFF, 0xFF, 0x07, 0x80, 0x01, 0x00, 0x00, 0x06, 0x80, 0x01, 0x00,
    0x00, 0x06, 0x80, 0x01, 0x00, 0x00, 0x06, 0x80, 0x01, 0x00, 0x00, 0x06, 0x80, 0x01, 0x00, 0x00, 0x06, 0x80, 0x01, 0x00, 0x00,
    0x06, 0x80, 0x01, 0x00, 0x00, 0x06, 0x80, 0x01, 0x00, 0x00, 0x06, 0x80, 0x01, 0x00, 0x00, 0x06, 0x80, 0x01, 0x00, 0x00, 0x06,
    0x80, 0x01, 0x00, 0x00, 0x06, 0x80, 0x01, 0x00, 0x00, 0x06, 0x80, 0x01, 0x00, 0x00, 0x06, 0x80, 0xFF, 0xFF, 0xFF, 0x07, 0x80,
    0xFF, 0xFF, 0xFF, 0x07, 0x00, 0x00, 0x00, 0x00, 0x00, 0x00, 0x00, 0x00, 0x00, 0x00, 0x00, 0x00, 0x00, 0x00, 0x00, 0x00, 0x00,
    0x00, 0x00, 0x00, 0x00, 0x00, 0x00, 0x00, 0x00, 0x00, 0xF0, 0xF0, 0xFF, 0x07, 0x00, 0xF0, 0xF0, 0xFF, 0x07, 0x00, 0xF0, 0xF0,
    0xFF, 0x07, 0x00, 0x00, 0x00, 0x00, 0x00, 0x00, 0x00, 0x00, 0x00, 0x00, 0x00, 0x00, 0x00, 0x00, 0x00, 0x00, 0x00, 0xFE, 0x01,
    0x00, 0x00, 0x80, 0xFF, 0x07, 0x00, 0x00, 0xC0, 0xFF, 0x0F, 0x00, 0x00, 0xE0, 0x03, 0x1F, 0x00, 0x00, 0xE0, 0x00, 0x1C, 0x00,
    0x00, 0xF0, 0x00, 0x3C, 0x00, 0x00, 0x70, 0x00, 0x38, 0x00, 0x00, 0x70, 0x00, 0x38, 0x00, 0x00, 0xFF, 0xFF, 0xFF, 0x07, 0x00,
    0x70, 0x00, 0x38, 0x00, 0x00, 0x70, 0x00, 0x38, 0x00, 0x00, 0x70, 0x00, 0x38, 0x00, 0x00, 0xE0, 0x00, 0x1C, 0x00, 0x00, 0x60,
    0x00, 0x18, 0x00, 0x00, 0x00, 0x00, 0x00, 0x00, 0x00, 0x00, 0x00, 0x00, 0x00, 0x00, 0x00, 0x38, 0x00, 0x00, 0x00, 0x0E, 0x38,
    0x00, 0x00, 0x00, 0x0E, 0x38, 0x00, 0x00, 0x00, 0x0E, 0x38, 0x00, 0x00, 0xFC, 0xFF, 0x3F, 0x00, 0x00, 0xFE, 0xFF, 0x3F, 0x00,
    0x00, 0xFF, 0xFF, 0x3F, 0x00, 0x80, 0x07, 0x0E, 0x38, 0x00, 0x80, 0x03, 0x0E, 0x38, 0x00, 0x80, 0x03, 0x0E, 0x38, 0x00, 0x80,
    0x03, 0x0E, 0x38, 0x00, 0x80, 0x03, 0x0E, 0x38, 0x00, 0x80, 0x03, 0x0E, 0x38, 0x00, 0x80, 0x03, 0x00, 0x38, 0x00, 0x00, 0x07,
    0x00, 0x38, 0x00, 0x00, 0x00, 0x00, 0x38, 0x00, 0x00, 0x00, 0x00, 0x00, 0x00, 0x00, 0x00, 0x00, 0x00, 0x00, 0x30, 0x00, 0x06,
    0x00, 0x00, 0x78, 0x00, 0x0F, 0x00, 0x00, 0xF0, 0xBE, 0x07, 0x00, 0x00, 0xE0, 0xFF, 0x03, 0x00, 0x00, 0xC0, 0xE3, 0x01, 0x00,
    0x00, 0xC0, 0xC1, 0x01, 0x00, 0x00, 0xE0, 0x80, 0x03, 0x00, 0x00, 0xE0, 0x80, 0x03, 0x00, 0x00, 0xE0, 0x80, 0x03, 0x00, 0x00,
    0xE0, 0x80, 0x03, 0x00, 0x00, 0xC0, 0xC1, 0x01, 0x00, 0x00, 0xC0, 0xC1, 0x01, 0x00, 0x00, 0xC0, 0xFF, 0x01, 0x00, 0x00, 0xE0,
    0xFF, 0x03, 0x00, 0x00, 0x70, 0x1C, 0x07, 0x00, 0x00, 0x38, 0x00, 0x0E, 0x00, 0x00, 0x10, 0x00, 0x04, 0x00, 0x00, 0x00, 0x00,
    0x00, 0x00, 0x00, 0x00, 0x00, 0x00, 0x80, 0x01, 0x63, 0x00, 0x00, 0x80, 0x07, 0x63, 0x00, 0x00, 0x80, 0x1F, 0x63, 0x00, 0x00,
    0x00, 0x7E, 0x63, 0x00, 0x00, 0x00, 0xF8, 0x63, 0x00, 0x00, 0x00, 0xE0, 0x63, 0x00, 0x00, 0x00, 0x80, 0x6F, 0x00, 0x00, 0x00,
    0x00, 0xFE, 0x3F, 0x00, 0x00, 0x00, 0xFE, 0x3F, 0x00, 0x00, 0x80, 0xFF, 0x3F, 0x00, 0x00, 0xC0, 0x67, 0x00, 0x00, 0x00, 0xF0,
    0x63, 0x00, 0x00, 0x00, 0x7C, 0x63, 0x00, 0x00, 0x00, 0x1F, 0x63, 0x00, 0x00, 0x80, 0x0F, 0x63, 0x00, 0x00, 0x80, 0x03, 0x63,
    0x00, 0x00, 0x80, 0x00, 0x00, 0x00, 0x00, 0x00, 0x00, 0x00, 0x00, 0x00, 0x00, 0x00, 0x00, 0x00, 0x00, 0x00, 0x00, 0x00, 0x00,
    0x00, 0x00, 0x80, 0xFF, 0x87, 0xFF, 0x07, 0x80, 0xFF, 0x87, 0xFF, 0x07, 0x80, 0xFF, 0x87, 0xFF, 0x07, 0x00, 0x00, 0x00, 0x00,
    0x00, 0x00, 0x00, 0x00, 0x00, 0x00, 0x00, 0x08, 0x3F, 0x00, 0x00, 0x00, 0x3E, 0x7F, 0xC0, 0x00, 0x00, 0xFF, 0x71, 0xC0, 0x01,
    0x80, 0xF7, 0xE0, 0x80, 0x01, 0x80, 0xE3, 0xC0, 0x80, 0x01, 0x80, 0xC1, 0xC1, 0x81, 0x01, 0x80, 0x81, 0x81, 0x83, 0x01, 0x80,
    0x81, 0x83, 0xC3, 0x01, 0x80, 0x03, 0x87, 0xEF, 0x00, 0x00, 0x03, 0xCE, 0xFF, 0x00, 0x00, 0x07, 0xFE, 0x7E, 0x00, 0x00, 0x00,
    0x7C, 0x00, 0x00, 0x00, 0x00, 0x10, 0x00, 0x00, 0x00, 0x00, 0x00, 0x00, 0x00, 0x00, 0x00, 0x00, 0x00, 0x00, 0x00, 0x00, 0x00,
    0xC0, 0x01, 0x00, 0x00, 0x00, 0xC0, 0x01, 0x00, 0x00, 0x00, 0xC0, 0x01, 0x00, 0x00, 0x00, 0xC0, 0x01, 0x00, 0x00, 0x00, 0x00,
    0x00, 0x00, 0x00, 0x00, 0x00, 0x00, 0x00, 0x00, 0x00, 0xC0, 0x01, 0x00, 0x00, 0x00, 0xC0, 0x01, 0x00, 0x00, 0x00, 0xC0, 0x01,
    0x00, 0x00, 0x00, 0xC0, 0x01, 0x00, 0x00, 0x00, 0x00, 0x00, 0x00, 0x00, 0x00, 0x00, 0x00, 0x00, 0x00, 0x00, 0x00, 0x00, 0x00,
    0x00, 0x00, 0x00, 0x00, 0x00, 0x00, 0x04, 0x00, 0x00, 0x00, 0xC0, 0x7F, 0x00, 0x00, 0x00, 0xF0, 0xE0, 0x01, 0x00, 0x00, 0x38,
    0x80, 0x03, 0x00, 0x00, 0x0C, 0x00, 0x06, 0x00, 0x00, 0x06, 0x1F, 0x0C, 0x00, 0x00, 0xC7, 0x7F, 0x1C, 0x00, 0x00, 0xE3, 0xFF,
    0x18, 0x00, 0x00, 0xE3, 0xE0, 0x18, 0x00, 0x80, 0x71, 0xC0, 0x31, 0x00, 0x80, 0x31, 0x80, 0x31, 0x00, 0x80, 0x31, 0x80, 0x31,
    0x00, 0x80, 0x31, 0x80, 0x31, 0x00, 0x80, 0x31, 0x80, 0x31, 0x00, 0x80, 0x31, 0x80, 0x31, 0x00, 0x00, 0x63, 0xC0, 0x18, 0x00,
    0x00, 0x63, 0xC0, 0x18, 0x00, 0x00, 0x07, 0x00, 0x1C, 0x00, 0x00, 0x06, 0x00, 0x0C, 0x00, 0x00, 0x0C, 0x00, 0x06, 0x00, 0x00,
    0x38, 0x80, 0x03, 0x00, 0x00, 0xF0, 0xE0, 0x01, 0x00, 0x00, 0xC0, 0x7F, 0x00, 0x00, 0x00, 0x00, 0x04, 0x00, 0x00, 0x00, 0x00,
    0x00, 0x00, 0x00, 0x00, 0x00, 0x00, 0x00, 0xC0, 0xC3, 0x00, 0x00, 0x00, 0xE3, 0xC7, 0x00, 0x00, 0x80, 0x71, 0xCE, 0x00, 0x00,
    0x80, 0x31, 0xCC, 0x00, 0x00, 0x80, 0x31, 0xCC, 0x00, 0x00, 0x80, 0x31, 0xCC, 0x00, 0x00, 0x80, 0x31, 0xCC, 0x00, 0x00, 0x80,
    0x33, 0xC6, 0x00, 0x00, 0x00, 0xBF, 0xC7, 0x00, 0x00, 0x00, 0xFE, 0xCF, 0x00, 0x00, 0x00, 0xFC, 0xCF, 0x00, 0x00, 0x00, 0x00,
    0x00, 0x00, 0x00, 0x00, 0x00, 0x00, 0x00, 0x00, 0x00, 0x00, 0x00, 0x00, 0x00, 0x3C, 0x00, 0x00, 0x00, 0x00, 0x3C, 0x00, 0x00,
    0x00, 0x00, 0x7E, 0x00, 0x00, 0x00, 0x00, 0xE7, 0x00, 0x00, 0x00, 0x80, 0xC3, 0x01, 0x00, 0x00, 0xC0, 0x81, 0x03, 0x00, 0x00,
    0xE0, 0x18, 0x07, 0x00, 0x00, 0x00, 0x3C, 0x00, 0x00, 0x00, 0x00, 0x7E, 0x00, 0x00, 0x00, 0x00, 0x66, 0x00, 0x00, 0x00, 0x00,
    0xE7, 0x00, 0x00, 0x00, 0x80, 0xC3, 0x01, 0x00, 0x00, 0xC0, 0x81, 0x03, 0x00, 0x00, 0xC0, 0x00, 0x03, 0x00, 0x00, 0x00, 0x00,
    0x00, 0x00, 0x00, 0x00, 0x00, 0x00, 0x00, 0x00, 0x00, 0x00, 0x00, 0x00, 0x00, 0x0E, 0x00, 0x00, 0x00, 0x00, 0x0E, 0x00, 0x00,
    0x00, 0x00, 0x0E, 0x00, 0x00, 0x00, 0x00, 0x0E, 0x00, 0x00, 0x00, 0x00, 0x0E, 0x00, 0x00, 0x00, 0x00, 0x0E, 0x00, 0x00, 0x00,
    0x00, 0x0E, 0x00, 0x00, 0x00, 0x00, 0x0E, 0x00, 0x00, 0x00, 0x00, 0x0E, 0x00, 0x00, 0x00, 0x00, 0x0E, 0x00, 0x00, 0x00, 0x00,
    0x0E, 0x00, 0x00, 0x00, 0x00, 0x0E, 0x00, 0x00, 0x00, 0x00, 0x0E, 0x00, 0x00, 0x00, 0x00, 0x0E, 0x00, 0x00, 0x00, 0x00, 0x0E,
    0x00, 0x00, 0x00, 0x00, 0x0E, 0x00, 0x00, 0x00, 0x00, 0x0E, 0x00, 0x00, 0x00, 0x00, 0x0E, 0x00, 0x00, 0x00, 0x00, 0xFE, 0x03,
    0x00, 0x00, 0x00, 0xFE, 0x03, 0x00, 0x00, 0x00, 0x00, 0x00, 0x00, 0x00, 0x00, 0x00, 0x00, 0x00, 0x00, 0x70, 0x00, 0x00, 0x00,
    0x00, 0x70, 0x00, 0x00, 0x00, 0x00, 0x70, 0x00, 0x00, 0x00, 0x00, 0x70, 0x00, 0x00, 0x00, 0x00, 0x70, 0x00, 0x00, 0x00, 0x00,
    0x70, 0x00, 0x00, 0x00, 0x00, 0x70, 0x00, 0x00, 0x00, 0x00, 0x70, 0x00, 0x00, 0x00, 0x00, 0x00, 0x00, 0x00, 0x00, 0x00, 0x00,
    0x00, 0x00, 0x00, 0x00, 0x00, 0x00, 0x00, 0x00, 0x00, 0x00, 0x00, 0x00, 0x04, 0x00, 0x00, 0x00, 0xC0, 0x7F, 0x00, 0x00, 0x00,
    0xF0, 0xE0, 0x01, 0x00, 0x00, 0x38, 0x80, 0x03, 0x00, 0x00, 0x0C, 0x00, 0x06, 0x00, 0x00, 0x06, 0x00, 0x0C, 0x00, 0x00, 0x07,
    0x00, 0x1C, 0x00, 0x00, 0xF3, 0xFF, 0x19, 0x00, 0x00, 0xF3, 0xFF, 0x19, 0x00, 0x80, 0xF1, 0xFF, 0x31, 0x00, 0x80, 0x31, 0x0C,
    0x30, 0x00, 0x80, 0x31, 0x0C, 0x30, 0x00, 0x80, 0x31, 0x1C, 0x30, 0x00, 0x80, 0x31, 0x3C, 0x30, 0x00, 0x80, 0x71, 0x7E, 0x30,
    0x00, 0x00, 0xE3, 0xE7, 0x19, 0x00, 0x00, 0xC3, 0xC3, 0x19, 0x00, 0x00, 0x07, 0x00, 0x1D, 0x00, 0x00, 0x06, 0x00, 0x0C, 0x00,
    0x00, 0x0C, 0x00, 0x06, 0x00, 0x00, 0x38, 0x80, 0x03, 0x00, 0x00, 0xF0, 0xE0, 0x01, 0x00, 0x00, 0xC0, 0x7F, 0x00, 0x00, 0x00,
    0x00, 0x04, 0x00, 0x00, 0x00, 0x00, 0x00, 0x00, 0x00, 0x00, 0x00, 0x00, 0x00, 0x00, 0x00, 0x00, 0x00, 0xC0, 0x01, 0x00, 0x00,
    0x00, 0xC0, 0x01, 0x00, 0x00, 0x00, 0xC0, 0x01, 0x00, 0x00, 0x00, 0xC0, 0x01, 0x00, 0x00, 0x00, 0xC0, 0x01, 0x00, 0x00, 0x00,
    0xC0, 0x01, 0x00, 0x00, 0x00, 0xC0, 0x01, 0x00, 0x00, 0x00, 0xC0, 0x01, 0x00, 0x00, 0x00, 0xC0, 0x01, 0x00, 0x00, 0x00, 0xC0,
    0x01, 0x00, 0x00, 0x00, 0x00, 0x00, 0x00, 0x00, 0x00, 0x00, 0x00, 0x00, 0x00, 0x00, 0x00, 0x00, 0x00, 0x3C, 0x00, 0x00, 0x00,
    0x00, 0xFF, 0x00, 0x00, 0x00, 0x00, 0xC3, 0x00, 0x00, 0x00, 0x80, 0x81, 0x01, 0x00, 0x00, 0x80, 0x81, 0x01, 0x00, 0x00, 0x80,
    0x81, 0x01, 0x00, 0x00, 0x80, 0x81, 0x01, 0x00, 0x00, 0x00, 0xC7, 0x00, 0x00, 0x00, 0x00, 0xFE, 0x00, 0x00, 0x00, 0x00, 0x3C,
    0x00, 0x00, 0x00, 0x00, 0x00, 0x00, 0x00, 0x00, 0x00, 0x00, 0x00, 0x00, 0x00, 0x00, 0x00, 0x00, 0x00, 0x07, 0x38, 0x00, 0x00,
    0x00, 0x07, 0x38, 0x00, 0x00, 0x00, 0x07, 0x38, 0x00, 0x00, 0x00, 0x07, 0x38, 0x00, 0x00, 0x00, 0x07, 0x38, 0x00, 0x00, 0x00,
    0x07, 0x38, 0x00, 0x00, 0x00, 0x07, 0x38, 0x00, 0x00, 0x00, 0x07, 0x38, 0x00, 0x00, 0x00, 0x07, 0x38, 0x00, 0x00, 0xFC, 0xFF,
    0x39, 0x00, 0x00, 0xFC, 0xFF, 0x39, 0x00, 0x00, 0xFC, 0xFF, 0x39, 0x00, 0x00, 0x00, 0x07, 0x38, 0x00, 0x00, 0x00, 0x07, 0x38,
    0x00, 0x00, 0x00, 0x07, 0x38, 0x00, 0x00, 0x00, 0x07, 0x38, 0x00, 0x00, 0x00, 0x07, 0x38, 0x00, 0x00, 0x00, 0x07, 0x38, 0x00,
    0x00, 0x00, 0x07, 0x38, 0x00, 0x00, 0x00, 0x07, 0x38, 0x00, 0x00, 0x00, 0x00, 0x00, 0x00, 0x00, 0x0C, 0x00, 0x00, 0x00, 0x03,
    0x0E, 0x00, 0x00, 0x80, 0x01, 0x0F, 0x00, 0x00, 0x80, 0x01, 0x0F, 0x00, 0x00, 0x80, 0x81, 0x0D, 0x00, 0x00, 0x80, 0xC1, 0x0C,
    0x00, 0x00, 0x80, 0x63, 0x0C, 0x00, 0x00, 0x00, 0x3F, 0x0C, 0x00, 0x00, 0x00, 0x1F, 0x0C, 0x00, 0x00, 0x00, 0x06, 0x0C, 0x00,
    0x00, 0x00, 0x00, 0x00, 0x00, 0x00, 0x00, 0x00, 0x00, 0x00, 0x03, 0x06, 0x00, 0x00, 0x80, 0x01, 0x0C, 0x00, 0x00, 0x80, 0x31,
    0x0C, 0x00, 0x00, 0x80, 0x31, 0x0C, 0x00, 0x00, 0x80, 0x31, 0x0C, 0x00, 0x00, 0x80, 0x31, 0x0C, 0x00, 0x00, 0x80, 0x7F, 0x0E,
    0x00, 0x00, 0x00, 0xEF, 0x07, 0x00, 0x00, 0x00, 0xC6, 0x03, 0x00, 0x00, 0x00, 0x00, 0x00, 0x00, 0x00, 0x00, 0x00, 0x00, 0x00,
    0x00, 0x00, 0x00, 0x00, 0x00, 0x00, 0x00, 0x00, 0x00, 0x00, 0x00, 0x00, 0x00, 0x00, 0x00, 0x00, 0x00, 0x00, 0x00, 0x00, 0x02,
    0x00, 0x00, 0x00, 0x00, 0x03, 0x00, 0x00, 0x00, 0xC0, 0x03, 0x00, 0x00, 0x00, 0xE0, 0x00, 0x00, 0x00, 0x00, 0x70, 0x00, 0x00,
    0x00, 0x00, 0x30, 0x00, 0x00, 0x00, 0x00, 0x10, 0x00, 0x00, 0x00, 0x00, 0x00, 0x00, 0x00, 0x00, 0x00, 0x00, 0x00, 0x00, 0x00,
    0x00, 0x00, 0x00, 0xF0, 0xFF, 0xFF, 0x1F, 0x00, 0xF0, 0xFF, 0xFF, 0x1F, 0x00, 0xF0, 0xFF, 0xFF, 0x1F, 0x00, 0x00, 0x00, 0x0C,
    0x00, 0x00, 0x00, 0x00, 0x18, 0x00, 0x00, 0x00, 0x00, 0x38, 0x00, 0x00, 0x00, 0x00, 0x38, 0x00, 0x00, 0x00, 0x00, 0x38, 0x00,
    0x00, 0x00, 0x00, 0x38, 0x00, 0x00, 0x00, 0x00, 0x1C, 0x00, 0x00, 0x00, 0x00, 0x1C, 0x00, 0x00, 0xF0, 0xFF, 0x0F, 0x00, 0x00,
    0xF0, 0xFF, 0x1F, 0x00, 0x00, 0xF0, 0xFF, 0x3F, 0x00, 0x00, 0x00, 0x00, 0x3C, 0x00, 0x00, 0x00, 0x00, 0x38, 0x00, 0x00, 0x00,
    0x00, 0x18, 0x00, 0x00, 0x00, 0x00, 0x00, 0x00, 0x00, 0x00, 0x00, 0x00, 0x00, 0x20, 0x00, 0x00, 0x00, 0x00, 0xFC, 0x01, 0x00,
    0x00, 0x00, 0xFE, 0x03, 0x00, 0x00, 0x00, 0xFF, 0x07, 0x00, 0x00, 0x00, 0xFF, 0x07, 0x00, 0x00, 0x80, 0xFF, 0x0F, 0x00, 0x00,
    0x80, 0xFF, 0x0F, 0x00, 0x00, 0x80, 0xFF, 0xFF, 0xFF, 0x01, 0x80, 0xFF, 0xFF, 0xFF, 0x01, 0x80, 0xFF, 0xFF, 0xFF, 0x01, 0x80,
    0x01, 0x00, 0x00, 0x00, 0x80, 0x01, 0x00, 0x00, 0x00, 0x80, 0x01, 0x00, 0x00, 0x00, 0x80, 0xFF, 0xFF, 0xFF, 0x01, 0x80, 0xFF,
    0xFF, 0xFF, 0x01, 0x00, 0x00, 0x00, 0x00, 0x00, 0x00, 0x00, 0x00, 0x00, 0x00, 0x00, 0x00, 0x00, 0x00, 0x00, 0x00, 0x00, 0x1E,
    0x00, 0x00, 0x00, 0x00, 0x1E, 0x00, 0x00, 0x00, 0x00, 0x1E, 0x00, 0x00, 0x00, 0x00, 0x1E, 0x00, 0x00, 0x00, 0x00, 0x00, 0x00,
    0x00, 0x00, 0x00, 0x00, 0x00, 0x00, 0x00, 0x00, 0x00, 0x00, 0x00, 0x00, 0x00, 0x00, 0x00, 0x00, 0x00, 0x00, 0x00, 0x00, 0x00,
    0x00, 0x00, 0x0C, 0x00, 0x00, 0x00, 0x00, 0x0C, 0x00, 0x00, 0x00, 0x00, 0x0C, 0x00, 0x00, 0x00, 0xC0, 0x0E, 0x00, 0x00, 0x00,
    0xC0, 0x0F, 0x00, 0x00, 0x00, 0x00, 0x07, 0x00, 0x00, 0x00, 0x00, 0x00, 0x00, 0x00, 0x00, 0x00, 0x00, 0x00, 0x03, 0x0C, 0x00,
    0x00, 0x00, 0x03, 0x0C, 0x00, 0x00, 0x80, 0x01, 0x0C, 0x00, 0x00, 0x80, 0x01, 0x0C, 0x00, 0x00, 0x80, 0xFF, 0x0F, 0x00, 0x00,
    0x80, 0xFF, 0x0F, 0x00, 0x00, 0x00, 0x00, 0x0C, 0x00, 0x00, 0x00, 0x00, 0x0C, 0x00, 0x00, 0x00, 0x00, 0x0C, 0x00, 0x00, 0x00,
    0x00, 0x00, 0x00, 0x00, 0x00, 0x00, 0x00, 0x00, 0xFC, 0xC1, 0x00, 0x00, 0x00, 0xFF, 0xC7, 0x00, 0x00, 0x00, 0x07, 0xC7, 0x00,
    0x00, 0x80, 0x03, 0xCE, 0x00, 0x00, 0x80, 0x01, 0xCC, 0x00, 0x00, 0x80, 0x01, 0xCC, 0x00, 0x00, 0x80, 0x01, 0xCC, 0x00, 0x00,
    0x80, 0x03, 0xCE, 0x00, 0x00, 0x00, 0x07, 0xC7, 0x00, 0x00, 0x00, 0xFF, 0xC7, 0x00, 0x00, 0x00, 0xFC, 0xC3, 0x00, 0x00, 0x00,
    0x20, 0x00, 0x00, 0x00, 0x00, 0x00, 0x00, 0x00, 0x00, 0x00, 0x00, 0x00, 0x00, 0x00, 0x00, 0x00, 0x00, 0xE0, 0x00, 0x07, 0x00,
    0x00, 0xC0, 0x81, 0x03, 0x00, 0x00, 0x80, 0xC3, 0x01, 0x00, 0x00, 0x00, 0xE7, 0x00, 0x00, 0x00, 0x00, 0x7E, 0x00, 0x00, 0x00,
    0x00, 0x3C, 0x00, 0x00, 0x00, 0x00, 0x18, 0x00, 0x00, 0x00, 0xC0, 0x81, 0x03, 0x00, 0x00, 0xC0, 0x81, 0x03, 0x00, 0x00, 0x80,
    0xC3, 0x01, 0x00, 0x00, 0x00, 0xE7, 0x00, 0x00, 0x00, 0x00, 0x7E, 0x00, 0x00, 0x00, 0x00, 0x3C, 0x00, 0x00, 0x00, 0x00, 0x18,
    0x00, 0x00, 0x00, 0x00, 0x00, 0x00, 0x00, 0x00, 0x00, 0x00, 0x00, 0x03, 0x0C, 0x00, 0x00, 0x00, 0x03, 0x0C, 0x00, 0x00, 0x80,
    0x01, 0x0C, 0x00, 0x00, 0x80, 0x01, 0x0C, 0x00, 0x00, 0x80, 0xFF, 0x0F, 0x00, 0x00, 0x80, 0xFF, 0x0F, 0x20, 0x00, 0x00, 0x00,
    0x0C, 0x30, 0x00, 0x00, 0x00, 0x0C, 0x3C, 0x00, 0x00, 0x00, 0x0C, 0x0F, 0x00, 0x00, 0x00, 0x80, 0x07, 0x00, 0x00, 0x00, 0xE0,
    0x01, 0x00, 0x00, 0x00, 0xF0, 0x00, 0x00, 0x00, 0x00, 0x3C, 0x00, 0x00, 0x00, 0x00, 0x0E, 0x00, 0x00, 0x00, 0x80, 0x07, 0x00,
    0x00, 0x00, 0xE0, 0x01, 0x00, 0x00, 0x00, 0xF0, 0x00, 0x00, 0x00, 0x00, 0x3C, 0x00, 0x06, 0x00, 0x00, 0x1E, 0x80, 0x07, 0x00,
    0x80, 0x07, 0xC0, 0x06, 0x00, 0x80, 0x01, 0x60, 0x06, 0x00, 0x80, 0x00, 0x38, 0x06, 0x00, 0x00, 0x00, 0x0C, 0x06, 0x00, 0x00,
    0x00, 0x0E, 0x06, 0x00, 0x00, 0x00, 0xFE, 0x3F, 0x00, 0x00, 0x00, 0xFE, 0x3F, 0x00, 0x00, 0x00, 0x00, 0x06, 0x00, 0x00, 0x00,
    0x00, 0x06, 0x00, 0x00, 0x00, 0x00, 0x00, 0x00, 0x00, 0x00, 0x00, 0x00, 0x00, 0x03, 0x0C, 0x00, 0x00, 0x00, 0x03, 0x0C, 0x00,
    0x00, 0x80, 0x01, 0x0C, 0x00, 0x00, 0x80, 0x01, 0x0C, 0x00, 0x00, 0x80, 0xFF, 0x0F, 0x00, 0x00, 0x80, 0xFF, 0x0F, 0x20, 0x00,
    0x00, 0x00, 0x0C, 0x30, 0x00, 0x00, 0x00, 0x0C, 0x3C, 0x00, 0x00, 0x00, 0x0C, 0x0F, 0x00, 0x00, 0x00, 0x80, 0x07, 0x00, 0x00,
    0x00, 0xE0, 0x01, 0x00, 0x00, 0x00, 0xF0, 0x00, 0x00, 0x00, 0x00, 0x3C, 0x00, 0x00, 0x00, 0x00, 0x0E, 0x00, 0x00, 0x00, 0x80,
    0x07, 0x00, 0x00, 0x00, 0xE0, 0x01, 0x00, 0x00, 0x00, 0xF0, 0x00, 0x00, 0x00, 0x00, 0x3C, 0x00, 0x00, 0x00, 0x00, 0x1E, 0x0C,
    0x38, 0x00, 0x80, 0x07, 0x06, 0x38, 0x00, 0x80, 0x01, 0x06, 0x3C, 0x00, 0x80, 0x00, 0x06, 0x36, 0x00, 0x00, 0x00, 0x06, 0x33,
    0x00, 0x00, 0x00, 0x8E, 0x31, 0x00, 0x00, 0x00, 0xFC, 0x30, 0x00, 0x00, 0x00, 0x7C, 0x30, 0x00, 0x00, 0x00, 0x38, 0x30, 0x00,
    0x00, 0x00, 0x00, 0x00, 0x00, 0x00, 0x00, 0x00, 0x00, 0x00, 0x03, 0x06, 0x00, 0x00, 0x80, 0x01, 0x0C, 0x00, 0x00, 0x80, 0x31,
    0x0C, 0x00, 0x00, 0x80, 0x31, 0x0C, 0x00, 0x00, 0x80, 0x31, 0x0C, 0x00, 0x00, 0x80, 0x31, 0x0C, 0x20, 0x00, 0x80, 0x7F, 0x0E,
    0x30, 0x00, 0x00, 0xEF, 0x07, 0x3C, 0x00, 0x00, 0xC6, 0x03, 0x0F, 0x00, 0x00, 0x00, 0x80, 0x07, 0x00, 0x00, 0x00, 0xE0, 0x01,
    0x00, 0x00, 0x00, 0xF0, 0x00, 0x00, 0x00, 0x00, 0x3C, 0x00, 0x00, 0x00, 0x00, 0x0E, 0x00, 0x00, 0x00, 0x80, 0x07, 0x00, 0x00,
    0x00, 0xE0, 0x01, 0x00, 0x00, 0x00, 0xF0, 0x00, 0x00, 0x00, 0x00, 0x3C, 0x00, 0x06, 0x00, 0x00, 0x1E, 0x80, 0x07, 0x00, 0x80,
    0x07, 0xC0, 0x06, 0x00, 0x80, 0x01, 0x60, 0x06, 0x00, 0x80, 0x00, 0x38, 0x06, 0x00, 0x00, 0x00, 0x0C, 0x06, 0x00, 0x00, 0x00,
    0x0E, 0x06, 0x00, 0x00, 0x00, 0xFE, 0x3F, 0x00, 0x00, 0x00, 0xFE, 0x3F, 0x00, 0x00, 0x00, 0x00, 0x06, 0x00, 0x00, 0x00, 0x00,
    0x06, 0x00, 0x00, 0x00, 0x00, 0x00, 0x00, 0x00, 0x00, 0x00, 0x00, 0x00, 0x00, 0x00, 0xE0, 0x01, 0x00, 0x00, 0x00, 0xF0, 0x07,
    0x00, 0x00, 0x00, 0xFC, 0x0F, 0x00, 0x00, 0x00, 0xBE, 0x0F, 0x00, 0x00, 0x00, 0x0F, 0x1E, 0x00, 0x00, 0x80, 0x07, 0x1C, 0x00,
    0xF0, 0xFC, 0x03, 0x1C, 0x00, 0xF0, 0xFC, 0x01, 0x1C, 0x00, 0xF0, 0x7C, 0x00, 0x1C, 0x00, 0x00, 0x00, 0x00, 0x1C, 0x00, 0x00,
    0x00, 0x00, 0x0E, 0x00, 0x00, 0x00, 0x00, 0x0E, 0x00, 0x00, 0x00, 0x00, 0x07, 0x00, 0x00, 0x00, 0x20, 0x00, 0x00, 0x00, 0x00,
    0x38, 0x00, 0x00, 0x00, 0x00, 0x3F, 0x00, 0x00, 0x00, 0xC0, 0x3F, 0x00, 0x00, 0x00, 0xF8, 0x07, 0x00, 0x00, 0x00, 0xFF, 0x01,
    0x00, 0x00, 0xC0, 0xFF, 0x00, 0x00, 0x00, 0xF8, 0xE7, 0x00, 0x00, 0x03, 0xFE, 0xE0, 0x00, 0x00, 0x87, 0x3F, 0xE0, 0x00, 0x00,
    0x8E, 0x07, 0xE0, 0x00, 0x00, 0x8C, 0x07, 0xE0, 0x00, 0x00, 0x88, 0x3F, 0xE0, 0x00, 0x00, 0x00, 0xFE, 0xE1, 0x00, 0x00, 0x00,
    0xF0, 0xE7, 0x00, 0x00, 0x00, 0xC0, 0xFF, 0x00, 0x00, 0x00, 0x00, 0xFE, 0x01, 0x00, 0x00, 0x00, 0xF8, 0x0F, 0x00, 0x00, 0x00,
    0xC0, 0x3F, 0x00, 0x00, 0x00, 0x00, 0x3E, 0x00, 0x00, 0x00, 0x00, 0x38, 0x00, 0x00, 0x00, 0x20, 0x00, 0x00, 0x00, 0x00, 0x38,
    0x00, 0x00, 0x00, 0x00, 0x3F, 0x00, 0x00, 0x00, 0xC0, 0x3F, 0x00, 0x00, 0x00, 0xF8, 0x07, 0x00, 0x00, 0x00, 0xFF, 0x01, 0x00,
    0x00, 0xC0, 0xFF, 0x00, 0x00, 0x00, 0xF8, 0xE7, 0x00, 0x00, 0x00, 0xFE, 0xE0, 0x00, 0x00, 0x88, 0x3F, 0xE0, 0x00, 0x00, 0x8C,
    0x07, 0xE0, 0x00, 0x00, 0x8F, 0x07, 0xE0, 0x00, 0x00, 0x83, 0x3F, 0xE0, 0x00, 0x00, 0x01, 0xFE, 0xE1, 0x00, 0x00, 0x00, 0xF0,
    0xE7, 0x00, 0x00, 0x00, 0xC0, 0xFF, 0x00, 0x00, 0x00, 0x00, 0xFE, 0x01, 0x00, 0x00, 0x00, 0xF8, 0x0F, 0x00, 0x00, 0x00, 0xC0,
    0x3F, 0x00, 0x00, 0x00, 0x00, 0x3E, 0x00, 0x00, 0x00, 0x00, 0x38, 0x00, 0x00, 0x00, 0x20, 0x00, 0x00, 0x00, 0x00, 0x38, 0x00,
    0x00, 0x00, 0x00, 0x3F, 0x00, 0x00, 0x00, 0xC0, 0x3F, 0x00, 0x00, 0x00, 0xF8, 0x07, 0x00, 0x00, 0x00, 0xFF, 0x01, 0x00, 0x00,
    0xC0, 0xFF, 0x00, 0x00, 0x0C, 0xF8, 0xE7, 0x00, 0x00, 0x0E, 0xFE, 0xE0, 0x00, 0x00, 0x87, 0x3F, 0xE0, 0x00, 0x00, 0x83, 0x07,
    0xE0, 0x00, 0x00, 0x83, 0x07, 0xE0, 0x00, 0x00, 0x87, 0x3F, 0xE0, 0x00, 0x00, 0x0E, 0xFE, 0xE1, 0x00, 0x00, 0x08, 0xF0, 0xE7,
    0x00, 0x00, 0x00, 0xC0, 0xFF, 0x00, 0x00, 0x00, 0x00, 0xFE, 0x01, 0x00, 0x00, 0x00, 0xF8, 0x0F, 0x00, 0x00, 0x00, 0xC0, 0x3F,
    0x00, 0x00, 0x00, 0x00, 0x3E, 0x00, 0x00, 0x00, 0x00, 0x38, 0x00, 0x00, 0x00, 0x20, 0x00, 0x00, 0x00, 0x00, 0x38, 0x00, 0x00,
    0x00, 0x00, 0x3F, 0x00, 0x00, 0x00, 0xC0, 0x3F, 0x00, 0x00, 0x00, 0xF8, 0x07, 0x00, 0x00, 0x00, 0xFF, 0x01, 0x00, 0x0E, 0xC0,
    0xFF, 0x00, 0x00, 0x0F, 0xF8, 0xE7, 0x00, 0x00, 0x03, 0xFE, 0xE0, 0x00, 0x00, 0x83, 0x3F, 0xE0, 0x00, 0x00, 0x86, 0x07, 0xE0,
    0x00, 0x00, 0x8E, 0x07, 0xE0, 0x00, 0x00, 0x8C, 0x3F, 0xE0, 0x00, 0x00, 0x0C, 0xFE, 0xE1, 0x00, 0x00, 0x0F, 0xF0, 0xE7, 0x00,
    0x00, 0x03, 0xC0, 0xFF, 0x00, 0x00, 0x00, 0x00, 0xFE, 0x01, 0x00, 0x00, 0x00, 0xF8, 0x0F, 0x00, 0x00, 0x00, 0xC0, 0x3F, 0x00,
    0x00, 0x00, 0x00, 0x3E, 0x00, 0x00, 0x00, 0x00, 0x38, 0x00, 0x00, 0x00, 0x20, 0x00, 0x00, 0x00, 0x00, 0x38, 0x00, 0x00, 0x00,
    0x00, 0x3F, 0x00, 0x00, 0x00, 0xC0, 0x3F, 0x00, 0x00, 0x00, 0xF8, 0x07, 0x00, 0x00, 0x00, 0xFF, 0x01, 0x00, 0x0E, 0xC0, 0xFF,
    0x00, 0x00, 0x0E, 0xF8, 0xE7, 0x00, 0x00, 0x0E, 0xFE, 0xE0, 0x00, 0x00, 0x80, 0x3F, 0xE0, 0x00, 0x00, 0x80, 0x07, 0xE0, 0x00,
    0x00, 0x80, 0x07, 0xE0, 0x00, 0x00, 0x8E, 0x3F, 0xE0, 0x00, 0x00, 0x0E, 0xFE, 0xE1, 0x00, 0x00, 0x0E, 0xF0, 0xE7, 0x00, 0x00,
    0x0E, 0xC0, 0xFF, 0x00, 0x00, 0x00, 0x00, 0xFE, 0x01, 0x00, 0x00, 0x00, 0xF8, 0x0F, 0x00, 0x00, 0x00, 0xC0, 0x3F, 0x00, 0x00,
    0x00, 0x00, 0x3E, 0x00, 0x00, 0x00, 0x00, 0x38, 0x00, 0x00, 0x00, 0x20, 0x00, 0x00, 0x00, 0x00, 0x38, 0x00, 0x00, 0x00, 0x00,
    0x3F, 0x00, 0x00, 0x00, 0xE0, 0x3F, 0x00, 0x00, 0x00, 0xF8, 0x07, 0x00, 0x00, 0x00, 0xFF, 0x01, 0x00, 0x00, 0xC0, 0xFF, 0x00,
    0x00, 0x7C, 0xF8, 0xE7, 0x00, 0x00, 0xFE, 0xFF, 0xE0, 0x00, 0x00, 0xC7, 0x3F, 0xE0, 0x00, 0x00, 0x83, 0x07, 0xE0, 0x00, 0x00,
    0x83, 0x07, 0xE0, 0x00, 0x00, 0xC7, 0x3F, 0xE0, 0x00, 0x00, 0xFE, 0xFE, 0xE1, 0x00, 0x00, 0x7C, 0xF8, 0xE7, 0x00, 0x00, 0x00,
    0xC0, 0xFF, 0x00, 0x00, 0x00, 0x00, 0xFE, 0x01, 0x00, 0x00, 0x00, 0xF8, 0x0F, 0x00, 0x00, 0x00, 0xC0, 0x3F, 0x00, 0x00, 0x00,
    0x00, 0x3F, 0x00, 0x00, 0x00, 0x00, 0x38, 0x00, 0x00, 0x00, 0x20, 0x00, 0x00, 0x00, 0x00, 0x38, 0x00, 0x00, 0x00, 0x00, 0x3F,
    0x00, 0x00, 0x00, 0xC0, 0x3F, 0x00, 0x00, 0x00, 0xF0, 0x07, 0x00, 0x00, 0x00, 0xFE, 0x01, 0x00, 0x00, 0x80, 0xFF, 0x00, 0x00,
    0x00, 0xE0, 0xEF, 0x00, 0x00, 0x00, 0xFC, 0xE3, 0x00, 0x00, 0x00, 0x7F, 0xE0, 0x00, 0x00, 0x80, 0x1F, 0xE0, 0x00, 0x00, 0x80,
    0x07, 0xE0, 0x00, 0x00, 0x80, 0x03, 0xE0, 0x00, 0x00, 0x80, 0x03, 0xE0, 0x00, 0x00, 0x80, 0xFF, 0xFF, 0x3F, 0x00, 0x80, 0xFF,
    0xFF, 0x3F, 0x00, 0x80, 0xFF, 0xFF, 0x3F, 0x00, 0x80, 0x03, 0x07, 0x38, 0x00, 0x80, 0x03, 0x07, 0x38, 0x00, 0x80, 0x03, 0x07,
    0x38, 0x00, 0x80, 0x03, 0x07, 0x38, 0x00, 0x80, 0x03, 0x07, 0x38, 0x00, 0x80, 0x03, 0x07, 0x38, 0x00, 0x80, 0x03, 0x07, 0x38,
    0x00, 0x80, 0x03, 0x07, 0x38, 0x00, 0x80, 0x03, 0x07, 0x38, 0x00, 0x80, 0x03, 0x07, 0x38, 0x00, 0x80, 0x03, 0x07, 0x38, 0x00,
    0x80, 0x03, 0x00, 0x38, 0x00, 0x00, 0x00, 0x00, 0x00, 0x00, 0x00, 0x00, 0x00, 0x00, 0x00, 0xC0, 0x7F, 0x00, 0x00, 0x00, 0xF0,
    0xFF, 0x01, 0x00, 0x00, 0xF8, 0xFF, 0x03, 0x00, 0x00, 0xFC, 0xE0, 0x07, 0x00, 0x00, 0x1E, 0x00, 0x0F, 0x00, 0x00, 0x0F, 0x00,
    0x1E, 0x00, 0x00, 0x07, 0x00, 0x1C, 0x00, 0x80, 0x07, 0x00, 0x3C, 0x0E, 0x80, 0x03, 0x00, 0x38, 0x0C, 0x80, 0x03, 0x00, 0x38,
    0x0C, 0x80, 0x03, 0x00, 0x38, 0x0C, 0x80, 0x03, 0x00, 0xF8, 0x0F, 0x80, 0x03, 0x00, 0xB8, 0x07, 0x80, 0x03, 0x00, 0x38, 0x03,
    0x80, 0x03, 0x00, 0x38, 0x00, 0x00, 0x07, 0x00, 0x1C, 0x00, 0x00, 0x07, 0x00, 0x1C, 0x00, 0x00, 0x07, 0x00, 0x1C, 0x00, 0x00,
    0x0E, 0x00, 0x0E, 0x00, 0x00, 0x00, 0x00, 0x00, 0x00, 0x00, 0x00, 0x00, 0x00, 0x00, 0x00, 0x00, 0x00, 0x00, 0x80, 0xFF, 0xFF,
    0x3F, 0x00, 0x80, 0xFF, 0xFF, 0x3F, 0x00, 0x80, 0xFF, 0xFF, 0x3F, 0x00, 0x80, 0x03, 0x07, 0x38, 0x00, 0x81, 0x03, 0x07, 0x38,
    0x00, 0x83, 0x03, 0x07, 0x38, 0x00, 0x87, 0x03, 0x07, 0x38, 0x00, 0x8E, 0x03, 0x07, 0x38, 0x00, 0x88, 0x03, 0x07, 0x38, 0x00,
    0x80, 0x03, 0x07, 0x38, 0x00, 0x80, 0x03, 0x07, 0x38, 0x00, 0x80, 0x03, 0x07, 0x38, 0x00, 0x80, 0x03, 0x07, 0x38, 0x00, 0x80,
    0x03, 0x07, 0x38, 0x00, 0x80, 0x03, 0x00, 0x38, 0x00, 0x00, 0x00, 0x00, 0x00, 0x00, 0x00, 0x00, 0x00, 0x00, 0x00, 0x00, 0x00,
    0x00, 0x00, 0x80, 0xFF, 0xFF, 0x3F, 0x00, 0x80, 0xFF, 0xFF, 0x3F, 0x00, 0x80, 0xFF, 0xFF, 0x3F, 0x00, 0x80, 0x03, 0x07, 0x38,
    0x00, 0x80, 0x03, 0x07, 0x38, 0x00, 0x80, 0x03, 0x07, 0x38, 0x00, 0x8C, 0x03, 0x07, 0x38, 0x00, 0x8E, 0x03, 0x07, 0x38, 0x00,
    0x87, 0x03, 0x07, 0x38, 0x00, 0x83, 0x03, 0x07, 0x38, 0x00, 0x81, 0x03, 0x07, 0x38, 0x00, 0x80, 0x03, 0x07, 0x38, 0x00, 0x80,
    0x03, 0x07, 0x38, 0x00, 0x80, 0x03, 0x07, 0x38, 0x00, 0x80, 0x03, 0x00, 0x38, 0x00, 0x00, 0x00, 0x00, 0x00, 0x00, 0x00, 0x00,
    0x00, 0x00, 0x00, 0x00, 0x00, 0x00, 0x00, 0x80, 0xFF, 0xFF, 0x3F, 0x00, 0x80, 0xFF, 0xFF, 0x3F, 0x00, 0x80, 0xFF, 0xFF, 0x3F,
    0x00, 0x88, 0x03, 0x07, 0x38, 0x00, 0x8C, 0x03, 0x07, 0x38, 0x00, 0x86, 0x03, 0x07, 0x38, 0x00, 0x83, 0x03, 0x07, 0x38, 0x00,
    0x83, 0x03, 0x07, 0x38, 0x00, 0x83, 0x03, 0x07, 0x38, 0x00, 0x86, 0x03, 0x07, 0x38, 0x00, 0x8C, 0x03, 0x07, 0x38, 0x00, 0x88,
    0x03, 0x07, 0x38, 0x00, 0x80, 0x03, 0x07, 0x38, 0x00, 0x80, 0x03, 0x07, 0x38, 0x00, 0x80, 0x03, 0x00, 0x38, 0x00, 0x00, 0x00,
    0x00, 0x00, 0x00, 0x00, 0x00, 0x00, 0x00, 0x00, 0x00, 0x00, 0x00, 0x00, 0x80, 0xFF, 0xFF, 0x3F, 0x00, 0x80, 0xFF, 0xFF, 0x3F,
    0x00, 0x80, 0xFF, 0xFF, 0x3F, 0x00, 0x8E, 0x03, 0x07, 0x38, 0x00, 0x8E, 0x03, 0x07, 0x38, 0x00, 0x8E, 0x03, 0x07, 0x38, 0x00,
    0x80, 0x03, 0x07, 0x38, 0x00, 0x80, 0x03, 0x07, 0x38, 0x00, 0x80, 0x03, 0x07, 0x38, 0x00, 0x8E, 0x03, 0x07, 0x38, 0x00, 0x8E,
    0x03, 0x07, 0x38, 0x00, 0x8E, 0x03, 0x07, 0x38, 0x00, 0x80, 0x03, 0x07, 0x38, 0x00, 0x80, 0x03, 0x07, 0x38, 0x00, 0x80, 0x03,
    0x00, 0x38, 0x00, 0x00, 0x00, 0x00, 0x00, 0x01, 0x00, 0x00, 0x00, 0x00, 0x03, 0x00, 0x00, 0x00, 0x00, 0x87, 0xFF, 0xFF, 0x3F,
    0x00, 0x8E, 0xFF, 0xFF, 0x3F, 0x00, 0x8C, 0xFF, 0xFF, 0x3F, 0x00, 0x08, 0x00, 0x00, 0x00, 0x00, 0x00, 0x00, 0x00, 0x00, 0x00,
    0x00, 0x00, 0x00, 0x00, 0x00, 0x00, 0x88, 0xFF, 0xFF, 0x3F, 0x00, 0x8E, 0xFF, 0xFF, 0x3F, 0x00, 0x87, 0xFF, 0xFF, 0x3F, 0x00,
    0x03, 0x00, 0x00, 0x00, 0x00, 0x01, 0x08, 0x00, 0x00, 0x00, 0x00, 0x0C, 0x00, 0x00, 0x00, 0x00, 0x0E, 0x00, 0x00, 0x00, 0x00,
    0x87, 0xFF, 0xFF, 0x3F, 0x00, 0x83, 0xFF, 0xFF, 0x3F, 0x00, 0x83, 0xFF, 0xFF, 0x3F, 0x00, 0x07, 0x00, 0x00, 0x00, 0x00, 0x0C,
    0x00, 0x00, 0x00, 0x00, 0x08, 0x0E, 0x00, 0x00, 0x00, 0x00, 0x0E, 0x00, 0x00, 0x00, 0x00, 0x0E, 0x00, 0x00, 0x00, 0x00, 0x80,
    0xFF, 0xFF, 0x3F, 0x00, 0x80, 0xFF, 0xFF, 0x3F, 0x00, 0x80, 0xFF, 0xFF, 0x3F, 0x00, 0x0E, 0x00, 0x00, 0x00, 0x00, 0x0E, 0x00,
    0x00, 0x00, 0x00, 0x0E, 0x00, 0x00, 0x0E, 0x00, 0x00, 0x00, 0x00, 0x0E, 0x00, 0x00, 0x00, 0x00, 0x0E, 0x00, 0x00, 0x80, 0xFF,
    0xFF, 0x3F, 0x00, 0x80, 0xFF, 0xFF, 0x3F, 0x00, 0x80, 0xFF, 0xFF, 0x3F, 0x00, 0x80, 0x03, 0x0E, 0x38, 0x00, 0x80, 0x03, 0x0E,
    0x38, 0x00, 0x80, 0x03, 0x0E, 0x38, 0x00, 0x80, 0x03, 0x0E, 0x38, 0x00, 0x80, 0x03, 0x0E, 0x38, 0x00, 0x80, 0x03, 0x0E, 0x38,
    0x00, 0x80, 0x03, 0x00, 0x38, 0x00, 0x80, 0x03, 0x00, 0x38, 0x00, 0x80, 0x07, 0x00, 0x3C, 0x00, 0x00, 0x07, 0x00, 0x1C, 0x00,
    0x00, 0x07, 0x00, 0x1C, 0x00, 0x00, 0x0F, 0x00, 0x1E, 0x00, 0x00, 0x3E, 0x80, 0x0F, 0x00, 0x00, 0xFC, 0xF1, 0x07, 0x00, 0x00,
    0xF8, 0xFF, 0x03, 0x00, 0x00, 0xF0, 0xFF, 0x01, 0x00, 0x00, 0x80, 0x3F, 0x00, 0x00, 0x00, 0x00, 0x00, 0x00, 0x00, 0x00, 0x00,
    0x00, 0x00, 0x00, 0x00, 0x00, 0x00, 0x80, 0xFF, 0xFF, 0x3F, 0x00, 0x80, 0xFF, 0xFF, 0x3F, 0x00, 0x80, 0xFF, 0xFF, 0x3F, 0x00,
    0x80, 0x0F, 0x00, 0x00, 0x00, 0x8E, 0x1F, 0x00, 0x00, 0x00, 0x0F, 0x7E, 0x00, 0x00, 0x00, 0x03, 0xF8, 0x01, 0x00, 0x00, 0x03,
    0xE0, 0x07, 0x00, 0x00, 0x06, 0x80, 0x1F, 0x00, 0x00, 0x0E, 0x00, 0x3E, 0x00, 0x00, 0x0C, 0x00, 0xFC, 0x00, 0x00, 0x0C, 0x00,
    0xF0, 0x03, 0x00, 0x0F, 0x00, 0xC0, 0x0F, 0x00, 0x03, 0x00, 0x00, 0x3F, 0x00, 0x00, 0x00, 0x00, 0x3E, 0x00, 0x80, 0xFF, 0xFF,
    0x3F, 0x00, 0x80, 0xFF, 0xFF, 0x3F, 0x00, 0x80, 0xFF, 0xFF, 0x3F, 0x00, 0x00, 0x00, 0x00, 0x00, 0x00, 0x00, 0x00, 0x00, 0x00,
    0x00, 0xC0, 0x7F, 0x00, 0x00, 0x00, 0xF0, 0xFF, 0x01, 0x00, 0x00, 0xFC, 0xFF, 0x07, 0x00, 0x00, 0xFE, 0xE0, 0x0F, 0x00, 0x00,
    0x1E, 0x00, 0x0F, 0x00, 0x00, 0x0F, 0x00, 0x1E, 0x00, 0x00, 0x07, 0x00, 0x1C, 0x00, 0x81, 0x07, 0x00, 0x3C, 0x00, 0x83, 0x03,
    0x00, 0x38, 0x00, 0x87, 0x03, 0x00, 0x38, 0x00, 0x8E, 0x03, 0x00, 0x38, 0x00, 0x8C, 0x03, 0x00, 0x38, 0x00, 0x80, 0x03, 0x00,
    0x38, 0x00, 0x80, 0x07, 0x00, 0x3C, 0x00, 0x00, 0x07, 0x00, 0x1C, 0x00, 0x00, 0x0F, 0x00, 0x1E, 0x00, 0x00, 0x1E, 0x00, 0x0F,
    0x00, 0x00, 0x7E, 0xC0, 0x0F, 0x00, 0x00, 0xFC, 0xFF, 0x07, 0x00, 0x00, 0xF0, 0xFF, 0x01, 0x00, 0x00, 0xE0, 0xFF, 0x00, 0x00,
    0x00, 0x00, 0x00, 0x00, 0x00, 0x00, 0x00, 0x00, 0x00, 0xC0, 0x7F, 0x00, 0x00, 0x00, 0xF0, 0xFF, 0x01, 0x00, 0x00, 0xFC, 0xFF,
    0x07, 0x00, 0x00, 0xFE, 0xE0, 0x0F, 0x00, 0x00, 0x1E, 0x00, 0x0F, 0x00, 0x00, 0x0F, 0x00, 0x1E, 0x00, 0x00, 0x07, 0x00, 0x1C,
    0x00, 0x80, 0x07, 0x00, 0x3C, 0x00, 0x80, 0x03, 0x00, 0x38, 0x00, 0x88, 0x03, 0x00, 0x38, 0x00, 0x8E, 0x03, 0x00, 0x38, 0x00,
    0x87, 0x03, 0x00, 0x38, 0x00, 0x83, 0x03, 0x00, 0x38, 0x00, 0x81, 0x07, 0x00, 0x3C, 0x00, 0x00, 0x07, 0x00, 0x1C, 0x00, 0x00,
    0x0F, 0x00, 0x1E, 0x00, 0x00, 0x1E, 0x00, 0x0F, 0x00, 0x00, 0x7E, 0xC0, 0x0F, 0x00, 0x00, 0xFC, 0xFF, 0x07, 0x00, 0x00, 0xF0,
    0xFF, 0x01, 0x00, 0x00, 0xE0, 0xFF, 0x00, 0x00, 0x00, 0x00, 0x00, 0x00, 0x00, 0x00, 0x00, 0x00, 0x00, 0xC0, 0x7F, 0x00, 0x00,
    0x00, 0xF0, 0xFF, 0x01, 0x00, 0x00, 0xFC, 0xFF, 0x07, 0x00, 0x00, 0xFE, 0xE0, 0x0F, 0x00, 0x00, 0x1E, 0x00, 0x0F, 0x00, 0x00,
    0x0F, 0x00, 0x1E, 0x00, 0x08, 0x07, 0x00, 0x1C, 0x00, 0x8C, 0x07, 0x00, 0x3C, 0x00, 0x8E, 0x03, 0x00, 0x38, 0x00, 0x83, 0x03,
    0x00, 0x38, 0x00, 0x83, 0x03, 0x00, 0x38, 0x00, 0x83, 0x03, 0x00, 0x38, 0x00, 0x86, 0x03, 0x00, 0x38, 0x00, 0x8C, 0x07, 0x00,
    0x3C, 0x00, 0x08, 0x07, 0x00, 0x1C, 0x00, 0x00, 0x0F, 0x00, 0x1E, 0x00, 0x00, 0x1E, 0x00, 0x0F, 0x00, 0x00, 0x7E, 0xC0, 0x0F,
    0x00, 0x00, 0xFC, 0xFF, 0x07, 0x00, 0x00, 0xF0, 0xFF, 0x01, 0x00, 0x00, 0xE0, 0xFF, 0x00, 0x00, 0x00, 0x00, 0x00, 0x00, 0x00,
    0x00, 0x00, 0x00, 0x00, 0xC0, 0x7F, 0x00, 0x00, 0x00, 0xF0, 0xFF, 0x01, 0x00, 0x00, 0xFC, 0xFF, 0x07, 0x00, 0x00, 0xFE, 0xE0,
    0x0F, 0x00, 0x00, 0x1E, 0x00, 0x0F, 0x00, 0x00, 0x0F, 0x00, 0x1E, 0x00, 0x0E, 0x07, 0x00, 0x1C, 0x00, 0x87, 0x07, 0x00, 0x3C,
    0x00, 0x83, 0x03, 0x00, 0x38, 0x00, 0x83, 0x03, 0x00, 0x38, 0x00, 0x86, 0x03, 0x00, 0x38, 0x00, 0x8E, 0x03, 0x00, 0x38, 0x00,
    0x8C, 0x03, 0x00, 0x38, 0x00, 0x8E, 0x07, 0x00, 0x3C, 0x00, 0x07, 0x07, 0x00, 0x1C, 0x00, 0x03, 0x0F, 0x00, 0x1E, 0x00, 0x00,
    0x1E, 0x00, 0x0F, 0x00, 0x00, 0x7E, 0xC0, 0x0F, 0x00, 0x00, 0xFC, 0xFF, 0x07, 0x00, 0x00, 0xF0, 0xFF, 0x01, 0x00, 0x00, 0xE0,
    0xFF, 0x00, 0x00, 0x00, 0x00, 0x00, 0x00, 0x00, 0x00, 0x00, 0x00, 0x00, 0xC0, 0x7F, 0x00, 0x00, 0x00, 0xF0, 0xFF, 0x01, 0x00,
    0x00, 0xFC, 0xFF, 0x07, 0x00, 0x00, 0xFE, 0xE0, 0x0F, 0x00, 0x00, 0x1E, 0x00, 0x0F, 0x00, 0x00, 0x0F, 0x00, 0x1E, 0x00, 0x0E,
    0x07, 0x00, 0x1C, 0x00, 0x8E, 0x07, 0x00, 0x3C, 0x00, 0x8E, 0x03, 0x00, 0x38, 0x00, 0x80, 0x03, 0x00, 0x38, 0x00, 0x80, 0x03,
    0x00, 0x38, 0x00, 0x80, 0x03, 0x00, 0x38, 0x00, 0x8E, 0x03, 0x00, 0x38, 0x00, 0x8E, 0x07, 0x00, 0x3C, 0x00, 0x0E, 0x07, 0x00,
    0x1C, 0x00, 0x00, 0x0F, 0x00, 0x1E, 0x00, 0x00, 0x1E, 0x00, 0x0F, 0x00, 0x00, 0x7E, 0xC0, 0x0F, 0x00, 0x00, 0xFC, 0xFF, 0x07,
    0x00, 0x00, 0xF0, 0xFF, 0x01, 0x00, 0x00, 0xE0, 0xFF, 0x00, 0x00, 0x00, 0x00, 0x00, 0x00, 0x00, 0x00, 0x00, 0x00, 0x00, 0x00,
    0x00, 0x00, 0x00, 0x00, 0x00, 0x00, 0x00, 0x00, 0x00, 0x00, 0x00, 0x00, 0x00, 0x00, 0x30, 0x00, 0x0C, 0x00, 0x00, 0x78, 0x00,
    0x1E, 0x00, 0x00, 0xF0, 0x00, 0x0F, 0x00, 0x00, 0xE0, 0x81, 0x07, 0x00, 0x00, 0xC0, 0xC3, 0x03, 0x00, 0x00, 0x80, 0xE7, 0x01,
    0x00, 0x00, 0x00, 0xFF, 0x00, 0x00, 0x00, 0x00, 0x7E, 0x00, 0x00, 0x00, 0x00, 0x3C, 0x00, 0x00, 0x00, 0x00, 0x7E, 0x00, 0x00,
    0x00, 0x00, 0xFF, 0x00, 0x00, 0x00, 0x80, 0xE7, 0x01, 0x00, 0x00, 0xC0, 0xC3, 0x03, 0x00, 0x00, 0xE0, 0x81, 0x07, 0x00, 0x00,
    0xF0, 0x00, 0x0F, 0x00, 0x00, 0x78, 0x00, 0x1E, 0x00, 0x00, 0x30, 0x00, 0x0C, 0x00, 0x00, 0x00, 0x00, 0x00, 0x00, 0x00, 0x00,
    0x00, 0x00, 0x00, 0xC0, 0x7F, 0x30, 0x00, 0x00, 0xF0, 0xFF, 0x39, 0x00, 0x00, 0xFC, 0xFF, 0x1F, 0x00, 0x00, 0xFE, 0xC0, 0x0F,
    0x00, 0x00, 0x1E, 0x80, 0x0F, 0x00, 0x00, 0x0F, 0xC0, 0x1F, 0x00, 0x00, 0x07, 0xE0, 0x1C, 0x00, 0x80, 0x07, 0x70, 0x1C, 0x00,
    0x80, 0x03, 0x38, 0x38, 0x00, 0x80, 0x03, 0x1C, 0x38, 0x00, 0x80, 0x03, 0x0E, 0x38, 0x00, 0x80, 0x03, 0x07, 0x38, 0x00, 0x80,
    0x83, 0x03, 0x38, 0x00, 0x80, 0xC7, 0x01, 0x3C, 0x00, 0x00, 0xE7, 0x00, 0x1C, 0x00, 0x00, 0x7F, 0x00, 0x1E, 0x00, 0x00, 0x3E,
    0x00, 0x0F, 0x00, 0x00, 0x7E, 0xC0, 0x0F, 0x00, 0x00, 0xFF, 0xFF, 0x07, 0x00, 0x80, 0xF3, 0xFF, 0x03, 0x00, 0x80, 0xC1, 0xFF,
    0x00, 0x00, 0x00, 0x00, 0x00, 0x00, 0x00, 0x00, 0x00, 0x00, 0x00, 0x00, 0x00, 0x00, 0x00, 0x80, 0xFF, 0xFF, 0x01, 0x00, 0x80,
    0xFF, 0xFF, 0x07, 0x00, 0x80, 0xFF, 0xFF, 0x0F, 0x00, 0x00, 0x00, 0x00, 0x1F, 0x00, 0x00, 0x00, 0x00, 0x1C, 0x00, 0x01, 0x00,
    0x00, 0x3C, 0x00, 0x03, 0x00, 0x00, 0x38, 0x00, 0x07, 0x00, 0x00, 0x38, 0x00, 0x0E, 0x00, 0x00, 0x38, 0x00, 0x0C, 0x00, 0x00,
    0x38, 0x00, 0x08, 0x00, 0x00, 0x38, 0x00, 0x00, 0x00, 0x00, 0x38, 0x00, 0x00, 0x00, 0x00, 0x1C, 0x00, 0x00, 0x00, 0x00, 0x1E,
    0x00, 0x80, 0xFF, 0xFF, 0x0F, 0x00, 0x80, 0xFF, 0xFF, 0x07, 0x00, 0x80, 0xFF, 0xFF, 0x03, 0x00, 0x80, 0xFF, 0x7F, 0x00, 0x00,
    0x00, 0x00, 0x00, 0x00, 0x00, 0x00, 0x00, 0x00, 0x00, 0x00, 0x00, 0x00, 0x00, 0x80, 0xFF, 0xFF, 0x01, 0x00, 0x80, 0xFF, 0xFF,
    0x07, 0x00, 0x80, 0xFF, 0xFF, 0x0F, 0x00, 0x00, 0x00, 0x00, 0x1F, 0x00, 0x00, 0x00, 0x00, 0x1C, 0x00, 0x00, 0x00, 0x00, 0x3C,
    0x00, 0x00, 0x00, 0x00, 0x38, 0x00, 0x08, 0x00, 0x00, 0x38, 0x00, 0x0E, 0x00, 0x00, 0x38, 0x00, 0x07, 0x00, 0x00, 0x38, 0x00,
    0x03, 0x00, 0x00, 0x38, 0x00, 0x01, 0x00, 0x00, 0x38, 0x00, 0x00, 0x00, 0x00, 0x1C, 0x00, 0x00, 0x00, 0x00, 0x1E, 0x00, 0x80,
    0xFF, 0xFF, 0x0F, 0x00, 0x80, 0xFF, 0xFF, 0x07, 0x00, 0x80, 0xFF, 0xFF, 0x03, 0x00, 0x80, 0xFF, 0x7F, 0x00, 0x00, 0x00, 0x00,
    0x00, 0x00, 0x00, 0x00, 0x00, 0x00, 0x00, 0x00, 0x00, 0x00, 0x00, 0x80, 0xFF, 0xFF, 0x01, 0x00, 0x80, 0xFF, 0xFF, 0x07, 0x00,
    0x80, 0xFF, 0xFF, 0x0F, 0x00, 0x00, 0x00, 0x00, 0x1F, 0x00, 0x08, 0x00, 0x00, 0x1C, 0x00, 0x0C, 0x00, 0x00, 0x3C, 0x00, 0x0E,
    0x00, 0x00, 0x38, 0x00, 0x07, 0x00, 0x00, 0x38, 0x00, 0x03, 0x00, 0x00, 0x38, 0x00, 0x03, 0x00, 0x00, 0x38, 0x00, 0x07, 0x00,
    0x00, 0x38, 0x00, 0x0C, 0x00, 0x00, 0x38, 0x00, 0x08, 0x00, 0x00, 0x1C, 0x00, 0x00, 0x00, 0x00, 0x1E, 0x00, 0x80, 0xFF, 0xFF,
    0x0F, 0x00, 0x80, 0xFF, 0xFF, 0x07, 0x00, 0x80, 0xFF, 0xFF, 0x03, 0x00, 0x80, 0xFF, 0x7F, 0x00, 0x00, 0x00, 0x00, 0x00, 0x00,
    0x00, 0x00, 0x00, 0x00, 0x00, 0x00, 0x00, 0x00, 0x00, 0x80, 0xFF, 0xFF, 0x01, 0x00, 0x80, 0xFF, 0xFF, 0x07, 0x00, 0x80, 0xFF,
    0xFF, 0x0F, 0x00, 0x00, 0x00, 0x00, 0x1F, 0x00, 0x0E, 0x00, 0x00, 0x1C, 0x00, 0x0E, 0x00, 0x00, 0x3C, 0x00, 0x0E, 0x00, 0x00,
    0x38, 0x00, 0x00, 0x00, 0x00, 0x38, 0x00, 0x00, 0x00, 0x00, 0x38, 0x00, 0x00, 0x00, 0x00, 0x38, 0x00, 0x0E, 0x00, 0x00, 0x38,
    0x00, 0x0E, 0x00, 0x00, 0x38, 0x00, 0x0E, 0x00, 0x00, 0x1C, 0x00, 0x00, 0x00, 0x00, 0x1E, 0x00, 0x80, 0xFF, 0xFF, 0x0F, 0x00,
    0x80, 0xFF, 0xFF, 0x07, 0x00, 0x80, 0xFF, 0xFF, 0x03, 0x00, 0x80, 0xFF, 0x7F, 0x80, 0x00, 0x00, 0x00, 0x00, 0x80, 0x01, 0x00,
    0x00, 0x00, 0x80, 0x07, 0x00, 0x00, 0x00, 0x80, 0x0F, 0x00, 0x00, 0x00, 0x00, 0x3E, 0x00, 0x00, 0x00, 0x00, 0x7C, 0x00, 0x00,
    0x00, 0x00, 0xF0, 0x01, 0x00, 0x00, 0x00, 0xE0, 0x03, 0x00, 0x00, 0x08, 0x80, 0xFF, 0x3F, 0x00, 0x0C, 0x00, 0xFF, 0x3F, 0x00,
    0x07, 0x80, 0xFF, 0x3F, 0x00, 0x03, 0xC0, 0x07, 0x00, 0x00, 0x01, 0xF0, 0x01, 0x00, 0x00, 0x00, 0xF8, 0x00, 0x00, 0x00, 0x00,
    0x3C, 0x00, 0x00, 0x00, 0x00, 0x1F, 0x00, 0x00, 0x00, 0x80, 0x0F, 0x00, 0x00, 0x00, 0x80, 0x03, 0x00, 0x00, 0x00, 0x80, 0x01,
    0x00, 0x00, 0x00, 0x00, 0x00, 0x00, 0x00, 0x00, 0x00, 0x00, 0x00, 0x00, 0x00, 0x00, 0x00, 0x80, 0xFF, 0xFF, 0x3F, 0x00, 0x80,
    0xFF, 0xFF, 0x3F, 0x00, 0x80, 0xFF, 0xFF, 0x3F, 0x00, 0x00, 0x38, 0xC0, 0x01, 0x00, 0x00, 0x38, 0xC0, 0x01, 0x00, 0x00, 0x38,
    0xC0, 0x01, 0x00, 0x00, 0x38, 0xC0, 0x01, 0x00, 0x00, 0x38, 0xC0, 0x01, 0x00, 0x00, 0x38, 0xC0, 0x01, 0x00, 0x00, 0x38, 0xC0,
    0x01, 0x00, 0x00, 0x78, 0xE0, 0x01, 0x00, 0x00, 0xF0, 0xF0, 0x00, 0x00, 0x00, 0xF0, 0xFF, 0x00, 0x00, 0x00, 0xE0, 0x7F, 0x00,
    0x00, 0x00, 0x80, 0x1F, 0x00, 0x00, 0x00, 0x00, 0x00, 0x00, 0x00, 0x00, 0x00, 0x00, 0x00, 0x00, 0x00, 0x00, 0x00, 0x00, 0xFC,
    0xFF, 0x3F, 0x00, 0x00, 0xFF, 0xFF, 0x3F, 0x00, 0x80, 0xFF, 0xFF, 0x3F, 0x00, 0x80, 0x03, 0x00, 0x00, 0x00, 0xC0, 0x03, 0x00,
    0x00, 0x00, 0xC0, 0x01, 0x00, 0x1C, 0x00, 0xC0, 0x81, 0x07, 0x38, 0x00, 0xC0, 0xE1, 0x0F, 0x38, 0x00, 0xC0, 0xE1, 0x0F, 0x38,
    0x00, 0xC0, 0x73, 0x1C, 0x38, 0x00, 0x80, 0x37, 0x18, 0x38, 0x00, 0x80, 0x3F, 0x38, 0x3C, 0x00, 0x00, 0x1E, 0x70, 0x1E, 0x00,
    0x00, 0x18, 0xE0, 0x1F, 0x00, 0x00, 0x00, 0xE0, 0x0F, 0x00, 0x00, 0x00, 0x80, 0x03, 0x00, 0x00, 0x00, 0x00, 0x00, 0x00, 0x00,
    0x00, 0x00, 0x00, 0x00, 0x00, 0xC0, 0x07, 0x00, 0x00, 0xE0, 0xE0, 0x1F, 0x00, 0x10, 0xE0, 0xF0, 0x1F, 0x00, 0x30, 0x70, 0x70,
    0x3C, 0x00, 0x70, 0x70, 0x38, 0x38, 0x00, 0xE0, 0x70, 0x38, 0x38, 0x00, 0xC0, 0x71, 0x38, 0x38, 0x00, 0x80, 0x73, 0x38, 0x38,
    0x00, 0x00, 0x72, 0x38, 0x38, 0x00, 0x00, 0x70, 0x38, 0x1C, 0x00, 0x00, 0xE0, 0x38, 0x0C, 0x00, 0x00, 0xE0, 0x39, 0x0F, 0x00,
    0x00, 0xC0, 0xFF, 0x3F, 0x00, 0x00, 0x80, 0xFF, 0x3F, 0x00, 0x00, 0x00, 0xFC, 0x3F, 0x00, 0x00, 0x00, 0x00, 0x00, 0x00, 0x00,
    0x00, 0x00, 0x00, 0x00, 0x00, 0xC0, 0x07, 0x00, 0x00, 0xE0, 0xE0, 0x1F, 0x00, 0x00, 0xE0, 0xF0, 0x1F, 0x00, 0x00, 0x70, 0x70,
    0x3C, 0x00, 0x00, 0x70, 0x38, 0x38, 0x00, 0x00, 0x72, 0x38, 0x38, 0x00, 0x00, 0x73, 0x38, 0x38, 0x00, 0x80, 0x73, 0x38, 0x38,
    0x00, 0xE0, 0x71, 0x38, 0x38, 0x00, 0xF0, 0x70, 0x38, 0x1C, 0x00, 0x30, 0xE0, 0x38, 0x0C, 0x00, 0x10, 0xE0, 0x39, 0x0F, 0x00,
    0x00, 0xC0, 0xFF, 0x3F, 0x00, 0x00, 0x80, 0xFF, 0x3F, 0x00, 0x00, 0x00, 0xFC, 0x3F, 0x00, 0x00, 0x00, 0x00, 0x00, 0x00, 0x00,
    0x00, 0x00, 0x00, 0x00, 0x00, 0xC0, 0x07, 0x00, 0x00, 0xE0, 0xE0, 0x1F, 0x00, 0x00, 0xE0, 0xF0, 0x1F, 0x00, 0x00, 0x73, 0x70,
    0x3C, 0x00, 0x80, 0x73, 0x38, 0x38, 0x00, 0xE0, 0x71, 0x38, 0x38, 0x00, 0x70, 0x70, 0x38, 0x38, 0x00, 0x70, 0x70, 0x38, 0x38,
    0x00, 0xF0, 0x70, 0x38, 0x38, 0x00, 0xC0, 0x71, 0x38, 0x1C, 0x00, 0x80, 0xE3, 0x38, 0x0C, 0x00, 0x00, 0xE2, 0x39, 0x0F, 0x00,
    0x00, 0xC0, 0xFF, 0x3F, 0x00, 0x00, 0x80, 0xFF, 0x3F, 0x00, 0x00, 0x00, 0xFC, 0x3F, 0x00, 0x00, 0x00, 0x00, 0x00, 0x00, 0x00,
    0x00, 0x00, 0x00, 0x00, 0x00, 0xC0, 0x07, 0x00, 0x00, 0xE0, 0xE0, 0x1F, 0x00, 0x80, 0xE1, 0xF0, 0x1F, 0x00, 0xC0, 0x71, 0x70,
    0x3C, 0x00, 0x60, 0x70, 0x38, 0x38, 0x00, 0x60, 0x70, 0x38, 0x38, 0x00, 0x60, 0x70, 0x38, 0x38, 0x00, 0xC0, 0x70, 0x38, 0x38,
    0x00, 0x80, 0x71, 0x38, 0x38, 0x00, 0x80, 0x71, 0x38, 0x1C, 0x00, 0xE0, 0xE1, 0x38, 0x0C, 0x00, 0xE0, 0xE0, 0x39, 0x0F, 0x00,
    0x00, 0xC0, 0xFF, 0x3F, 0x00, 0x00, 0x80, 0xFF, 0x3F, 0x00, 0x00, 0x00, 0xFC, 0x3F, 0x00, 0x00, 0x00, 0x00, 0x00, 0x00, 0x00,
    0x00, 0x00, 0x00, 0x00, 0x00, 0xC0, 0x07, 0x00, 0x00, 0xE0, 0xE0, 0x1F, 0x00, 0x00, 0xE0, 0xF0, 0x1F, 0x00, 0xC0, 0x71, 0x70,
    0x3C, 0x00, 0xC0, 0x71, 0x38, 0x38, 0x00, 0xC0, 0x71, 0x38, 0x38, 0x00, 0x00, 0x70, 0x38, 0x38, 0x00, 0x00, 0x70, 0x38, 0x38,
    0x00, 0x00, 0x70, 0x38, 0x38, 0x00, 0xC0, 0x71, 0x38, 0x1C, 0x00, 0xC0, 0xE1, 0x38, 0x0C, 0x00, 0xC0, 0xE1, 0x39, 0x0F, 0x00,
    0x00, 0xC0, 0xFF, 0x3F, 0x00, 0x00, 0x80, 0xFF, 0x3F, 0x00, 0x00, 0x00, 0xFC, 0x3F, 0x00, 0x00, 0x00, 0x00, 0x00, 0x00, 0x00,
    0x00, 0x00, 0x00, 0x00, 0x00, 0xC0, 0x07, 0x00, 0x00, 0xE0, 0xE0, 0x1F, 0x00, 0x00, 0xE0, 0xF0, 0x1F, 0x00, 0xF8, 0x70, 0x70,
    0x3C, 0x00, 0xFC, 0x71, 0x38, 0x38, 0x00, 0x8E, 0x73, 0x38, 0x38, 0x00, 0x06, 0x73, 0x38, 0x38, 0x00, 0x06, 0x73, 0x38, 0x38,
    0x00, 0x06, 0x73, 0x38, 0x38, 0x00, 0xDC, 0x71, 0x38, 0x1C, 0x00, 0xF8, 0xE0, 0x38, 0x0C, 0x00, 0x20, 0xE0, 0x39, 0x0F, 0x00,
    0x00, 0xC0, 0xFF, 0x3F, 0x00, 0x00, 0x80, 0xFF, 0x3F, 0x00, 0x00, 0x00, 0xFC, 0x3F, 0x00, 0x00, 0x00, 0x00, 0x00, 0x00, 0x00,
    0x00, 0x00, 0x00, 0x00, 0x00, 0xC0, 0x07, 0x00, 0x00, 0xE0, 0xE0, 0x1F, 0x00, 0x00, 0xE0, 0xF0, 0x1F, 0x00, 0x00, 0x70, 0x70,
    0x3C, 0x00, 0x00, 0x70, 0x38, 0x38, 0x00, 0x00, 0x70, 0x38, 0x38, 0x00, 0x00, 0x70, 0x38, 0x38, 0x00, 0x00, 0x70, 0x38, 0x38,
    0x00, 0x00, 0x70, 0x38, 0x38, 0x00, 0x00, 0x70, 0x38, 0x1C, 0x00, 0x00, 0xE0, 0x38, 0x1E, 0x00, 0x00, 0xE0, 0x39, 0x0F, 0x00,
    0x00, 0xC0, 0xFF, 0x07, 0x00, 0x00, 0x80, 0xFF, 0x07, 0x00, 0x00, 0xC0, 0xFF, 0x0F, 0x00, 0x00, 0xE0, 0x39, 0x1E, 0x00, 0x00,
    0xE0, 0x38, 0x1C, 0x00, 0x00, 0x70, 0x38, 0x3C, 0x00, 0x00, 0x70, 0x38, 0x38, 0x00, 0x00, 0x70, 0x38, 0x38, 0x00, 0x00, 0x70,
    0x38, 0x38, 0x00, 0x00, 0x70, 0x38, 0x38, 0x00, 0x00, 0x70, 0x38, 0x38, 0x00, 0x00, 0xE0, 0x38, 0x38, 0x00, 0x00, 0xE0, 0x39,
    0x1C, 0x00, 0x00, 0xC0, 0x3F, 0x1C, 0x00, 0x00, 0x00, 0x3F, 0x0E, 0x00, 0x00, 0x00, 0x3C, 0x00, 0x00, 0x00, 0x00, 0x00, 0x00,
    0x00, 0x00, 0x00, 0x00, 0x00, 0x00, 0xFE, 0x01, 0x00, 0x00, 0x80, 0xFF, 0x07, 0x00, 0x00, 0xC0, 0xFF, 0x0F, 0x00, 0x00, 0xE0,
    0x03, 0x1F, 0x00, 0x00, 0xE0, 0x00, 0x1C, 0x00, 0x00, 0xF0, 0x00, 0x3C, 0x0C, 0x00, 0x70, 0x00, 0x38, 0x0C, 0x00, 0x70, 0x00,
    0x38, 0x0C, 0x00, 0x70, 0x00, 0x78, 0x0C, 0x00, 0x70, 0x00, 0xF8, 0x0F, 0x00, 0x70, 0x00, 0xB8, 0x07, 0x00, 0x70, 0x00, 0x38,
    0x00, 0x00, 0xE0, 0x00, 0x1C, 0x00, 0x00, 0xE0, 0x00, 0x1C, 0x00, 0x00, 0x00, 0x00, 0x00, 0x00, 0x00, 0x00, 0x00, 0x00, 0x00,
    0x00, 0xFE, 0x01, 0x00, 0x00, 0x80, 0xFF, 0x07, 0x00, 0x00, 0xC0, 0xFF, 0x0F, 0x00, 0x10, 0xE0, 0x39, 0x1F, 0x00, 0x30, 0xE0,
    0x38, 0x1C, 0x00, 0x70, 0xF0, 0x38, 0x3C, 0x00, 0xE0, 0x70, 0x38, 0x38, 0x00, 0xC0, 0x73, 0x38, 0x38, 0x00, 0x00, 0x73, 0x38,
    0x38, 0x00, 0x00, 0x72, 0x38, 0x38, 0x00, 0x00, 0x70, 0x38, 0x38, 0x00, 0x00, 0xE0, 0x38, 0x38, 0x00, 0x00, 0xE0, 0x39, 0x1C,
    0x00, 0x00, 0xC0, 0x3F, 0x1C, 0x00, 0x00, 0x80, 0x3F, 0x0E, 0x00, 0x00, 0x00, 0x3E, 0x00, 0x00, 0x00, 0x00, 0x00, 0x00, 0x00,
    0x00, 0x00, 0x00, 0x00, 0x00, 0xFE, 0x01, 0x00, 0x00, 0x80, 0xFF, 0x07, 0x00, 0x00, 0xC0, 0xFF, 0x0F, 0x00, 0x00, 0xE0, 0x39,
    0x1F, 0x00, 0x00, 0xE0, 0x38, 0x1C, 0x00, 0x00, 0xF0, 0x38, 0x3C, 0x00, 0x00, 0x72, 0x38, 0x38, 0x00, 0x00, 0x73, 0x38, 0x38,
    0x00, 0x80, 0x73, 0x38, 0x38, 0x00, 0xE0, 0x71, 0x38, 0x38, 0x00, 0x70, 0x70, 0x38, 0x38, 0x00, 0x30, 0xE0, 0x38, 0x38, 0x00,
    0x10, 0xE0, 0x39, 0x1C, 0x00, 0x00, 0xC0, 0x3F, 0x1C, 0x00, 0x00, 0x80, 0x3F, 0x0E, 0x00, 0x00, 0x00, 0x3E, 0x00, 0x00, 0x00,
    0x00, 0x00, 0x00, 0x00, 0x00, 0x00, 0x00, 0x00, 0x00, 0xFE, 0x01, 0x00, 0x00, 0x80, 0xFF, 0x07, 0x00, 0x00, 0xC0, 0xFF, 0x0F,
    0x00, 0x00, 0xE0, 0x39, 0x1F, 0x00, 0x00, 0xE3, 0x38, 0x1C, 0x00, 0xC0, 0xF3, 0x38, 0x3C, 0x00, 0xE0, 0x70, 0x38, 0x38, 0x00,
    0x70, 0x70, 0x38, 0x38, 0x00, 0x70, 0x70, 0x38, 0x38, 0x00, 0xF0, 0x70, 0x38, 0x38, 0x00, 0xC0, 0x71, 0x38, 0x38, 0x00, 0x80,
    0xE3, 0x38, 0x38, 0x00, 0x00, 0xE2, 0x39, 0x1C, 0x00, 0x00, 0xC0, 0x3F, 0x1C, 0x00, 0x00, 0x80, 0x3F, 0x0E, 0x00, 0x00, 0x00,
    0x3E, 0x00, 0x00, 0x00, 0x00, 0x00, 0x00, 0x00, 0x00, 0x00, 0x00, 0x00, 0x00, 0xFE, 0x01, 0x00, 0x00, 0x80, 0xFF, 0x07, 0x00,
    0x00, 0xC0, 0xFF, 0x0F, 0x00, 0x00, 0xE0, 0x39, 0x1F, 0x00, 0xC0, 0xE1, 0x38, 0x1C, 0x00, 0xC0, 0xF1, 0x38, 0x3C, 0x00, 0xC0,
    0x71, 0x38, 0x38, 0x00, 0x00, 0x70, 0x38, 0x38, 0x00, 0x00, 0x70, 0x38, 0x38, 0x00, 0x00, 0x70, 0x38, 0x38, 0x00, 0xC0, 0x71,
    0x38, 0x38, 0x00, 0xC0, 0xE1, 0x38, 0x38, 0x00, 0xC0, 0xE1, 0x39, 0x1C, 0x00, 0x00, 0xC0, 0x3F, 0x1C, 0x00, 0x00, 0x80, 0x3F,
    0x0E, 0x00, 0x00, 0x00, 0x3E, 0x30, 0x00, 0x00, 0x00, 0x00, 0x70, 0x00, 0x00, 0x00, 0x00, 0xF0, 0x00, 0x00, 0x00, 0x00, 0xC0,
    0xF1, 0xFF, 0x3F, 0x00, 0x80, 0xF3, 0xFF, 0x3F, 0x00, 0x00, 0xF2, 0xFF, 0x3F, 0x00, 0x00, 0x00, 0x00, 0x00, 0x00, 0x00, 0x00,
    0x00, 0x00, 0x00, 0x00, 0x00, 0x00, 0x00, 0x00, 0xF3, 0xFF, 0x3F, 0x00, 0x80, 0xF3, 0xFF, 0x3F, 0x00, 0xC0, 0xF1, 0xFF, 0x3F,
    0x00, 0xF0, 0x00, 0x00, 0x00, 0x00, 0x70, 0x00, 0x00, 0x00, 0x00, 0x10, 0x00, 0x03, 0x00, 0x00, 0x00, 0x80, 0x03, 0x00, 0x00,
    0x00, 0xE0, 0x01, 0x00, 0x00, 0x00, 0x70, 0xF0, 0xFF, 0x3F, 0x00, 0x30, 0xF0, 0xFF, 0x3F, 0x00, 0xF0, 0xF0, 0xFF, 0x3F, 0x00,
    0xE0, 0x01, 0x00, 0x00, 0x00, 0x80, 0x03, 0x00, 0x00, 0x00, 0x00, 0x02, 0xC0, 0x01, 0x00, 0x00, 0x00, 0xC0, 0x01, 0x00, 0x00,
    0x00, 0xC0, 0x01, 0x00, 0x00, 0x00, 0x00, 0xF0, 0xFF, 0x3F, 0x00, 0x00, 0xF0, 0xFF, 0x3F, 0x00, 0x00, 0xF0, 0xFF, 0x3F, 0x00,
    0xC0, 0x01, 0x00, 0x00, 0x00, 0xC0, 0x01, 0x00, 0x00, 0x00, 0xC0, 0x01, 0x00, 0x00, 0x00, 0x00, 0x00, 0x00, 0x00, 0x00, 0x00,
    0x00, 0x00, 0x00, 0xFC, 0x01, 0x00, 0x00, 0x00, 0xFF, 0x07, 0x00, 0x00, 0x8C, 0xFF, 0x0F, 0x00, 0x40, 0xC4, 0x03, 0x1E, 0x00,
    0xC0, 0xC4, 0x01, 0x1C, 0x00, 0xC0, 0xE7, 0x01, 0x3C, 0x00, 0xC0, 0xE7, 0x00, 0x38, 0x00, 0x80, 0xE7, 0x00, 0x38, 0x00, 0x00,
    0xEF, 0x00, 0x38, 0x00, 0x00, 0xFF, 0x00, 0x38, 0x00, 0x00, 0xF9, 0x00, 0x3C, 0x00, 0x80, 0xF1, 0x01, 0x1E, 0x00, 0x80, 0xE1,
    0x87, 0x1F, 0x00, 0x80, 0xC0, 0xFF, 0x0F, 0x00, 0x00, 0x00, 0xFF, 0x03, 0x00, 0x00, 0x00, 0xF8, 0x00, 0x00, 0x00, 0x00, 0x00,
    0x00, 0x00, 0x00, 0x00, 0x00, 0x00, 0x00, 0x00, 0x00, 0x00, 0x00, 0xF0, 0xFF, 0x3F, 0x00, 0x00, 0xF0, 0xFF, 0x3F, 0x00, 0x80,
    0xF1, 0xFF, 0x3F, 0x00, 0xC0, 0xC1, 0x01, 0x00, 0x00, 0xE0, 0xE0, 0x00, 0x00, 0x00, 0x60, 0x60, 0x00, 0x00, 0x00, 0x60, 0x70,
    0x00, 0x00, 0x00, 0xC0, 0x70, 0x00, 0x00, 0x00, 0x80, 0x71, 0x00, 0x00, 0x00, 0x80, 0x71, 0x00, 0x00, 0x00, 0xC0, 0xF1, 0x00,
    0x00, 0x00, 0xE0, 0xE0, 0x03, 0x00, 0x00, 0x00, 0xE0, 0xFF, 0x3F, 0x00, 0x00, 0x80, 0xFF, 0x3F, 0x00, 0x00, 0x00, 0xFC, 0x3F,
    0x00, 0x00, 0x00, 0x00, 0x00, 0x00, 0x00, 0x00, 0x00, 0x00, 0x00, 0x00, 0xFE, 0x01, 0x00, 0x00, 0x80, 0xFF, 0x07, 0x00, 0x00,
    0xC0, 0xFF, 0x0F, 0x00, 0x10, 0xE0, 0x03, 0x1F, 0x00, 0x30, 0xE0, 0x00, 0x1C, 0x00, 0xF0, 0xF0, 0x00, 0x3C, 0x00, 0xE0, 0x71,
    0x00, 0x38, 0x00, 0x80, 0x73, 0x00, 0x38, 0x00, 0x00, 0x73, 0x00, 0x38, 0x00, 0x00, 0x72, 0x00, 0x38, 0x00, 0x00, 0xF0, 0x00,
    0x3C, 0x00, 0x00, 0xE0, 0x01, 0x1E, 0x00, 0x00, 0xE0, 0x87, 0x1F, 0x00, 0x00, 0xC0, 0xFF, 0x0F, 0x00, 0x00, 0x00, 0xFF, 0x03,
    0x00, 0x00, 0x00, 0xFC, 0x00, 0x00, 0x00, 0x00, 0x00, 0x00, 0x00, 0x00, 0x00, 0x00, 0x00, 0x00, 0xFE, 0x01, 0x00, 0x00, 0x80,
    0xFF, 0x07, 0x00, 0x00, 0xC0, 0xFF, 0x0F, 0x00, 0x00, 0xE0, 0x03, 0x1F, 0x00, 0x00, 0xE0, 0x00, 0x1C, 0x00, 0x00, 0xF0, 0x00,
    0x3C, 0x00, 0x00, 0x72, 0x00, 0x38, 0x00, 0x80, 0x73, 0x00, 0x38, 0x00, 0xC0, 0x71, 0x00, 0x38, 0x00, 0xE0, 0x70, 0x00, 0x38,
    0x00, 0x70, 0xF0, 0x00, 0x3C, 0x00, 0x30, 0xE0, 0x01, 0x1E, 0x00, 0x10, 0xE0, 0x87, 0x1F, 0x00, 0x00, 0xC0, 0xFF, 0x0F, 0x00,
    0x00, 0x00, 0xFF, 0x03, 0x00, 0x00, 0x00, 0xFC, 0x00, 0x00, 0x00, 0x00, 0x00, 0x00, 0x00, 0x00, 0x00, 0x00, 0x00, 0x00, 0xFE,
    0x01, 0x00, 0x00, 0x80, 0xFF, 0x07, 0x00, 0x00, 0xC0, 0xFF, 0x0F, 0x00, 0x00, 0xE2, 0x03, 0x1F, 0x00, 0x80, 0xE3, 0x00, 0x1C,
    0x00, 0xC0, 0xF1, 0x00, 0x3C, 0x00, 0xF0, 0x70, 0x00, 0x38, 0x00, 0x70, 0x70, 0x00, 0x38, 0x00, 0x70, 0x70, 0x00, 0x38, 0x00,
    0xE0, 0x70, 0x00, 0x38, 0x00, 0xC0, 0xF3, 0x00, 0x3C, 0x00, 0x00, 0xE3, 0x01, 0x1E, 0x00, 0x00, 0xE0, 0x87, 0x1F, 0x00, 0x00,
    0xC0, 0xFF, 0x0F, 0x00, 0x00, 0x00, 0xFF, 0x03, 0x00, 0x00, 0x00, 0xFC, 0x00, 0x00, 0x00, 0x00, 0x00, 0x00, 0x00, 0x00, 0x00,
    0x00, 0x00, 0x00, 0xFE, 0x01, 0x00, 0x00, 0x80, 0xFF, 0x07, 0x00, 0x00, 0xC0, 0xFF, 0x0F, 0x00, 0xC0, 0xE1, 0x03, 0x1F, 0x00,
    0xE0, 0xE1, 0x00, 0x1C, 0x00, 0x60, 0xF0, 0x00, 0x3C, 0x00, 0x60, 0x70, 0x00, 0x38, 0x00, 0xC0, 0x70, 0x00, 0x38, 0x00, 0x80,
    0x71, 0x00, 0x38, 0x00, 0x80, 0x71, 0x00, 0x38, 0x00, 0x80, 0xF1, 0x00, 0x3C, 0x00, 0xE0, 0xE1, 0x01, 0x1E, 0x00, 0x60, 0xE0,
    0x87, 0x1F, 0x00, 0x00, 0xC0, 0xFF, 0x0F, 0x00, 0x00, 0x00, 0xFF, 0x03, 0x00, 0x00, 0x00, 0xFC, 0x00, 0x00, 0x00, 0x00, 0x00,
    0x00, 0x00, 0x00, 0x00, 0x00, 0x00, 0x00, 0xFE, 0x01, 0x00, 0x00, 0x80, 0xFF, 0x07, 0x00, 0x00, 0xC0, 0xFF, 0x0F, 0x00, 0xC0,
    0xE1, 0x03, 0x1F, 0x00, 0xC0, 0xE1, 0x00, 0x1C, 0x00, 0xC0, 0xF1, 0x00, 0x3C, 0x00, 0x00, 0x70, 0x00, 0x38, 0x00, 0x00, 0x70,
    0x00, 0x38, 0x00, 0x00, 0x70, 0x00, 0x38, 0x00, 0xC0, 0x71, 0x00, 0x38, 0x00, 0xC0, 0xF1, 0x00, 0x3C, 0x00, 0xC0, 0xE1, 0x01,
    0x1E, 0x00, 0x00, 0xE0, 0x87, 0x1F, 0x00, 0x00, 0xC0, 0xFF, 0x0F, 0x00, 0x00, 0x00, 0xFF, 0x03, 0x00, 0x00, 0x00, 0xFC, 0x00,
    0x00, 0x00, 0x00, 0x00, 0x00, 0x00, 0x00, 0x00, 0x00, 0x00, 0x00, 0x00, 0x00, 0x00, 0x00, 0x00, 0x1C, 0x00, 0x00, 0x00, 0x00,
    0x1C, 0x00, 0x00, 0x00, 0x00, 0x1C, 0x00, 0x00, 0x00, 0x00, 0x1C, 0x00, 0x00, 0x00, 0x00, 0x1C, 0x00, 0x00, 0x00, 0x00, 0x1C,
    0x00, 0x00, 0x00, 0x00, 0x1C, 0x00, 0x00, 0x00, 0x00, 0x1C, 0x00, 0x00, 0x00, 0x78, 0x1C, 0x0F, 0x00, 0x00, 0x78, 0x1C, 0x0F,
    0x00, 0x00, 0x78, 0x1C, 0x0F, 0x00, 0x00, 0x78, 0x1C, 0x0F, 0x00, 0x00, 0x00, 0x1C, 0x00, 0x00, 0x00, 0x00, 0x1C, 0x00, 0x00,
    0x00, 0x00, 0x1C, 0x00, 0x00, 0x00, 0x00, 0x1C, 0x00, 0x00, 0x00, 0x00, 0x1C, 0x00, 0x00, 0x00, 0x00, 0x1C, 0x00, 0x00, 0x00,
    0x00, 0x1C, 0x00, 0x00, 0x00, 0x00, 0x1C, 0x00, 0x00, 0x00, 0x00, 0x00, 0x00, 0x00, 0x00, 0x20, 0x00, 0x00, 0x00, 0xFE, 0x71,
    0x00, 0x00, 0x80, 0xFF, 0x3F, 0x00, 0x00, 0xC0, 0xFF, 0x0F, 0x00, 0x00, 0xE0, 0x03, 0x1F, 0x00, 0x00, 0xE0, 0x80, 0x1F, 0x00,
    0x00, 0xF0, 0xC0, 0x3D, 0x00, 0x00, 0x70, 0xE0, 0x38, 0x00, 0x00, 0x70, 0x70, 0x38, 0x00, 0x00, 0x70, 0x38, 0x38, 0x00, 0x00,
    0x70, 0x0C, 0x38, 0x00, 0x00, 0xE0, 0x06, 0x3C, 0x00, 0x00, 0xE0, 0x03, 0x1E, 0x00, 0x00, 0xC0, 0x87, 0x1F, 0x00, 0x00, 0xE0,
    0xFF, 0x0F, 0x00, 0x00, 0x70, 0xFF, 0x07, 0x00, 0x00, 0x38, 0xF8, 0x00, 0x00, 0x00, 0x00, 0x00, 0x00, 0x00, 0x00, 0x00, 0x00,
    0x00, 0x00, 0x00, 0x00, 0x00, 0x00, 0xF0, 0xFF, 0x07, 0x00, 0x00, 0xF0, 0xFF, 0x0F, 0x00, 0x10, 0xF0, 0xFF, 0x1F, 0x00, 0x30,
    0x00, 0x00, 0x3C, 0x00, 0x70, 0x00, 0x00, 0x38, 0x00, 0xE0, 0x01, 0x00, 0x38, 0x00, 0x80, 0x03, 0x00, 0x38, 0x00, 0x00, 0x03,
    0x00, 0x38, 0x00, 0x00, 0x02, 0x00, 0x18, 0x00, 0x00, 0x00, 0x00, 0x1C, 0x00, 0x00, 0x00, 0x00, 0x0E, 0x00, 0x00, 0xF0, 0xFF,
    0x3F, 0x00, 0x00, 0xF0, 0xFF, 0x3F, 0x00, 0x00, 0xF0, 0xFF, 0x3F, 0x00, 0x00, 0x00, 0x00, 0x00, 0x00, 0x00, 0x00, 0x00, 0x00,
    0x00, 0x00, 0x00, 0x00, 0x00, 0x00, 0xF0, 0xFF, 0x07, 0x00, 0x00, 0xF0, 0xFF, 0x0F, 0x00, 0x00, 0xF0, 0xFF, 0x1F, 0x00, 0x00,
    0x00, 0x00, 0x3C, 0x00, 0x00, 0x00, 0x00, 0x38, 0x00, 0x00, 0x02, 0x00, 0x38, 0x00, 0x00, 0x03, 0x00, 0x38, 0x00, 0xC0, 0x03,
    0x00, 0x38, 0x00, 0xE0, 0x00, 0x00, 0x18, 0x00, 0x70, 0x00, 0x00, 0x1C, 0x00, 0x30, 0x00, 0x00, 0x0E, 0x00, 0x10, 0xF0, 0xFF,
    0x3F, 0x00, 0x00, 0xF0, 0xFF, 0x3F, 0x00, 0x00, 0xF0, 0xFF, 0x3F, 0x00, 0x00, 0x00, 0x00, 0x00, 0x00, 0x00, 0x00, 0x00, 0x00,
    0x00, 0x00, 0x00, 0x00, 0x00, 0x00, 0xF0, 0xFF, 0x07, 0x00, 0x00, 0xF0, 0xFF, 0x0F, 0x00, 0x00, 0xF2, 0xFF, 0x1F, 0x00, 0x00,
    0x03, 0x00, 0x3C, 0x00, 0xC0, 0x01, 0x00, 0x38, 0x00, 0xF0, 0x00, 0x00, 0x38, 0x00, 0x70, 0x00, 0x00, 0x38, 0x00, 0x70, 0x00,
    0x00, 0x38, 0x00, 0xE0, 0x00, 0x00, 0x18, 0x00, 0xC0, 0x03, 0x00, 0x1C, 0x00, 0x00, 0x03, 0x00, 0x0E, 0x00, 0x00, 0xF2, 0xFF,
    0x3F, 0x00, 0x00, 0xF0, 0xFF, 0x3F, 0x00, 0x00, 0xF0, 0xFF, 0x3F, 0x00, 0x00, 0x00, 0x00, 0x00, 0x00, 0x00, 0x00, 0x00, 0x00,
    0x00, 0x00, 0x00, 0x00, 0x00, 0x00, 0xF0, 0xFF, 0x07, 0x00, 0x00, 0xF0, 0xFF, 0x0F, 0x00, 0xC0, 0xF1, 0xFF, 0x1F, 0x00, 0xC0,
    0x01, 0x00, 0x3C, 0x00, 0xC0, 0x01, 0x00, 0x38, 0x00, 0x00, 0x00, 0x00, 0x38, 0x00, 0x00, 0x00, 0x00, 0x38, 0x00, 0x00, 0x00,
    0x00, 0x38, 0x00, 0xC0, 0x01, 0x00, 0x18, 0x00, 0xC0, 0x01, 0x00, 0x1C, 0x00, 0xC0, 0x01, 0x00, 0x0E, 0x00, 0xC0, 0xF1, 0xFF,
    0x3F, 0x00, 0x00, 0xF0, 0xFF, 0x3F, 0x00, 0x00, 0xF0, 0xFF, 0x3F, 0x00, 0x00, 0x00, 0x00, 0x00, 0x00, 0x10, 0x00, 0x00, 0x00,
    0x00, 0xF0, 0x00, 0x00, 0x00, 0x00, 0xF0, 0x03, 0x00, 0x1C, 0x00, 0xE0, 0x1F, 0x00, 0x1C, 0x00, 0x00, 0x7F, 0x00, 0x1C, 0x00,
    0x00, 0xFC, 0x03, 0x1E, 0x00, 0x00, 0xE0, 0x8F, 0x0F, 0x00, 0x03, 0x00, 0xFF, 0x07, 0x80, 0x03, 0x00, 0xFE, 0x01, 0xC0, 0x01,
    0x80, 0x7F, 0x00, 0xF0, 0x00, 0xE0, 0x0F, 0x00, 0x70, 0x00, 0xFC, 0x03, 0x00, 0x10, 0x00, 0x7F, 0x00, 0x00, 0x00, 0xE0, 0x1F,
    0x00, 0x00, 0x00, 0xF0, 0x03, 0x00, 0x00, 0x00, 0xF0, 0x00, 0x00, 0x00, 0x00, 0x10, 0x00, 0x00, 0x00, 0x00, 0x00, 0x00, 0x00,
    0x00, 0x00, 0x00, 0x00, 0x00, 0x00, 0x00, 0x00, 0xC0, 0xFF, 0xFF, 0xFF, 0x1F, 0xC0, 0xFF, 0xFF, 0xFF, 0x1F, 0xC0, 0xFF, 0xFF,
    0xFF, 0x1F, 0x00, 0xC0, 0x03, 0x0F, 0x00, 0x00, 0xE0, 0x00, 0x1C, 0x00, 0x00, 0xE0, 0x00, 0x1C, 0x00, 0x00, 0x70, 0x00, 0x38,
    0x00, 0x00, 0x70, 0x00, 0x38, 0x00, 0x00, 0x70, 0x00, 0x38, 0x00, 0x00, 0x70, 0x00, 0x38, 0x00, 0x00, 0xF0, 0x00, 0x3C, 0x00,
    0x00, 0xE0, 0x01, 0x1E, 0x00, 0x00, 0xE0, 0xCF, 0x1F, 0x00, 0x00, 0xC0, 0xFF, 0x0F, 0x00, 0x00, 0x00, 0xFF, 0x03, 0x00, 0x00,
    0x00, 0x30, 0x00, 0x00, 0x00, 0x00, 0x00, 0x00, 0x10, 0x00, 0x00, 0x00, 0x00, 0xF0, 0x00, 0x00, 0x00, 0x00, 0xF0, 0x03, 0x00,
    0x1C, 0x00, 0xE0, 0x1F, 0x00, 0x1C, 0xC0, 0x01, 0x7F, 0x00, 0x1C, 0xC0, 0x01, 0xFC, 0x03, 0x1E, 0xC0, 0x01, 0xE0, 0x8F, 0x0F,
    0x00, 0x00, 0x00, 0xFF, 0x07, 0x00, 0x00, 0x00, 0xFE, 0x01, 0x00, 0x00, 0x80, 0x7F, 0x00, 0xC0, 0x01, 0xE0, 0x0F, 0x00, 0xC0,
    0x01, 0xFC, 0x03, 0x00, 0xC0, 0x01, 0x7F, 0x00, 0x00, 0x00, 0xE0, 0x1F, 0x00, 0x00, 0x00, 0xF0, 0x03, 0x00, 0x00, 0x00, 0xF0,
    0x00, 0x00, 0x00, 0x00, 0x10};

#endif // T_WATCH_ULTRA
