#pragma once

// Boot splash artwork from the RGB565 Image Editor: icon, 160x80 XBM
// (LSB-first, 20 bytes per row), centred by drawOEMIconScreen(). Include this from the
// board's variant.h; anything defined there before the #include overrides the defaults below.

#ifndef USERPREFS_OEM_TEXT
#define USERPREFS_OEM_TEXT "Ixitxachitl Build"
#endif
#ifndef USERPREFS_OEM_FONT_SIZE
#define USERPREFS_OEM_FONT_SIZE 1
#endif
#ifndef USERPREFS_OEM_IMAGE_SCALE
#define USERPREFS_OEM_IMAGE_SCALE 1 // artwork is authored at panel resolution
#endif

// clang-format off
#define USERPREFS_OEM_IMAGE_WIDTH 160
#define USERPREFS_OEM_IMAGE_HEIGHT 80
// 1-bit data: opaque pixels
#define USERPREFS_OEM_IMAGE_DATA \
    { \
        0xFF, 0xFF, 0xFF, 0xFF, 0xFF, 0xFF, 0xFF, 0xFF, 0xFF, 0xFF, 0xFF, 0xFF, \
        0xFF, 0xFF, 0xFF, 0xFF, 0xFF, 0xFF, 0xFF, 0xFF, 0xFF, 0xFF, 0xFF, 0xFF, \
        0xFF, 0xFF, 0xFF, 0xFF, 0xFF, 0xFF, 0xFF, 0xFF, 0xFF, 0xFF, 0xFF, 0xFF, \
        0xFF, 0xFF, 0xFF, 0xFF, 0xFF, 0xFF, 0xFF, 0xFF, 0xFF, 0xFF, 0xFF, 0xFF, \
        0xFF, 0xFF, 0xFF, 0xFF, 0xFF, 0xFF, 0xFF, 0xFF, 0xFF, 0xFF, 0xFF, 0xFF, \
        0xFF, 0xFF, 0xFF, 0xFF, 0xFF, 0xFF, 0xFF, 0xFF, 0xFF, 0xFF, 0xFF, 0xFF, \
        0xFF, 0xFF, 0xFF, 0xFF, 0xFF, 0xFF, 0xFF, 0xFF, 0xFF, 0xFF, 0xFF, 0xFF, \
        0xFF, 0xFF, 0xFF, 0xFF, 0xFF, 0xFF, 0xFF, 0xFF, 0xFF, 0xFF, 0xFF, 0xFF, \
        0xFF, 0xFF, 0xFF, 0xFF, 0xFF, 0xFF, 0xFF, 0xFF, 0xFF, 0xFF, 0xFF, 0xFF, \
        0xFF, 0xFF, 0xFF, 0xFF, 0xFF, 0xFF, 0xFF, 0xFF, 0xFF, 0xFF, 0xFF, 0xFF, \
        0xFF, 0xFF, 0xFF, 0xFF, 0xFF, 0xFF, 0xFF, 0xFF, 0xFF, 0xFF, 0xFF, 0xFF, \
        0xFF, 0xFF, 0xFF, 0xFF, 0xFF, 0xFF, 0xFF, 0xFF, 0xFF, 0xFF, 0xFF, 0xFF, \
        0xFF, 0xFF, 0xFF, 0xFF, 0xFF, 0xFF, 0xFF, 0xFF, 0xFF, 0xFF, 0xFF, 0xFF, \
        0xFF, 0xFF, 0xFF, 0xFF, 0xFF, 0xFF, 0xFF, 0xFF, 0xFF, 0xFF, 0xFF, 0xFF, \
        0xFF, 0xFF, 0xFF, 0xFF, 0xFF, 0xFF, 0xFF, 0xFF, 0xFF, 0xFF, 0xFF, 0xFF, \
        0xFF, 0xFF, 0xFF, 0xFF, 0xFF, 0xFF, 0xFF, 0xFF, 0xFF, 0xFF, 0xFF, 0xFF, \
        0xFF, 0xFF, 0xFF, 0xFF, 0xFF, 0xFF, 0xFF, 0xFF, 0xFF, 0xFF, 0xFF, 0xFF, \
        0xFF, 0xFF, 0xFF, 0xFF, 0xFF, 0xFF, 0xFF, 0xFF, 0xFF, 0xFF, 0xFF, 0xFF, \
        0xFF, 0xFF, 0xFF, 0xFF, 0xFF, 0xFF, 0xFF, 0xFF, 0xFF, 0xFF, 0xFF, 0xFF, \
        0xFF, 0xFF, 0xFF, 0xFF, 0xFF, 0xFF, 0xFF, 0xFF, 0xFF, 0xFF, 0xFF, 0xFF, \
        0xFF, 0xFF, 0xFF, 0xFF, 0xFF, 0xFF, 0xFF, 0xFF, 0xFF, 0xFF, 0xFF, 0xFF, \
        0xFF, 0xFF, 0xFF, 0xFF, 0xFF, 0xFF, 0xFF, 0xFF, 0xFF, 0xFF, 0xFF, 0xFF, \
        0xFF, 0xFF, 0xFF, 0xFF, 0xFF, 0xFF, 0xFF, 0xFF, 0xFF, 0xFF, 0xFF, 0xFF, \
        0xFF, 0xFF, 0xFF, 0xFF, 0xFF, 0xFF, 0xFF, 0xFF, 0xFF, 0xFF, 0xFF, 0xFF, \
        0xFF, 0xFF, 0xFF, 0xFF, 0xFF, 0xFF, 0xFF, 0xFF, 0xFF, 0xFF, 0xFF, 0xFF, \
        0xFF, 0xFF, 0xFF, 0xFF, 0xFF, 0xFF, 0xFF, 0xFF, 0xFF, 0xFF, 0xFF, 0xFF, \
        0xFF, 0xFF, 0xFF, 0xFF, 0xFF, 0xFF, 0xFF, 0xFF, 0xFF, 0xFF, 0xFF, 0xFF, \
        0xFF, 0xFF, 0xFF, 0xFF, 0xFF, 0xFF, 0xFF, 0xFF, 0xFF, 0xFF, 0xFF, 0xFF, \
        0xFF, 0xFF, 0xFF, 0xFF, 0xFF, 0xFF, 0xFF, 0xFF, 0xFF, 0xFF, 0xFF, 0xFF, \
        0xFF, 0xFF, 0xFF, 0xFF, 0xFF, 0xFF, 0xFF, 0xFF, 0xFF, 0xFF, 0xFF, 0xFF, \
        0xFF, 0xFF, 0xFF, 0xFF, 0xFF, 0xFF, 0xFF, 0xFF, 0xFF, 0xFF, 0xFF, 0xFF, \
        0xFF, 0xFF, 0xFF, 0xFF, 0xFF, 0xFF, 0xFF, 0xFF, 0xFF, 0xFF, 0xFF, 0xFF, \
        0xFF, 0xFF, 0xFF, 0xFF, 0xFF, 0xFF, 0xFF, 0xFF, 0xFF, 0xFF, 0xFF, 0xFF, \
        0xFF, 0xFF, 0xFF, 0xFF, 0xFF, 0xFF, 0xFF, 0xFF, 0xFF, 0xFF, 0xFF, 0xFF, \
        0xFF, 0xFF, 0xFF, 0xFF, 0xFF, 0xFF, 0xFF, 0xFF, 0xFF, 0xFF, 0xFF, 0xFF, \
        0xFF, 0xFF, 0xFF, 0xFF, 0xFF, 0xFF, 0xFF, 0xFF, 0xFF, 0xFF, 0xFF, 0xFF, \
        0xFF, 0xFF, 0xFF, 0xFF, 0xFF, 0xFF, 0xFF, 0xFF, 0xFF, 0xFF, 0xFF, 0xFF, \
        0xFF, 0xFF, 0xFF, 0xFF, 0xFF, 0xFF, 0xFF, 0xFF, 0xFF, 0xFF, 0xFF, 0xFF, \
        0xFF, 0xFF, 0xFF, 0xFF, 0xFF, 0xFF, 0xFF, 0xFF, 0xFF, 0xFF, 0xFF, 0xFF, \
        0xFF, 0xFF, 0xFF, 0xFF, 0xFF, 0xFF, 0xFF, 0xFF, 0xFF, 0xFF, 0xFF, 0xFF, \
        0xFF, 0xFF, 0xFF, 0xFF, 0xFF, 0xFF, 0xFF, 0xFF, 0xFF, 0xFF, 0xFF, 0xFF, \
        0xFF, 0xFF, 0xFF, 0xFF, 0xFF, 0xFF, 0xFF, 0xFF, 0xFF, 0xFF, 0xFF, 0xFF, \
        0xFF, 0xFF, 0xFF, 0xFF, 0xFF, 0xFF, 0xFF, 0xFF, 0xFF, 0xFF, 0xFF, 0xFF, \
        0xFF, 0xFF, 0xFF, 0xFF, 0xFF, 0xFF, 0xFF, 0xFF, 0xFF, 0xFF, 0xFF, 0xFF, \
        0xFF, 0xFF, 0xFF, 0xFF, 0xFF, 0xFF, 0xFF, 0xFF, 0xFF, 0xFF, 0xFF, 0xFF, \
        0xFF, 0xFF, 0xFF, 0xFF, 0xFF, 0xFF, 0xFF, 0xFF, 0xFF, 0xFF, 0xFF, 0xFF, \
        0xFF, 0xFF, 0xFF, 0xFF, 0xFF, 0xFF, 0xFF, 0xFF, 0xFF, 0xFF, 0xFF, 0xFF, \
        0xFF, 0xFF, 0xFF, 0xFF, 0xFF, 0xFF, 0xFF, 0xFF, 0xFF, 0xFF, 0xFF, 0xFF, \
        0xFF, 0xFF, 0xFF, 0xFF, 0xFF, 0xFF, 0xFF, 0xFF, 0xFF, 0xFF, 0xFF, 0xFF, \
        0xFF, 0xFF, 0xFF, 0xFF, 0xFF, 0xFF, 0xFF, 0xFF, 0xFF, 0xFF, 0xFF, 0xFF, \
        0xFF, 0xFF, 0xFF, 0xFF, 0xFF, 0xFF, 0xFF, 0xFF, 0xFF, 0xFF, 0xFF, 0xFF, \
        0xFF, 0xFF, 0xFF, 0xFF, 0xFF, 0xFF, 0xFF, 0xFF, 0xFF, 0xFF, 0xFF, 0xFF, \
        0xFF, 0xFF, 0xFF, 0xFF, 0xFF, 0xFF, 0xFF, 0xFF, 0xFF, 0xFF, 0xFF, 0xFF, \
        0xFF, 0xFF, 0xFF, 0xFF, 0xFF, 0xFF, 0xFF, 0xFF, 0xFF, 0xFF, 0xFF, 0xFF, \
        0xFF, 0xFF, 0xFF, 0xFF, 0xFF, 0xFF, 0xFF, 0xFF, 0xFF, 0xFF, 0xFF, 0xFF, \
        0xFF, 0xFF, 0xFF, 0xFF, 0xFF, 0xFF, 0xFF, 0xFF, 0xFF, 0xFF, 0xFF, 0xFF, \
        0xFF, 0xFF, 0xFF, 0xFF, 0xFF, 0xFF, 0xFF, 0xFF, 0xFF, 0xFF, 0xFF, 0xFF, \
        0xFF, 0xFF, 0xFF, 0xFF, 0xFF, 0xFF, 0xFF, 0xFF, 0xFF, 0xFF, 0xFF, 0xFF, \
        0xFF, 0xFF, 0xFF, 0xFF, 0xFF, 0xFF, 0xFF, 0xFF, 0xFF, 0xFF, 0xFF, 0xFF, \
        0xFF, 0xFF, 0xFF, 0xFF, 0xFF, 0xFF, 0xFF, 0xFF, 0xFF, 0xFF, 0xFF, 0xFF, \
        0xFF, 0xFF, 0xFF, 0xFF, 0xFF, 0xFF, 0xFF, 0xFF, 0xFF, 0xFF, 0xFF, 0xFF, \
        0xFF, 0xFF, 0xFF, 0xFF, 0xFF, 0xFF, 0xFF, 0xFF, 0xFF, 0xFF, 0xFF, 0xFF, \
        0xFF, 0xFF, 0xFF, 0xFF, 0xFF, 0xFF, 0xFF, 0xFF, 0xFF, 0xFF, 0xFF, 0xFF, \
        0xFF, 0xFF, 0xFF, 0xFF, 0xFF, 0xFF, 0xFF, 0xFF, 0xFF, 0xFF, 0xFF, 0xFF, \
        0xFF, 0xFF, 0xFF, 0xFF, 0xFF, 0xFF, 0xFF, 0xFF, 0xFF, 0xFF, 0xFF, 0xFF, \
        0xFF, 0xFF, 0xFF, 0xFF, 0xFF, 0xFF, 0xFF, 0xFF, 0xFF, 0xFF, 0xFF, 0xFF, \
        0xFF, 0xFF, 0xFF, 0xFF, 0xFF, 0xFF, 0xFF, 0xFF, 0xFF, 0xFF, 0xFF, 0xFF, \
        0xFF, 0xFF, 0xFF, 0xFF, 0xFF, 0xFF, 0xFF, 0xFF, 0xFF, 0xFF, 0xFF, 0xFF, \
        0xFF, 0xFF, 0xFF, 0xFF, 0xFF, 0xFF, 0xFF, 0xFF, 0xFF, 0xFF, 0xFF, 0xFF, \
        0xFF, 0xFF, 0xFF, 0xFF, 0xFF, 0xFF, 0xFF, 0xFF, 0xFF, 0xFF, 0xFF, 0xFF, \
        0xFF, 0xFF, 0xFF, 0xFF, 0xFF, 0xFF, 0xFF, 0xFF, 0xFF, 0xFF, 0xFF, 0xFF, \
        0xFF, 0xFF, 0xFF, 0xFF, 0xFF, 0xFF, 0xFF, 0xFF, 0xFF, 0xFF, 0xFF, 0xFF, \
        0xFF, 0xFF, 0xFF, 0xFF, 0xFF, 0xFF, 0xFF, 0xFF, 0xFF, 0xFF, 0xFF, 0xFF, \
        0xFF, 0xFF, 0xFF, 0xFF, 0xFF, 0xFF, 0xFF, 0xFF, 0xFF, 0xFF, 0xFF, 0xFF, \
        0xFF, 0xFF, 0xFF, 0xFF, 0xFF, 0xFF, 0xFF, 0xFF, 0xFF, 0xFF, 0xFF, 0xFF, \
        0xFF, 0xFF, 0xFF, 0xFF, 0xFF, 0xFF, 0xFF, 0xFF, 0xFF, 0xFF, 0xFF, 0xFF, \
        0xFF, 0xFF, 0xFF, 0xFF, 0xFF, 0xFF, 0xFF, 0xFF, 0xFF, 0xFF, 0xFF, 0xFF, \
        0xFF, 0xFF, 0xFF, 0xFF, 0xFF, 0xFF, 0xFF, 0xFF, 0xFF, 0xFF, 0xFF, 0xFF, \
        0xFF, 0xFF, 0xFF, 0xFF, 0xFF, 0xFF, 0xFF, 0xFF, 0xFF, 0xFF, 0xFF, 0xFF, \
        0xFF, 0xFF, 0xFF, 0xFF, 0xFF, 0xFF, 0xFF, 0xFF, 0xFF, 0xFF, 0xFF, 0xFF, \
        0xFF, 0xFF, 0xFF, 0xFF, 0xFF, 0xFF, 0xFF, 0xFF, 0xFF, 0xFF, 0xFF, 0xFF, \
        0xFF, 0xFF, 0xFF, 0xFF, 0xFF, 0xFF, 0xFF, 0xFF, 0xFF, 0xFF, 0xFF, 0xFF, \
        0xFF, 0xFF, 0xFF, 0xFF, 0xFF, 0xFF, 0xFF, 0xFF, 0xFF, 0xFF, 0xFF, 0xFF, \
        0xFF, 0xFF, 0xFF, 0xFF, 0xFF, 0xFF, 0xFF, 0xFF, 0xFF, 0xFF, 0xFF, 0xFF, \
        0xFF, 0xFF, 0xFF, 0xFF, 0xFF, 0xFF, 0xFF, 0xFF, 0xFF, 0xFF, 0xFF, 0xFF, \
        0xFF, 0xFF, 0xFF, 0xFF, 0xFF, 0xFF, 0xFF, 0xFF, 0xFF, 0xFF, 0xFF, 0xFF, \
        0xFF, 0xFF, 0xFF, 0xFF, 0xFF, 0xFF, 0xFF, 0xFF, 0xFF, 0xFF, 0xFF, 0xFF, \
        0xFF, 0xFF, 0xFF, 0xFF, 0xFF, 0xFF, 0xFF, 0xFF, 0xFF, 0xFF, 0xFF, 0xFF, \
        0xFF, 0xFF, 0xFF, 0xFF, 0xFF, 0xFF, 0xFF, 0xFF, 0xFF, 0xFF, 0xFF, 0xFF, \
        0xFF, 0xFF, 0xFF, 0xFF, 0xFF, 0xFF, 0xFF, 0xFF, 0xFF, 0xFF, 0xFF, 0xFF, \
        0xFF, 0xFF, 0xFF, 0xFF, 0xFF, 0xFF, 0xFF, 0xFF, 0xFF, 0xFF, 0xFF, 0xFF, \
        0xFF, 0xFF, 0xFF, 0xFF, 0xFF, 0xFF, 0xFF, 0xFF, 0xFF, 0xFF, 0xFF, 0xFF, \
        0xFF, 0xFF, 0xFF, 0xFF, 0xFF, 0xFF, 0xFF, 0xFF, 0xFF, 0xFF, 0xFF, 0xFF, \
        0xFF, 0xFF, 0xFF, 0xFF, 0xFF, 0xFF, 0xFF, 0xFF, 0xFF, 0xFF, 0xFF, 0xFF, \
        0xFF, 0xFF, 0xFF, 0xFF, 0xFF, 0xFF, 0xFF, 0xFF, 0xFF, 0xFF, 0xFF, 0xFF, \
        0xFF, 0xFF, 0xFF, 0xFF, 0xFF, 0xFF, 0xFF, 0xFF, 0xFF, 0xFF, 0xFF, 0xFF, \
        0xFF, 0xFF, 0xFF, 0xFF, 0xFF, 0xFF, 0xFF, 0xFF, 0xFF, 0xFF, 0xFF, 0xFF, \
        0xFF, 0xFF, 0xFF, 0xFF, 0xFF, 0xFF, 0xFF, 0xFF, 0xFF, 0xFF, 0xFF, 0xFF, \
        0xFF, 0xFF, 0xFF, 0xFF, 0xFF, 0xFF, 0xFF, 0xFF, 0xFF, 0xFF, 0xFF, 0xFF, \
        0xFF, 0xFF, 0xFF, 0xFF, 0xFF, 0xFF, 0xFF, 0xFF, 0xFF, 0xFF, 0xFF, 0xFF, \
        0xFF, 0xFF, 0xFF, 0xFF, 0xFF, 0xFF, 0xFF, 0xFF, 0xFF, 0xFF, 0xFF, 0xFF, \
        0xFF, 0xFF, 0xFF, 0xFF, 0xFF, 0xFF, 0xFF, 0xFF, 0xFF, 0xFF, 0xFF, 0xFF, \
        0xFF, 0xFF, 0xFF, 0xFF, 0xFF, 0xFF, 0xFF, 0xFF, 0xFF, 0xFF, 0xFF, 0xFF, \
        0xFF, 0xFF, 0xFF, 0xFF, 0xFF, 0xFF, 0xFF, 0xFF, 0xFF, 0xFF, 0xFF, 0xFF, \
        0xFF, 0xFF, 0xFF, 0xFF, 0xFF, 0xFF, 0xFF, 0xFF, 0xFF, 0xFF, 0xFF, 0xFF, \
        0xFF, 0xFF, 0xFF, 0xFF, 0xFF, 0xFF, 0xFF, 0xFF, 0xFF, 0xFF, 0xFF, 0xFF, \
        0xFF, 0xFF, 0xFF, 0xFF, 0xFF, 0xFF, 0xFF, 0xFF, 0xFF, 0xFF, 0xFF, 0xFF, \
        0xFF, 0xFF, 0xFF, 0xFF, 0xFF, 0xFF, 0xFF, 0xFF, 0xFF, 0xFF, 0xFF, 0xFF, \
        0xFF, 0xFF, 0xFF, 0xFF, 0xFF, 0xFF, 0xFF, 0xFF, 0xFF, 0xFF, 0xFF, 0xFF, \
        0xFF, 0xFF, 0xFF, 0xFF, 0xFF, 0xFF, 0xFF, 0xFF, 0xFF, 0xFF, 0xFF, 0xFF, \
        0xFF, 0xFF, 0xFF, 0xFF, 0xFF, 0xFF, 0xFF, 0xFF, 0xFF, 0xFF, 0xFF, 0xFF, \
        0xFF, 0xFF, 0xFF, 0xFF, 0xFF, 0xFF, 0xFF, 0xFF, 0xFF, 0xFF, 0xFF, 0xFF, \
        0xFF, 0xFF, 0xFF, 0xFF, 0xFF, 0xFF, 0xFF, 0xFF, 0xFF, 0xFF, 0xFF, 0xFF, \
        0xFF, 0xFF, 0xFF, 0xFF, 0xFF, 0xFF, 0xFF, 0xFF, 0xFF, 0xFF, 0xFF, 0xFF, \
        0xFF, 0xFF, 0xFF, 0xFF, 0xFF, 0xFF, 0xFF, 0xFF, 0xFF, 0xFF, 0xFF, 0xFF, \
        0xFF, 0xFF, 0xFF, 0xFF, 0xFF, 0xFF, 0xFF, 0xFF, 0xFF, 0xFF, 0xFF, 0xFF, \
        0xFF, 0xFF, 0xFF, 0xFF, 0xFF, 0xFF, 0xFF, 0xFF, 0xFF, 0xFF, 0xFF, 0xFF, \
        0xFF, 0xFF, 0xFF, 0xFF, 0xFF, 0xFF, 0xFF, 0xFF, 0xFF, 0xFF, 0xFF, 0xFF, \
        0xFF, 0xFF, 0xFF, 0xFF, 0xFF, 0xFF, 0xFF, 0xFF, 0xFF, 0xFF, 0xFF, 0xFF, \
        0xFF, 0xFF, 0xFF, 0xFF, 0xFF, 0xFF, 0xFF, 0xFF, 0xFF, 0xFF, 0xFF, 0xFF, \
        0xFF, 0xFF, 0xFF, 0xFF, 0xFF, 0xFF, 0xFF, 0xFF, 0xFF, 0xFF, 0xFF, 0xFF, \
        0xFF, 0xFF, 0xFF, 0xFF, 0xFF, 0xFF, 0xFF, 0xFF, 0xFF, 0xFF, 0xFF, 0xFF, \
        0xFF, 0xFF, 0xFF, 0xFF, 0xFF, 0xFF, 0xFF, 0xFF, 0xFF, 0xFF, 0xFF, 0xFF, \
        0xFF, 0xFF, 0xFF, 0xFF, 0xFF, 0xFF, 0xFF, 0xFF, 0xFF, 0xFF, 0xFF, 0xFF, \
        0xFF, 0xFF, 0xFF, 0xFF, 0xFF, 0xFF, 0xFF, 0xFF, 0xFF, 0xFF, 0xFF, 0xFF, \
        0xFF, 0xFF, 0xFF, 0xFF, 0xFF, 0xFF, 0xFF, 0xFF, 0xFF, 0xFF, 0xFF, 0xFF, \
        0xFF, 0xFF, 0xFF, 0xFF, 0xFF, 0xFF, 0xFF, 0xFF, 0xFF, 0xFF, 0xFF, 0xFF, \
        0xFF, 0xFF, 0xFF, 0xFF, 0xFF, 0xFF, 0xFF, 0xFF, 0xFF, 0xFF, 0xFF, 0xFF, \
        0xFF, 0xFF, 0xFF, 0xFF, 0xFF, 0xFF, 0xFF, 0xFF, 0xFF, 0xFF, 0xFF, 0xFF, \
        0xFF, 0xFF, 0xFF, 0xFF, 0xFF, 0xFF, 0xFF, 0xFF, 0xFF, 0xFF, 0xFF, 0xFF, \
        0xFF, 0xFF, 0xFF, 0xFF, 0xFF, 0xFF, 0xFF, 0xFF, 0xFF, 0xFF, 0xFF, 0xFF, \
        0xFF, 0xFF, 0xFF, 0xFF, 0xFF, 0xFF, 0xFF, 0xFF, 0xFF, 0xFF, 0xFF, 0xFF, \
        0xFF, 0xFF, 0xFF, 0xFF, 0xFF, 0xFF, 0xFF, 0xFF, 0xFF, 0xFF, 0xFF, 0xFF, \
        0xFF, 0xFF, 0xFF, 0xFF \
    }

// The same artwork in colour: native-endian RGB565, row-major, for drawRGB565(). Transparent pixels
// are 0x0000. drawOEMIconScreen() does not read this yet.
#define USERPREFS_OEM_IMAGE_RGB565_DATA \
    { \
        0x1F53, 0x1F53, 0x1F53, 0x1F53, 0x1F53, 0x1F53, 0x1F53, 0x1F53, 0x1F53, 0x1F53, 0x1F53, 0x1F53, \
        0x1F53, 0x1F53, 0x1F53, 0x1F53, 0x1F53, 0x1F53, 0x1F53, 0x1F53, 0x1F53, 0x1F53, 0x1F53, 0x1F53, \
        0x1F53, 0x1F53, 0x1F53, 0x1F53, 0x1F53, 0x1F53, 0x1F53, 0x1F53, 0x1F53, 0x1F53, 0x1F53, 0x1F53, \
        0x1F53, 0x1F53, 0x1F53, 0x1F53, 0x1F53, 0x1F53, 0x1F53, 0x1F53, 0x1F53, 0x1F53, 0x1F53, 0x1F53, \
        0x1F53, 0x1F53, 0x1F53, 0x1F53, 0x1F53, 0x1F53, 0x1F53, 0x1F53, 0x1F53, 0x1F53, 0x1F53, 0x1F53, \
        0x1F53, 0x1F53, 0x1F53, 0x1F53, 0x1F53, 0x1F53, 0x1F53, 0x1F53, 0x1F53, 0x1F53, 0x1F53, 0x1F53, \
        0x1F53, 0x1F53, 0x1F53, 0x1F53, 0x1F53, 0x1F53, 0x1F53, 0x1F53, 0x1F53, 0x1F53, 0x1F53, 0x1F53, \
        0x1F53, 0x1F53, 0x1F53, 0x1F53, 0x1F53, 0x1F73, 0x06D1, 0x06B0, 0x0732, 0x1F73, 0x1F73, 0x1F53, \
        0x1F53, 0x1F53, 0x1F53, 0x1F53, 0x1F53, 0x1F53, 0x1F53, 0x1F53, 0x1F53, 0x1F53, 0x1F53, 0x1F53, \
        0x1F53, 0x1F53, 0x1F53, 0x1F53, 0x1F53, 0x1F53, 0x1F53, 0x1F53, 0x1F53, 0x1F53, 0x1F53, 0x1F53, \
        0x1F53, 0x1F53, 0x1F53, 0x1F53, 0x1F53, 0x1F53, 0x1F53, 0x1F53, 0x1F53, 0x1F53, 0x1F53, 0x1F53, \
        0x1F53, 0x1F53, 0x1F53, 0x1F53, 0x1F53, 0x1F53, 0x1F53, 0x1F53, 0x1F53, 0x1F53, 0x1F53, 0x1F53, \
        0x1F53, 0x1F53, 0x1F53, 0x1F53, 0x1F53, 0x1F53, 0x1F53, 0x1F53, 0x1F53, 0x1F53, 0x1F53, 0x1F53, \
        0x1F53, 0x1F53, 0x1F53, 0x1F53, 0x1F53, 0x1F53, 0x1F53, 0x1F53, 0x1F53, 0x1F53, 0x1F53, 0x1F53, \
        0x1F53, 0x1F53, 0x1F53, 0x1F53, 0x1F53, 0x1F53, 0x1F53, 0x1F53, 0x1F53, 0x1F53, 0x1F53, 0x1F53, \
        0x1F53, 0x1F53, 0x1F53, 0x1F53, 0x1F53, 0x1F53, 0x1F53, 0x1F53, 0x1F53, 0x1F53, 0x1F53, 0x1F53, \
        0x1F53, 0x1F53, 0x1F53, 0x1F53, 0x1F53, 0x1F53, 0x1F53, 0x1F53, 0x1F53, 0x1F53, 0x1F53, 0x1F53, \
        0x1F53, 0x1F53, 0x1F53, 0x1F53, 0x1F53, 0x1F53, 0x1F53, 0x1F53, 0x1F53, 0x1F53, 0x1F53, 0x1F53, \
        0x1F53, 0x1F53, 0x1F53, 0x1F53, 0x1F53, 0x1F53, 0x1F53, 0x1F53, 0x1F53, 0x1F53, 0x1F53, 0x1F53, \
        0x1F53, 0x1F53, 0x1F53, 0x1F53, 0x1F53, 0x1F53, 0x1F53, 0x1F53, 0x1F53, 0x1F53, 0x1F53, 0x1F53, \
        0x1F53, 0x1F53, 0x1F53, 0x1F53, 0x1F53, 0x1F53, 0x1F53, 0x1F53, 0x1F73, 0x062F, 0x8471, 0xA534, \
        0x648F, 0x056D, 0x0711, 0x1F73, 0x1F53, 0x1F53, 0x1F53, 0x1F53, 0x1F53, 0x1F53, 0x1F53, 0x1F53, \
        0x1F53, 0x1F53, 0x1F53, 0x1F53, 0x1F53, 0x1F53, 0x1F53, 0x1F53, 0x1F53, 0x1F53, 0x1F53, 0x1F53, \
        0x1F53, 0x1F53, 0x1F53, 0x1F53, 0x1F53, 0x1F53, 0x1F53, 0x1F53, 0x1F53, 0x1F53, 0x1F53, 0x1F53, \
        0x1F53, 0x1F53, 0x1F53, 0x1F53, 0x1F53, 0x1F53, 0x1F53, 0x1F53, 0x1F53, 0x1F53, 0x1F53, 0x1F53, \
        0x1F53, 0x1F53, 0x1F53, 0x1F53, 0x1F53, 0x1F53, 0x1F53, 0x1F53, 0x1F53, 0x1F53, 0x1F53, 0x1F53, \
        0x1F53, 0x1F53, 0x1F53, 0x1F53, 0x1F53, 0x1F53, 0x1F53, 0x1F53, 0x1F53, 0x1F53, 0x1F53, 0x1F53, \
        0x1F53, 0x1F53, 0x1F53, 0x1F53, 0x1F53, 0x1F53, 0x1F53, 0x1F53, 0x1F53, 0x1F53, 0x1F53, 0x1F53, \
        0x1F53, 0x1F53, 0x1F53, 0x1F53, 0x1F53, 0x1F53, 0x1F53, 0x1F53, 0x1F53, 0x1F53, 0x1F53, 0x1F53, \
        0x1F53, 0x1F53, 0x1F53, 0x1F53, 0x1F53, 0x1F53, 0x1F53, 0x1F53, 0x1F53, 0x1F53, 0x1F53, 0x1F53, \
        0x1F53, 0x1F53, 0x1F53, 0x1F53, 0x1F53, 0x1F53, 0x1F53, 0x1F53, 0x1F53, 0x1F53, 0x1F53, 0x1F53, \
        0x1F53, 0x1F53, 0x1F53, 0x1F53, 0x1F53, 0x1F53, 0x1F53, 0x1F53, 0x1F53, 0x1F53, 0x1F53, 0x1F53, \
        0x1F53, 0x1F53, 0x1F53, 0x1F53, 0x1F53, 0x1F53, 0x1F53, 0x1F53, 0x1F53, 0x1F53, 0x1F53, 0x1F53, \
        0x1F53, 0x1F53, 0x1F53, 0x1F53, 0x1F53, 0x1F53, 0x1F53, 0x1F53, 0x1F53, 0x1F53, 0x1F53, 0x1F53, \
        0x0772, 0x3C6C, 0xF77E, 0xFFFF, 0xFFBE, 0xCE59, 0x6C4F, 0x05EE, 0x1773, 0x1F73, 0x1F53, 0x1F53, \
        0x1F53, 0x1F53, 0x1F53, 0x1F53, 0x1F53, 0x1F53, 0x1F53, 0x1F53, 0x1F53, 0x1F53, 0x1F53, 0x1F53, \
        0x1F53, 0x1F53, 0x1F53, 0x1F53, 0x1F53, 0x1F53, 0x1F53, 0x1F53, 0x1F53, 0x1F53, 0x1F53, 0x1F53, \
        0x1F53, 0x1F53, 0x1F53, 0x1F53, 0x1F53, 0x1F53, 0x1F53, 0x1F53, 0x1F53, 0x1F53, 0x1F53, 0x1F53, \
        0x1F53, 0x1F53, 0x1F53, 0x1F53, 0x1F53, 0x1F53, 0x1F53, 0x1F53, 0x1F53, 0x1F53, 0x1F53, 0x1F53, \
        0x1F53, 0x1F53, 0x1F53, 0x1F53, 0x1F53, 0x1F53, 0x1F53, 0x1F53, 0x1F53, 0x1F53, 0x1F53, 0x1F53, \
        0x1F53, 0x1F53, 0x1F53, 0x1F53, 0x1F53, 0x1F53, 0x1F53, 0x1F53, 0x1F53, 0x1F53, 0x1F53, 0x1F53, \
        0x1F53, 0x1F53, 0x1F53, 0x1F53, 0x1F53, 0x1F53, 0x1F53, 0x1F53, 0x1F53, 0x1F53, 0x1F53, 0x1F53, \
        0x1F53, 0x1F53, 0x1F53, 0x1F53, 0x1F53, 0x1F53, 0x1F53, 0x1F53, 0x1F53, 0x1F53, 0x1F53, 0x1F53, \
        0x1F53, 0x1F53, 0x1F53, 0x1F53, 0x1F53, 0x1F53, 0x1F53, 0x1F53, 0x1F53, 0x1F53, 0x1F53, 0x1F53, \
        0x1F53, 0x1F53, 0x1F53, 0x1F53, 0x1F53, 0x1F53, 0x1F53, 0x1F53, 0x1F53, 0x1F53, 0x1F53, 0x1F53, \
        0x1F53, 0x1F53, 0x1F53, 0x1F53, 0x1F53, 0x1F53, 0x1F53, 0x1F53, 0x1F53, 0x1F53, 0x1F53, 0x1F53, \
        0x1F53, 0x1F53, 0x1F53, 0x1F53, 0x1F53, 0x1F53, 0x1F53, 0x1F53, 0x1F53, 0x1F53, 0x1F53, 0x1F53, \
        0x1F53, 0x1F53, 0x1F53, 0x1F53, 0x1773, 0x0D4D, 0xBDB7, 0xF79E, 0xFFFF, 0xFFFF, 0xFFBF, 0xAD55, \
        0x050C, 0x0F52, 0x1F73, 0x1F53, 0x1F53, 0x1F53, 0x1F53, 0x1F53, 0x1F53, 0x1F53, 0x1F53, 0x1F53, \
        0x1F53, 0x1F53, 0x1F53, 0x1F53, 0x1F53, 0x1F53, 0x1F53, 0x1F53, 0x1F53, 0x1F53, 0x1F53, 0x1F53, \
        0x1F53, 0x1F53, 0x1F53, 0x1F53, 0x1F53, 0x1F53, 0x1F53, 0x1F53, 0x1F53, 0x1F53, 0x1F53, 0x1F53, \
        0x1F53, 0x1F53, 0x1F53, 0x1F53, 0x1F53, 0x1F53, 0x1F53, 0x1F53, 0x1F53, 0x1F53, 0x1F53, 0x1F53, \
        0x1F53, 0x1F53, 0x1F53, 0x1F53, 0x1F53, 0x1F53, 0x1F53, 0x1F53, 0x1F53, 0x1F53, 0x1F53, 0x1F53, \
        0x1F53, 0x1F53, 0x1F53, 0x1F53, 0x1F53, 0x1F53, 0x1F53, 0x1F53, 0x1F53, 0x1F53, 0x1F53, 0x1F53, \
        0x1F53, 0x1F53, 0x1F53, 0x1F53, 0x1F53, 0x1F53, 0x1F53, 0x1F53, 0x1F53, 0x1F53, 0x1F53, 0x1F53, \
        0x1F53, 0x1F53, 0x1F53, 0x1F53, 0x1F53, 0x1F53, 0x1F53, 0x1F53, 0x1F53, 0x1F53, 0x1F53, 0x1F53, \
        0x1F53, 0x1F53, 0x1F53, 0x1F53, 0x1F53, 0x1F53, 0x1F53, 0x1F53, 0x1F53, 0x1F53, 0x1F53, 0x1F53, \
        0x1F53, 0x1F53, 0x1F53, 0x1F53, 0x1F53, 0x1F53, 0x1F53, 0x1F53, 0x1F53, 0x1F53, 0x1F53, 0x1F53, \
        0x1F53, 0x1F53, 0x1F53, 0x1F53, 0x1F53, 0x1F53, 0x1F53, 0x1F53, 0x1F53, 0x1F53, 0x1F53, 0x1F53, \
        0x1F53, 0x1F53, 0x1F53, 0x1F53, 0x1F53, 0x1F53, 0x1F53, 0x1F53, 0x1F53, 0x1F53, 0x1F53, 0x1F53, \
        0x1F53, 0x1F53, 0x1F53, 0x1F53, 0x1F53, 0x1F53, 0x1F53, 0x1F53, 0x1773, 0x06F1, 0x056C, 0x4CAE, \
        0xAD75, 0xEF7D, 0xFFFF, 0xFFFF, 0xBDD7, 0x04EC, 0x1773, 0x1F53, 0x1F53, 0x1F53, 0x1F53, 0x1F53, \
        0x1F53, 0x1F53, 0x1F53, 0x1F53, 0x1F53, 0x1F53, 0x1F53, 0x1F53, 0x1F53, 0x1F53, 0x1F53, 0x1F53, \
        0x1F53, 0x1F53, 0x1F53, 0x1F53, 0x1F53, 0x1F53, 0x1F53, 0x1F53, 0x1F53, 0x1F53, 0x1F53, 0x1F53, \
        0x1F53, 0x1F53, 0x1F53, 0x1F53, 0x1F53, 0x1F53, 0x1F53, 0x1F53, 0x1F53, 0x1F53, 0x1F53, 0x1F53, \
        0x1F53, 0x1F53, 0x1F53, 0x1F53, 0x1F53, 0x1F53, 0x1F53, 0x1F53, 0x1F53, 0x1F53, 0x1F53, 0x1F53, \
        0x1F53, 0x1F53, 0x1F53, 0x1F53, 0x1F53, 0x1F53, 0x1F53, 0x1F53, 0x1F53, 0x1F53, 0x1F53, 0x1F53, \
        0x1F53, 0x1F53, 0x1F53, 0x1F53, 0x1F53, 0x1F53, 0x1F53, 0x1F53, 0x1F53, 0x1F53, 0x1F53, 0x1F53, \
        0x1F53, 0x1F53, 0x1F53, 0x1F53, 0x1F53, 0x1F53, 0x1F53, 0x1F53, 0x1F53, 0x1F53, 0x1F53, 0x1F53, \
        0x1F53, 0x1F53, 0x1F53, 0x1F53, 0x1F53, 0x1F53, 0x1F53, 0x1F53, 0x1F53, 0x1F53, 0x1F53, 0x1F53, \
        0x1F53, 0x1F53, 0x1F53, 0x1F53, 0x1F53, 0x1F53, 0x1F53, 0x1F53, 0x1F53, 0x1F53, 0x1F53, 0x1F53, \
        0x1F53, 0x1F53, 0x1F53, 0x1F53, 0x1F53, 0x1F53, 0x1F53, 0x1F53, 0x1F53, 0x1F53, 0x1F53, 0x1F53, \
        0x1F53, 0x1F53, 0x1F53, 0x1F53, 0x1F53, 0x1F53, 0x1F53, 0x1F53, 0x1F53, 0x1F53, 0x1F53, 0x1F53, \
        0x1F53, 0x1F53, 0x1F53, 0x1F53, 0x1F53, 0x1F53, 0x1F53, 0x1F53, 0x1F53, 0x1F53, 0x1F53, 0x1773, \
        0x1DAE, 0x7C90, 0x64AF, 0x054C, 0x05CD, 0x4C6D, 0xD67A, 0xFFFF, 0xFFFF, 0xAD75, 0x05CE, 0x1F73, \
        0x1F53, 0x1F53, 0x1F53, 0x1F53, 0x1F53, 0x1F53, 0x1F53, 0x1F53, 0x1F53, 0x1F53, 0x1F53, 0x1F53, \
        0x1F53, 0x1F53, 0x1F53, 0x1F53, 0x1F53, 0x1F53, 0x1F53, 0x1F53, 0x1F53, 0x1F53, 0x1F53, 0x1F53, \
        0x1F53, 0x1F53, 0x1F53, 0x1F53, 0x1F53, 0x1F53, 0x1F53, 0x1F53, 0x1F53, 0x1F53, 0x1F53, 0x1F53, \
        0x1F53, 0x1F53, 0x1F53, 0x1F53, 0x1F53, 0x1F53, 0x1F53, 0x1F53, 0x1F53, 0x1F53, 0x1F53, 0x1F53, \
        0x1F53, 0x1F53, 0x1F53, 0x1F53, 0x1F53, 0x1F53, 0x1F53, 0x1F53, 0x1F53, 0x1F53, 0x1F53, 0x1F53, \
        0x1F53, 0x1F53, 0x1F53, 0x1F53, 0x1F53, 0x1F53, 0x1F53, 0x1F53, 0x1F53, 0x1F53, 0x1F53, 0x1F53, \
        0x1F53, 0x1F53, 0x1F53, 0x1F53, 0x1F53, 0x1F53, 0x1F53, 0x1F53, 0x1F53, 0x1F53, 0x1F53, 0x1F53, \
        0x1F53, 0x1F53, 0x1F53, 0x1F53, 0x1F53, 0x1F53, 0x1F53, 0x1F53, 0x1F53, 0x1F53, 0x1F53, 0x1F53, \
        0x1F53, 0x1F53, 0x1F53, 0x1F53, 0x1F53, 0x1F53, 0x1F53, 0x1F53, 0x1F53, 0x1F53, 0x1F53, 0x1F53, \
        0x1F53, 0x1F53, 0x1F53, 0x1F53, 0x1F53, 0x1F53, 0x1F53, 0x1F53, 0x1F53, 0x1F53, 0x1F53, 0x1F53, \
        0x1F53, 0x1F53, 0x1F53, 0x1F53, 0x1F53, 0x1F53, 0x1F53, 0x1F53, 0x1F53, 0x1F53, 0x1F53, 0x1F53, \
        0x1F53, 0x1F73, 0x1F73, 0x0752, 0x0752, 0x1F73, 0x1F53, 0x1F53, 0x1F53, 0x1F53, 0x1F53, 0x1F53, \
        0x1F53, 0x1F73, 0x1F73, 0x06D1, 0x8CB2, 0xFFFF, 0xFFBF, 0xD67A, 0x6C6F, 0x05EE, 0x04AC, 0xD679, \
        0xFFFF, 0xFFDF, 0x7450, 0x0711, 0x1F73, 0x1F53, 0x1F53, 0x1F53, 0x1F53, 0x1F53, 0x1F53, 0x1F53, \
        0x1F53, 0x1F53, 0x1F53, 0x1F53, 0x1F53, 0x1F53, 0x1F53, 0x1F53, 0x1F53, 0x1F53, 0x1F53, 0x1F53, \
        0x1F53, 0x1F53, 0x1F53, 0x1F53, 0x1F53, 0x1F53, 0x1F53, 0x1F53, 0x1F53, 0x1F53, 0x1F53, 0x1F53, \
        0x1F53, 0x1F53, 0x1F53, 0x1F53, 0x1F53, 0x1F53, 0x1F53, 0x1F53, 0x1F53, 0x1F53, 0x1F53, 0x1F53, \
        0x1F53, 0x1F53, 0x1F53, 0x1F53, 0x1F53, 0x1F53, 0x1F53, 0x1F53, 0x1F53, 0x1F53, 0x1F53, 0x1F53, \
        0x1F53, 0x1F53, 0x1F53, 0x1F53, 0x1F53, 0x1F53, 0x1F53, 0x1F53, 0x1F53, 0x1F53, 0x1F53, 0x1F53, \
        0x1F53, 0x1F53, 0x1F53, 0x1F53, 0x1F53, 0x1F53, 0x1F53, 0x1F53, 0x1F53, 0x1F53, 0x1F53, 0x1F53, \
        0x1F53, 0x1F53, 0x1F53, 0x1F53, 0x1F53, 0x1F53, 0x1F53, 0x1F53, 0x1F53, 0x1F53, 0x1F53, 0x1F53, \
        0x1F53, 0x1F53, 0x1F53, 0x1F53, 0x1F53, 0x1F53, 0x1F53, 0x1F53, 0x1F53, 0x1F53, 0x1F53, 0x1F53, \
        0x1F53, 0x1F53, 0x1F53, 0x1F53, 0x1F53, 0x1F53, 0x1F53, 0x1F53, 0x1F53, 0x1F53, 0x1F53, 0x1F53, \
        0x1F53, 0x1F53, 0x1F53, 0x1F53, 0x1F53, 0x1F53, 0x1F53, 0x1F53, 0x1F53, 0x1F53, 0x1F53, 0x1F53, \
        0x1F53, 0x1F53, 0x1F53, 0x1F53, 0x1F73, 0x1752, 0x056D, 0x5C8E, 0x4C6D, 0x062F, 0x1F73, 0x1F53, \
        0x1F53, 0x1F53, 0x1F53, 0x1F73, 0x1F73, 0x0752, 0x0752, 0x0732, 0x744F, 0xEF5D, 0xFFFF, 0xFFFF, \
        0xF7BE, 0x94D2, 0x05AD, 0x3C8D, 0xEF3D, 0xFFFF, 0xCE59, 0x056D, 0x1F73, 0x1F53, 0x1F53, 0x1F53, \
        0x1F53, 0x1F53, 0x1F53, 0x1F53, 0x1F53, 0x1F53, 0x1F53, 0x1F53, 0x1F53, 0x1F53, 0x1F53, 0x1F53, \
        0x1F53, 0x1F53, 0x1F53, 0x1F53, 0x1F53, 0x1F53, 0x1F53, 0x1F53, 0x1F53, 0x1F53, 0x1F53, 0x1F53, \
        0x1F53, 0x1F53, 0x1F53, 0x1F53, 0x1F53, 0x1F53, 0x1F53, 0x1F53, 0x1F53, 0x1F53, 0x1F53, 0x1F53, \
        0x1F53, 0x1F53, 0x1F53, 0x1F53, 0x1F53, 0x1F53, 0x1F53, 0x1F53, 0x1F53, 0x1F53, 0x1F53, 0x1F53, \
        0x1F53, 0x1F53, 0x1F53, 0x1F53, 0x1F53, 0x1F53, 0x1F53, 0x1F53, 0x1F53, 0x1F53, 0x1F53, 0x1F53, \
        0x1F53, 0x1F53, 0x1F53, 0x1F53, 0x1F53, 0x1F53, 0x1F53, 0x1F53, 0x1F53, 0x1F53, 0x1F53, 0x1F53, \
        0x1F53, 0x1F53, 0x1F53, 0x1F53, 0x1F53, 0x1F53, 0x1F53, 0x1F53, 0x1F53, 0x1F53, 0x1F53, 0x1F53, \
        0x1F53, 0x1F53, 0x1F53, 0x1F53, 0x1F53, 0x1F53, 0x1F53, 0x1F53, 0x1F53, 0x1F53, 0x1F53, 0x1F53, \
        0x1F53, 0x1F53, 0x1F53, 0x1F53, 0x1F53, 0x1F53, 0x1F53, 0x1F53, 0x1F53, 0x1F53, 0x1F53, 0x1F53, \
        0x1F53, 0x1F53, 0x1F53, 0x1F53, 0x1F53, 0x1F53, 0x1F53, 0x1F53, 0x1F53, 0x1F53, 0x1F53, 0x1F53, \
        0x1F53, 0x1F53, 0x1F53, 0x1F53, 0x1F53, 0x1F53, 0x1F53, 0x1F73, 0x1773, 0x04EC, 0xBDB7, 0xFFBE, \
        0xF77E, 0x9492, 0x062F, 0x1F73, 0x1F53, 0x1F53, 0x1F73, 0x1752, 0x058E, 0x5C6E, 0x5C8E, 0x05AE, \
        0x0670, 0x3C8D, 0x9D14, 0xEF5D, 0xFFFF, 0xFFDF, 0x8491, 0x05CD, 0x9D13, 0xFFFF, 0xFFBF, 0x646F, \
        0x0732, 0x1F73, 0x1F53, 0x1F53, 0x1F53, 0x1F53, 0x1F53, 0x1F53, 0x1F53, 0x1F53, 0x1F53, 0x1F53, \
        0x1F53, 0x1F53, 0x1F53, 0x1F53, 0x1F53, 0x1F53, 0x1F53, 0x1F53, 0x1F53, 0x1F53, 0x1F53, 0x1F53, \
        0x1F53, 0x1F53, 0x1F53, 0x1F53, 0x1F53, 0x1F53, 0x1F53, 0x1F53, 0x1F53, 0x1F53, 0x1F53, 0x1F53, \
        0x1F53, 0x1F53, 0x1F53, 0x1F53, 0x1F53, 0x1F53, 0x1F53, 0x1F53, 0x1F53, 0x1F53, 0x1F53, 0x1F53, \
        0x1F53, 0x1F53, 0x1F53, 0x1F53, 0x1F53, 0x1F53, 0x1F53, 0x1F53, 0x1F53, 0x1F53, 0x1F53, 0x1F53, \
        0x1F53, 0x1F53, 0x1F53, 0x1F53, 0x1F53, 0x1F53, 0x1F53, 0x1F53, 0x1F53, 0x1F53, 0x1F53, 0x1F53, \
        0x1F53, 0x1F53, 0x1F53, 0x1F53, 0x1F53, 0x1F53, 0x1F53, 0x1F53, 0x1F53, 0x1F53, 0x1F53, 0x1F53, \
        0x1F53, 0x1F53, 0x1F53, 0x1F53, 0x1F53, 0x1F53, 0x1F53, 0x1F53, 0x1F53, 0x1F53, 0x1F53, 0x1F53, \
        0x1F53, 0x1F53, 0x1F53, 0x1F53, 0x1F53, 0x1F53, 0x1F53, 0x1F53, 0x1F53, 0x1F53, 0x1F53, 0x1F53, \
        0x1F53, 0x1F53, 0x1F53, 0x1F53, 0x1F53, 0x1F53, 0x1F53, 0x1F53, 0x1F53, 0x1F53, 0x1F53, 0x1F53, \
        0x1F53, 0x1F53, 0x1F53, 0x1F53, 0x1F53, 0x1F53, 0x1F53, 0x1F53, 0x1F53, 0x1F53, 0x1F53, 0x1F73, \
        0x056D, 0xB576, 0xFFFF, 0xFFFF, 0xFFFF, 0xEF3C, 0x1CAC, 0x1773, 0x1F53, 0x1F73, 0x1773, 0x04EC, \
        0xBD96, 0xFFBF, 0xFFBF, 0xB576, 0x054D, 0x0793, 0x0690, 0x4C2D, 0xE71C, 0xFFFF, 0xE6FC, 0x0CAC, \
        0x2CAD, 0xEF5D, 0xFFFF, 0xA534, 0x0690, 0x1F73, 0x1F53, 0x1F53, 0x1F53, 0x1F53, 0x1F53, 0x1F53, \
        0x1F53, 0x1F53, 0x1F53, 0x1F53, 0x1F53, 0x1F53, 0x1F53, 0x1F53, 0x1F53, 0x1F53, 0x1F53, 0x1F53, \
        0x1F53, 0x1F53, 0x1F53, 0x1F53, 0x1F53, 0x1F53, 0x1F53, 0x1F53, 0x1F53, 0x1F53, 0x1F53, 0x1F53, \
        0x1F53, 0x1F53, 0x1F53, 0x1F53, 0x1F53, 0x1F53, 0x1F53, 0x1F53, 0x1F53, 0x1F53, 0x1F53, 0x1F53, \
        0x1F53, 0x1F53, 0x1F53, 0x1F53, 0x1F53, 0x1F53, 0x1F53, 0x1F53, 0x1F53, 0x1F53, 0x1F53, 0x1F53, \
        0x1F53, 0x1F53, 0x1F53, 0x1F53, 0x1F53, 0x1F53, 0x1F53, 0x1F53, 0x1F53, 0x1F53, 0x1F53, 0x1F53, \
        0x1F53, 0x1F53, 0x1F53, 0x1F53, 0x1F53, 0x1F53, 0x1F53, 0x1F53, 0x1F53, 0x1F53, 0x1F53, 0x1F53, \
        0x1F53, 0x1F53, 0x1F53, 0x1F53, 0x1F53, 0x1F53, 0x1F53, 0x1F53, 0x1F53, 0x1F53, 0x1F53, 0x1F53, \
        0x1F53, 0x1F53, 0x1F53, 0x1F53, 0x1F53, 0x1F53, 0x1F53, 0x1F53, 0x1F53, 0x1F53, 0x1F53, 0x1F53, \
        0x1F53, 0x1F53, 0x1F53, 0x1F53, 0x1F53, 0x1F53, 0x1F53, 0x1F53, 0x1F53, 0x1F53, 0x1F53, 0x1F53, \
        0x1F53, 0x1F53, 0x1F53, 0x1F53, 0x1F53, 0x1F53, 0x1F53, 0x1F53, 0x1F53, 0x1F53, 0x1F53, 0x1F53, \
        0x1F53, 0x1F53, 0x1F73, 0x05EE, 0x9CD3, 0xFFFF, 0xFFFF, 0xFFFF, 0xFFFF, 0xE6FC, 0x04CC, 0x1773, \
        0x1F53, 0x1773, 0x054C, 0xAD55, 0xFFFF, 0xFFFF, 0xFFFF, 0xFFFF, 0x9CF3, 0x060E, 0x1F93, 0x06D1, \
        0x6C2F, 0xFFDF, 0xFFFF, 0x8CF2, 0x052B, 0xCE39, 0xFFFF, 0xCE39, 0x05CE, 0x1F73, 0x1F53, 0x1F53, \
        0x1F53, 0x1F53, 0x1F53, 0x1F53, 0x1F53, 0x1F53, 0x1F53, 0x1F53, 0x1F53, 0x1F53, 0x1F53, 0x1F53, \
        0x1F53, 0x1F53, 0x1F53, 0x1F53, 0x1F53, 0x1F53, 0x1F53, 0x1F53, 0x1F53, 0x1F53, 0x1F53, 0x1F53, \
        0x1F53, 0x1F53, 0x1F53, 0x1F53, 0x1F53, 0x1F53, 0x1F53, 0x1F53, 0x1F53, 0x1F53, 0x1F53, 0x1F53, \
        0x1F53, 0x1F53, 0x1F53, 0x1F53, 0x1F53, 0x1F53, 0x1F53, 0x1F53, 0x1F53, 0x1F53, 0x1F53, 0x1F53, \
        0x1F53, 0x1F53, 0x1F53, 0x1F53, 0x1F53, 0x1F53, 0x1F53, 0x1F53, 0x1F53, 0x1F53, 0x1F53, 0x1F53, \
        0x1F53, 0x1F53, 0x1F53, 0x1F53, 0x1F53, 0x1F53, 0x1F53, 0x1F53, 0x1F53, 0x1F53, 0x1F53, 0x1F53, \
        0x1F53, 0x1F53, 0x1F53, 0x1F53, 0x1F53, 0x1F53, 0x1F53, 0x1F53, 0x1F53, 0x1F53, 0x1F53, 0x1F53, \
        0x1F53, 0x1F53, 0x1F53, 0x1F53, 0x1F53, 0x1F53, 0x1F53, 0x1F53, 0x1F53, 0x1F53, 0x1F53, 0x1F53, \
        0x1F53, 0x1F53, 0x1F53, 0x1F53, 0x1F53, 0x1F53, 0x1F53, 0x1F53, 0x1F53, 0x1F53, 0x1F53, 0x1F53, \
        0x1F53, 0x1F53, 0x1F53, 0x1F53, 0x1F53, 0x1F53, 0x1F53, 0x1F53, 0x1F53, 0x1F53, 0x1F53, 0x1F53, \
        0x1F53, 0x1F53, 0x1F53, 0x1F53, 0x1F53, 0x1F73, 0x066F, 0x7C50, 0xFFBF, 0xFFFF, 0xFFFF, 0xFFFF, \
        0xFFDF, 0x8471, 0x0690, 0x1F73, 0x1F73, 0x05AD, 0xA514, 0xFFFF, 0xFFFF, 0xFFFF, 0xFFFF, 0xFFFF, \
        0xF7BE, 0x6C2F, 0x06D1, 0x1F93, 0x054D, 0xD67A, 0xFFFF, 0xBE18, 0x052B, 0xA595, 0xFFFF, 0xDEDB, \
        0x054D, 0x1773, 0x1F53, 0x1F53, 0x1F53, 0x1F53, 0x1F53, 0x1F53, 0x1F53, 0x1F53, 0x1F53, 0x1F53, \
        0x1F53, 0x1F53, 0x1F53, 0x1F53, 0x1F53, 0x1F53, 0x1F53, 0x1F53, 0x1F53, 0x1F53, 0x1F53, 0x1F53, \
        0x1F53, 0x1F53, 0x1F53, 0x1F53, 0x1F53, 0x1F53, 0x1F53, 0x1F53, 0x1F53, 0x1F53, 0x1F53, 0x1F53, \
        0x1F53, 0x1F53, 0x1F53, 0x1F53, 0x1F53, 0x1F53, 0x1F53, 0x1F53, 0x1F53, 0x1F53, 0x1F53, 0x1F53, \
        0x1F53, 0x1F53, 0x1F53, 0x1F53, 0x1F53, 0x1F53, 0x1F53, 0x1F53, 0x1F53, 0x1F53, 0x1F53, 0x1F53, \
        0x1F53, 0x1F53, 0x1F53, 0x1F53, 0x1F53, 0x1F53, 0x1F53, 0x1F53, 0x1F53, 0x1F53, 0x1F53, 0x1F53, \
        0x1F53, 0x1F53, 0x1F53, 0x1F53, 0x1F53, 0x1F53, 0x1F53, 0x1F53, 0x1F53, 0x1F53, 0x1F53, 0x1F53, \
        0x1F53, 0x1F53, 0x1F53, 0x1F53, 0x1F53, 0x1F53, 0x1F53, 0x1F53, 0x1F53, 0x1F53, 0x1F53, 0x1F53, \
        0x1F53, 0x1F53, 0x1F53, 0x1F53, 0x1F53, 0x1F53, 0x1F53, 0x1F53, 0x1F53, 0x1F53, 0x1F53, 0x1F53, \
        0x1F53, 0x1F53, 0x1F53, 0x1F53, 0x1F53, 0x1F53, 0x1F53, 0x1F53, 0x1F53, 0x1F53, 0x1F53, 0x1F53, \
        0x1F53, 0x1F53, 0x1F53, 0x1F53, 0x1F53, 0x1F53, 0x1F53, 0x1F53, 0x1F73, 0x06D1, 0x640E, 0xF77D, \
        0xFFFF, 0xFFFF, 0xFFFF, 0xFFFF, 0x9CD3, 0x05EE, 0x1F73, 0x1F73, 0x060E, 0x94B2, 0xFFDF, 0xFFFF, \
        0xFFFF, 0xFFFF, 0xFFFF, 0xFFFF, 0xFFFF, 0xE71C, 0x342C, 0x0752, 0x066F, 0xAD75, 0xFFFF, 0xCE59, \
        0x04EA, 0x9D54, 0xFFFF, 0xE6FC, 0x050D, 0x1773, 0x1F53, 0x1F53, 0x1F53, 0x1F53, 0x1F53, 0x1F53, \
        0x1F53, 0x1F53, 0x1F53, 0x1F53, 0x1F53, 0x1F53, 0x1F53, 0x1F53, 0x1F53, 0x1F53, 0x1F53, 0x1F53, \
        0x1F53, 0x1F53, 0x1F53, 0x1F53, 0x1F53, 0x1F53, 0x1F53, 0x1F53, 0x1F53, 0x1F53, 0x1F53, 0x1F53, \
        0x1F53, 0x1F53, 0x1F53, 0x1F53, 0x1F53, 0x1F53, 0x1F53, 0x1F53, 0x1F53, 0x1F53, 0x1F53, 0x1F53, \
        0x1F53, 0x1F53, 0x1F53, 0x1F53, 0x1F53, 0x1F53, 0x1F53, 0x1F53, 0x1F53, 0x1F53, 0x1F53, 0x1F53, \
        0x1F53, 0x1F53, 0x1F53, 0x1F53, 0x1F53, 0x1F53, 0x1F53, 0x1F53, 0x1F53, 0x1F53, 0x1F53, 0x1F53, \
        0x1F53, 0x1F53, 0x1F53, 0x1F53, 0x1F53, 0x1F53, 0x1F53, 0x1F53, 0x1F53, 0x1F53, 0x1F53, 0x1F53, \
        0x1F53, 0x1F53, 0x1F53, 0x1F53, 0x1F53, 0x1F53, 0x1F53, 0x1F53, 0x1F53, 0x1F53, 0x1F53, 0x1F53, \
        0x1F53, 0x1F53, 0x1F53, 0x1F53, 0x1F53, 0x1F53, 0x1F53, 0x1F53, 0x1F53, 0x1F53, 0x1F53, 0x1F53, \
        0x1F53, 0x1F53, 0x1F53, 0x1F53, 0x1F53, 0x1F53, 0x1F53, 0x1F53, 0x1F53, 0x1F53, 0x1F53, 0x1F53, \
        0x1F53, 0x1F53, 0x1F53, 0x1F53, 0x1F53, 0x1F53, 0x1F53, 0x1F53, 0x1F53, 0x1F53, 0x1F53, 0x1F73, \
        0x0712, 0x3C0C, 0xE71C, 0xFFFF, 0xFFFF, 0xFFFF, 0xFFFF, 0xB576, 0x056D, 0x1F73, 0x1F73, 0x0670, \
        0x8471, 0xFFBE, 0xFFFF, 0xFFFF, 0xFFFF, 0xF7BE, 0xFFFF, 0xFFFF, 0xFFFF, 0xFFFF, 0xCE39, 0x050C, \
        0x0732, 0x6C4F, 0xD67A, 0x84B1, 0x05EE, 0xA575, 0xFFFF, 0xE6FC, 0x052D, 0x1773, 0x1F53, 0x1F53, \
        0x1F53, 0x1F53, 0x1F53, 0x1F53, 0x1F53, 0x1F53, 0x1F53, 0x1F53, 0x1F53, 0x1F53, 0x1F53, 0x1F53, \
        0x1F53, 0x1F53, 0x1F53, 0x1F53, 0x1F53, 0x1F53, 0x1F53, 0x1F53, 0x1F53, 0x1F53, 0x1F53, 0x1F53, \
        0x1F53, 0x1F53, 0x1F53, 0x1F53, 0x1F53, 0x1F53, 0x1F53, 0x1F53, 0x1F53, 0x1F53, 0x1F53, 0x1F53, \
        0x1F53, 0x1F53, 0x1F53, 0x1F53, 0x1F53, 0x1F53, 0x1F53, 0x1F53, 0x1F53, 0x1F53, 0x1F53, 0x1F53, \
        0x1F53, 0x1F53, 0x1F53, 0x1F53, 0x1F53, 0x1F53, 0x1F53, 0x1F53, 0x1F53, 0x1F53, 0x1F53, 0x1F53, \
        0x1F53, 0x1F53, 0x1F53, 0x1F53, 0x1F53, 0x1F53, 0x1F53, 0x1F53, 0x1F53, 0x1F53, 0x1F53, 0x1F53, \
        0x1F53, 0x1F53, 0x1F53, 0x1F53, 0x1F53, 0x1F53, 0x1F53, 0x1F53, 0x1F53, 0x1F53, 0x1F53, 0x1F53, \
        0x1F53, 0x1F53, 0x1F53, 0x1F53, 0x1F53, 0x1F53, 0x1F53, 0x1F53, 0x1F53, 0x1F53, 0x1F53, 0x1F53, \
        0x1F53, 0x1F53, 0x1F53, 0x1F53, 0x1F53, 0x1F53, 0x1F53, 0x1F53, 0x1F53, 0x1F53, 0x1F53, 0x1F53, \
        0x1F53, 0x1F53, 0x1F53, 0x1F53, 0x1F53, 0x1F53, 0x1F53, 0x1F53, 0x1F53, 0x1F53, 0x1F53, 0x1F53, \
        0x1F53, 0x1F53, 0x1F73, 0x0752, 0x0C6B, 0xD69A, 0xFFFF, 0xFFFF, 0xFFFF, 0xFFFF, 0xC5F8, 0x04EC, \
        0x1773, 0x1F73, 0x06B0, 0x6C2F, 0xF79E, 0xFFFF, 0xFFFF, 0xFFFF, 0xF7BE, 0x7BEF, 0xC618, 0xFFFF, \
        0xFFFF, 0xFFFF, 0xFFFF, 0xA514, 0x05EE, 0x06F1, 0x056D, 0x06B0, 0x06B0, 0xA535, 0xFFFF, 0xCE18, \
        0x05CE, 0x1F73, 0x1F53, 0x1F53, 0x1F53, 0x1F53, 0x1F53, 0x1F53, 0x1F53, 0x1F53, 0x1F53, 0x1F53, \
        0x1F53, 0x1F53, 0x1F53, 0x1F53, 0x1F53, 0x1F53, 0x1F53, 0x1F53, 0x1F53, 0x1F53, 0x1F53, 0x1F53, \
        0x1F53, 0x1F53, 0x1F53, 0x1F53, 0x1F53, 0x1F53, 0x1F53, 0x1F53, 0x1F53, 0x1F53, 0x1F53, 0x1F53, \
        0x1F53, 0x1F53, 0x1F53, 0x1F53, 0x1F53, 0x1F53, 0x1F53, 0x1F53, 0x1F53, 0x1F53, 0x1F53, 0x1F53, \
        0x1F53, 0x1F53, 0x1F53, 0x1F53, 0x1F53, 0x1F53, 0x1F53, 0x1F53, 0x1F53, 0x1F53, 0x1F53, 0x1F53, \
        0x1F53, 0x1F53, 0x1F53, 0x1F53, 0x1F53, 0x1F53, 0x1F53, 0x1F53, 0x1F53, 0x1F53, 0x1F53, 0x1F53, \
        0x1F53, 0x1F53, 0x1F53, 0x1F53, 0x1F53, 0x1F53, 0x1F53, 0x1F53, 0x1F53, 0x1F53, 0x1F53, 0x1F53, \
        0x1F53, 0x1F53, 0x1F53, 0x1F53, 0x1F53, 0x1F53, 0x1F53, 0x1F53, 0x1F53, 0x1F53, 0x1F53, 0x1F53, \
        0x1F53, 0x1F53, 0x1F53, 0x1F53, 0x1F53, 0x1F53, 0x1F53, 0x1F53, 0x1F53, 0x1F53, 0x1F53, 0x1F53, \
        0x1F53, 0x1F53, 0x1F53, 0x1F53, 0x1F53, 0x1F53, 0x1F53, 0x1F53, 0x1F53, 0x1F53, 0x1F53, 0x1F53, \
        0x1F53, 0x1F53, 0x1F53, 0x1F53, 0x1F53, 0x1F53, 0x1773, 0x04EC, 0xC5F8, 0xFFFF, 0xFFFF, 0xFFFF, \
        0xFFFF, 0xD67A, 0x0C8C, 0x0752, 0x1F73, 0x06F1, 0x5C2D, 0xEF5D, 0xFFFF, 0xFFFF, 0xFFFF, 0xFFDF, \
        0x8CB2, 0x05EE, 0x3C6C, 0xE71C, 0xFFFF, 0xFFFF, 0xFFFF, 0xFFBF, 0x7C50, 0x06D0, 0x1F93, 0x1F73, \
        0x0F32, 0x44CE, 0x9CF3, 0x548E, 0x0712, 0x1F73, 0x1F53, 0x1F53, 0x1F53, 0x1F53, 0x1F53, 0x1F53, \
        0x1F53, 0x1F53, 0x1F53, 0x1F53, 0x1F53, 0x1F53, 0x1F53, 0x1F53, 0x1F53, 0x1F53, 0x1F53, 0x1F53, \
        0x1F53, 0x1F53, 0x1F53, 0x1F53, 0x1F53, 0x1F53, 0x1F53, 0x1F53, 0x1F53, 0x1F53, 0x1F53, 0x1F53, \
        0x1F53, 0x1F53, 0x1F53, 0x1F53, 0x1F53, 0x1F53, 0x1F53, 0x1F53, 0x1F53, 0x1F53, 0x1F53, 0x1F53, \
        0x1F53, 0x1F53, 0x1F53, 0x1F53, 0x1F53, 0x1F53, 0x1F53, 0x1F53, 0x1F53, 0x1F53, 0x1F53, 0x1F53, \
        0x1F53, 0x1F53, 0x1F53, 0x1F53, 0x1F53, 0x1F53, 0x1F53, 0x1F53, 0x1F53, 0x1F53, 0x1F53, 0x1F53, \
        0x1F53, 0x1F53, 0x1F53, 0x1F53, 0x1F53, 0x1F53, 0x1F53, 0x1F53, 0x1F53, 0x1F53, 0x1F53, 0x1F53, \
        0x1F53, 0x1F53, 0x1F53, 0x1F53, 0x1F53, 0x1F53, 0x1F53, 0x1F53, 0x1F53, 0x1F53, 0x1F53, 0x1F53, \
        0x1F53, 0x1F53, 0x1F53, 0x1F53, 0x1F53, 0x1F53, 0x1F53, 0x1F53, 0x1F53, 0x1F53, 0x1F53, 0x1F53, \
        0x1F53, 0x1F53, 0x1F53, 0x1F53, 0x1F73, 0x1F73, 0x1F53, 0x1F53, 0x1F53, 0x1F53, 0x1F53, 0x1F53, \
        0x1F53, 0x1F53, 0x1F53, 0x1F53, 0x1F53, 0x1F53, 0x1F53, 0x1F53, 0x1F53, 0x1F73, 0x058D, 0xAD55, \
        0xFFFF, 0xFFFF, 0xFFFF, 0xFFFF, 0xE6FB, 0x342C, 0x0732, 0x1F73, 0x0711, 0x442C, 0xE71C, 0xFFFF, \
        0xFFFF, 0xFFFF, 0xFFFF, 0x9CF4, 0x05CE, 0x1F93, 0x06D0, 0x7450, 0xFFBF, 0xFFFF, 0xFFFF, 0xFFFF, \
        0xEF3D, 0x442C, 0x0732, 0x1F73, 0x1F73, 0x0F52, 0x06B0, 0x0732, 0x1F73, 0x1F53, 0x1F53, 0x1F53, \
        0x1F53, 0x1F53, 0x1F53, 0x1F53, 0x1F53, 0x1F53, 0x1F53, 0x1F53, 0x1F53, 0x1F53, 0x1F53, 0x1F53, \
        0x1F53, 0x1F53, 0x1F53, 0x1F53, 0x1F53, 0x1F53, 0x1F53, 0x1F53, 0x1F53, 0x1F53, 0x1F53, 0x1F53, \
        0x1F53, 0x1F53, 0x1F53, 0x1F53, 0x1F53, 0x1F53, 0x1F53, 0x1F53, 0x1F53, 0x1F53, 0x1F53, 0x1F53, \
        0x1F53, 0x1F53, 0x1F53, 0x1F53, 0x1F53, 0x1F53, 0x1F53, 0x1F53, 0x1F53, 0x1F53, 0x1F53, 0x1F53, \
        0x1F53, 0x1F53, 0x1F53, 0x1F53, 0x1F53, 0x1F53, 0x1F53, 0x1F53, 0x1F53, 0x1F53, 0x1F53, 0x1F53, \
        0x1F53, 0x1F53, 0x1F53, 0x1F53, 0x1F53, 0x1F53, 0x1F53, 0x1F53, 0x1F53, 0x1F53, 0x1F53, 0x1F53, \
        0x1F53, 0x1F53, 0x1F53, 0x1F53, 0x1F53, 0x1F53, 0x1F53, 0x1F53, 0x1F53, 0x1F53, 0x1F53, 0x1F53, \
        0x1F53, 0x1F53, 0x1F53, 0x1F53, 0x1F53, 0x1F53, 0x1F53, 0x1F53, 0x1F53, 0x1F53, 0x1F53, 0x1F53, \
        0x1F53, 0x1F53, 0x1F53, 0x1F53, 0x1F53, 0x1F73, 0x1F73, 0x1F72, 0x1F32, 0x1F31, 0x1F72, 0x1F73, \
        0x1F53, 0x1F53, 0x1F53, 0x1F53, 0x1F53, 0x1F53, 0x1F73, 0x1F72, 0x1772, 0x1F73, 0x1F53, 0x1F53, \
        0x1F73, 0x060F, 0x94D3, 0xFFFF, 0xFFFF, 0xFFFF, 0xFFFF, 0xEF5D, 0x5C0D, 0x06F1, 0x1F73, 0x0732, \
        0x344C, 0xDEDB, 0xFFFF, 0xFFFF, 0xFFFF, 0xFFFF, 0xAD55, 0x056D, 0x1773, 0x1F53, 0x1F73, 0x05CE, \
        0xAD35, 0xFFFF, 0xFFFF, 0xFFFF, 0xFFFF, 0xCE59, 0x04CB, 0x1773, 0x1F53, 0x1F73, 0x1F73, 0x1F73, \
        0x1F53, 0x1F53, 0x1F53, 0x1F53, 0x1F53, 0x1F53, 0x1F53, 0x1F53, 0x1F53, 0x1F53, 0x1F53, 0x1F53, \
        0x1F53, 0x1F53, 0x1F53, 0x1F53, 0x1F53, 0x1F53, 0x1F53, 0x1F53, 0x1F53, 0x1F53, 0x1F53, 0x1F53, \
        0x1F53, 0x1F53, 0x1F53, 0x1F53, 0x1F53, 0x1F53, 0x1F53, 0x1F53, 0x1F53, 0x1F53, 0x1F53, 0x1F53, \
        0x1F53, 0x1F53, 0x1F53, 0x1F53, 0x1F53, 0x1F53, 0x1F53, 0x1F53, 0x1F53, 0x1F53, 0x1F53, 0x1F53, \
        0x1F53, 0x1F53, 0x1F53, 0x1F53, 0x1F53, 0x1F53, 0x1F53, 0x1F53, 0x1F53, 0x1F53, 0x1F53, 0x1F53, \
        0x1F53, 0x1F53, 0x1F53, 0x1F53, 0x1F53, 0x1F53, 0x1F53, 0x1F53, 0x1F53, 0x1F53, 0x1F53, 0x1F53, \
        0x1F53, 0x1F53, 0x1F53, 0x1F53, 0x1F53, 0x1F53, 0x1F53, 0x1F53, 0x1F53, 0x1F53, 0x1F53, 0x1F53, \
        0x1F53, 0x1F53, 0x1F53, 0x1F53, 0x1F53, 0x1F53, 0x1F53, 0x1F53, 0x1F53, 0x1F53, 0x1F53, 0x1F53, \
        0x1F53, 0x1F53, 0x1F53, 0x1F53, 0x1F53, 0x1F53, 0x1F53, 0x1F53, 0x1F73, 0x1F32, 0x15AE, 0x0C2E, \
        0x1350, 0x1330, 0x142D, 0x1690, 0x1F73, 0x1F53, 0x1F53, 0x1F53, 0x1F53, 0x1F73, 0x1651, 0x1D12, \
        0x2DB1, 0x1732, 0x1F73, 0x1F73, 0x0690, 0x7C50, 0xF7BE, 0xFFFF, 0xFFFF, 0xFFFF, 0xF79E, 0x742F, \
        0x06B0, 0x1F93, 0x0752, 0x048B, 0xD67A, 0xFFFF, 0xFFFF, 0xFFFF, 0xFFFF, 0xBDB7, 0x050C, 0x1773, \
        0x1F73, 0x1F53, 0x1F53, 0x1773, 0x04CC, 0xD67A, 0xFFFF, 0xFFFF, 0xFFFF, 0xFFFF, 0xAD55, 0x05AD, \
        0x1F73, 0x1F53, 0x1F53, 0x1F53, 0x1F53, 0x1F53, 0x1F53, 0x1F53, 0x1F53, 0x1F53, 0x1F53, 0x1F53, \
        0x1F53, 0x1F53, 0x1F53, 0x1F53, 0x1F53, 0x1F53, 0x1F53, 0x1F53, 0x1F53, 0x1F53, 0x1F53, 0x1F53, \
        0x1F53, 0x1F53, 0x1F53, 0x1F53, 0x1F53, 0x1F53, 0x1F53, 0x1F53, 0x1F53, 0x1F53, 0x1F53, 0x1F53, \
        0x1F53, 0x1F53, 0x1F53, 0x1F53, 0x1F53, 0x1F53, 0x1F53, 0x1F53, 0x1F53, 0x1F53, 0x1F53, 0x1F53, \
        0x1F53, 0x1F53, 0x1F53, 0x1F53, 0x1F53, 0x1F53, 0x1F53, 0x1F53, 0x1F53, 0x1F53, 0x1F53, 0x1F53, \
        0x1F53, 0x1F53, 0x1F53, 0x1F53, 0x1F53, 0x1F53, 0x1F53, 0x1F53, 0x1F53, 0x1F53, 0x1F53, 0x1F53, \
        0x1F53, 0x1F53, 0x1F53, 0x1F53, 0x1F53, 0x1F53, 0x1F53, 0x1F53, 0x1F53, 0x1F53, 0x1F53, 0x1F53, \
        0x1F53, 0x1F53, 0x1F53, 0x1F53, 0x1F53, 0x1F53, 0x1F53, 0x1F53, 0x1F53, 0x1F53, 0x1F53, 0x1F53, \
        0x1F53, 0x1F53, 0x1F53, 0x1F53, 0x1F53, 0x1F53, 0x1F53, 0x1F53, 0x1F53, 0x1F53, 0x1F53, 0x1F73, \
        0x1670, 0x034D, 0x1A54, 0x2338, 0x2B99, 0x2B99, 0x2318, 0x12AE, 0x16B1, 0x1F73, 0x1F53, 0x1F53, \
        0x1F73, 0x16D1, 0x0457, 0x7E7F, 0xA69D, 0x0571, 0x1F73, 0x06F1, 0x5C2E, 0xEF5D, 0xFFFF, 0xFFFF, \
        0xFFFF, 0xFFDF, 0x8C71, 0x062F, 0x1F93, 0x0F53, 0x04AB, 0xC618, 0xFFFF, 0xFFFF, 0xFFFF, 0xFFFF, \
        0xC618, 0x04AB, 0x0F73, 0x1F73, 0x1F53, 0x1F53, 0x1F53, 0x1F73, 0x0732, 0x4C0C, 0xEF5D, 0xFFFF, \
        0xFFFF, 0xFFFF, 0xFFDF, 0x8471, 0x0690, 0x1F73, 0x1F53, 0x1F53, 0x1F53, 0x1F53, 0x1F53, 0x1F53, \
        0x1F53, 0x1F53, 0x1F53, 0x1F53, 0x1F53, 0x1F53, 0x1F53, 0x1F53, 0x1F53, 0x1F53, 0x1F53, 0x1F53, \
        0x1F53, 0x1F53, 0x1F53, 0x1F53, 0x1F53, 0x1F53, 0x1F53, 0x1F53, 0x1F53, 0x1F53, 0x1F53, 0x1F53, \
        0x1F53, 0x1F53, 0x1F53, 0x1F53, 0x1F53, 0x1F53, 0x1F53, 0x1F53, 0x1F53, 0x1F53, 0x1F53, 0x1F53, \
        0x1F53, 0x1F53, 0x1F53, 0x1F53, 0x1F53, 0x1F53, 0x1F53, 0x1F53, 0x1F53, 0x1F53, 0x1F53, 0x1F53, \
        0x1F53, 0x1F53, 0x1F53, 0x1F53, 0x1F53, 0x1F53, 0x1F53, 0x1F53, 0x1F53, 0x1F53, 0x1F53, 0x1F53, \
        0x1F53, 0x1F53, 0x1F53, 0x1F53, 0x1F53, 0x1F53, 0x1F53, 0x1F53, 0x1F53, 0x1F53, 0x1F53, 0x1F53, \
        0x1F53, 0x1F53, 0x1F53, 0x1F53, 0x1F53, 0x1F53, 0x1F53, 0x1F53, 0x1F53, 0x1F53, 0x1F53, 0x1F53, \
        0x1F53, 0x1F53, 0x1F53, 0x1F53, 0x1F53, 0x1F53, 0x1F53, 0x1F53, 0x1F53, 0x1F53, 0x1F53, 0x1F53, \
        0x1F53, 0x1F53, 0x1F73, 0x1670, 0x020D, 0x1AF7, 0x2BB9, 0x2BB9, 0x2BB9, 0x2BB9, 0x2BB9, 0x2338, \
        0x0BCD, 0x1F52, 0x1F73, 0x1F53, 0x1F73, 0x1630, 0x04BB, 0x361F, 0x461F, 0x04F4, 0x1772, 0x052D, \
        0xDE9A, 0xFFFF, 0xFFFF, 0xFFFF, 0xFFFF, 0x9CF4, 0x05CE, 0x1F73, 0x1F73, 0x052D, 0xBDD7, 0xFFFF, \
        0xFFFF, 0xFFFF, 0xFFFF, 0xD67A, 0x0C6B, 0x0752, 0x1F73, 0x1F53, 0x1F53, 0x1F53, 0x1F53, 0x1F53, \
        0x1F73, 0x0690, 0x8471, 0xFFDF, 0xFFFF, 0xFFFF, 0xFFFF, 0xEF5D, 0x540D, 0x0712, 0x1F73, 0x1F53, \
        0x1F53, 0x1F53, 0x1F53, 0x1F53, 0x1F53, 0x1F53, 0x1F53, 0x1F53, 0x1F53, 0x1F53, 0x1F53, 0x1F53, \
        0x1F53, 0x1F73, 0x1F73, 0x1F73, 0x1F73, 0x1F53, 0x1F53, 0x1F53, 0x1F53, 0x1F53, 0x1F53, 0x1F53, \
        0x1F53, 0x1F53, 0x1F53, 0x1F53, 0x1F53, 0x1F53, 0x1F53, 0x1F53, 0x1F53, 0x1F53, 0x1F53, 0x1F53, \
        0x1F53, 0x1F53, 0x1F53, 0x1F53, 0x1F53, 0x1F53, 0x1F53, 0x1F53, 0x1F53, 0x1F53, 0x1F53, 0x1F53, \
        0x1F53, 0x1F53, 0x1F53, 0x1F53, 0x1F53, 0x1F53, 0x1F53, 0x1F53, 0x1F53, 0x1F53, 0x1F53, 0x1F53, \
        0x1F53, 0x1F53, 0x1F53, 0x1F53, 0x1F53, 0x1F53, 0x1F53, 0x1F53, 0x1F53, 0x1F53, 0x1F53, 0x1F53, \
        0x1F53, 0x1F53, 0x1F53, 0x1F53, 0x1F53, 0x1F53, 0x1F53, 0x1F53, 0x1F53, 0x1F53, 0x1F53, 0x1F53, \
        0x1F53, 0x1F53, 0x1F53, 0x1F53, 0x1F53, 0x1F53, 0x1F53, 0x1F53, 0x1F53, 0x1F53, 0x1F53, 0x1F53, \
        0x1F53, 0x1F53, 0x1F53, 0x1F53, 0x1F53, 0x1F73, 0x1F32, 0x032C, 0x0A75, 0x2399, 0x2B99, 0x2B99, \
        0x2B99, 0x2BB9, 0x2BB9, 0x2BBA, 0x22B5, 0x0CED, 0x1F73, 0x1F73, 0x1F73, 0x1F11, 0x0453, 0x049C, \
        0x0418, 0x15F0, 0x0773, 0x44AD, 0xF79E, 0xFFFF, 0xFFFF, 0xFFFF, 0xB596, 0x054C, 0x1773, 0x1F73, \
        0x06F1, 0x8491, 0xFFFF, 0xFFFF, 0xFFFF, 0xFFFF, 0xDEDB, 0x342C, 0x0732, 0x1F73, 0x1F53, 0x1F53, \
        0x1F53, 0x1F53, 0x1F53, 0x1F53, 0x1F53, 0x1F73, 0x05AD, 0xB576, 0xFFFF, 0xFFFF, 0xFFFF, 0xFFFF, \
        0xCE59, 0x058D, 0x1F73, 0x1F53, 0x1F53, 0x1F53, 0x1F53, 0x1F53, 0x1F53, 0x1F53, 0x1F53, 0x1F53, \
        0x1F53, 0x1F53, 0x1F53, 0x1F53, 0x1F73, 0x0690, 0x054D, 0x05AE, 0x0712, 0x1F73, 0x1F53, 0x1F53, \
        0x1F53, 0x1F53, 0x1F53, 0x1F53, 0x1F53, 0x1F53, 0x1F53, 0x1F53, 0x1F53, 0x1F53, 0x1F53, 0x1F53, \
        0x1F53, 0x1F53, 0x1F53, 0x1F53, 0x1F53, 0x1F53, 0x1F53, 0x1F53, 0x1F53, 0x1F53, 0x1F53, 0x1F53, \
        0x1F53, 0x1F53, 0x1F53, 0x1F53, 0x1F53, 0x1F53, 0x1F53, 0x1F53, 0x1F53, 0x1F53, 0x1F53, 0x1F53, \
        0x1F53, 0x1F53, 0x1F53, 0x1F53, 0x1F53, 0x1F53, 0x1F53, 0x1F53, 0x1F53, 0x1F53, 0x1F53, 0x1F53, \
        0x1F53, 0x1F53, 0x1F53, 0x1F53, 0x1F53, 0x1F53, 0x1F53, 0x1F53, 0x1F53, 0x1F53, 0x1F53, 0x1F53, \
        0x1F53, 0x1F53, 0x1F53, 0x1F53, 0x1F53, 0x1F53, 0x1F53, 0x1F53, 0x1F53, 0x1F53, 0x1F53, 0x1F53, \
        0x1F53, 0x1F53, 0x1F53, 0x1F53, 0x1F53, 0x1F53, 0x1F53, 0x1F53, 0x1F53, 0x1F73, 0x15AE, 0x0192, \
        0x1B37, 0x2B99, 0x2B99, 0x2B99, 0x2B99, 0x2BB9, 0x2BB9, 0x2BB9, 0x2BBA, 0x1A74, 0x0D2D, 0x1F72, \
        0x1F73, 0x1F73, 0x1EF1, 0x15F0, 0x1670, 0x1F52, 0x1773, 0x056D, 0xC618, 0xFFFF, 0xFFFF, 0xC5F8, \
        0x04CC, 0x0F73, 0x1F73, 0x1F73, 0x06B0, 0x94F3, 0xFFFF, 0xFFFF, 0xFFFF, 0xE71C, 0x4C0D, 0x06F1, \
        0x1F73, 0x1F53, 0x1F53, 0x1F53, 0x1F53, 0x1F53, 0x1F53, 0x1F53, 0x1F53, 0x1F53, 0x0F73, 0x04AB, \
        0xD69A, 0xFFFF, 0xFFFF, 0xFFFF, 0xEF3C, 0x14ED, 0x1773, 0x1F53, 0x1F53, 0x1F53, 0x1F53, 0x1F53, \
        0x1F53, 0x1F53, 0x1F53, 0x1F53, 0x1F53, 0x1F53, 0x1F53, 0x1F73, 0x05AE, 0x4311, 0xB61B, 0xB5D9, \
        0x3C4D, 0x0F32, 0x1F73, 0x1F53, 0x1F53, 0x1F53, 0x1F53, 0x1F53, 0x1F53, 0x1F53, 0x1F53, 0x1F53, \
        0x1F53, 0x1F53, 0x1F53, 0x1F53, 0x1F53, 0x1F53, 0x1F53, 0x1F53, 0x1F53, 0x1F53, 0x1F53, 0x1F53, \
        0x1F53, 0x1F53, 0x1F53, 0x1F53, 0x1F53, 0x1F53, 0x1F53, 0x1F53, 0x1F53, 0x1F53, 0x1F53, 0x1F53, \
        0x1F53, 0x1F53, 0x1F53, 0x1F53, 0x1F53, 0x1F53, 0x1F53, 0x1F53, 0x1F53, 0x1F53, 0x1F53, 0x1F53, \
        0x1F53, 0x1F53, 0x1F53, 0x1F53, 0x1F53, 0x1F53, 0x1F53, 0x1F53, 0x1F53, 0x1F53, 0x1F53, 0x1F53, \
        0x1F53, 0x1F53, 0x1F53, 0x1F53, 0x1F53, 0x1F53, 0x1F53, 0x1F53, 0x1F53, 0x1F53, 0x1F53, 0x1F53, \
        0x1F53, 0x1F53, 0x1F53, 0x1F53, 0x1F53, 0x1F53, 0x1F53, 0x1F53, 0x1F53, 0x1F53, 0x1F53, 0x1F53, \
        0x1F53, 0x1F72, 0x0BEC, 0x0A75, 0x1B37, 0x2B99, 0x2B99, 0x2B99, 0x2B99, 0x2B99, 0x2BB9, 0x2BB9, \
        0x2BB9, 0x2BBA, 0x1A94, 0x0C8D, 0x1F11, 0x1F73, 0x1F73, 0x1F73, 0x1F73, 0x1F53, 0x1F73, 0x0F32, \
        0x24CD, 0x94D3, 0x8CB2, 0x0CEC, 0x0F52, 0x1F73, 0x1F53, 0x1F73, 0x0F52, 0x3C6C, 0xD69A, 0xFFDF, \
        0xE6FC, 0x5C0D, 0x06D1, 0x1F73, 0x1F53, 0x1F53, 0x1F53, 0x1F53, 0x1F53, 0x1F53, 0x1F53, 0x1F53, \
        0x1F53, 0x1F53, 0x1F73, 0x0712, 0x4C2D, 0xEF3D, 0xFFFF, 0xFFFF, 0xB596, 0x05EE, 0x1F73, 0x1F53, \
        0x1F53, 0x1F53, 0x1F53, 0x1F53, 0x1F53, 0x1F53, 0x1F53, 0x1F53, 0x1F53, 0x1F53, 0x1F73, 0x0DCE, \
        0x01F1, 0xBE7D, 0xE79F, 0xE79F, 0xAD77, 0x05CE, 0x1F73, 0x1F53, 0x1F53, 0x1F53, 0x1F53, 0x1F53, \
        0x1F53, 0x1F53, 0x1F53, 0x1F53, 0x1F53, 0x1F53, 0x1F53, 0x1F53, 0x1F53, 0x1F53, 0x1F53, 0x1F53, \
        0x1F53, 0x1F53, 0x1F53, 0x1F53, 0x1F53, 0x1F53, 0x1F53, 0x1F53, 0x1F53, 0x1F53, 0x1F53, 0x1F53, \
        0x1F53, 0x1F53, 0x1F53, 0x1F53, 0x1F53, 0x1F53, 0x1F53, 0x1F53, 0x1F53, 0x1F53, 0x1F53, 0x1F53, \
        0x1F53, 0x1F53, 0x1F53, 0x1F53, 0x1F53, 0x1F53, 0x1F53, 0x1F53, 0x1F53, 0x1F53, 0x1F53, 0x1F53, \
        0x1F53, 0x1F53, 0x1F53, 0x1F53, 0x1F53, 0x1F53, 0x1F53, 0x1F53, 0x1F53, 0x1F53, 0x1F53, 0x1F53, \
        0x1F53, 0x1F53, 0x1F53, 0x1F53, 0x1F53, 0x1F53, 0x1F53, 0x1F53, 0x1F53, 0x1F53, 0x1F53, 0x1F53, \
        0x1F53, 0x1F53, 0x1F53, 0x1F53, 0x1F73, 0x1F32, 0x030D, 0x0A96, 0x1B38, 0x2BB9, 0x2B99, 0x2B99, \
        0x2B99, 0x2B99, 0x2BB9, 0x2BB9, 0x2BB9, 0x2BB9, 0x2BBA, 0x22F7, 0x134E, 0x15EE, 0x1F52, 0x1F73, \
        0x1F73, 0x1F53, 0x1F53, 0x1F73, 0x1773, 0x06D1, 0x06D1, 0x1773, 0x1F73, 0x1F53, 0x1F53, 0x1F53, \
        0x1F73, 0x0711, 0x1CED, 0x646F, 0x2CAC, 0x06D1, 0x1F73, 0x1F53, 0x1F53, 0x1F53, 0x1F53, 0x1F53, \
        0x1F53, 0x1F53, 0x1F53, 0x1F53, 0x1F53, 0x1F53, 0x1F53, 0x1F73, 0x06B0, 0x5C4E, 0xAD75, 0x94D3, \
        0x0D0D, 0x1752, 0x1F73, 0x1F53, 0x1F53, 0x1F53, 0x1F53, 0x1F53, 0x1F53, 0x1F53, 0x1F53, 0x1F53, \
        0x1F53, 0x1F73, 0x162F, 0x0210, 0x8D5C, 0xDF7F, 0xDF5F, 0xDF7F, 0xCE9C, 0x24CD, 0x1773, 0x1F53, \
        0x1F53, 0x1F53, 0x1F53, 0x1F53, 0x1F53, 0x1F53, 0x1F53, 0x1F53, 0x1F53, 0x1F53, 0x1F53, 0x1F53, \
        0x1F53, 0x1F53, 0x1F53, 0x1F53, 0x1F53, 0x1F53, 0x1F53, 0x1F53, 0x1F53, 0x1F53, 0x1F53, 0x1F53, \
        0x1F53, 0x1F53, 0x1F53, 0x1F53, 0x1F53, 0x1F53, 0x1F53, 0x1F53, 0x1F53, 0x1F53, 0x1F53, 0x1F53, \
        0x1F53, 0x1F53, 0x1F53, 0x1F53, 0x1F53, 0x1F53, 0x1F53, 0x1F53, 0x1F53, 0x1F53, 0x1F53, 0x1F53, \
        0x1F53, 0x1F53, 0x1F53, 0x1F53, 0x1F53, 0x1F53, 0x1F53, 0x1F53, 0x1F53, 0x1F53, 0x1F53, 0x1F53, \
        0x1F53, 0x1F53, 0x1F53, 0x1F53, 0x1F53, 0x1F53, 0x1F53, 0x1F53, 0x1F53, 0x1F53, 0x1F53, 0x1F53, \
        0x1F53, 0x1F53, 0x1F53, 0x1F53, 0x1F53, 0x1F53, 0x1F53, 0x1F53, 0x1F73, 0x1F32, 0x02EE, 0x0AB6, \
        0x1B17, 0x2B99, 0x2B99, 0x2B99, 0x2B99, 0x2B99, 0x2BB9, 0x2BB9, 0x2BB9, 0x2BB9, 0x2BB9, 0x2BB9, \
        0x2379, 0x1A73, 0x13AE, 0x15CE, 0x1711, 0x1F73, 0x1F73, 0x1F73, 0x1F53, 0x1F73, 0x1F73, 0x1F53, \
        0x1F53, 0x1F53, 0x1F53, 0x1F53, 0x1F53, 0x1F73, 0x1773, 0x0752, 0x0F73, 0x1F73, 0x1F53, 0x1F53, \
        0x1F53, 0x1F53, 0x1F53, 0x1F53, 0x1F53, 0x1F53, 0x1F53, 0x1F53, 0x1F53, 0x1F53, 0x1F53, 0x1F53, \
        0x1F73, 0x0732, 0x066F, 0x06B0, 0x1773, 0x1F73, 0x1F53, 0x1F53, 0x1F53, 0x1F53, 0x1F53, 0x1F53, \
        0x1F53, 0x1F53, 0x1F53, 0x1F53, 0x1F73, 0x1690, 0x028F, 0x541A, 0xD71F, 0xDF5F, 0xDF5F, 0xDF7F, \
        0xD71E, 0x448E, 0x0752, 0x1F53, 0x1F53, 0x1F53, 0x1F53, 0x1F53, 0x1F53, 0x1F53, 0x1F53, 0x1F53, \
        0x1F53, 0x1F53, 0x1F53, 0x1F53, 0x1F53, 0x1F53, 0x1F53, 0x1F53, 0x1F53, 0x1F53, 0x1F53, 0x1F53, \
        0x1F53, 0x1F53, 0x1F53, 0x1F53, 0x1F53, 0x1F53, 0x1F53, 0x1F53, 0x1F53, 0x1F53, 0x1F53, 0x1F53, \
        0x1F53, 0x1F53, 0x1F53, 0x1F53, 0x1F53, 0x1F53, 0x1F53, 0x1F53, 0x1F53, 0x1F53, 0x1F53, 0x1F53, \
        0x1F53, 0x1F53, 0x1F53, 0x1F53, 0x1F53, 0x1F53, 0x1F53, 0x1F53, 0x1F53, 0x1F53, 0x1F53, 0x1F53, \
        0x1F53, 0x1F53, 0x1F53, 0x1F53, 0x1F53, 0x1F53, 0x1F53, 0x1F53, 0x1F53, 0x1F53, 0x1F53, 0x1F53, \
        0x1F53, 0x1F53, 0x1F53, 0x1F53, 0x1F53, 0x1F53, 0x1F53, 0x1F53, 0x1F53, 0x1F53, 0x1F53, 0x1F53, \
        0x1F53, 0x1F52, 0x0BAD, 0x0A96, 0x0AF6, 0x2399, 0x2B99, 0x2B99, 0x2B99, 0x2B99, 0x2BB9, 0x2BB9, \
        0x2BB9, 0x2BB9, 0x33FA, 0x33FA, 0x341A, 0x341B, 0x2B99, 0x22B5, 0x1310, 0x0CAD, 0x164F, 0x1F32, \
        0x1F73, 0x1F73, 0x1F73, 0x1F53, 0x1F53, 0x1F53, 0x1F53, 0x1F53, 0x1F53, 0x1F53, 0x1F53, 0x1F53, \
        0x1F53, 0x1F53, 0x1F53, 0x1F53, 0x1F53, 0x1F53, 0x1F53, 0x1F53, 0x1F53, 0x1F53, 0x1F53, 0x1F53, \
        0x1F73, 0x1F73, 0x1F53, 0x1F53, 0x1F53, 0x1F73, 0x1F73, 0x1F73, 0x1F53, 0x1F53, 0x1F53, 0x1F53, \
        0x1F53, 0x1F53, 0x1F53, 0x1F53, 0x1F53, 0x1F53, 0x1F53, 0x1F73, 0x16B0, 0x0AEE, 0x1338, 0xB65D, \
        0xE77F, 0xDF5F, 0xDF5F, 0xDF7F, 0xDF1E, 0x548F, 0x0752, 0x1F53, 0x1F53, 0x1F53, 0x1F53, 0x1F53, \
        0x1F53, 0x1F53, 0x1F53, 0x1F53, 0x1F53, 0x1F53, 0x1F53, 0x1F53, 0x1F53, 0x1F53, 0x1F53, 0x1F53, \
        0x1F53, 0x1F53, 0x1F53, 0x1F53, 0x1F53, 0x1F53, 0x1F53, 0x1F53, 0x1F53, 0x1F53, 0x1F53, 0x1F53, \
        0x1F53, 0x1F53, 0x1F53, 0x1F53, 0x1F53, 0x1F53, 0x1F53, 0x1F53, 0x1F53, 0x1F53, 0x1F53, 0x1F53, \
        0x1F53, 0x1F53, 0x1F53, 0x1F53, 0x1F53, 0x1F53, 0x1F53, 0x1F53, 0x1F53, 0x1F53, 0x1F53, 0x1F53, \
        0x1F53, 0x1F53, 0x1F53, 0x1F53, 0x1F53, 0x1F53, 0x1F53, 0x1F53, 0x1F53, 0x1F53, 0x1F53, 0x1F53, \
        0x1F53, 0x1F53, 0x1F53, 0x1F53, 0x1F53, 0x1F53, 0x1F53, 0x1F53, 0x1F53, 0x1F53, 0x1F53, 0x1F53, \
        0x1F53, 0x1F53, 0x1F53, 0x1F53, 0x1F53, 0x1F73, 0x0D2D, 0x01F3, 0x0AD6, 0x1B37, 0x2B99, 0x2B99, \
        0x2B99, 0x2B99, 0x2B99, 0x2BB9, 0x2B99, 0x341B, 0x447C, 0x447C, 0x447C, 0x449D, 0x447C, 0x3C7C, \
        0x3C3B, 0x3379, 0x22B4, 0x134F, 0x0D0E, 0x1670, 0x1F52, 0x1F73, 0x1F73, 0x1F53, 0x1F53, 0x1F53, \
        0x1F53, 0x1F53, 0x1F53, 0x1F53, 0x1F53, 0x1F53, 0x1F53, 0x1F53, 0x1F53, 0x1F53, 0x1F53, 0x1F53, \
        0x1F53, 0x1F53, 0x1F53, 0x1F52, 0x0690, 0x0711, 0x1F73, 0x1F53, 0x1F53, 0x1F53, 0x1F53, 0x1F53, \
        0x1F53, 0x1F53, 0x1F53, 0x1F53, 0x1F53, 0x1F53, 0x1F53, 0x1F53, 0x1F53, 0x1F53, 0x1F93, 0x1690, \
        0x12EE, 0x02D8, 0x959C, 0xDF7F, 0xDF5F, 0xDF5F, 0xDF5F, 0xDF7F, 0xD6FE, 0x44AE, 0x0772, 0x1F53, \
        0x1F53, 0x1F53, 0x1F53, 0x1F53, 0x1F53, 0x1F53, 0x1F53, 0x1F53, 0x1F53, 0x1F53, 0x1F53, 0x1F53, \
        0x1F53, 0x1F53, 0x1F53, 0x1F53, 0x1F53, 0x1F53, 0x1F53, 0x1F53, 0x1F53, 0x1F53, 0x1F53, 0x1F53, \
        0x1F53, 0x1F53, 0x1F53, 0x1F53, 0x1F53, 0x1F53, 0x1F53, 0x1F53, 0x1F53, 0x1F53, 0x1F53, 0x1F53, \
        0x1F53, 0x1F53, 0x1F53, 0x1F53, 0x1F53, 0x1F53, 0x1F53, 0x1F53, 0x1F53, 0x1F53, 0x1F53, 0x1F53, \
        0x1F53, 0x1F53, 0x1F53, 0x1F53, 0x1F53, 0x1F53, 0x1F53, 0x1F53, 0x1F53, 0x1F53, 0x1F53, 0x1F53, \
        0x1F53, 0x1F53, 0x1F53, 0x1F53, 0x1F53, 0x1F53, 0x1F53, 0x1F53, 0x1F53, 0x1F53, 0x1F53, 0x1F53, \
        0x1F53, 0x1F53, 0x1F53, 0x1F53, 0x1F53, 0x1F53, 0x1F53, 0x1F53, 0x1F53, 0x1F73, 0x16D1, 0x022E, \
        0x0AB6, 0x0AF6, 0x2378, 0x2B99, 0x2B99, 0x2B99, 0x2B99, 0x2BB9, 0x2BB9, 0x33DA, 0x3C5C, 0x447C, \
        0x447C, 0x447C, 0x447C, 0x447C, 0x449D, 0x449D, 0x447D, 0x3C1B, 0x2B38, 0x1A93, 0x140E, 0x160F, \
        0x1F52, 0x1F73, 0x1F53, 0x1F53, 0x1F53, 0x1F53, 0x1F53, 0x1F53, 0x1F53, 0x1F53, 0x1F53, 0x1F73, \
        0x1F73, 0x1F73, 0x1F73, 0x1F53, 0x1F53, 0x1F53, 0x1F72, 0x0591, 0x759B, 0x7596, 0x0711, 0x1F73, \
        0x1F53, 0x1F53, 0x1F53, 0x1F53, 0x1F53, 0x1F53, 0x1F53, 0x1F53, 0x1F53, 0x1F53, 0x1F53, 0x1F53, \
        0x1F73, 0x1F73, 0x162F, 0x12D0, 0x02F8, 0x851B, 0xDF5F, 0xDF5F, 0xDF5F, 0xDF5F, 0xDF5F, 0xE77F, \
        0xCEBC, 0x24ED, 0x1773, 0x1F53, 0x1F53, 0x1F53, 0x1F53, 0x1F53, 0x1F53, 0x1F53, 0x1F53, 0x1F53, \
        0x1F53, 0x1F53, 0x1F53, 0x1F53, 0x1F53, 0x1F53, 0x1F53, 0x1F53, 0x1F53, 0x1F53, 0x1F53, 0x1F53, \
        0x1F53, 0x1F53, 0x1F53, 0x1F53, 0x1F53, 0x1F53, 0x1F53, 0x1F53, 0x1F53, 0x1F53, 0x1F53, 0x1F53, \
        0x1F53, 0x1F53, 0x1F53, 0x1F53, 0x1F53, 0x1F53, 0x1F53, 0x1F53, 0x1F53, 0x1F53, 0x1F53, 0x1F53, \
        0x1F53, 0x1F53, 0x1F53, 0x1F53, 0x1F53, 0x1F53, 0x1F53, 0x1F53, 0x1F53, 0x1F53, 0x1F53, 0x1F53, \
        0x1F53, 0x1F53, 0x1F53, 0x1F53, 0x1F53, 0x1F53, 0x1F53, 0x1F53, 0x1F53, 0x1F53, 0x1F53, 0x1F53, \
        0x1F53, 0x1F53, 0x1F53, 0x1F53, 0x1F53, 0x1F53, 0x1F53, 0x1F53, 0x1F53, 0x1F53, 0x1F53, 0x1F53, \
        0x1F53, 0x1F53, 0x1F73, 0x0D2D, 0x01B2, 0x0AF6, 0x12F6, 0x2379, 0x2B99, 0x2B99, 0x2B99, 0x2BB9, \
        0x2BB9, 0x2BB9, 0x2BBA, 0x341B, 0x3C5C, 0x447C, 0x447D, 0x449D, 0x449D, 0x449D, 0x449D, 0x449D, \
        0x447D, 0x3C3B, 0x2B59, 0x1A94, 0x13CE, 0x164F, 0x1F73, 0x1F73, 0x1F53, 0x1F53, 0x1F53, 0x1F53, \
        0x1F53, 0x1F53, 0x1F73, 0x1EF1, 0x0610, 0x0630, 0x1732, 0x1F73, 0x1F53, 0x1F53, 0x1F72, 0x04B3, \
        0x45DF, 0x451A, 0x0EB0, 0x1F73, 0x1F53, 0x1F53, 0x1F53, 0x1F53, 0x1F53, 0x1F53, 0x1F53, 0x1F53, \
        0x1F53, 0x1F53, 0x1F53, 0x1F73, 0x1F52, 0x0D4D, 0x1A72, 0x0339, 0x74DB, 0xD73F, 0xDF7F, 0xDF5F, \
        0xDF5F, 0xDF5F, 0xDF5F, 0xE77F, 0xBE1A, 0x058D, 0x1F73, 0x1F53, 0x1F53, 0x1F53, 0x1F53, 0x1F53, \
        0x1F53, 0x1F53, 0x1F53, 0x1F53, 0x1F53, 0x1F53, 0x1F53, 0x1F53, 0x1F53, 0x1F53, 0x1F53, 0x1F53, \
        0x1F53, 0x1F53, 0x1F53, 0x1F53, 0x1F53, 0x1F53, 0x1F53, 0x1F53, 0x1F53, 0x1F53, 0x1F53, 0x1F53, \
        0x1F53, 0x1F53, 0x1F53, 0x1F53, 0x1F53, 0x1F53, 0x1F53, 0x1F53, 0x1F53, 0x1F53, 0x1F53, 0x1F53, \
        0x1F53, 0x1F53, 0x1F53, 0x1F53, 0x1F53, 0x1F53, 0x1F53, 0x1F53, 0x1F53, 0x1F53, 0x1F53, 0x1F53, \
        0x1F53, 0x1F53, 0x1F53, 0x1F53, 0x1F53, 0x1F53, 0x1F53, 0x1F53, 0x1F53, 0x1F53, 0x1F53, 0x1F53, \
        0x1F53, 0x1F53, 0x1F53, 0x1F53, 0x1F53, 0x1F53, 0x1F53, 0x1F53, 0x1F53, 0x1F53, 0x1F53, 0x1F53, \
        0x1F53, 0x1F53, 0x1F53, 0x1F53, 0x1F53, 0x1F53, 0x1F73, 0x1F52, 0x0C0C, 0x09F4, 0x0AF6, 0x1316, \
        0x2378, 0x2B99, 0x2B99, 0x2BB9, 0x2BB9, 0x2BB9, 0x2BB9, 0x2BB9, 0x2BB9, 0x2BBA, 0x33DA, 0x33DA, \
        0x33D9, 0x33D9, 0x33D9, 0x33F9, 0x3C1A, 0x33FA, 0x2BB9, 0x2BBA, 0x2B79, 0x1A72, 0x0CED, 0x1F32, \
        0x1F73, 0x1F53, 0x1F53, 0x1F53, 0x1F53, 0x1F73, 0x1690, 0x0454, 0x455C, 0x8E1B, 0x3CF3, 0x0F11, \
        0x1F73, 0x1F53, 0x1F73, 0x1691, 0x04D3, 0x05D2, 0x1F52, 0x1F53, 0x1F53, 0x1F53, 0x1F53, 0x1F53, \
        0x1F53, 0x1F53, 0x1F53, 0x1F53, 0x1F53, 0x1F73, 0x1F73, 0x1690, 0x13ED, 0x1AB5, 0x0359, 0x7D1B, \
        0xD73F, 0xDF7F, 0xDF5F, 0xDF5F, 0xDF5F, 0xDF5F, 0xDF5F, 0xE77F, 0x9D36, 0x066F, 0x1F73, 0x1F53, \
        0x1F53, 0x1F53, 0x1F53, 0x1F53, 0x1F53, 0x1F53, 0x1F53, 0x1F53, 0x1F53, 0x1F53, 0x1F53, 0x1F53, \
        0x1F53, 0x1F53, 0x1F53, 0x1F53, 0x1F53, 0x1F53, 0x1F53, 0x1F53, 0x1F53, 0x1F53, 0x1F53, 0x1F53, \
        0x1F53, 0x1F53, 0x1F53, 0x1F53, 0x1F53, 0x1F53, 0x1F53, 0x1F53, 0x1F53, 0x1F53, 0x1F53, 0x1F53, \
        0x1F53, 0x1F53, 0x1F53, 0x1F53, 0x1F53, 0x1F53, 0x1F53, 0x1F53, 0x1F53, 0x1F53, 0x1F53, 0x1F53, \
        0x1F53, 0x1F53, 0x1F53, 0x1F53, 0x1F53, 0x1F53, 0x1F53, 0x1F53, 0x1F53, 0x1F53, 0x1F53, 0x1F53, \
        0x1F53, 0x1F53, 0x1F53, 0x1F53, 0x1F53, 0x1F53, 0x1F53, 0x1F53, 0x1F53, 0x1F53, 0x1F53, 0x1F53, \
        0x1F53, 0x1F53, 0x1F53, 0x1F53, 0x1F53, 0x1F53, 0x1F53, 0x1F53, 0x1F53, 0x1F53, 0x1F53, 0x1F73, \
        0x1F11, 0x0B8C, 0x0A14, 0x0AF6, 0x12F6, 0x2378, 0x2B99, 0x2B99, 0x2BB9, 0x2BB9, 0x2BB9, 0x2BB9, \
        0x2378, 0x2315, 0x22F4, 0x2314, 0x2B56, 0x2B96, 0x3397, 0x3397, 0x3376, 0x2B34, 0x22F3, 0x22F4, \
        0x2336, 0x2399, 0x22B6, 0x13ED, 0x16F1, 0x1F73, 0x1F53, 0x1F53, 0x1F53, 0x1F52, 0x0C91, 0x055E, \
        0x667F, 0xCFBF, 0x5D9C, 0x058F, 0x1F73, 0x1F73, 0x1772, 0x1F73, 0x1F72, 0x1F72, 0x1F53, 0x1F53, \
        0x1F53, 0x1F53, 0x1F53, 0x1F53, 0x1F53, 0x1F53, 0x1F53, 0x1F73, 0x1F73, 0x16D1, 0x14ED, 0x1AB2, \
        0x0318, 0x2BBA, 0x9DBC, 0xDF5F, 0xDF5F, 0xDF5F, 0xDF5F, 0xDF5F, 0xDF5F, 0xDF5F, 0xDF5F, 0xDF5F, \
        0x6470, 0x0732, 0x1F73, 0x1F53, 0x1F53, 0x1F53, 0x1F53, 0x1F53, 0x1F53, 0x1F53, 0x1F53, 0x1F53, \
        0x1F53, 0x1F53, 0x1F53, 0x1F53, 0x1F53, 0x1F53, 0x1F53, 0x1F53, 0x1F53, 0x1F53, 0x1F53, 0x1F53, \
        0x1F53, 0x1F53, 0x1F53, 0x1F53, 0x1F53, 0x1F53, 0x1F53, 0x1F53, 0x1F53, 0x1F53, 0x1F53, 0x1F53, \
        0x1F53, 0x1F53, 0x1F53, 0x1F53, 0x1F53, 0x1F53, 0x1F53, 0x1F53, 0x1F53, 0x1F53, 0x1F53, 0x1F53, \
        0x1F53, 0x1F53, 0x1F53, 0x1F53, 0x1F53, 0x1F53, 0x1F53, 0x1F53, 0x1F53, 0x1F53, 0x1F53, 0x1F53, \
        0x1F53, 0x1F53, 0x1F53, 0x1F53, 0x1F53, 0x1F53, 0x1F53, 0x1F53, 0x1F53, 0x1F53, 0x1F53, 0x1F53, \
        0x1F53, 0x1F53, 0x1F53, 0x1F53, 0x1F53, 0x1F53, 0x1F53, 0x1F53, 0x1F53, 0x1F53, 0x1F53, 0x1F53, \
        0x1F53, 0x1F53, 0x1F53, 0x1F53, 0x1F73, 0x1F11, 0x0BCC, 0x09F3, 0x0AD6, 0x12F6, 0x2378, 0x2BB9, \
        0x2BB9, 0x2BB9, 0x2BB9, 0x2336, 0x2315, 0x2BB8, 0x33DA, 0x2BBA, 0x2BDA, 0x2BDA, 0x33FA, 0x33FA, \
        0x341B, 0x3C3B, 0x3C5B, 0x443A, 0x3BD8, 0x2B34, 0x1AD3, 0x1A74, 0x0B8E, 0x1F12, 0x1F73, 0x1F53, \
        0x1F73, 0x1F31, 0x0434, 0x059F, 0x05FF, 0x2E1F, 0x059E, 0x0D31, 0x1F73, 0x1712, 0x35F2, 0x26D2, \
        0x1F73, 0x1F53, 0x1F53, 0x1F53, 0x1F53, 0x1F53, 0x1F53, 0x1F53, 0x1F73, 0x1F73, 0x1F72, 0x16B0, \
        0x150D, 0x12F1, 0x02D7, 0x0B99, 0x74DB, 0xC6BE, 0xE77F, 0xDF5F, 0xDF5F, 0xDF5F, 0xDF5F, 0xDF5F, \
        0xDF5F, 0xDF5F, 0xDF7F, 0xC67C, 0x0D0D, 0x1773, 0x1F53, 0x1F53, 0x1F53, 0x1F53, 0x1F53, 0x1F53, \
        0x1F53, 0x1F53, 0x1F53, 0x1F53, 0x1F53, 0x1F53, 0x1F53, 0x1F53, 0x1F53, 0x1F53, 0x1F53, 0x1F53, \
        0x1F53, 0x1F53, 0x1F53, 0x1F53, 0x1F53, 0x1F53, 0x1F53, 0x1F53, 0x1F53, 0x1F53, 0x1F53, 0x1F53, \
        0x1F53, 0x1F53, 0x1F53, 0x1F53, 0x1F53, 0x1F53, 0x1F53, 0x1F53, 0x1F53, 0x1F53, 0x1F53, 0x1F53, \
        0x1F53, 0x1F53, 0x1F53, 0x1F53, 0x1F53, 0x1F53, 0x1F53, 0x1F53, 0x1F53, 0x1F53, 0x1F53, 0x1F53, \
        0x1F53, 0x1F53, 0x1F53, 0x1F53, 0x1F53, 0x1F53, 0x1F53, 0x1F53, 0x1F53, 0x1F53, 0x1F53, 0x1F53, \
        0x1F53, 0x1F53, 0x1F53, 0x1F53, 0x1F53, 0x1F53, 0x1F53, 0x1F53, 0x1F53, 0x1F53, 0x1F53, 0x1F53, \
        0x1F53, 0x1F53, 0x1F53, 0x1F53, 0x1F53, 0x1F53, 0x1F53, 0x1F53, 0x1F53, 0x1F73, 0x1F32, 0x0C4C, \
        0x09B2, 0x0AD6, 0x12F6, 0x2378, 0x2BB9, 0x2BB9, 0x2398, 0x2B99, 0x2B99, 0x1A51, 0x122F, 0x2B99, \
        0x2BB9, 0x2BB9, 0x2BB9, 0x2BB9, 0x2BB9, 0x2BB9, 0x2BB9, 0x2BDA, 0x341B, 0x3C5C, 0x3C3A, 0x3396, \
        0x19F0, 0x03A8, 0x1732, 0x1F73, 0x1F53, 0x1F72, 0x0CF1, 0x04BD, 0x059F, 0x05BF, 0x047A, 0x15F0, \
        0x1F92, 0x0572, 0x6DDE, 0x4D56, 0x0F52, 0x1F53, 0x1F53, 0x1F53, 0x1F53, 0x1F73, 0x1F73, 0x1F73, \
        0x1F11, 0x160F, 0x0C4E, 0x0292, 0x02B7, 0x2BB9, 0x7CFB, 0xBE7D, 0xDF5F, 0xE77F, 0xDF5F, 0xDF5F, \
        0xDF5F, 0xDF5F, 0xDF5F, 0xDF5F, 0xDF5F, 0xDF5F, 0xE77F, 0x94F5, 0x066F, 0x1F73, 0x1F53, 0x1F53, \
        0x1F53, 0x1F53, 0x1F53, 0x1F53, 0x1F53, 0x1F53, 0x1F53, 0x1F53, 0x1F53, 0x1F53, 0x1F53, 0x1F53, \
        0x1F53, 0x1F53, 0x1F53, 0x1F53, 0x1F53, 0x1F53, 0x1F53, 0x1F53, 0x1F53, 0x1F53, 0x1F53, 0x1F53, \
        0x1F53, 0x1F53, 0x1F53, 0x1F53, 0x1F53, 0x1F53, 0x1F53, 0x1F53, 0x1F53, 0x1F53, 0x1F53, 0x1F53, \
        0x1F53, 0x1F53, 0x1F53, 0x1F53, 0x1F53, 0x1F53, 0x1F53, 0x1F53, 0x1F53, 0x1F53, 0x1F53, 0x1F53, \
        0x1F53, 0x1F53, 0x1F53, 0x1F53, 0x1F53, 0x1F53, 0x1F53, 0x1F53, 0x1F53, 0x1F53, 0x1F53, 0x1F53, \
        0x1F53, 0x1F53, 0x1F53, 0x1F53, 0x1F53, 0x1F53, 0x1F53, 0x1F53, 0x1F53, 0x1F53, 0x1F53, 0x1F53, \
        0x1F53, 0x1F53, 0x1F53, 0x1F53, 0x1F53, 0x1F53, 0x1F53, 0x1F53, 0x1F53, 0x1F53, 0x1F53, 0x1F53, \
        0x1F53, 0x1F53, 0x1F73, 0x1F52, 0x0CED, 0x01B1, 0x0AD6, 0x12F6, 0x2399, 0x2BB9, 0x2B99, 0x2BB9, \
        0x1AF4, 0x1A93, 0x2378, 0x2B99, 0x2BB9, 0x2B99, 0x2BB9, 0x2BB9, 0x2BB9, 0x2BB9, 0x2BB9, 0x2BB9, \
        0x2B99, 0x2B99, 0x2BDA, 0x3C3B, 0x3C3B, 0x3335, 0x1C6E, 0x16B0, 0x1F72, 0x1F93, 0x1EF1, 0x0C72, \
        0x0438, 0x03F6, 0x0D2F, 0x1F52, 0x1F73, 0x1652, 0x0498, 0x0DB3, 0x1F72, 0x1F73, 0x1F73, 0x1F73, \
        0x1F72, 0x1711, 0x162F, 0x04AE, 0x0310, 0x0254, 0x2338, 0x649A, 0x9DDC, 0xCEDE, 0xE77F, 0xE77F, \
        0xDF5F, 0xDF5F, 0xDF5F, 0xDF5F, 0xDF5F, 0xDF5F, 0xDF5F, 0xDF5F, 0xDF5F, 0xDF7F, 0xD6FD, 0x446E, \
        0x0752, 0x1F53, 0x1F53, 0x1F53, 0x1F53, 0x1F53, 0x1F53, 0x1F53, 0x1F53, 0x1F53, 0x1F53, 0x1F53, \
        0x1F53, 0x1F53, 0x1F53, 0x1F53, 0x1F53, 0x1F53, 0x1F53, 0x1F53, 0x1F53, 0x1F53, 0x1F53, 0x1F53, \
        0x1F53, 0x1F53, 0x1F53, 0x1F53, 0x1F53, 0x1F53, 0x1F53, 0x1F53, 0x1F53, 0x1F53, 0x1F53, 0x1F53, \
        0x1F53, 0x1F53, 0x1F53, 0x1F53, 0x1F53, 0x1F53, 0x1F53, 0x1F53, 0x1F53, 0x1F53, 0x1F53, 0x1F53, \
        0x1F53, 0x1F53, 0x1F53, 0x1F53, 0x1F53, 0x1F53, 0x1F53, 0x1F53, 0x1F53, 0x1F53, 0x1F53, 0x1F53, \
        0x1F53, 0x1F53, 0x1F53, 0x1F53, 0x1F53, 0x1F53, 0x1F53, 0x1F53, 0x1F53, 0x1F53, 0x1F53, 0x1F53, \
        0x1F53, 0x1F53, 0x1F53, 0x1F53, 0x1F53, 0x1F53, 0x1F53, 0x1F53, 0x1F53, 0x1F53, 0x1F53, 0x1F53, \
        0x1F53, 0x1F53, 0x1F53, 0x1F53, 0x1F73, 0x1F73, 0x1F73, 0x1F73, 0x1F73, 0x154D, 0x01D1, 0x0AD6, \
        0x1317, 0x2B99, 0x2B99, 0x2B99, 0x2B99, 0x2399, 0x1B78, 0x2B99, 0x2B99, 0x2B99, 0x2BB9, 0x2BB9, \
        0x2BB9, 0x2BB9, 0x2BB9, 0x2BB9, 0x2BB9, 0x2378, 0x2378, 0x2BB9, 0x2BDA, 0x3C3B, 0x3BFA, 0x2B54, \
        0x1CCF, 0x1670, 0x1F52, 0x1F72, 0x1ED0, 0x1EF1, 0x1F73, 0x1F73, 0x1F73, 0x1F73, 0x1F31, 0x1F72, \
        0x1F52, 0x1711, 0x0E70, 0x056E, 0x040E, 0x02D1, 0x02B5, 0x4BB8, 0x7CDB, 0xA5FD, 0xCEDE, 0xDF5F, \
        0xE79F, 0xE77F, 0xDF5F, 0xDF5F, 0xDF3F, 0xDF5F, 0xDF5F, 0xDF5F, 0xDF5F, 0xDF5F, 0xDF5F, 0xDF5F, \
        0xDF5F, 0xE77F, 0x9D56, 0x060E, 0x1F73, 0x1F53, 0x1F53, 0x1F53, 0x1F53, 0x1F53, 0x1F53, 0x1F53, \
        0x1F53, 0x1F53, 0x1F53, 0x1F53, 0x1F53, 0x1F53, 0x1F53, 0x1F53, 0x1F53, 0x1F53, 0x1F53, 0x1F53, \
        0x1F53, 0x1F53, 0x1F53, 0x1F53, 0x1F53, 0x1F53, 0x1F53, 0x1F53, 0x1F53, 0x1F53, 0x1F53, 0x1F53, \
        0x1F53, 0x1F53, 0x1F53, 0x1F53, 0x1F53, 0x1F53, 0x1F53, 0x1F53, 0x1F53, 0x1F53, 0x1F53, 0x1F53, \
        0x1F53, 0x1F53, 0x1F53, 0x1F53, 0x1F53, 0x1F53, 0x1F53, 0x1F53, 0x1F53, 0x1F53, 0x1F53, 0x1F53, \
        0x1F53, 0x1F53, 0x1F53, 0x1F53, 0x1F53, 0x1F53, 0x1F53, 0x1F53, 0x1F53, 0x1F53, 0x1F53, 0x1F53, \
        0x1F53, 0x1F53, 0x1F53, 0x1F53, 0x1F53, 0x1F53, 0x1F53, 0x1F53, 0x1F53, 0x1F53, 0x1F53, 0x1F53, \
        0x1F53, 0x1F53, 0x1F53, 0x1F53, 0x1F53, 0x1F53, 0x1F53, 0x1F73, 0x1690, 0x0570, 0x05B0, 0x1712, \
        0x1F73, 0x1F73, 0x156E, 0x01B1, 0x0AD6, 0x2358, 0x2BB9, 0x2BB9, 0x2BB9, 0x2A90, 0x5B2F, 0x2378, \
        0x2B99, 0x2B99, 0x2B99, 0x2BB9, 0x2BB9, 0x2BB9, 0x2BB9, 0x2BB9, 0x2BB9, 0x1A71, 0x096B, 0x2357, \
        0x2BBA, 0x2BB9, 0x2BB9, 0x2BDA, 0x3399, 0x2B55, 0x1C10, 0x154E, 0x1670, 0x16F1, 0x16F1, 0x16F1, \
        0x16B0, 0x0E50, 0x05AF, 0x04CE, 0x03CE, 0x02F1, 0x2AF4, 0x53B7, 0x84DA, 0xA5FC, 0xC6BE, 0xD73F, \
        0xE77F, 0xE79F, 0xE77F, 0xDF5F, 0xDF5F, 0xD73F, 0xD73F, 0xDF3F, 0xDF5F, 0xDF5F, 0xDF5F, 0xDF5F, \
        0xDF5F, 0xDF5F, 0xDF5F, 0xDF5F, 0xDF7F, 0xD6DD, 0x3C6D, 0x0752, 0x1F53, 0x1F53, 0x1F53, 0x1F53, \
        0x1F53, 0x1F53, 0x1F53, 0x1F53, 0x1F53, 0x1F53, 0x1F53, 0x1F53, 0x1F53, 0x1F53, 0x1F53, 0x1F53, \
        0x1F53, 0x1F53, 0x1F53, 0x1F53, 0x1F53, 0x1F53, 0x1F53, 0x1F53, 0x1F53, 0x1F53, 0x1F53, 0x1F53, \
        0x1F53, 0x1F53, 0x1F53, 0x1F53, 0x1F53, 0x1F53, 0x1F53, 0x1F53, 0x1F53, 0x1F53, 0x1F53, 0x1F53, \
        0x1F53, 0x1F53, 0x1F53, 0x1F53, 0x1F53, 0x1F53, 0x1F53, 0x1F53, 0x1F53, 0x1F53, 0x1F53, 0x1F53, \
        0x1F53, 0x1F53, 0x1F53, 0x1F53, 0x1F53, 0x1F53, 0x1F53, 0x1F53, 0x1F53, 0x1F53, 0x1F53, 0x1F53, \
        0x1F53, 0x1F53, 0x1F53, 0x1F53, 0x1F53, 0x1F53, 0x1F53, 0x1F53, 0x1F53, 0x1F53, 0x1F53, 0x1F53, \
        0x1F53, 0x1F53, 0x1F53, 0x1F53, 0x1F53, 0x1F53, 0x1F53, 0x1F53, 0x1F53, 0x1F53, 0x1F73, 0x1670, \
        0x0478, 0x65FE, 0xAEBD, 0x34F2, 0x1732, 0x1F73, 0x1F73, 0x0D4D, 0x01B2, 0x12F7, 0x2B99, 0x2BB9, \
        0x02F6, 0x73AE, 0xC618, 0x1316, 0x2BB9, 0x2B99, 0x2B99, 0x2BB9, 0x2BB9, 0x2BB9, 0x2BB9, 0x2BB9, \
        0x2BB9, 0x2BBA, 0x1AF4, 0x1250, 0x2BBA, 0x2BB9, 0x2BB9, 0x2BB9, 0x2BB9, 0x2BBA, 0x2B99, 0x2B17, \
        0x22F5, 0x1AF3, 0x0B12, 0x0291, 0x0212, 0x0A74, 0x4B77, 0x7C99, 0x9D9B, 0xB65D, 0xCEFF, 0xDF5F, \
        0xE77F, 0xE79F, 0xE77F, 0xDF5F, 0xD73F, 0xD73F, 0xD73F, 0xD73F, 0xD73F, 0xD73F, 0xD73F, 0xD73F, \
        0xD73F, 0xDF5F, 0xDF5F, 0xDF5F, 0xDF5F, 0xDF5F, 0xDF5F, 0xDF5F, 0xDF7F, 0x8CD4, 0x066F, 0x1F73, \
        0x1F53, 0x1F53, 0x1F53, 0x1F53, 0x1F53, 0x1F53, 0x1F53, 0x1F53, 0x1F53, 0x1F53, 0x1F53, 0x1F53, \
        0x1F53, 0x1F53, 0x1F53, 0x1F53, 0x1F53, 0x1F53, 0x1F53, 0x1F53, 0x1F53, 0x1F53, 0x1F53, 0x1F53, \
        0x1F53, 0x1F53, 0x1F53, 0x1F53, 0x1F53, 0x1F53, 0x1F53, 0x1F53, 0x1F53, 0x1F53, 0x1F53, 0x1F53, \
        0x1F53, 0x1F53, 0x1F53, 0x1F53, 0x1F53, 0x1F53, 0x1F53, 0x1F53, 0x1F53, 0x1F53, 0x1F53, 0x1F53, \
        0x1F53, 0x1F53, 0x1F53, 0x1F53, 0x1F53, 0x1F53, 0x1F53, 0x1F53, 0x1F53, 0x1F53, 0x1F53, 0x1F53, \
        0x1F53, 0x1F53, 0x1F53, 0x1F53, 0x1F53, 0x1F53, 0x1F53, 0x1F53, 0x1F53, 0x1F53, 0x1F53, 0x1F53, \
        0x1F53, 0x1F53, 0x1F53, 0x1F53, 0x1F53, 0x1F53, 0x1F53, 0x1F53, 0x1F53, 0x1F53, 0x1F53, 0x1F53, \
        0x1F53, 0x1F53, 0x1F72, 0x0CD1, 0x055E, 0x5E5F, 0x9F3F, 0x2CFA, 0x0E70, 0x1F73, 0x1F73, 0x1F52, \
        0x0C4C, 0x0214, 0x2378, 0x2BBA, 0x1B36, 0x20E0, 0x3A4D, 0x2398, 0x2B99, 0x2B99, 0x2B99, 0x2B99, \
        0x2BB9, 0x2BB9, 0x2BB9, 0x2BB9, 0x1B37, 0x0294, 0x2399, 0x2357, 0x2BB9, 0x2BB9, 0x2BB9, 0x2BB9, \
        0x2BB9, 0x2BB9, 0x2BB9, 0x2399, 0x0338, 0x02F8, 0x4398, 0x84DA, 0xADFC, 0xC6BE, 0xDF3F, 0xE77F, \
        0xE77F, 0xDF7F, 0xDF5F, 0xDF5F, 0xD73F, 0xCF1F, 0xCF1F, 0xCF1F, 0xCF1F, 0xCF1F, 0xD71F, 0xD71F, \
        0xD73F, 0xD73F, 0xD73F, 0xD73F, 0xD73F, 0xDF3F, 0xDF3F, 0xDF5F, 0xDF5F, 0xDF5F, 0xDF5F, 0xE77F, \
        0xBE1A, 0x050D, 0x1773, 0x1F53, 0x1F53, 0x1F53, 0x1F53, 0x1F53, 0x1F53, 0x1F53, 0x1F53, 0x1F53, \
        0x1F53, 0x1F53, 0x1F53, 0x1F53, 0x1F53, 0x1F53, 0x1F53, 0x1F53, 0x1F53, 0x1F53, 0x1F53, 0x1F53, \
        0x1F53, 0x1F53, 0x1F53, 0x1F53, 0x1F53, 0x1F53, 0x1F53, 0x1F53, 0x1F53, 0x1F53, 0x1F53, 0x1F53, \
        0x1F53, 0x1F53, 0x1F53, 0x1F53, 0x1F53, 0x1F53, 0x1F53, 0x1F53, 0x1F53, 0x1F53, 0x1F53, 0x1F53, \
        0x1F53, 0x1F53, 0x1F53, 0x1F53, 0x1F53, 0x1F53, 0x1F53, 0x1F53, 0x1F53, 0x1F53, 0x1F53, 0x1F53, \
        0x1F53, 0x1F53, 0x1F53, 0x1F53, 0x1F53, 0x1F53, 0x1F53, 0x1F53, 0x1F53, 0x1F53, 0x1F53, 0x1F53, \
        0x1F53, 0x1F53, 0x1F53, 0x1F53, 0x1F53, 0x1F53, 0x1F53, 0x1F53, 0x1F53, 0x1F53, 0x1F53, 0x1F53, \
        0x1F53, 0x1F53, 0x1F53, 0x1F53, 0x1F53, 0x1F53, 0x1F72, 0x0CF1, 0x04FD, 0x05DF, 0x05DF, 0x0499, \
        0x1690, 0x1F73, 0x1F53, 0x1F73, 0x16D1, 0x028E, 0x1B38, 0x2BB9, 0x2B99, 0x1AF5, 0x1B57, 0x2BB9, \
        0x2BB9, 0x2BB9, 0x2BB9, 0x2BB9, 0x2BB9, 0x2BB9, 0x2BB9, 0x1B78, 0x52ED, 0xAD34, 0x2B15, 0x2BBA, \
        0x2BB9, 0x2BB9, 0x2BB9, 0x2BB9, 0x2BB9, 0x1358, 0x02F8, 0x3358, 0x7CDA, 0xAE1C, 0xCEFE, 0xDF5F, \
        0xDF5F, 0xD73F, 0xCF1F, 0xCF1F, 0xCEFF, 0xCEFF, 0xC6FF, 0xC6FF, 0xCEFF, 0xCEFF, 0xCEFF, 0xCF1F, \
        0xCF1F, 0xCF1F, 0xD71F, 0xD71F, 0xD73F, 0xD73F, 0xD73F, 0xD73F, 0xD73F, 0xD73F, 0xD73F, 0xDF5F, \
        0xDF5F, 0xDF5F, 0xDF7F, 0xD6FD, 0x542E, 0x0712, 0x1F73, 0x1F53, 0x1F53, 0x1F53, 0x1F53, 0x1F53, \
        0x1F53, 0x1F53, 0x1F53, 0x1F53, 0x1F53, 0x1F53, 0x1F53, 0x1F53, 0x1F53, 0x1F53, 0x1F53, 0x1F53, \
        0x1F53, 0x1F53, 0x1F53, 0x1F53, 0x1F53, 0x1F53, 0x1F53, 0x1F53, 0x1F53, 0x1F53, 0x1F53, 0x1F53, \
        0x1F53, 0x1F53, 0x1F53, 0x1F53, 0x1F53, 0x1F53, 0x1F53, 0x1F53, 0x1F53, 0x1F53, 0x1F53, 0x1F53, \
        0x1F53, 0x1F53, 0x1F53, 0x1F53, 0x1F53, 0x1F53, 0x1F53, 0x1F53, 0x1F53, 0x1F53, 0x1F53, 0x1F53, \
        0x1F53, 0x1F53, 0x1F53, 0x1F53, 0x1F53, 0x1F53, 0x1F53, 0x1F53, 0x1F53, 0x1F53, 0x1F53, 0x1F53, \
        0x1F53, 0x1F53, 0x1F53, 0x1F53, 0x1F53, 0x1F53, 0x1F53, 0x1F53, 0x1F53, 0x1F53, 0x1F53, 0x1F53, \
        0x1F53, 0x1F53, 0x1F53, 0x1F53, 0x1F53, 0x1F53, 0x1F53, 0x1F53, 0x1F53, 0x1F53, 0x1F73, 0x16B1, \
        0x0415, 0x047B, 0x0419, 0x0D10, 0x1F52, 0x1F53, 0x1F53, 0x1F53, 0x1F72, 0x03CC, 0x12B6, 0x2B99, \
        0x2BB9, 0x2BDA, 0x2BB9, 0x2BB9, 0x2BB9, 0x2BB9, 0x2BB9, 0x2BB9, 0x2BB9, 0x2BB9, 0x2BBA, 0x02F5, \
        0x630B, 0xB595, 0x22F4, 0x2BB9, 0x2BB9, 0x2BB9, 0x1B99, 0x0338, 0x0317, 0x5C18, 0x9D9B, 0xC6BE, \
        0xD73F, 0xCF1F, 0xCF1F, 0xCEFF, 0xCEFF, 0xCEFF, 0xC6FF, 0xC6FF, 0xC6FF, 0xC6FF, 0xC6FF, 0xC6FF, \
        0xCEFF, 0xCEFF, 0xCEFF, 0xCEFF, 0xCF1F, 0xCF1F, 0xCF1F, 0xD71F, 0xD71F, 0xD73F, 0xD73F, 0xD73F, \
        0xD73F, 0xD73F, 0xD73F, 0xDF3F, 0xDF5F, 0xDF5F, 0xDF5F, 0x7C72, 0x0690, 0x1F73, 0x1F53, 0x1F53, \
        0x1F53, 0x1F53, 0x1F53, 0x1F53, 0x1F53, 0x1F53, 0x1F53, 0x1F53, 0x1F53, 0x1F53, 0x1F53, 0x1F53, \
        0x1F53, 0x1F53, 0x1F53, 0x1F53, 0x1F53, 0x1F53, 0x1F53, 0x1F53, 0x1F53, 0x1F53, 0x1F53, 0x1F53, \
        0x1F53, 0x1F53, 0x1F53, 0x1F53, 0x1F53, 0x1F53, 0x1F53, 0x1F53, 0x1F53, 0x1F53, 0x1F53, 0x1F53, \
        0x1F53, 0x1F53, 0x1F53, 0x1F53, 0x1F53, 0x1F53, 0x1F53, 0x1F53, 0x1F53, 0x1F53, 0x1F53, 0x1F53, \
        0x1F53, 0x1F53, 0x1F53, 0x1F53, 0x1F53, 0x1F53, 0x1F53, 0x1F53, 0x1F53, 0x1F53, 0x1F53, 0x1F53, \
        0x1F53, 0x1F53, 0x1F53, 0x1F53, 0x1F53, 0x1F53, 0x1F53, 0x1F53, 0x1F53, 0x1F53, 0x1F53, 0x1F53, \
        0x1F53, 0x1F53, 0x1F53, 0x1F53, 0x1F53, 0x1F53, 0x1F53, 0x1F53, 0x1F53, 0x1F53, 0x1F53, 0x1F53, \
        0x1F53, 0x1F53, 0x1F53, 0x1F73, 0x16D1, 0x15AF, 0x1630, 0x1F52, 0x1F73, 0x1F73, 0x1F73, 0x1F73, \
        0x1670, 0x0231, 0x2379, 0x2BB9, 0x2BB9, 0x2BB9, 0x2BB9, 0x2B99, 0x2B99, 0x2B99, 0x2B99, 0x2B99, \
        0x2BB9, 0x2BB9, 0x2BBA, 0x2B78, 0x0086, 0x010C, 0x2399, 0x1379, 0x0358, 0x0B38, 0x4BD8, 0x851A, \
        0xAE3D, 0xCEFF, 0xD73F, 0xCF1F, 0xCF1F, 0xCF1F, 0xCEFF, 0xCEFF, 0xCEFF, 0xCEFF, 0xC6FF, 0xC6FF, \
        0xC6FF, 0xC6FF, 0xC6FF, 0xC6FF, 0xC6FF, 0xCEFF, 0xCEFF, 0xCEFF, 0xCEFF, 0xCF1F, 0xCF1F, 0xCF1F, \
        0xCF1F, 0xD71F, 0xD73F, 0xD73F, 0xD73F, 0xD73F, 0xD73F, 0xD73F, 0xDF5F, 0xDF5F, 0x94F5, 0x05CE, \
        0x1F73, 0x1F53, 0x1F53, 0x1F53, 0x1F53, 0x1F53, 0x1F53, 0x1F53, 0x1F53, 0x1F53, 0x1F53, 0x1F53, \
        0x1F53, 0x1F53, 0x1F53, 0x1F53, 0x1F53, 0x1F53, 0x1F53, 0x1F53, 0x1F53, 0x1F53, 0x1F53, 0x1F53, \
        0x1F53, 0x1F53, 0x1F53, 0x1F53, 0x1F53, 0x1F53, 0x1F53, 0x1F53, 0x1F53, 0x1F53, 0x1F53, 0x1F53, \
        0x1F53, 0x1F53, 0x1F53, 0x1F53, 0x1F53, 0x1F53, 0x1F53, 0x1F53, 0x1F53, 0x1F53, 0x1F53, 0x1F53, \
        0x1F53, 0x1F53, 0x1F53, 0x1F53, 0x1F53, 0x1F53, 0x1F53, 0x1F53, 0x1F53, 0x1F53, 0x1F53, 0x1F53, \
        0x1F53, 0x1F53, 0x1F53, 0x1F53, 0x1F53, 0x1F53, 0x1F53, 0x1F53, 0x1F53, 0x1F53, 0x1F53, 0x1F53, \
        0x1F53, 0x1F53, 0x1F53, 0x1F53, 0x1F53, 0x1F53, 0x1F53, 0x1F53, 0x1F53, 0x1F53, 0x1F53, 0x1F53, \
        0x1F53, 0x1F53, 0x1F53, 0x1F53, 0x1F53, 0x1F53, 0x1F53, 0x1F53, 0x1F73, 0x1F73, 0x1F93, 0x1F32, \
        0x15F0, 0x0590, 0x0690, 0x1F93, 0x158E, 0x09D3, 0x2399, 0x2BB9, 0x2BB9, 0x33DA, 0x341B, 0x341B, \
        0x341B, 0x33FA, 0x33DA, 0x2BDA, 0x2BB9, 0x2BB9, 0x2BB9, 0x23B9, 0x0338, 0x0338, 0x2B99, 0x6459, \
        0x955A, 0xB65D, 0xCEFE, 0xD73F, 0xD73F, 0xCF1F, 0xCF1F, 0xCF1F, 0xCF1F, 0xCEFF, 0xCEFF, 0xCEFF, \
        0xC6FF, 0xC6FF, 0xC6FF, 0xC6DF, 0xC6FF, 0xC6DF, 0xC6DF, 0xC6DF, 0xC6FF, 0xC6FF, 0xC6FF, 0xCEFF, \
        0xCEFF, 0xCEFF, 0xCF1F, 0xCF1F, 0xCF1F, 0xCF1F, 0xD71F, 0xD73F, 0xD73F, 0xD73F, 0xD73F, 0xD73F, \
        0xDF5F, 0x9D36, 0x058D, 0x1773, 0x1F53, 0x1F53, 0x1F53, 0x1F53, 0x1F53, 0x1F53, 0x1F53, 0x1F53, \
        0x1F53, 0x1F53, 0x1F53, 0x1F53, 0x1F53, 0x1F53, 0x1F53, 0x1F53, 0x1F53, 0x1F53, 0x1F53, 0x1F53, \
        0x1F53, 0x1F53, 0x1F53, 0x1F53, 0x1F53, 0x1F53, 0x1F53, 0x1F53, 0x1F53, 0x1F53, 0x1F53, 0x1F53, \
        0x1F53, 0x1F53, 0x1F53, 0x1F53, 0x1F53, 0x1F53, 0x1F53, 0x1F53, 0x1F53, 0x1F53, 0x1F53, 0x1F53, \
        0x1F53, 0x1F53, 0x1F53, 0x1F53, 0x1F53, 0x1F53, 0x1F53, 0x1F53, 0x1F53, 0x1F53, 0x1F53, 0x1F53, \
        0x1F53, 0x1F53, 0x1F53, 0x1F53, 0x1F53, 0x1F53, 0x1F53, 0x1F53, 0x1F53, 0x1F53, 0x1F53, 0x1F53, \
        0x1F53, 0x1F53, 0x1F53, 0x1F53, 0x1F53, 0x1F53, 0x1F53, 0x1F53, 0x1F53, 0x1F53, 0x1F53, 0x1F53, \
        0x1F53, 0x1F53, 0x1F53, 0x1F53, 0x1F53, 0x1F53, 0x1F53, 0x1F53, 0x1F53, 0x1F53, 0x1F53, 0x1F53, \
        0x1F53, 0x1F73, 0x1F52, 0x04D1, 0x051C, 0x9EBE, 0x7558, 0x0670, 0x16B0, 0x01CF, 0x1B18, 0x23B9, \
        0x341B, 0x449D, 0x449D, 0x449D, 0x44BD, 0x449D, 0x449D, 0x3C5C, 0x2BFA, 0x0379, 0x0379, 0x3BD9, \
        0x74BA, 0xA5DC, 0xC6BE, 0xD71F, 0xD73F, 0xD73F, 0xD71F, 0xCF1F, 0xCF1F, 0xCF1F, 0xCF3F, 0xC69D, \
        0xBE7C, 0xCF1F, 0xCEFF, 0xC6FF, 0xC6DF, 0xC6DF, 0xC6DF, 0xC6DF, 0xC6DF, 0xC6DF, 0xC6DF, 0xC6DF, \
        0xC6DF, 0xC6DF, 0xC6FF, 0xC6FF, 0xC6FF, 0xCEFF, 0xCEFF, 0xCEFF, 0xCF1F, 0xCF1F, 0xCF1F, 0xD71F, \
        0xD73F, 0xD73F, 0xD73F, 0xD73F, 0x94F6, 0x056D, 0x1773, 0x1F73, 0x1F73, 0x1F73, 0x1F53, 0x1F53, \
        0x1F53, 0x1F53, 0x1F53, 0x1F53, 0x1F53, 0x1F53, 0x1F53, 0x1F53, 0x1F53, 0x1F53, 0x1F53, 0x1F53, \
        0x1F53, 0x1F53, 0x1F53, 0x1F53, 0x1F53, 0x1F53, 0x1F53, 0x1F53, 0x1F53, 0x1F53, 0x1F53, 0x1F53, \
        0x1F53, 0x1F53, 0x1F53, 0x1F53, 0x1F53, 0x1F53, 0x1F53, 0x1F53, 0x1F53, 0x1F53, 0x1F53, 0x1F53, \
        0x1F53, 0x1F53, 0x1F53, 0x1F53, 0x1F53, 0x1F53, 0x1F53, 0x1F53, 0x1F53, 0x1F53, 0x1F53, 0x1F53, \
        0x1F53, 0x1F53, 0x1F53, 0x1F53, 0x1F53, 0x1F53, 0x1F53, 0x1F53, 0x1F53, 0x1F53, 0x1F53, 0x1F53, \
        0x1F53, 0x1F53, 0x1F53, 0x1F53, 0x1F53, 0x1F53, 0x1F53, 0x1F53, 0x1F53, 0x1F53, 0x1F53, 0x1F53, \
        0x1F53, 0x1F53, 0x1F53, 0x1F53, 0x1F53, 0x1F53, 0x1F53, 0x1F53, 0x1F53, 0x1F53, 0x1F53, 0x1F53, \
        0x1F53, 0x1F53, 0x1F53, 0x1F53, 0x1F53, 0x1F73, 0x1690, 0x0439, 0x061F, 0x9F1F, 0x765F, 0x0512, \
        0x1F72, 0x15AE, 0x01CF, 0x1295, 0x2378, 0x23BA, 0x23FA, 0x2C1B, 0x23FB, 0x1BDA, 0x0B99, 0x1B78, \
        0x4BF9, 0x84FA, 0xB63D, 0xC69D, 0xD73F, 0xD75F, 0xD73F, 0xD73F, 0xD71F, 0xCF1F, 0xCF1F, 0xCF1F, \
        0xCF1F, 0xCF1F, 0xADD9, 0x8CD5, 0xC6DE, 0xBE9D, 0xC6DE, 0xC6FF, 0xC6DF, 0xC6DF, 0xC6DF, 0xC6DF, \
        0xC6DF, 0xC6DF, 0xC6DF, 0xC6DF, 0xC6DF, 0xC6DF, 0xC6DF, 0xC6FF, 0xC6FF, 0xC6FF, 0xCEFF, 0xCEFF, \
        0xCF1F, 0xCF1F, 0xCF1F, 0xCF1F, 0xD71F, 0xD75F, 0xCEDE, 0x8493, 0x05CE, 0x1773, 0x1F73, 0x1ED1, \
        0x05D0, 0x0EB1, 0x1F73, 0x1F53, 0x1F53, 0x1F53, 0x1F53, 0x1F53, 0x1F53, 0x1F53, 0x1F53, 0x1F53, \
        0x1F53, 0x1F53, 0x1F53, 0x1F53, 0x1F53, 0x1F53, 0x1F53, 0x1F53, 0x1F53, 0x1F53, 0x1F53, 0x1F53, \
        0x1F53, 0x1F53, 0x1F53, 0x1F53, 0x1F53, 0x1F53, 0x1F53, 0x1F53, 0x1F53, 0x1F53, 0x1F53, 0x1F53, \
        0x1F53, 0x1F53, 0x1F53, 0x1F53, 0x1F53, 0x1F53, 0x1F53, 0x1F53, 0x1F53, 0x1F53, 0x1F53, 0x1F53, \
        0x1F53, 0x1F53, 0x1F53, 0x1F53, 0x1F53, 0x1F53, 0x1F53, 0x1F53, 0x1F53, 0x1F53, 0x1F53, 0x1F53, \
        0x1F53, 0x1F53, 0x1F53, 0x1F53, 0x1F53, 0x1F53, 0x1F53, 0x1F53, 0x1F53, 0x1F53, 0x1F53, 0x1F53, \
        0x1F53, 0x1F53, 0x1F53, 0x1F53, 0x1F53, 0x1F53, 0x1F53, 0x1F53, 0x1F53, 0x1F53, 0x1F53, 0x1F53, \
        0x1F53, 0x1F53, 0x1F53, 0x1F53, 0x1F53, 0x1F53, 0x1F53, 0x1F53, 0x1F53, 0x1F73, 0x1690, 0x0438, \
        0x05BF, 0x05DF, 0x057E, 0x0CF1, 0x1F72, 0x1F73, 0x1670, 0x0C0D, 0x4B31, 0x6BB5, 0x7458, 0x7499, \
        0x7CD9, 0x955A, 0xA5FC, 0xC6BD, 0xCEFE, 0xC6DD, 0xADD8, 0x9D36, 0xCEDD, 0xD73F, 0xD73F, 0xD71F, \
        0xCF1F, 0xCF1F, 0xCF1F, 0xCF1F, 0xC6DE, 0x9D57, 0x9536, 0xC6BE, 0xA598, 0x9D98, 0xCEFF, 0xC6DF, \
        0xC6DF, 0xC6DF, 0xC6DF, 0xC6DF, 0xC6DF, 0xC6DF, 0xC6DF, 0xC6DF, 0xC6DF, 0xC6DF, 0xC6DF, 0xC6DF, \
        0xC6DF, 0xC6FF, 0xC6FF, 0xCEFF, 0xCEFF, 0xCF1F, 0xCF1F, 0xCF3F, 0xD73F, 0xB61B, 0x544F, 0x0670, \
        0x1F73, 0x1F73, 0x1F11, 0x04B5, 0x863D, 0x7577, 0x06D1, 0x1F73, 0x1F53, 0x1F53, 0x1F53, 0x1F53, \
        0x1F53, 0x1F53, 0x1F53, 0x1F53, 0x1F53, 0x1F53, 0x1F53, 0x1F53, 0x1F53, 0x1F53, 0x1F53, 0x1F53, \
        0x1F53, 0x1F53, 0x1F53, 0x1F53, 0x1F53, 0x1F53, 0x1F53, 0x1F53, 0x1F53, 0x1F53, 0x1F53, 0x1F53, \
        0x1F53, 0x1F53, 0x1F53, 0x1F53, 0x1F53, 0x1F53, 0x1F53, 0x1F53, 0x1F53, 0x1F53, 0x1F53, 0x1F53, \
        0x1F53, 0x1F53, 0x1F53, 0x1F53, 0x1F53, 0x1F53, 0x1F53, 0x1F53, 0x1F53, 0x1F53, 0x1F53, 0x1F53, \
        0x1F53, 0x1F53, 0x1F53, 0x1F53, 0x1F53, 0x1F53, 0x1F53, 0x1F53, 0x1F53, 0x1F53, 0x1F53, 0x1F53, \
        0x1F53, 0x1F53, 0x1F53, 0x1F53, 0x1F53, 0x1F53, 0x1F53, 0x1F53, 0x1F53, 0x1F53, 0x1F53, 0x1F53, \
        0x1F53, 0x1F53, 0x1F53, 0x1F53, 0x1F53, 0x1F53, 0x1F53, 0x1F53, 0x1F53, 0x1F53, 0x1F53, 0x1F53, \
        0x1F53, 0x1F73, 0x1F52, 0x0CD0, 0x045A, 0x04BC, 0x03D5, 0x1670, 0x1F73, 0x1F53, 0x1F73, 0x1F52, \
        0x16B0, 0x35CF, 0x5D10, 0x7452, 0x8CD4, 0x94F4, 0x8CD4, 0x8452, 0x734E, 0x3863, 0x94F5, 0xCF1F, \
        0xCF1E, 0xD73F, 0xCF1F, 0xCF1F, 0xCF1F, 0xCF1F, 0xCF1F, 0xCF1F, 0xC6BD, 0xC6BE, 0xC6DE, 0x9537, \
        0x9D78, 0xC6DE, 0xA5B9, 0xBE9D, 0xC6DF, 0xC6DF, 0xC6DF, 0xC6DF, 0xC6DF, 0xC6DF, 0xC6DF, 0xC6DF, \
        0xC6DF, 0xC6DF, 0xC6DF, 0xC6DF, 0xC6DF, 0xC6DF, 0xC6FF, 0xC6FF, 0xC6FF, 0xCF1F, 0xCF1F, 0xC69D, \
        0x84D5, 0x150D, 0x0711, 0x1F73, 0x1F53, 0x1F73, 0x16B0, 0x0458, 0x4E3F, 0x3CFB, 0x0E70, 0x1F73, \
        0x1F53, 0x1F53, 0x1F53, 0x1F53, 0x1F53, 0x1F53, 0x1F53, 0x1F53, 0x1F53, 0x1F53, 0x1F53, 0x1F53, \
        0x1F53, 0x1F53, 0x1F53, 0x1F53, 0x1F53, 0x1F53, 0x1F53, 0x1F53, 0x1F53, 0x1F53, 0x1F53, 0x1F53, \
        0x1F53, 0x1F53, 0x1F53, 0x1F53, 0x1F53, 0x1F53, 0x1F53, 0x1F53, 0x1F53, 0x1F53, 0x1F53, 0x1F53, \
        0x1F53, 0x1F53, 0x1F53, 0x1F53, 0x1F53, 0x1F53, 0x1F53, 0x1F53, 0x1F53, 0x1F53, 0x1F53, 0x1F53, \
        0x1F53, 0x1F53, 0x1F53, 0x1F53, 0x1F53, 0x1F53, 0x1F53, 0x1F53, 0x1F53, 0x1F53, 0x1F53, 0x1F53, \
        0x1F53, 0x1F53, 0x1F53, 0x1F53, 0x1F53, 0x1F53, 0x1F53, 0x1F53, 0x1F53, 0x1F53, 0x1F53, 0x1F53, \
        0x1F53, 0x1F53, 0x1F53, 0x1F53, 0x1F53, 0x1F53, 0x1F53, 0x1F53, 0x1F53, 0x1F53, 0x1F53, 0x1F53, \
        0x1F53, 0x1F53, 0x1F53, 0x1F53, 0x1F53, 0x1F53, 0x1F73, 0x1F32, 0x1610, 0x15B0, 0x16B0, 0x1F73, \
        0x1F53, 0x1F53, 0x1F53, 0x1F53, 0x1F73, 0x1793, 0x0690, 0x84D6, 0x52CD, 0x5800, 0xB023, 0xD002, \
        0x9800, 0x9515, 0xDF5F, 0xD75F, 0xD73F, 0xD73F, 0xD71F, 0xCF1F, 0xCF1F, 0xCF1F, 0xCEFF, 0xCEFF, \
        0xCF1F, 0xCF1F, 0xC6DE, 0xBEBE, 0xC6BE, 0x9536, 0x9D99, 0xC6DF, 0xC6DF, 0xC6DF, 0xC6DF, 0xC6DF, \
        0xC6DF, 0xC6DF, 0xC6DF, 0xC6DF, 0xC6DF, 0xC6DF, 0xC6DF, 0xC6DF, 0xC6DF, 0xC6DF, 0xC6FF, 0xC6FF, \
        0xCEFF, 0xB65C, 0x8CF6, 0x3CCE, 0x0690, 0x1793, 0x1F72, 0x1F73, 0x1F73, 0x1F53, 0x1F52, 0x1571, \
        0x0437, 0x0532, 0x1F52, 0x1F73, 0x1F53, 0x1F53, 0x1F53, 0x1F53, 0x1F53, 0x1F53, 0x1F53, 0x1F53, \
        0x1F53, 0x1F53, 0x1F53, 0x1F53, 0x1F53, 0x1F53, 0x1F53, 0x1F53, 0x1F53, 0x1F53, 0x1F53, 0x1F53, \
        0x1F53, 0x1F53, 0x1F53, 0x1F53, 0x1F53, 0x1F53, 0x1F53, 0x1F53, 0x1F53, 0x1F53, 0x1F53, 0x1F53, \
        0x1F53, 0x1F53, 0x1F53, 0x1F53, 0x1F53, 0x1F53, 0x1F53, 0x1F53, 0x1F53, 0x1F53, 0x1F53, 0x1F53, \
        0x1F53, 0x1F53, 0x1F53, 0x1F53, 0x1F53, 0x1F53, 0x1F53, 0x1F53, 0x1F53, 0x1F53, 0x1F53, 0x1F53, \
        0x1F53, 0x1F53, 0x1F53, 0x1F53, 0x1F53, 0x1F53, 0x1F53, 0x1F53, 0x1F53, 0x1F53, 0x1F53, 0x1F53, \
        0x1F53, 0x1F53, 0x1F53, 0x1F53, 0x1F53, 0x1F53, 0x1F53, 0x1F53, 0x1F53, 0x1F53, 0x1F53, 0x1F53, \
        0x1F53, 0x1F53, 0x1F53, 0x1F53, 0x1F53, 0x1F53, 0x1F53, 0x1F53, 0x1F53, 0x1F53, 0x1F53, 0x1F73, \
        0x1F73, 0x1F73, 0x1F73, 0x1F53, 0x1F53, 0x1F53, 0x1F53, 0x1F53, 0x1F53, 0x1F73, 0x0690, 0x9D77, \
        0x8494, 0xB000, 0xE146, 0xBAAB, 0xADB8, 0xCF3F, 0xCEDE, 0xB63C, 0xA5FB, 0x9DDC, 0xAE5E, 0xBEBF, \
        0xC6DF, 0xC6FF, 0xCF1F, 0xCEFF, 0xCEFF, 0xC6FF, 0xC6FF, 0xC6FF, 0xBEBE, 0xBEBE, 0xC6FF, 0xC6DF, \
        0xC6DE, 0xC6DF, 0xC6DF, 0xC6DF, 0xC6DF, 0xC6BF, 0xC6DF, 0xC6DF, 0xC6DF, 0xC6DF, 0xC6DF, 0xC6FF, \
        0xC6FF, 0xC6DF, 0xBE7D, 0xA599, 0x74D3, 0x2D0E, 0x066F, 0x0F72, 0x1690, 0x0D31, 0x04D2, 0x0590, \
        0x1711, 0x1F73, 0x1F73, 0x1F52, 0x1F11, 0x1F52, 0x1F73, 0x1F53, 0x1F53, 0x1F53, 0x1F53, 0x1F53, \
        0x1F53, 0x1F53, 0x1F53, 0x1F53, 0x1F53, 0x1F53, 0x1F53, 0x1F53, 0x1F53, 0x1F53, 0x1F53, 0x1F53, \
        0x1F53, 0x1F53, 0x1F53, 0x1F53, 0x1F53, 0x1F53, 0x1F53, 0x1F53, 0x1F53, 0x1F53, 0x1F53, 0x1F53, \
        0x1F53, 0x1F53, 0x1F53, 0x1F53, 0x1F53, 0x1F53, 0x1F53, 0x1F53, 0x1F53, 0x1F53, 0x1F53, 0x1F53, \
        0x1F53, 0x1F53, 0x1F53, 0x1F53, 0x1F53, 0x1F53, 0x1F53, 0x1F53, 0x1F53, 0x1F53, 0x1F53, 0x1F53, \
        0x1F53, 0x1F53, 0x1F53, 0x1F53, 0x1F53, 0x1F53, 0x1F53, 0x1F53, 0x1F53, 0x1F53, 0x1F53, 0x1F53, \
        0x1F53, 0x1F53, 0x1F53, 0x1F53, 0x1F53, 0x1F53, 0x1F53, 0x1F53, 0x1F53, 0x1F53, 0x1F53, 0x1F53, \
        0x1F53, 0x1F53, 0x1F53, 0x1F53, 0x1F53, 0x1F53, 0x1F53, 0x1F53, 0x1F53, 0x1F53, 0x1F53, 0x1F53, \
        0x1F53, 0x1F53, 0x1F53, 0x1F53, 0x1F53, 0x1F53, 0x1F53, 0x1F53, 0x1F73, 0x1F72, 0x1F52, 0x1F73, \
        0x1F73, 0x1F53, 0x0752, 0x4CCF, 0xB5D9, 0xAD78, 0xA578, 0xBE5B, 0xB61A, 0x74D4, 0x44F0, 0x058F, \
        0x05AE, 0x054E, 0x3490, 0x6476, 0x855C, 0x9E3E, 0xAE7E, 0xBEBF, 0xC6FF, 0xC6FF, 0xC6FF, 0xC6DF, \
        0xC6DF, 0xC6DF, 0xC6DF, 0xC6DF, 0xC6DF, 0xC6BF, 0xBEBF, 0xBEBF, 0xBEBF, 0xBEBF, 0xBE9E, 0xAE3C, \
        0xB67D, 0xB63D, 0xAE1C, 0xA59A, 0x8D16, 0x6CB2, 0x3D0F, 0x05EE, 0x06F1, 0x1773, 0x1F93, 0x1630, \
        0x0437, 0x059E, 0x8E9F, 0x965D, 0x1472, 0x1711, 0x1F73, 0x1F53, 0x1F73, 0x1F53, 0x1F53, 0x1F53, \
        0x1F53, 0x1F53, 0x1F53, 0x1F53, 0x1F53, 0x1F53, 0x1F53, 0x1F53, 0x1F53, 0x1F53, 0x1F53, 0x1F53, \
        0x1F53, 0x1F53, 0x1F53, 0x1F53, 0x1F53, 0x1F53, 0x1F53, 0x1F53, 0x1F53, 0x1F53, 0x1F53, 0x1F53, \
        0x1F53, 0x1F53, 0x1F53, 0x1F53, 0x1F53, 0x1F53, 0x1F53, 0x1F53, 0x1F53, 0x1F53, 0x1F53, 0x1F53, \
        0x1F53, 0x1F53, 0x1F53, 0x1F53, 0x1F53, 0x1F53, 0x1F53, 0x1F53, 0x1F53, 0x1F53, 0x1F53, 0x1F53, \
        0x1F53, 0x1F53, 0x1F53, 0x1F53, 0x1F53, 0x1F53, 0x1F53, 0x1F53, 0x1F53, 0x1F53, 0x1F53, 0x1F53, \
        0x1F53, 0x1F53, 0x1F53, 0x1F53, 0x1F53, 0x1F53, 0x1F53, 0x1F53, 0x1F53, 0x1F53, 0x1F53, 0x1F53, \
        0x1F53, 0x1F53, 0x1F53, 0x1F53, 0x1F53, 0x1F53, 0x1F53, 0x1F53, 0x1F53, 0x1F53, 0x1F53, 0x1F53, \
        0x1F53, 0x1F53, 0x1F53, 0x1F53, 0x1F53, 0x1F53, 0x1F53, 0x1F53, 0x1F53, 0x1F53, 0x1F53, 0x1F73, \
        0x164F, 0x0D11, 0x04B3, 0x0530, 0x16D1, 0x1F73, 0x1F73, 0x0732, 0x25AF, 0x5D31, 0x5D11, 0x3D4F, \
        0x060F, 0x0711, 0x0F72, 0x1F73, 0x1F73, 0x1773, 0x0F52, 0x06B0, 0x252E, 0x5453, 0x74FA, 0x8DDE, \
        0x9E3E, 0xAE7E, 0xBEBE, 0xC6DF, 0xC6DF, 0xC6DF, 0xC6DF, 0xC6BE, 0xC6BE, 0xBEBE, 0xBEBF, 0xBEBE, \
        0xBEBE, 0xBEBF, 0xBEBE, 0x9D99, 0x530E, 0x044B, 0x15CF, 0x062F, 0x06B0, 0x0731, 0x0F73, 0x1F73, \
        0x1F73, 0x1F73, 0x1F31, 0x0413, 0x059F, 0x0DFF, 0xBF9F, 0xCFDF, 0x3D5C, 0x058F, 0x1F73, 0x1F53, \
        0x1F53, 0x1F53, 0x1F53, 0x1F53, 0x1F53, 0x1F53, 0x1F53, 0x1F53, 0x1F53, 0x1F53, 0x1F53, 0x1F53, \
        0x1F53, 0x1F53, 0x1F53, 0x1F53, 0x1F53, 0x1F53, 0x1F53, 0x1F53, 0x1F53, 0x1F53, 0x1F53, 0x1F53, \
        0x1F53, 0x1F53, 0x1F53, 0x1F53, 0x1F53, 0x1F53, 0x1F53, 0x1F53, 0x1F53, 0x1F53, 0x1F53, 0x1F53, \
        0x1F53, 0x1F53, 0x1F53, 0x1F53, 0x1F53, 0x1F53, 0x1F53, 0x1F53, 0x1F53, 0x1F53, 0x1F53, 0x1F53, \
        0x1F53, 0x1F53, 0x1F53, 0x1F53, 0x1F53, 0x1F53, 0x1F53, 0x1F53, 0x1F53, 0x1F53, 0x1F53, 0x1F53, \
        0x1F53, 0x1F53, 0x1F53, 0x1F53, 0x1F53, 0x1F53, 0x1F53, 0x1F53, 0x1F53, 0x1F53, 0x1F53, 0x1F53, \
        0x1F53, 0x1F53, 0x1F53, 0x1F53, 0x1F53, 0x1F53, 0x1F53, 0x1F53, 0x1F53, 0x1F53, 0x1F53, 0x1F53, \
        0x1F53, 0x1F53, 0x1F53, 0x1F53, 0x1F53, 0x1F53, 0x1F53, 0x1F53, 0x1F53, 0x1F53, 0x1F53, 0x1F53, \
        0x1F53, 0x1F53, 0x1F73, 0x15EF, 0x0438, 0x059E, 0x86BF, 0xA6BD, 0x3473, 0x0ED1, 0x1F73, 0x1F73, \
        0x1773, 0x0752, 0x0752, 0x0F73, 0x1F73, 0x1F73, 0x1F53, 0x1F53, 0x1F53, 0x1F53, 0x1F53, 0x1F73, \
        0x1773, 0x06F1, 0x0DAE, 0x4471, 0x6CB8, 0x859D, 0x8E1E, 0x9E3E, 0xB69E, 0xC6DF, 0xC6DF, 0xC6BF, \
        0xC6BE, 0xC6BF, 0xBEBF, 0xBEBE, 0xBEBE, 0xBEBE, 0xBEBF, 0xC6DF, 0xB65D, 0x74D4, 0x05EE, 0x0F73, \
        0x1F73, 0x1F73, 0x1F53, 0x1F53, 0x1F53, 0x1F73, 0x16B0, 0x0417, 0x059F, 0x05FF, 0x563F, 0x665F, \
        0x05BF, 0x0CF1, 0x1F72, 0x1F53, 0x1F53, 0x1F53, 0x1F53, 0x1F53, 0x1F53, 0x1F53, 0x1F53, 0x1F53, \
        0x1F53, 0x1F53, 0x1F53, 0x1F53, 0x1F53, 0x1F53, 0x1F53, 0x1F53, 0x1F53, 0x1F53, 0x1F53, 0x1F53, \
        0x1F53, 0x1F53, 0x1F53, 0x1F53, 0x1F53, 0x1F53, 0x1F53, 0x1F53, 0x1F53, 0x1F53, 0x1F53, 0x1F53, \
        0x1F53, 0x1F53, 0x1F53, 0x1F53, 0x1F53, 0x1F53, 0x1F53, 0x1F53, 0x1F53, 0x1F53, 0x1F53, 0x1F53, \
        0x1F53, 0x1F53, 0x1F53, 0x1F53, 0x1F53, 0x1F53, 0x1F53, 0x1F53, 0x1F53, 0x1F53, 0x1F53, 0x1F53, \
        0x1F53, 0x1F53, 0x1F53, 0x1F53, 0x1F53, 0x1F53, 0x1F53, 0x1F53, 0x1F53, 0x1F53, 0x1F53, 0x1F53, \
        0x1F53, 0x1F53, 0x1F53, 0x1F53, 0x1F53, 0x1F53, 0x1F53, 0x1F53, 0x1F53, 0x1F53, 0x1F53, 0x1F53, \
        0x1F53, 0x1F53, 0x1F53, 0x1F53, 0x1F53, 0x1F53, 0x1F53, 0x1F53, 0x1F53, 0x1F53, 0x1F53, 0x1F53, \
        0x1F53, 0x1F53, 0x1F53, 0x1F53, 0x1F53, 0x1F73, 0x1F11, 0x03F4, 0x059F, 0x05DF, 0xA73F, 0xCFDF, \
        0x4D9D, 0x0530, 0x1F73, 0x1F53, 0x1F53, 0x1F53, 0x1F53, 0x1F53, 0x1F53, 0x1F53, 0x1F53, 0x1F53, \
        0x1F53, 0x1F53, 0x1F53, 0x1F53, 0x1F53, 0x1F93, 0x1F93, 0x0F52, 0x060F, 0x3490, 0x6477, 0x857C, \
        0x8E1E, 0x9E3E, 0xB69E, 0xC6BF, 0xC6BE, 0xC6BE, 0xBEBE, 0xBEBE, 0xBEBE, 0xBEBE, 0xBEBE, 0xBEBE, \
        0xBEDF, 0xBEBF, 0x9558, 0x34EE, 0x0F32, 0x1F73, 0x1F53, 0x1F53, 0x1F53, 0x1F73, 0x1EF1, 0x0416, \
        0x055E, 0x05DF, 0x05DF, 0x05FF, 0x053D, 0x0D0F, 0x1F73, 0x1F53, 0x1F53, 0x1F53, 0x1F53, 0x1F53, \
        0x1F53, 0x1F53, 0x1F53, 0x1F53, 0x1F53, 0x1F53, 0x1F53, 0x1F53, 0x1F53, 0x1F53, 0x1F53, 0x1F53, \
        0x1F53, 0x1F53, 0x1F53, 0x1F53, 0x1F53, 0x1F53, 0x1F53, 0x1F53, 0x1F53, 0x1F53, 0x1F53, 0x1F53, \
        0x1F53, 0x1F53, 0x1F53, 0x1F53, 0x1F53, 0x1F53, 0x1F53, 0x1F53, 0x1F53, 0x1F53, 0x1F53, 0x1F53, \
        0x1F53, 0x1F53, 0x1F53, 0x1F53, 0x1F53, 0x1F53, 0x1F53, 0x1F53, 0x1F53, 0x1F53, 0x1F53, 0x1F53, \
        0x1F53, 0x1F53, 0x1F53, 0x1F53, 0x1F53, 0x1F53, 0x1F53, 0x1F53, 0x1F53, 0x1F53, 0x1F53, 0x1F53, \
        0x1F53, 0x1F53, 0x1F53, 0x1F53, 0x1F53, 0x1F53, 0x1F53, 0x1F53, 0x1F53, 0x1F53, 0x1F53, 0x1F53, \
        0x1F53, 0x1F53, 0x1F53, 0x1F53, 0x1F53, 0x1F53, 0x1F53, 0x1F53, 0x1F53, 0x1F53, 0x1F53, 0x1F53, \
        0x1F53, 0x1F53, 0x1F53, 0x1F53, 0x1F53, 0x1F53, 0x1F53, 0x1F53, 0x1F53, 0x1F73, 0x1670, 0x0418, \
        0x05BF, 0x05FF, 0x35FF, 0x4E3F, 0x05DF, 0x0C92, 0x1F52, 0x1F53, 0x1F53, 0x1F53, 0x1F53, 0x1F53, \
        0x1F53, 0x1F53, 0x1F53, 0x1F53, 0x1F53, 0x1F53, 0x1F53, 0x1F73, 0x1F52, 0x1610, 0x0551, 0x0610, \
        0x1F73, 0x1752, 0x0670, 0x2CEF, 0x5C55, 0x859C, 0x8DFE, 0x9E3E, 0xB67E, 0xC6BE, 0xBEBE, 0xBEBE, \
        0xBEBE, 0xBEBE, 0xBEBE, 0xBEDF, 0xC6DF, 0xC6DF, 0xC6FF, 0x9D7A, 0x0D0D, 0x1773, 0x1F53, 0x1F53, \
        0x1F53, 0x1F53, 0x1F72, 0x0CD0, 0x047B, 0x055E, 0x057F, 0x053E, 0x03B5, 0x1690, 0x1F73, 0x1F53, \
        0x1F53, 0x1F53, 0x1F53, 0x1F53, 0x1F53, 0x1F53, 0x1F53, 0x1F53, 0x1F53, 0x1F53, 0x1F53, 0x1F53, \
        0x1F53, 0x1F53, 0x1F53, 0x1F53, 0x1F53, 0x1F53, 0x1F53, 0x1F53, 0x1F53, 0x1F53, 0x1F53, 0x1F53, \
        0x1F53, 0x1F53, 0x1F53, 0x1F53, 0x1F53, 0x1F53, 0x1F53, 0x1F53, 0x1F53, 0x1F53, 0x1F53, 0x1F53, \
        0x1F53, 0x1F53, 0x1F53, 0x1F53, 0x1F53, 0x1F53, 0x1F53, 0x1F53, 0x1F53, 0x1F53, 0x1F53, 0x1F53, \
        0x1F53, 0x1F53, 0x1F53, 0x1F53, 0x1F53, 0x1F53, 0x1F53, 0x1F53, 0x1F53, 0x1F53, 0x1F53, 0x1F53, \
        0x1F53, 0x1F53, 0x1F53, 0x1F53, 0x1F53, 0x1F53, 0x1F53, 0x1F53, 0x1F53, 0x1F53, 0x1F53, 0x1F53, \
        0x1F53, 0x1F53, 0x1F53, 0x1F53, 0x1F53, 0x1F53, 0x1F53, 0x1F53, 0x1F53, 0x1F53, 0x1F53, 0x1F53, \
        0x1F53, 0x1F53, 0x1F53, 0x1F53, 0x1F53, 0x1F53, 0x1F53, 0x1F53, 0x1F53, 0x1F53, 0x1F53, 0x1F53, \
        0x1F53, 0x1F73, 0x1690, 0x03D7, 0x055E, 0x05DF, 0x05FF, 0x05FF, 0x055E, 0x0C90, 0x1F72, 0x1F53, \
        0x1F53, 0x1F53, 0x1F53, 0x1F53, 0x1F53, 0x1F53, 0x1F53, 0x1F53, 0x1F53, 0x1F53, 0x1F53, 0x1F73, \
        0x1590, 0x04BA, 0x8E9E, 0x8DDA, 0x05D0, 0x1F73, 0x1F73, 0x1772, 0x0690, 0x334D, 0x6C97, 0x859C, \
        0x85DE, 0x961E, 0xB69E, 0xBEDF, 0xBEDE, 0xBEBE, 0xBEDF, 0xB69D, 0x9D99, 0x9558, 0x8536, 0x54D1, \
        0x1670, 0x1F73, 0x1F53, 0x1F53, 0x1F53, 0x1F53, 0x1F73, 0x1F11, 0x0CD0, 0x0416, 0x03F7, 0x0412, \
        0x162F, 0x1F73, 0x1F53, 0x1F53, 0x1F53, 0x1F53, 0x1F53, 0x1F53, 0x1F53, 0x1F53, 0x1F53, 0x1F53, \
        0x1F53, 0x1F53, 0x1F53, 0x1F53, 0x1F53, 0x1F53, 0x1F53, 0x1F53, 0x1F53, 0x1F53, 0x1F53, 0x1F53, \
        0x1F53, 0x1F53, 0x1F53, 0x1F53, 0x1F53, 0x1F53, 0x1F53, 0x1F53, 0x1F53, 0x1F53, 0x1F53, 0x1F53, \
        0x1F53, 0x1F53, 0x1F53, 0x1F53, 0x1F53, 0x1F53, 0x1F53, 0x1F53, 0x1F53, 0x1F53, 0x1F53, 0x1F53, \
        0x1F53, 0x1F53, 0x1F53, 0x1F53, 0x1F53, 0x1F53, 0x1F53, 0x1F53, 0x1F53, 0x1F53, 0x1F53, 0x1F53, \
        0x1F53, 0x1F53, 0x1F53, 0x1F53, 0x1F53, 0x1F53, 0x1F53, 0x1F53, 0x1F53, 0x1F53, 0x1F53, 0x1F53, \
        0x1F53, 0x1F53, 0x1F53, 0x1F53, 0x1F53, 0x1F53, 0x1F53, 0x1F53, 0x1F53, 0x1F53, 0x1F53, 0x1F53, \
        0x1F53, 0x1F53, 0x1F53, 0x1F53, 0x1F53, 0x1F53, 0x1F53, 0x1F53, 0x1F53, 0x1F53, 0x1F53, 0x1F53, \
        0x1F53, 0x1F53, 0x1F53, 0x1F53, 0x1F53, 0x1F73, 0x1F52, 0x0C71, 0x04BC, 0x055E, 0x057E, 0x057E, \
        0x03D8, 0x162F, 0x1F73, 0x1F53, 0x1F53, 0x1F53, 0x1F53, 0x1F53, 0x1F53, 0x1F53, 0x1F53, 0x1F53, \
        0x1F53, 0x1F53, 0x1F73, 0x1F31, 0x0454, 0x05BF, 0x6E7F, 0x6E7F, 0x04B3, 0x1F52, 0x1F53, 0x1F73, \
        0x0711, 0x5454, 0x859D, 0x751A, 0x7D7C, 0x85DE, 0x8DFE, 0x9E3E, 0xB69E, 0xBEDE, 0xBEDE, 0xC6DF, \
        0xAE1B, 0x4B6E, 0x05ED, 0x0772, 0x1F73, 0x1F53, 0x1F53, 0x1F53, 0x1F53, 0x1F53, 0x1F53, 0x1F73, \
        0x1F72, 0x1ED0, 0x16B0, 0x1F31, 0x1F73, 0x1F53, 0x1F53, 0x1F53, 0x1F53, 0x1F53, 0x1F53, 0x1F53, \
        0x1F53, 0x1F53, 0x1F53, 0x1F53, 0x1F53, 0x1F53, 0x1F53, 0x1F53, 0x1F53, 0x1F53, 0x1F53, 0x1F53, \
        0x1F53, 0x1F53, 0x1F53, 0x1F53, 0x1F53, 0x1F53, 0x1F53, 0x1F53, 0x1F53, 0x1F53, 0x1F53, 0x1F53, \
        0x1F53, 0x1F53, 0x1F53, 0x1F53, 0x1F53, 0x1F53, 0x1F53, 0x1F53, 0x1F53, 0x1F53, 0x1F53, 0x1F53, \
        0x1F53, 0x1F53, 0x1F53, 0x1F53, 0x1F53, 0x1F53, 0x1F53, 0x1F53, 0x1F53, 0x1F53, 0x1F53, 0x1F53, \
        0x1F53, 0x1F53, 0x1F53, 0x1F53, 0x1F53, 0x1F53, 0x1F53, 0x1F53, 0x1F53, 0x1F53, 0x1F53, 0x1F53, \
        0x1F53, 0x1F53, 0x1F53, 0x1F53, 0x1F53, 0x1F53, 0x1F53, 0x1F53, 0x1F53, 0x1F53, 0x1F53, 0x1F53, \
        0x1F53, 0x1F53, 0x1F53, 0x1F53, 0x1F53, 0x1F53, 0x1F53, 0x1F53, 0x1F53, 0x1F53, 0x1F53, 0x1F53, \
        0x1F53, 0x1F53, 0x1F53, 0x1F53, 0x1F53, 0x1F53, 0x1F53, 0x1F53, 0x1F53, 0x1F53, 0x1F73, 0x1EF1, \
        0x0C70, 0x03F7, 0x0419, 0x03D4, 0x15AF, 0x1F73, 0x1F53, 0x1F53, 0x1F53, 0x1F53, 0x1F53, 0x1F53, \
        0x1F73, 0x1F73, 0x1F73, 0x1F53, 0x1F53, 0x1F53, 0x1F73, 0x1F52, 0x0C72, 0x053E, 0x05DF, 0x055E, \
        0x0CD1, 0x1F72, 0x1F53, 0x1F73, 0x0690, 0x6477, 0x8E1F, 0x8DFE, 0x8DFE, 0x8DFE, 0x85DE, 0x85DE, \
        0x8DFE, 0xA65E, 0xBEBE, 0xC6DF, 0xC6DF, 0xBE9E, 0x7CD4, 0x05EE, 0x1773, 0x1F53, 0x1F53, 0x1F53, \
        0x1F53, 0x1F53, 0x1F53, 0x1F53, 0x1F53, 0x1F73, 0x1F73, 0x1F73, 0x1F53, 0x1F53, 0x1F53, 0x1F53, \
        0x1F53, 0x1F53, 0x1F53, 0x1F53, 0x1F53, 0x1F53, 0x1F53, 0x1F53, 0x1F53, 0x1F53, 0x1F53, 0x1F53, \
        0x1F53, 0x1F53, 0x1F53, 0x1F53, 0x1F53, 0x1F53, 0x1F53, 0x1F53, 0x1F53, 0x1F53, 0x1F53, 0x1F53, \
        0x1F53, 0x1F53, 0x1F53, 0x1F53, 0x1F53, 0x1F53, 0x1F53, 0x1F53, 0x1F53, 0x1F53, 0x1F53, 0x1F53, \
        0x1F53, 0x1F53, 0x1F53, 0x1F53, 0x1F53, 0x1F53, 0x1F53, 0x1F53, 0x1F53, 0x1F53, 0x1F53, 0x1F53, \
        0x1F53, 0x1F53, 0x1F53, 0x1F53, 0x1F53, 0x1F53, 0x1F53, 0x1F53, 0x1F53, 0x1F53, 0x1F53, 0x1F53, \
        0x1F53, 0x1F53, 0x1F53, 0x1F53, 0x1F53, 0x1F53, 0x1F53, 0x1F53, 0x1F53, 0x1F53, 0x1F53, 0x1F53, \
        0x1F53, 0x1F53, 0x1F53, 0x1F53, 0x1F53, 0x1F53, 0x1F53, 0x1F53, 0x1F53, 0x1F53, 0x1F53, 0x1F53, \
        0x1F53, 0x1F53, 0x1F53, 0x1F53, 0x1F53, 0x1F53, 0x1F53, 0x1F53, 0x1F53, 0x1F53, 0x1F53, 0x1F53, \
        0x1F53, 0x1F53, 0x1F53, 0x1F73, 0x1F52, 0x1690, 0x162F, 0x1EF1, 0x1F73, 0x1F53, 0x1F53, 0x1F53, \
        0x1F53, 0x1F53, 0x1F73, 0x1F52, 0x1ED0, 0x0EB0, 0x0F32, 0x1F73, 0x1F53, 0x1F53, 0x1F53, 0x1F73, \
        0x1670, 0x0435, 0x0438, 0x0433, 0x16B1, 0x1F73, 0x1F53, 0x1F73, 0x0F11, 0x4431, 0x6CB8, 0x6497, \
        0x5C75, 0x4C72, 0x4471, 0x4C72, 0x5C75, 0x6CFA, 0x8DDD, 0xAE7F, 0xBEDE, 0xC6DF, 0xC6DF, 0x84D6, \
        0x05AE, 0x1773, 0x1F53, 0x1F53, 0x1F53, 0x1F53, 0x1F53, 0x1F53, 0x1F53, 0x1F53, 0x1F53, 0x1F53, \
        0x1F73, 0x1F73, 0x1F73, 0x1F53, 0x1F53, 0x1F53, 0x1F53, 0x1F53, 0x1F53, 0x1F53, 0x1F53, 0x1F53, \
        0x1F53, 0x1F53, 0x1F53, 0x1F53, 0x1F53, 0x1F53, 0x1F53, 0x1F53, 0x1F53, 0x1F53, 0x1F53, 0x1F53, \
        0x1F53, 0x1F53, 0x1F53, 0x1F53, 0x1F53, 0x1F53, 0x1F53, 0x1F53, 0x1F53, 0x1F53, 0x1F53, 0x1F53, \
        0x1F53, 0x1F53, 0x1F53, 0x1F53, 0x1F53, 0x1F53, 0x1F53, 0x1F53, 0x1F53, 0x1F53, 0x1F53, 0x1F53, \
        0x1F53, 0x1F53, 0x1F53, 0x1F53, 0x1F53, 0x1F53, 0x1F53, 0x1F53, 0x1F53, 0x1F53, 0x1F53, 0x1F53, \
        0x1F53, 0x1F53, 0x1F53, 0x1F53, 0x1F53, 0x1F53, 0x1F53, 0x1F53, 0x1F53, 0x1F53, 0x1F53, 0x1F53, \
        0x1F53, 0x1F53, 0x1F53, 0x1F53, 0x1F53, 0x1F53, 0x1F53, 0x1F53, 0x1F53, 0x1F53, 0x1F53, 0x1F53, \
        0x1F53, 0x1F53, 0x1F53, 0x1F53, 0x1F53, 0x1F53, 0x1F53, 0x1F53, 0x1F53, 0x1F53, 0x1F53, 0x1F53, \
        0x1F53, 0x1F53, 0x1F53, 0x1F53, 0x1F53, 0x1F53, 0x1F53, 0x1F53, 0x1F73, 0x1F73, 0x1F73, 0x1F73, \
        0x1F53, 0x1F53, 0x1F53, 0x1F53, 0x1F53, 0x1F73, 0x1EF1, 0x0CD1, 0x04B7, 0x34F8, 0x34B3, 0x0E70, \
        0x1F73, 0x1F53, 0x1F53, 0x1F53, 0x1F73, 0x1F11, 0x1690, 0x1F11, 0x1F73, 0x1F53, 0x1F53, 0x1F53, \
        0x1F73, 0x16F1, 0x064F, 0x06B0, 0x06F1, 0x0F32, 0x0F52, 0x0F32, 0x06D0, 0x0DAE, 0x3C51, 0x6CD9, \
        0x9E3E, 0xBEBF, 0xC6DF, 0xC6DF, 0x84D5, 0x060F, 0x1F73, 0x1F53, 0x1F53, 0x1F53, 0x1F53, 0x1F53, \
        0x1F53, 0x1F53, 0x1F53, 0x1F73, 0x1F52, 0x0690, 0x06B0, 0x1F72, 0x1F53, 0x1F53, 0x1F53, 0x1F53, \
        0x1F53, 0x1F53, 0x1F53, 0x1F53, 0x1F53, 0x1F53, 0x1F53, 0x1F53, 0x1F53, 0x1F53, 0x1F53, 0x1F53, \
        0x1F53, 0x1F53, 0x1F53, 0x1F53, 0x1F53, 0x1F53, 0x1F53, 0x1F53, 0x1F53, 0x1F53, 0x1F53, 0x1F53, \
        0x1F53, 0x1F53, 0x1F53, 0x1F53, 0x1F53, 0x1F53, 0x1F53, 0x1F53, 0x1F53, 0x1F53, 0x1F53, 0x1F53, \
        0x1F53, 0x1F53, 0x1F53, 0x1F53, 0x1F53, 0x1F53, 0x1F53, 0x1F53, 0x1F53, 0x1F53, 0x1F53, 0x1F53, \
        0x1F53, 0x1F53, 0x1F53, 0x1F53, 0x1F53, 0x1F53, 0x1F53, 0x1F53, 0x1F53, 0x1F53, 0x1F53, 0x1F53, \
        0x1F53, 0x1F53, 0x1F53, 0x1F53, 0x1F53, 0x1F53, 0x1F53, 0x1F53, 0x1F53, 0x1F53, 0x1F53, 0x1F53, \
        0x1F53, 0x1F53, 0x1F53, 0x1F53, 0x1F53, 0x1F53, 0x1F53, 0x1F53, 0x1F53, 0x1F53, 0x1F53, 0x1F53, \
        0x1F53, 0x1F53, 0x1F53, 0x1F53, 0x1F53, 0x1F53, 0x1F53, 0x1F53, 0x1F53, 0x1F53, 0x1F53, 0x1F53, \
        0x1F53, 0x1F53, 0x1F53, 0x1F53, 0x1F53, 0x1F53, 0x1F53, 0x1F53, 0x1F73, 0x1F32, 0x0431, 0x053D, \
        0x2E1F, 0xBF9F, 0xB75F, 0x1435, 0x16D0, 0x1F73, 0x1F53, 0x1F53, 0x1F53, 0x1F73, 0x1F73, 0x1F73, \
        0x1F53, 0x1F53, 0x1F53, 0x1F53, 0x1F53, 0x1F73, 0x1F73, 0x1F73, 0x1F73, 0x1F73, 0x1F73, 0x1F73, \
        0x1F73, 0x1F73, 0x0F32, 0x058E, 0x5434, 0x95DD, 0xBEBF, 0xC6FF, 0xC6DE, 0x6C72, 0x06D0, 0x1F73, \
        0x1F53, 0x1F53, 0x1F53, 0x1F53, 0x1F53, 0x1F53, 0x1F73, 0x1F32, 0x04D1, 0x4D5A, 0x8598, 0x15B0, \
        0x1F73, 0x1F53, 0x1F53, 0x1F53, 0x1F53, 0x1F53, 0x1F53, 0x1F53, 0x1F53, 0x1F53, 0x1F53, 0x1F53, \
        0x1F53, 0x1F53, 0x1F53, 0x1F53, 0x1F53, 0x1F53, 0x1F53, 0x1F53, 0x1F53, 0x1F53, 0x1F53, 0x1F53, \
        0x1F53, 0x1F53, 0x1F53, 0x1F53, 0x1F53, 0x1F53, 0x1F53, 0x1F53, 0x1F53, 0x1F53, 0x1F53, 0x1F53, \
        0x1F53, 0x1F53, 0x1F53, 0x1F53, 0x1F53, 0x1F53, 0x1F53, 0x1F53, 0x1F53, 0x1F53, 0x1F53, 0x1F53, \
        0x1F53, 0x1F53, 0x1F53, 0x1F53, 0x1F53, 0x1F53, 0x1F53, 0x1F53, 0x1F53, 0x1F53, 0x1F53, 0x1F53, \
        0x1F53, 0x1F53, 0x1F53, 0x1F53, 0x1F53, 0x1F53, 0x1F53, 0x1F53, 0x1F53, 0x1F53, 0x1F53, 0x1F53, \
        0x1F53, 0x1F53, 0x1F53, 0x1F53, 0x1F53, 0x1F53, 0x1F53, 0x1F53, 0x1F53, 0x1F53, 0x1F53, 0x1F53, \
        0x1F53, 0x1F53, 0x1F53, 0x1F53, 0x1F53, 0x1F53, 0x1F53, 0x1F53, 0x1F53, 0x1F53, 0x1F53, 0x1F53, \
        0x1F53, 0x1F53, 0x1F53, 0x1F53, 0x1F53, 0x1F53, 0x1F53, 0x1F53, 0x1F53, 0x1F53, 0x1F53, 0x1F53, \
        0x1F73, 0x160F, 0x0419, 0x05DF, 0x1DFF, 0xA73F, 0xA73F, 0x155D, 0x0D4F, 0x1F73, 0x1F53, 0x1F53, \
        0x1F53, 0x1F53, 0x1F53, 0x1F53, 0x1F53, 0x1F53, 0x1F53, 0x1F53, 0x1F73, 0x1F73, 0x1F53, 0x1F53, \
        0x1F53, 0x1F53, 0x1F53, 0x1F53, 0x1F53, 0x1F53, 0x1F73, 0x1F73, 0x0690, 0x4411, 0x8DBD, 0xBEBF, \
        0xC6DF, 0xB63C, 0x34CE, 0x0F72, 0x1F53, 0x1F53, 0x1F53, 0x1F53, 0x1F53, 0x1F53, 0x1F73, 0x15F0, \
        0x04BB, 0x667F, 0xAF3F, 0x1CB6, 0x1711, 0x1F73, 0x1F53, 0x1F53, 0x1F53, 0x1F53, 0x1F53, 0x1F53, \
        0x1F53, 0x1F53, 0x1F53, 0x1F53, 0x1F53, 0x1F53, 0x1F53, 0x1F53, 0x1F53, 0x1F53, 0x1F53, 0x1F53, \
        0x1F53, 0x1F53, 0x1F53, 0x1F53, 0x1F53, 0x1F53, 0x1F53, 0x1F53, 0x1F53, 0x1F53, 0x1F53, 0x1F53, \
        0x1F53, 0x1F53, 0x1F53, 0x1F53, 0x1F53, 0x1F53, 0x1F53, 0x1F53, 0x1F53, 0x1F53, 0x1F53, 0x1F53, \
        0x1F53, 0x1F53, 0x1F53, 0x1F53, 0x1F53, 0x1F53, 0x1F53, 0x1F53, 0x1F53, 0x1F53, 0x1F53, 0x1F53, \
        0x1F53, 0x1F53, 0x1F53, 0x1F53, 0x1F53, 0x1F53, 0x1F53, 0x1F53, 0x1F53, 0x1F53, 0x1F53, 0x1F53, \
        0x1F53, 0x1F53, 0x1F53, 0x1F53, 0x1F53, 0x1F53, 0x1F53, 0x1F53, 0x1F53, 0x1F53, 0x1F53, 0x1F53, \
        0x1F53, 0x1F53, 0x1F53, 0x1F53, 0x1F53, 0x1F53, 0x1F53, 0x1F53, 0x1F53, 0x1F53, 0x1F53, 0x1F53, \
        0x1F53, 0x1F53, 0x1F53, 0x1F53, 0x1F53, 0x1F53, 0x1F53, 0x1F53, 0x1F53, 0x1F53, 0x1F53, 0x1F53, \
        0x1F53, 0x1F53, 0x1F53, 0x1F53, 0x1F73, 0x158F, 0x049C, 0x05DF, 0x061F, 0x05FF, 0x05FF, 0x059E, \
        0x0CF0, 0x1F72, 0x1F53, 0x1F53, 0x1F53, 0x1F53, 0x1F53, 0x1F53, 0x1F53, 0x1F53, 0x1F73, 0x1F52, \
        0x16B0, 0x06B0, 0x1752, 0x1F73, 0x1F53, 0x1F53, 0x1F53, 0x1F53, 0x1F53, 0x1F53, 0x1F53, 0x1F53, \
        0x1F73, 0x06D0, 0x3C10, 0x8DBD, 0xBEDF, 0xC6FF, 0x84F6, 0x066F, 0x1F73, 0x1F53, 0x1F53, 0x1F53, \
        0x1F53, 0x1F53, 0x1F73, 0x15D0, 0x049C, 0x05DF, 0x05DF, 0x0476, 0x1EF1, 0x1F73, 0x1F53, 0x1F53, \
        0x1F53, 0x1F53, 0x1F53, 0x1F53, 0x1F53, 0x1F53, 0x1F53, 0x1F53, 0x1F53, 0x1F53, 0x1F53, 0x1F53, \
        0x1F53, 0x1F53, 0x1F53, 0x1F53, 0x1F53, 0x1F53, 0x1F53, 0x1F53, 0x1F53, 0x1F53, 0x1F53, 0x1F53, \
        0x1F53, 0x1F53, 0x1F53, 0x1F53, 0x1F53, 0x1F53, 0x1F53, 0x1F53, 0x1F53, 0x1F53, 0x1F53, 0x1F53, \
        0x1F53, 0x1F53, 0x1F53, 0x1F53, 0x1F53, 0x1F53, 0x1F53, 0x1F53, 0x1F53, 0x1F53, 0x1F53, 0x1F53, \
        0x1F53, 0x1F53, 0x1F53, 0x1F53, 0x1F53, 0x1F53, 0x1F53, 0x1F53, 0x1F53, 0x1F53, 0x1F53, 0x1F53, \
        0x1F53, 0x1F53, 0x1F53, 0x1F53, 0x1F53, 0x1F53, 0x1F53, 0x1F53, 0x1F53, 0x1F53, 0x1F53, 0x1F53, \
        0x1F53, 0x1F53, 0x1F53, 0x1F53, 0x1F53, 0x1F53, 0x1F53, 0x1F53, 0x1F53, 0x1F53, 0x1F53, 0x1F53, \
        0x1F53, 0x1F53, 0x1F53, 0x1F53, 0x1F53, 0x1F53, 0x1F53, 0x1F53, 0x1F53, 0x1F53, 0x1F53, 0x1F53, \
        0x1F53, 0x1F53, 0x1F53, 0x1F53, 0x1F53, 0x1F53, 0x1F53, 0x1F53, 0x1F73, 0x162F, 0x0419, 0x055E, \
        0x05DF, 0x05FF, 0x05FF, 0x04BB, 0x156F, 0x1F73, 0x1F53, 0x1F53, 0x1F53, 0x1F53, 0x1F53, 0x1F53, \
        0x1F53, 0x1F73, 0x1F32, 0x0D11, 0x1CF9, 0x6D79, 0x3551, 0x1752, 0x1F73, 0x1F53, 0x1F53, 0x1F53, \
        0x1F53, 0x1F53, 0x1F53, 0x1F53, 0x1F53, 0x1F73, 0x0690, 0x5414, 0xAE5E, 0xC6DF, 0xB63C, 0x34EE, \
        0x1773, 0x1F53, 0x1F73, 0x1F73, 0x1F53, 0x1F53, 0x1F73, 0x1F11, 0x0453, 0x047A, 0x03F8, 0x1570, \
        0x1F73, 0x1F53, 0x1F53, 0x1F53, 0x1F53, 0x1F53, 0x1F53, 0x1F53, 0x1F53, 0x1F53, 0x1F53, 0x1F53, \
        0x1F53, 0x1F53, 0x1F53, 0x1F53, 0x1F53, 0x1F53, 0x1F53, 0x1F53, 0x1F53, 0x1F53, 0x1F53, 0x1F53, \
        0x1F53, 0x1F53, 0x1F53, 0x1F53, 0x1F53, 0x1F53, 0x1F53, 0x1F53, 0x1F53, 0x1F53, 0x1F53, 0x1F53, \
        0x1F53, 0x1F53, 0x1F53, 0x1F53, 0x1F53, 0x1F53, 0x1F53, 0x1F53, 0x1F53, 0x1F53, 0x1F53, 0x1F53, \
        0x1F53, 0x1F53, 0x1F53, 0x1F53, 0x1F53, 0x1F53, 0x1F53, 0x1F53, 0x1F53, 0x1F53, 0x1F53, 0x1F53, \
        0x1F53, 0x1F53, 0x1F53, 0x1F53, 0x1F53, 0x1F53, 0x1F53, 0x1F53, 0x1F53, 0x1F53, 0x1F53, 0x1F53, \
        0x1F53, 0x1F53, 0x1F53, 0x1F53, 0x1F53, 0x1F53, 0x1F53, 0x1F53, 0x1F53, 0x1F53, 0x1F53, 0x1F53, \
        0x1F53, 0x1F53, 0x1F53, 0x1F53, 0x1F53, 0x1F53, 0x1F53, 0x1F53, 0x1F53, 0x1F53, 0x1F53, 0x1F53, \
        0x1F53, 0x1F53, 0x1F53, 0x1F53, 0x1F53, 0x1F53, 0x1F53, 0x1F53, 0x1F53, 0x1F53, 0x1F53, 0x1F53, \
        0x1F73, 0x1F32, 0x0C50, 0x047B, 0x053E, 0x053E, 0x04BC, 0x03F2, 0x1EF1, 0x1F73, 0x1F53, 0x1F53, \
        0x1F53, 0x1F53, 0x1F53, 0x1F53, 0x1F53, 0x1F73, 0x15F0, 0x04DB, 0x465F, 0xC7BF, 0x6D9B, 0x05F0, \
        0x1F73, 0x1F53, 0x1F53, 0x1F53, 0x1F53, 0x1F53, 0x1F53, 0x1F53, 0x1F53, 0x1F53, 0x1F73, 0x058E, \
        0x74D9, 0xB6BF, 0xC6DF, 0x6C92, 0x0711, 0x1F73, 0x16D1, 0x06B0, 0x1752, 0x1F73, 0x1F53, 0x1F73, \
        0x1F11, 0x1630, 0x1670, 0x1F52, 0x1F73, 0x1F53, 0x1F53, 0x1F53, 0x1F53, 0x1F53, 0x1F53, 0x1F53, \
        0x1F53, 0x1F53, 0x1F53, 0x1F53, 0x1F53, 0x1F53, 0x1F53, 0x1F53, 0x1F53, 0x1F53, 0x1F53, 0x1F53, \
        0x1F53, 0x1F53, 0x1F53, 0x1F53, 0x1F53, 0x1F53, 0x1F53, 0x1F53, 0x1F53, 0x1F53, 0x1F53, 0x1F53, \
        0x1F53, 0x1F53, 0x1F53, 0x1F53, 0x1F53, 0x1F53, 0x1F53, 0x1F53, 0x1F53, 0x1F53, 0x1F53, 0x1F53, \
        0x1F53, 0x1F53, 0x1F53, 0x1F53, 0x1F53, 0x1F53, 0x1F53, 0x1F53, 0x1F53, 0x1F53, 0x1F53, 0x1F53, \
        0x1F53, 0x1F53, 0x1F53, 0x1F53, 0x1F53, 0x1F53, 0x1F53, 0x1F53, 0x1F53, 0x1F53, 0x1F53, 0x1F53, \
        0x1F53, 0x1F53, 0x1F53, 0x1F53, 0x1F53, 0x1F53, 0x1F53, 0x1F53, 0x1F53, 0x1F53, 0x1F53, 0x1F53, \
        0x1F53, 0x1F53, 0x1F53, 0x1F53, 0x1F53, 0x1F53, 0x1F53, 0x1F53, 0x1F53, 0x1F53, 0x1F53, 0x1F53, \
        0x1F53, 0x1F53, 0x1F53, 0x1F53, 0x1F53, 0x1F53, 0x1F53, 0x1F53, 0x1F53, 0x1F53, 0x1F53, 0x1F53, \
        0x1F53, 0x1F53, 0x1F53, 0x1F53, 0x1F53, 0x1F73, 0x1F11, 0x0CF0, 0x0414, 0x0414, 0x0CB0, 0x16D1, \
        0x1F73, 0x1F53, 0x1F53, 0x1F53, 0x1F53, 0x1F53, 0x1F53, 0x1F53, 0x1F53, 0x1F73, 0x0D30, 0x051D, \
        0x061F, 0x465F, 0x1D9E, 0x0D70, 0x1F73, 0x1F53, 0x1F53, 0x1F53, 0x1F53, 0x1F53, 0x1F53, 0x1F53, \
        0x1F53, 0x1F53, 0x1F73, 0x0F31, 0x3C31, 0xAE5E, 0xC6FF, 0x8D17, 0x0690, 0x0E31, 0x24B8, 0x85B9, \
        0x3591, 0x1752, 0x1F53, 0x1F53, 0x1F73, 0x1F73, 0x1F73, 0x1F53, 0x1F53, 0x1F53, 0x1F53, 0x1F53, \
        0x1F53, 0x1F53, 0x1F53, 0x1F53, 0x1F53, 0x1F53, 0x1F53, 0x1F53, 0x1F53, 0x1F53, 0x1F53, 0x1F53, \
        0x1F53, 0x1F53, 0x1F53, 0x1F53, 0x1F53, 0x1F53, 0x1F53, 0x1F53, 0x1F53, 0x1F53, 0x1F53, 0x1F53, \
        0x1F53, 0x1F53, 0x1F53, 0x1F53, 0x1F53, 0x1F53, 0x1F53, 0x1F53, 0x1F53, 0x1F53, 0x1F53, 0x1F53, \
        0x1F53, 0x1F53, 0x1F53, 0x1F53, 0x1F53, 0x1F53, 0x1F53, 0x1F53, 0x1F53, 0x1F53, 0x1F53, 0x1F53, \
        0x1F53, 0x1F53, 0x1F53, 0x1F53, 0x1F53, 0x1F53, 0x1F53, 0x1F53, 0x1F53, 0x1F53, 0x1F53, 0x1F53, \
        0x1F53, 0x1F53, 0x1F53, 0x1F53, 0x1F53, 0x1F53, 0x1F53, 0x1F53, 0x1F53, 0x1F53, 0x1F53, 0x1F53, \
        0x1F53, 0x1F53, 0x1F53, 0x1F53, 0x1F53, 0x1F53, 0x1F53, 0x1F53, 0x1F53, 0x1F53, 0x1F53, 0x1F53, \
        0x1F53, 0x1F53, 0x1F53, 0x1F53, 0x1F53, 0x1F53, 0x1F53, 0x1F53, 0x1F53, 0x1F53, 0x1F53, 0x1F53, \
        0x1F53, 0x1F53, 0x1F53, 0x1F53, 0x1F53, 0x1F53, 0x1F53, 0x1F53, 0x1F53, 0x1F53, 0x1F73, 0x1F72, \
        0x1F11, 0x1F11, 0x1F52, 0x1F73, 0x1F53, 0x1F52, 0x1F73, 0x1F53, 0x1F53, 0x1F53, 0x1F53, 0x1F53, \
        0x1F53, 0x1F73, 0x1610, 0x043A, 0x057F, 0x05BF, 0x0459, 0x1630, 0x1F73, 0x1F53, 0x1F53, 0x1F53, \
        0x1F53, 0x1F53, 0x1F53, 0x1F53, 0x1F53, 0x1F53, 0x1F53, 0x1F73, 0x0D4E, 0x855B, 0xC6DF, 0x9DBA, \
        0x05CD, 0x0494, 0x25DF, 0x9F1F, 0x44F8, 0x0ED0, 0x1F73, 0x1F53, 0x1F53, 0x1F53, 0x1F53, 0x1F53, \
        0x1F53, 0x1F53, 0x1F53, 0x1F53, 0x1F53, 0x1F53, 0x1F53, 0x1F53, 0x1F53, 0x1F53, 0x1F53, 0x1F53, \
        0x1F53, 0x1F53, 0x1F53, 0x1F53, 0x1F53, 0x1F53, 0x1F53, 0x1F53, 0x1F53, 0x1F53, 0x1F53, 0x1F53, \
        0x1F53, 0x1F53, 0x1F53, 0x1F53, 0x1F53, 0x1F53, 0x1F53, 0x1F53, 0x1F53, 0x1F53, 0x1F53, 0x1F53, \
        0x1F53, 0x1F53, 0x1F53, 0x1F53, 0x1F53, 0x1F53, 0x1F53, 0x1F53, 0x1F53, 0x1F53, 0x1F53, 0x1F53, \
        0x1F53, 0x1F53, 0x1F53, 0x1F53, 0x1F53, 0x1F53, 0x1F53, 0x1F53, 0x1F53, 0x1F53, 0x1F53, 0x1F53, \
        0x1F53, 0x1F53, 0x1F53, 0x1F53, 0x1F53, 0x1F53, 0x1F53, 0x1F53, 0x1F53, 0x1F53, 0x1F53, 0x1F53, \
        0x1F53, 0x1F53, 0x1F53, 0x1F53, 0x1F53, 0x1F53, 0x1F53, 0x1F53, 0x1F53, 0x1F53, 0x1F53, 0x1F53, \
        0x1F53, 0x1F53, 0x1F53, 0x1F53, 0x1F53, 0x1F53, 0x1F53, 0x1F53, 0x1F53, 0x1F53, 0x1F53, 0x1F53, \
        0x1F53, 0x1F53, 0x1F53, 0x1F53, 0x1F53, 0x1F53, 0x1F53, 0x1F53, 0x1F53, 0x1F53, 0x1F53, 0x1F53, \
        0x1F53, 0x1F53, 0x1F53, 0x1F53, 0x1F73, 0x1F73, 0x1F53, 0x1F53, 0x1F73, 0x158E, 0x1EF1, 0x1F73, \
        0x1F53, 0x1F53, 0x1F53, 0x1F53, 0x1F53, 0x1F73, 0x1F52, 0x1570, 0x0415, 0x0414, 0x1590, 0x1F52, \
        0x1F53, 0x1F53, 0x1F53, 0x1F53, 0x1F53, 0x1F53, 0x1F53, 0x1F53, 0x1F53, 0x1F53, 0x1F53, 0x1F73, \
        0x064F, 0x6498, 0xC6DF, 0xADFB, 0x05AD, 0x04D3, 0x051E, 0x057F, 0x0435, 0x1F11, 0x1F73, 0x1F53, \
        0x1F53, 0x1F53, 0x1F53, 0x1F53, 0x1F53, 0x1F53, 0x1F53, 0x1F53, 0x1F53, 0x1F53, 0x1F53, 0x1F53, \
        0x1F53, 0x1F53, 0x1F53, 0x1F53, 0x1F53, 0x1F53, 0x1F53, 0x1F53, 0x1F53, 0x1F53, 0x1F53, 0x1F53, \
        0x1F53, 0x1F53, 0x1F53, 0x1F53, 0x1F53, 0x1F53, 0x1F53, 0x1F53, 0x1F53, 0x1F53, 0x1F53, 0x1F53, \
        0x1F53, 0x1F53, 0x1F53, 0x1F53, 0x1F53, 0x1F53, 0x1F53, 0x1F53, 0x1F53, 0x1F53, 0x1F53, 0x1F53, \
        0x1F53, 0x1F53, 0x1F53, 0x1F53, 0x1F53, 0x1F53, 0x1F53, 0x1F53, 0x1F53, 0x1F53, 0x1F53, 0x1F53, \
        0x1F53, 0x1F53, 0x1F53, 0x1F53, 0x1F53, 0x1F53, 0x1F53, 0x1F53, 0x1F53, 0x1F53, 0x1F53, 0x1F53, \
        0x1F53, 0x1F53, 0x1F53, 0x1F53, 0x1F53, 0x1F53, 0x1F53, 0x1F53, 0x1F53, 0x1F53, 0x1F53, 0x1F53, \
        0x1F53, 0x1F53, 0x1F53, 0x1F53, 0x1F53, 0x1F53, 0x1F53, 0x1F53, 0x1F53, 0x1F53, 0x1F53, 0x1F53, \
        0x1F53, 0x1F53, 0x1F53, 0x1F53, 0x1F53, 0x1F53, 0x1F53, 0x1F53, 0x1F53, 0x1F53, 0x1F53, 0x1F53, \
        0x1F53, 0x1F53, 0x1F53, 0x1F53, 0x1F53, 0x1F53, 0x1F53, 0x1F53, 0x1F53, 0x1F53, 0x1F53, 0x1F53, \
        0x1F73, 0x15AE, 0x0D0D, 0x1F73, 0x1F53, 0x1F53, 0x1F53, 0x1F53, 0x1F53, 0x1F53, 0x1F73, 0x1F73, \
        0x1F11, 0x1F11, 0x1F73, 0x1F53, 0x1F53, 0x1F53, 0x1F53, 0x1F53, 0x1F53, 0x1F53, 0x1F53, 0x1F53, \
        0x1F53, 0x1F53, 0x1F53, 0x1F73, 0x06B0, 0x6476, 0xBEDF, 0xA5DA, 0x05CE, 0x16F1, 0x0CD2, 0x0C93, \
        0x1650, 0x1F73, 0x1F53, 0x1F53, 0x1F53, 0x1F53, 0x1F53, 0x1F53, 0x1F53, 0x1F53, 0x1F53, 0x1F53, \
        0x1F53, 0x1F53, 0x1F53, 0x1F53, 0x1F53, 0x1F53, 0x1F53, 0x1F53, 0x1F53, 0x1F53, 0x1F53, 0x1F53, \
        0x1F53, 0x1F53, 0x1F53, 0x1F53, 0x1F53, 0x1F53, 0x1F53, 0x1F53, 0x1F53, 0x1F53, 0x1F53, 0x1F53, \
        0x1F53, 0x1F53, 0x1F53, 0x1F53, 0x1F53, 0x1F53, 0x1F53, 0x1F53, 0x1F53, 0x1F53, 0x1F53, 0x1F53, \
        0x1F53, 0x1F53, 0x1F53, 0x1F53, 0x1F53, 0x1F53, 0x1F53, 0x1F53, 0x1F53, 0x1F53, 0x1F53, 0x1F53, \
        0x1F53, 0x1F53, 0x1F53, 0x1F53, 0x1F53, 0x1F53, 0x1F53, 0x1F53, 0x1F53, 0x1F53, 0x1F53, 0x1F53, \
        0x1F53, 0x1F53, 0x1F53, 0x1F53, 0x1F53, 0x1F53, 0x1F53, 0x1F53, 0x1F53, 0x1F53, 0x1F53, 0x1F53, \
        0x1F53, 0x1F53, 0x1F53, 0x1F53, 0x1F53, 0x1F53, 0x1F53, 0x1F53, 0x1F53, 0x1F53, 0x1F53, 0x1F53, \
        0x1F53, 0x1F53, 0x1F53, 0x1F53, 0x1F53, 0x1F53, 0x1F53, 0x1F53, 0x1F53, 0x1F53, 0x1F53, 0x1F53, \
        0x1F53, 0x1F53, 0x1F53, 0x1F53, 0x1F53, 0x1F53, 0x1F53, 0x1F53, 0x1F53, 0x1F53, 0x1F53, 0x1F53, \
        0x1F53, 0x1F53, 0x1F53, 0x1F53, 0x1F73, 0x16D1, 0x0228, 0x16B1, 0x1F73, 0x1F53, 0x1F53, 0x1F53, \
        0x1F53, 0x1F53, 0x1F53, 0x1F53, 0x1F73, 0x1F73, 0x1F53, 0x1F53, 0x1F53, 0x1F53, 0x1F53, 0x1F53, \
        0x1F53, 0x1F53, 0x1F53, 0x1F53, 0x1F53, 0x1F53, 0x1F53, 0x1F73, 0x06D0, 0x5C75, 0xBEDF, 0x9D99, \
        0x060F, 0x1F93, 0x1F72, 0x1F52, 0x1F73, 0x1F53, 0x1F53, 0x1F53, 0x1F53, 0x1F53, 0x1F53, 0x1F53, \
        0x1F53, 0x1F53, 0x1F53, 0x1F53, 0x1F53, 0x1F53, 0x1F53, 0x1F53, 0x1F53, 0x1F53, 0x1F53, 0x1F53, \
        0x1F53, 0x1F53, 0x1F53, 0x1F53, 0x1F53, 0x1F53, 0x1F53, 0x1F53, 0x1F53, 0x1F53, 0x1F53, 0x1F53, \
        0x1F53, 0x1F53, 0x1F53, 0x1F53, 0x1F53, 0x1F53, 0x1F53, 0x1F53, 0x1F53, 0x1F53, 0x1F53, 0x1F53, \
        0x1F53, 0x1F53, 0x1F53, 0x1F53, 0x1F53, 0x1F53, 0x1F53, 0x1F53, 0x1F53, 0x1F53, 0x1F53, 0x1F53, \
        0x1F53, 0x1F53, 0x1F53, 0x1F53, 0x1F53, 0x1F53, 0x1F53, 0x1F53, 0x1F53, 0x1F53, 0x1F53, 0x1F53, \
        0x1F53, 0x1F53, 0x1F53, 0x1F53, 0x1F53, 0x1F53, 0x1F53, 0x1F53, 0x1F53, 0x1F53, 0x1F53, 0x1F53, \
        0x1F53, 0x1F53, 0x1F53, 0x1F53, 0x1F53, 0x1F53, 0x1F53, 0x1F53, 0x1F53, 0x1F53, 0x1F53, 0x1F53, \
        0x1F53, 0x1F53, 0x1F53, 0x1F53, 0x1F53, 0x1F53, 0x1F53, 0x1F53, 0x1F53, 0x1F53, 0x1F53, 0x1F53, \
        0x1F53, 0x1F53, 0x1F53, 0x1F53, 0x1F53, 0x1F53, 0x1F53, 0x1F53, 0x1F53, 0x1F53, 0x1F53, 0x1F53, \
        0x1F53, 0x1F53, 0x1F53, 0x1F53, 0x1F53, 0x1F53, 0x1F53, 0x1F53, 0x1F53, 0x1F73, 0x242D, 0x2C4D, \
        0x1752, 0x1F73, 0x1F53, 0x1F53, 0x1F53, 0x1F53, 0x1F53, 0x1F53, 0x1F53, 0x1F53, 0x1F53, 0x1F53, \
        0x1F53, 0x1F53, 0x1F53, 0x1F53, 0x1F53, 0x1F53, 0x1F53, 0x1F53, 0x1F53, 0x1F53, 0x1F53, 0x1F73, \
        0x066F, 0x6C97, 0xC6FF, 0x8D16, 0x06B0, 0x1F93, 0x1F31, 0x1711, 0x1772, 0x1F73, 0x1F53, 0x1F53, \
        0x1F53, 0x1F53, 0x1F53, 0x1F53, 0x1F53, 0x1F53, 0x1F53, 0x1F53, 0x1F53, 0x1F53, 0x1F53, 0x1F53, \
        0x1F53, 0x1F53, 0x1F53, 0x1F53, 0x1F53, 0x1F53, 0x1F53, 0x1F53, 0x1F53, 0x1F53, 0x1F53, 0x1F53, \
        0x1F53, 0x1F53, 0x1F53, 0x1F53, 0x1F53, 0x1F53, 0x1F53, 0x1F53, 0x1F53, 0x1F53, 0x1F53, 0x1F53, \
        0x1F53, 0x1F53, 0x1F53, 0x1F53, 0x1F53, 0x1F53, 0x1F53, 0x1F53, 0x1F53, 0x1F53, 0x1F53, 0x1F53, \
        0x1F53, 0x1F53, 0x1F53, 0x1F53, 0x1F53, 0x1F53, 0x1F53, 0x1F53, 0x1F53, 0x1F53, 0x1F53, 0x1F53, \
        0x1F53, 0x1F53, 0x1F53, 0x1F53, 0x1F53, 0x1F53, 0x1F53, 0x1F53, 0x1F53, 0x1F53, 0x1F53, 0x1F53, \
        0x1F53, 0x1F53, 0x1F53, 0x1F53, 0x1F53, 0x1F53, 0x1F53, 0x1F53, 0x1F53, 0x1F53, 0x1F53, 0x1F53, \
        0x1F53, 0x1F53, 0x1F53, 0x1F53, 0x1F53, 0x1F53, 0x1F53, 0x1F53, 0x1F53, 0x1F53, 0x1F53, 0x1F53, \
        0x1F53, 0x1F53, 0x1F53, 0x1F53, 0x1F53, 0x1F53, 0x1F53, 0x1F53, 0x1F53, 0x1F53, 0x1F53, 0x1F53, \
        0x1F53, 0x1F53, 0x1F53, 0x1F53, 0x1F53, 0x1F53, 0x1F53, 0x1F53, 0x1F53, 0x1F53, 0x1F53, 0x1F53, \
        0x1F53, 0x1F73, 0x1670, 0x4B0F, 0x256F, 0x1773, 0x1F53, 0x1F53, 0x1F53, 0x1F53, 0x1F53, 0x1F53, \
        0x1F53, 0x1F53, 0x1F53, 0x1F53, 0x1F53, 0x1F73, 0x1F73, 0x1F53, 0x1F53, 0x1F53, 0x1F53, 0x1F53, \
        0x1F53, 0x1F53, 0x1F53, 0x1F73, 0x056E, 0x8D5B, 0xC6BF, 0x5C91, 0x0711, 0x1570, 0x04B5, 0x1CB5, \
        0x1510, 0x1711, 0x1F73, 0x1F53, 0x1F53, 0x1F53, 0x1F53, 0x1F53, 0x1F53, 0x1F53, 0x1F53, 0x1F53, \
        0x1F53, 0x1F53, 0x1F53, 0x1F53, 0x1F53, 0x1F53, 0x1F53, 0x1F53, 0x1F53, 0x1F53, 0x1F53, 0x1F53, \
        0x1F53, 0x1F53, 0x1F53, 0x1F53, 0x1F53, 0x1F53, 0x1F53, 0x1F53, 0x1F53, 0x1F53, 0x1F53, 0x1F53, \
        0x1F53, 0x1F53, 0x1F53, 0x1F53, 0x1F53, 0x1F53, 0x1F53, 0x1F53, 0x1F53, 0x1F53, 0x1F53, 0x1F53, \
        0x1F53, 0x1F53, 0x1F53, 0x1F53, 0x1F53, 0x1F53, 0x1F53, 0x1F53, 0x1F53, 0x1F53, 0x1F53, 0x1F53, \
        0x1F53, 0x1F53, 0x1F53, 0x1F53, 0x1F53, 0x1F53, 0x1F53, 0x1F53, 0x1F53, 0x1F53, 0x1F53, 0x1F53, \
        0x1F53, 0x1F53, 0x1F53, 0x1F53, 0x1F53, 0x1F53, 0x1F53, 0x1F53, 0x1F53, 0x1F53, 0x1F53, 0x1F53, \
        0x1F53, 0x1F53, 0x1F53, 0x1F53, 0x1F53, 0x1F53, 0x1F53, 0x1F53, 0x1F53, 0x1F53, 0x1F53, 0x1F53, \
        0x1F53, 0x1F53, 0x1F53, 0x1F53, 0x1F53, 0x1F53, 0x1F53, 0x1F53, 0x1F53, 0x1F53, 0x1F53, 0x1F53, \
        0x1F53, 0x1F53, 0x1F53, 0x1F53, 0x1F53, 0x1F53, 0x1F53, 0x1F53, 0x1F53, 0x1F53, 0x1F53, 0x1F53, \
        0x1F53, 0x1F53, 0x1F53, 0x1F53, 0x1F53, 0x1F53, 0x1773, 0x2D2F, 0x5393, 0x15EF, 0x1773, 0x1F73, \
        0x1F53, 0x1F53, 0x1F53, 0x1F53, 0x1F53, 0x1F53, 0x1F53, 0x1F53, 0x1F73, 0x1711, 0x0711, 0x1F73, \
        0x1F53, 0x1F53, 0x1F53, 0x1F53, 0x1F53, 0x1F53, 0x1F73, 0x0F32, 0x3C31, 0xAE7E, 0xADFB, 0x0D8E, \
        0x0D50, 0x04BB, 0x1E1F, 0xB77F, 0xA6BD, 0x0491, 0x1F52, 0x1F73, 0x1F53, 0x1F53, 0x1F53, 0x1F53, \
        0x1F53, 0x1F53, 0x1F53, 0x1F53, 0x1F53, 0x1F53, 0x1F53, 0x1F53, 0x1F53, 0x1F53, 0x1F53, 0x1F53, \
        0x1F53, 0x1F53, 0x1F53, 0x1F53, 0x1F53, 0x1F53, 0x1F53, 0x1F53, 0x1F53, 0x1F53, 0x1F53, 0x1F53, \
        0x1F53, 0x1F53, 0x1F53, 0x1F53, 0x1F53, 0x1F53, 0x1F53, 0x1F53, 0x1F53, 0x1F53, 0x1F53, 0x1F53, \
        0x1F53, 0x1F53, 0x1F53, 0x1F53, 0x1F53, 0x1F53, 0x1F53, 0x1F53, 0x1F53, 0x1F53, 0x1F53, 0x1F53, \
        0x1F53, 0x1F53, 0x1F53, 0x1F53, 0x1F53, 0x1F53, 0x1F53, 0x1F53, 0x1F53, 0x1F53, 0x1F53, 0x1F53, \
        0x1F53, 0x1F53, 0x1F53, 0x1F53, 0x1F53, 0x1F53, 0x1F53, 0x1F53, 0x1F53, 0x1F53, 0x1F53, 0x1F53, \
        0x1F53, 0x1F53, 0x1F53, 0x1F53, 0x1F53, 0x1F53, 0x1F53, 0x1F53, 0x1F53, 0x1F53, 0x1F53, 0x1F53, \
        0x1F53, 0x1F53, 0x1F53, 0x1F53, 0x1F53, 0x1F53, 0x1F53, 0x1F53, 0x1F53, 0x1F53, 0x1F53, 0x1F53, \
        0x1F53, 0x1F53, 0x1F53, 0x1F53, 0x1F53, 0x1F53, 0x1F53, 0x1F53, 0x1F53, 0x1F53, 0x1F53, 0x1F53, \
        0x1F53, 0x1F53, 0x1F53, 0x1F53, 0x1F53, 0x1F53, 0x1F53, 0x1F53, 0x1F53, 0x1F53, 0x1F73, 0x0F11, \
        0x4450, 0x6415, 0x15CF, 0x1773, 0x1F73, 0x1F53, 0x1F53, 0x1F53, 0x1F53, 0x1F53, 0x1F53, 0x1F73, \
        0x0DF0, 0x34D6, 0x6556, 0x1671, 0x1F73, 0x1F53, 0x1F53, 0x1F53, 0x1F53, 0x1F53, 0x1F73, 0x054D, \
        0x8519, 0xBEDF, 0x6C92, 0x066F, 0x0416, 0x059F, 0x0DFF, 0xA71F, 0x971F, 0x0499, 0x1690, 0x1F73, \
        0x1F53, 0x1F53, 0x1F53, 0x1F53, 0x1F53, 0x1F53, 0x1F53, 0x1F53, 0x1F53, 0x1F53, 0x1F53, 0x1F53, \
        0x1F53, 0x1F53, 0x1F53, 0x1F53, 0x1F53, 0x1F53, 0x1F53, 0x1F53, 0x1F53, 0x1F53, 0x1F53, 0x1F53, \
        0x1F53, 0x1F53, 0x1F53, 0x1F53, 0x1F53, 0x1F53, 0x1F53, 0x1F53, 0x1F53, 0x1F53, 0x1F53, 0x1F53, \
        0x1F53, 0x1F53, 0x1F53, 0x1F53, 0x1F53, 0x1F53, 0x1F53, 0x1F53, 0x1F53, 0x1F53, 0x1F53, 0x1F53, \
        0x1F53, 0x1F53, 0x1F53, 0x1F53, 0x1F53, 0x1F53, 0x1F53, 0x1F53, 0x1F53, 0x1F53, 0x1F53, 0x1F53, \
        0x1F53, 0x1F53, 0x1F53, 0x1F53, 0x1F53, 0x1F53, 0x1F53, 0x1F53, 0x1F53, 0x1F53, 0x1F53, 0x1F53, \
        0x1F53, 0x1F53, 0x1F53, 0x1F53, 0x1F53, 0x1F53, 0x1F53, 0x1F53, 0x1F53, 0x1F53, 0x1F53, 0x1F53, \
        0x1F53, 0x1F53, 0x1F53, 0x1F53, 0x1F53, 0x1F53, 0x1F53, 0x1F53, 0x1F53, 0x1F53, 0x1F53, 0x1F53, \
        0x1F53, 0x1F53, 0x1F53, 0x1F53, 0x1F53, 0x1F53, 0x1F53, 0x1F53, 0x1F53, 0x1F53, 0x1F53, 0x1F53, \
        0x1F53, 0x1F53, 0x1F53, 0x1F53, 0x1F53, 0x1F53, 0x1F53, 0x1F53, 0x1F53, 0x1F53, 0x1F53, 0x1F53, \
        0x1F53, 0x1F53, 0x1F53, 0x1F73, 0x06D0, 0x5452, 0x6C97, 0x252F, 0x0731, 0x1F73, 0x1F53, 0x1F53, \
        0x1F53, 0x1F53, 0x1F73, 0x1F11, 0x0455, 0x4E3F, 0x9EDF, 0x04D3, 0x1F52, 0x1F53, 0x1F53, 0x1F53, \
        0x1F73, 0x1F93, 0x05EE, 0x5C35, 0xBEDF, 0x9538, 0x05CE, 0x16D0, 0x03F7, 0x057E, 0x05FF, 0x05DF, \
        0x05FF, 0x04DA, 0x1670, 0x1F73, 0x1F53, 0x1F53, 0x1F53, 0x1F53, 0x1F53, 0x1F53, 0x1F53, 0x1F53, \
        0x1F53, 0x1F53, 0x1F53, 0x1F53, 0x1F53, 0x1F53, 0x1F53, 0x1F53, 0x1F53, 0x1F53, 0x1F53, 0x1F53, \
        0x1F53, 0x1F53, 0x1F53, 0x1F53, 0x1F53, 0x1F53, 0x1F53, 0x1F53, 0x1F53, 0x1F53, 0x1F53, 0x1F53, \
        0x1F53, 0x1F53, 0x1F53, 0x1F53, 0x1F53, 0x1F53, 0x1F53, 0x1F53, 0x1F53, 0x1F53, 0x1F53, 0x1F53, \
        0x1F53, 0x1F53, 0x1F53, 0x1F53, 0x1F53, 0x1F53, 0x1F53, 0x1F53, 0x1F53, 0x1F53, 0x1F53, 0x1F53, \
        0x1F53, 0x1F53, 0x1F53, 0x1F53, 0x1F53, 0x1F53, 0x1F53, 0x1F53, 0x1F53, 0x1F53, 0x1F53, 0x1F53, \
        0x1F53, 0x1F53, 0x1F53, 0x1F53, 0x1F53, 0x1F53, 0x1F53, 0x1F53, 0x1F53, 0x1F53, 0x1F53, 0x1F53, \
        0x1F53, 0x1F53, 0x1F53, 0x1F53, 0x1F53, 0x1F53, 0x1F53, 0x1F53, 0x1F53, 0x1F53, 0x1F53, 0x1F53, \
        0x1F53, 0x1F53, 0x1F53, 0x1F53, 0x1F53, 0x1F53, 0x1F53, 0x1F53, 0x1F53, 0x1F53, 0x1F53, 0x1F53, \
        0x1F53, 0x1F53, 0x1F53, 0x1F53, 0x1F53, 0x1F53, 0x1F53, 0x1F53, 0x1F53, 0x1F53, 0x1F53, 0x1F53, \
        0x1F53, 0x1F53, 0x1F53, 0x1F53, 0x1F53, 0x1F53, 0x1F53, 0x1F53, 0x1F73, 0x0690, 0x4C32, 0x74B9, \
        0x4C92, 0x064F, 0x0F52, 0x1F73, 0x1F73, 0x1F53, 0x1F73, 0x1F31, 0x0454, 0x057E, 0x055E, 0x0CD2, \
        0x1F52, 0x1F53, 0x1F73, 0x1F73, 0x0F52, 0x058D, 0x6475, 0xB69F, 0x9D9A, 0x24EE, 0x0F72, 0x1F32, \
        0x0433, 0x04FE, 0x057E, 0x05BF, 0x057F, 0x03F4, 0x1EF1, 0x1F73, 0x1F53, 0x1F53, 0x1F53, 0x1F53, \
        0x1F53, 0x1F53, 0x1F53, 0x1F53, 0x1F53, 0x1F53, 0x1F53, 0x1F53, 0x1F53, 0x1F53, 0x1F53, 0x1F53, \
        0x1F53, 0x1F53, 0x1F53, 0x1F53, 0x1F53, 0x1F53, 0x1F53, 0x1F53, 0x1F53, 0x1F53, 0x1F53, 0x1F53, \
        0x1F53, 0x1F53, 0x1F53, 0x1F53, 0x1F53, 0x1F53, 0x1F53, 0x1F53, 0x1F53, 0x1F53, 0x1F53, 0x1F53, \
        0x1F53, 0x1F53, 0x1F53, 0x1F53, 0x1F53, 0x1F53, 0x1F53, 0x1F53, 0x1F53, 0x1F53, 0x1F53, 0x1F53, \
        0x1F53, 0x1F53, 0x1F53, 0x1F53, 0x1F53, 0x1F53, 0x1F53, 0x1F53, 0x1F53, 0x1F53, 0x1F53, 0x1F53, \
        0x1F53, 0x1F53, 0x1F53, 0x1F53, 0x1F53, 0x1F53, 0x1F53, 0x1F53, 0x1F53, 0x1F53, 0x1F53, 0x1F53, \
        0x1F53, 0x1F53, 0x1F53, 0x1F53, 0x1F53, 0x1F53, 0x1F53, 0x1F53, 0x1F53, 0x1F53, 0x1F53, 0x1F53, \
        0x1F53, 0x1F53, 0x1F53, 0x1F53, 0x1F53, 0x1F53, 0x1F53, 0x1F53, 0x1F53, 0x1F53, 0x1F53, 0x1F53, \
        0x1F53, 0x1F53, 0x1F53, 0x1F53, 0x1F53, 0x1F53, 0x1F53, 0x1F53, 0x1F53, 0x1F53, 0x1F53, 0x1F53, \
        0x1F53, 0x1F53, 0x1F53, 0x1F53, 0x1F53, 0x1F53, 0x1F53, 0x1F53, 0x1F53, 0x1F53, 0x1F53, 0x1F53, \
        0x1F53, 0x1F73, 0x06D0, 0x4490, 0x7CD9, 0x74D8, 0x3CD0, 0x062F, 0x0731, 0x1773, 0x1F73, 0x1F93, \
        0x1691, 0x0C92, 0x0CD1, 0x1ED1, 0x1F93, 0x1773, 0x0732, 0x064F, 0x3490, 0x8519, 0xB69F, 0x9D59, \
        0x24ED, 0x0752, 0x1F73, 0x1F73, 0x1650, 0x03D4, 0x045B, 0x045B, 0x03D5, 0x160F, 0x1F73, 0x1F53, \
        0x1F53, 0x1F53, 0x1F53, 0x1F53, 0x1F53, 0x1F53, 0x1F53, 0x1F53, 0x1F53, 0x1F53, 0x1F53, 0x1F53, \
        0x1F53, 0x1F53, 0x1F53, 0x1F53, 0x1F53, 0x1F53, 0x1F53, 0x1F53, 0x1F53, 0x1F53, 0x1F53, 0x1F53, \
        0x1F53, 0x1F53, 0x1F53, 0x1F53, 0x1F53, 0x1F53, 0x1F53, 0x1F53, 0x1F53, 0x1F53, 0x1F53, 0x1F53, \
        0x1F53, 0x1F53, 0x1F53, 0x1F53, 0x1F53, 0x1F53, 0x1F53, 0x1F53, 0x1F53, 0x1F53, 0x1F53, 0x1F53, \
        0x1F53, 0x1F53, 0x1F53, 0x1F53, 0x1F53, 0x1F53, 0x1F53, 0x1F53, 0x1F53, 0x1F53, 0x1F53, 0x1F53, \
        0x1F53, 0x1F53, 0x1F53, 0x1F53, 0x1F53, 0x1F53, 0x1F53, 0x1F53, 0x1F53, 0x1F53, 0x1F53, 0x1F53, \
        0x1F53, 0x1F53, 0x1F53, 0x1F53, 0x1F53, 0x1F53, 0x1F53, 0x1F53, 0x1F53, 0x1F53, 0x1F53, 0x1F53, \
        0x1F53, 0x1F53, 0x1F53, 0x1F53, 0x1F53, 0x1F53, 0x1F53, 0x1F53, 0x1F53, 0x1F53, 0x1F53, 0x1F53, \
        0x1F53, 0x1F53, 0x1F53, 0x1F53, 0x1F53, 0x1F53, 0x1F53, 0x1F53, 0x1F53, 0x1F53, 0x1F53, 0x1F53, \
        0x1F53, 0x1F53, 0x1F53, 0x1F53, 0x1F53, 0x1F53, 0x1F53, 0x1F53, 0x1F53, 0x1F53, 0x1F53, 0x1F53, \
        0x1F53, 0x1F53, 0x1F53, 0x1F53, 0x1F53, 0x1F53, 0x1F73, 0x0F32, 0x158E, 0x6454, 0x851A, 0x7CF9, \
        0x5CB4, 0x3510, 0x0DCF, 0x066F, 0x06D0, 0x06D0, 0x06D0, 0x06B0, 0x060F, 0x154F, 0x4C92, 0x7D19, \
        0xAE3E, 0xAE1D, 0x6C73, 0x05AE, 0x0F52, 0x1F73, 0x1F53, 0x1F53, 0x1F73, 0x1ED1, 0x15AF, 0x15AF, \
        0x16D0, 0x1F73, 0x1F53, 0x1F53, 0x1F53, 0x1F53, 0x1F53, 0x1F53, 0x1F53, 0x1F53, 0x1F53, 0x1F53, \
        0x1F53, 0x1F53, 0x1F53, 0x1F53, 0x1F53, 0x1F53, 0x1F53, 0x1F53, 0x1F53, 0x1F53, 0x1F53, 0x1F53, \
        0x1F53, 0x1F53, 0x1F53, 0x1F53, 0x1F53, 0x1F53, 0x1F53, 0x1F53, 0x1F53, 0x1F53, 0x1F53, 0x1F53, \
        0x1F53, 0x1F53, 0x1F53, 0x1F53, 0x1F53, 0x1F53, 0x1F53, 0x1F53, 0x1F53, 0x1F53, 0x1F53, 0x1F53, \
        0x1F53, 0x1F53, 0x1F53, 0x1F53, 0x1F53, 0x1F53, 0x1F53, 0x1F53, 0x1F53, 0x1F53, 0x1F53, 0x1F53, \
        0x1F53, 0x1F53, 0x1F53, 0x1F53, 0x1F53, 0x1F53, 0x1F53, 0x1F53, 0x1F53, 0x1F53, 0x1F53, 0x1F53, \
        0x1F53, 0x1F53, 0x1F53, 0x1F53, 0x1F53, 0x1F53, 0x1F53, 0x1F53, 0x1F53, 0x1F53, 0x1F53, 0x1F53, \
        0x1F53, 0x1F53, 0x1F53, 0x1F53, 0x1F53, 0x1F53, 0x1F53, 0x1F53, 0x1F53, 0x1F53, 0x1F53, 0x1F53, \
        0x1F53, 0x1F53, 0x1F53, 0x1F53, 0x1F53, 0x1F53, 0x1F53, 0x1F53, 0x1F53, 0x1F53, 0x1F53, 0x1F53, \
        0x1F53, 0x1F53, 0x1F53, 0x1F53, 0x1F53, 0x1F53, 0x1F53, 0x1F53, 0x1F53, 0x1F53, 0x1F53, 0x1F53, \
        0x1F53, 0x1F53, 0x1F53, 0x1F53, 0x1F53, 0x1F53, 0x1F53, 0x1F53, 0x1F53, 0x1F53, 0x1F53, 0x1F73, \
        0x1F73, 0x06D0, 0x252E, 0x5C74, 0x7CF9, 0x853B, 0x853B, 0x8519, 0x74D7, 0x74F7, 0x7CF7, 0x8518, \
        0x959B, 0xA5DD, 0xAE3D, 0xA5BB, 0x7CD5, 0x2D0E, 0x06D0, 0x1F73, 0x1F73, 0x1F53, 0x1F53, 0x1F53, \
        0x1F53, 0x1F73, 0x1F73, 0x1F73, 0x1F73, 0x1F53, 0x1F53, 0x1F53, 0x1F53, 0x1F53, 0x1F53, 0x1F53, \
        0x1F53, 0x1F53, 0x1F53, 0x1F53, 0x1F53, 0x1F53, 0x1F53, 0x1F53, 0x1F53, 0x1F53, 0x1F53, 0x1F53, \
        0x1F53, 0x1F53, 0x1F53, 0x1F53, 0x1F53, 0x1F53, 0x1F53, 0x1F53, 0x1F53, 0x1F53, 0x1F53, 0x1F53, \
        0x1F53, 0x1F53, 0x1F53, 0x1F53, 0x1F53, 0x1F53, 0x1F53, 0x1F53, 0x1F53, 0x1F53, 0x1F53, 0x1F53, \
        0x1F53, 0x1F53, 0x1F53, 0x1F53, 0x1F53, 0x1F53, 0x1F53, 0x1F53, 0x1F53, 0x1F53, 0x1F53, 0x1F53, \
        0x1F53, 0x1F53, 0x1F53, 0x1F53, 0x1F53, 0x1F53, 0x1F53, 0x1F53, 0x1F53, 0x1F53, 0x1F53, 0x1F53, \
        0x1F53, 0x1F53, 0x1F53, 0x1F53, 0x1F53, 0x1F53, 0x1F53, 0x1F53, 0x1F53, 0x1F53, 0x1F53, 0x1F53, \
        0x1F53, 0x1F53, 0x1F53, 0x1F53, 0x1F53, 0x1F53, 0x1F53, 0x1F53, 0x1F53, 0x1F53, 0x1F53, 0x1F53, \
        0x1F53, 0x1F53, 0x1F53, 0x1F53, 0x1F53, 0x1F53, 0x1F53, 0x1F53, 0x1F53, 0x1F53, 0x1F53, 0x1F53, \
        0x1F53, 0x1F53, 0x1F53, 0x1F53, 0x1F53, 0x1F53, 0x1F53, 0x1F53, 0x1F53, 0x1F53, 0x1F53, 0x1F53, \
        0x1F53, 0x1F53, 0x1F53, 0x1F53, 0x1F53, 0x1F53, 0x1F53, 0x1F53, 0x1F53, 0x1F53, 0x1F53, 0x1F53, \
        0x1F53, 0x1F53, 0x1F53, 0x1F53, 0x1F53, 0x1F73, 0x1773, 0x06F1, 0x05EF, 0x34EF, 0x5492, 0x6CB5, \
        0x7CF7, 0x8D38, 0x8D39, 0x8518, 0x8516, 0x6CD3, 0x44EF, 0x05CE, 0x06D1, 0x1773, 0x1F73, 0x1F53, \
        0x1F53, 0x1F53, 0x1F53, 0x1F53, 0x1F53, 0x1F53, 0x1F53, 0x1F53, 0x1F53, 0x1F53, 0x1F53, 0x1F53, \
        0x1F53, 0x1F53, 0x1F53, 0x1F53, 0x1F53, 0x1F53, 0x1F53, 0x1F53, 0x1F53, 0x1F53, 0x1F53, 0x1F53, \
        0x1F53, 0x1F53, 0x1F53, 0x1F53, 0x1F53, 0x1F53, 0x1F53, 0x1F53, 0x1F53, 0x1F53, 0x1F53, 0x1F53, \
        0x1F53, 0x1F53, 0x1F53, 0x1F53, 0x1F53, 0x1F53, 0x1F53, 0x1F53, 0x1F53, 0x1F53, 0x1F53, 0x1F53, \
        0x1F53, 0x1F53, 0x1F53, 0x1F53, 0x1F53, 0x1F53, 0x1F53, 0x1F53, 0x1F53, 0x1F53, 0x1F53, 0x1F53, \
        0x1F53, 0x1F53, 0x1F53, 0x1F53, 0x1F53, 0x1F53, 0x1F53, 0x1F53, 0x1F53, 0x1F53, 0x1F53, 0x1F53, \
        0x1F53, 0x1F53, 0x1F53, 0x1F53, 0x1F53, 0x1F53, 0x1F53, 0x1F53, 0x1F53, 0x1F53, 0x1F53, 0x1F53, \
        0x1F53, 0x1F53, 0x1F53, 0x1F53, 0x1F53, 0x1F53, 0x1F53, 0x1F53, 0x1F53, 0x1F53, 0x1F53, 0x1F53, \
        0x1F53, 0x1F53, 0x1F53, 0x1F53, 0x1F53, 0x1F53, 0x1F53, 0x1F53, 0x1F53, 0x1F53, 0x1F53, 0x1F53, \
        0x1F53, 0x1F53, 0x1F53, 0x1F53, 0x1F53, 0x1F53, 0x1F53, 0x1F53, 0x1F53, 0x1F53, 0x1F53, 0x1F53, \
        0x1F53, 0x1F53, 0x1F53, 0x1F53, 0x1F53, 0x1F53, 0x1F53, 0x1F53, 0x1F53, 0x1F53, 0x1F53, 0x1F53, \
        0x1F53, 0x1F53, 0x1F53, 0x1F53, 0x1F53, 0x1F53, 0x1F53, 0x1F53, 0x1F53, 0x1F53, 0x1F53, 0x1F73, \
        0x1F73, 0x1773, 0x0732, 0x06F1, 0x06B0, 0x0690, 0x0690, 0x06B0, 0x06D0, 0x0731, 0x0F72, 0x1F73, \
        0x1F73, 0x1F53, 0x1F53, 0x1F53, 0x1F53, 0x1F53, 0x1F53, 0x1F53, 0x1F53, 0x1F53, 0x1F53, 0x1F53, \
        0x1F53, 0x1F53, 0x1F53, 0x1F53, 0x1F53, 0x1F53, 0x1F53, 0x1F53, 0x1F53, 0x1F53, 0x1F53, 0x1F53, \
        0x1F53, 0x1F53, 0x1F53, 0x1F53, 0x1F53, 0x1F53, 0x1F53, 0x1F53, 0x1F53, 0x1F53, 0x1F53, 0x1F53, \
        0x1F53, 0x1F53, 0x1F53, 0x1F53, 0x1F53, 0x1F53, 0x1F53, 0x1F53, 0x1F53, 0x1F53, 0x1F53, 0x1F53, \
        0x1F53, 0x1F53, 0x1F53, 0x1F53, 0x1F53, 0x1F53, 0x1F53, 0x1F53, 0x1F53, 0x1F53, 0x1F53, 0x1F53, \
        0x1F53, 0x1F53, 0x1F53, 0x1F53, 0x1F53, 0x1F53, 0x1F53, 0x1F53 \
    }
// clang-format on
