#pragma once

#define SATELLITE_IMAGE_WIDTH 16
#define SATELLITE_IMAGE_HEIGHT 15
const uint8_t SATELLITE_IMAGE[] PROGMEM = {0x00, 0x08, 0x00, 0x1C, 0x00, 0x0E, 0x20, 0x07, 0x70, 0x02,
                                           0xF8, 0x00, 0xF0, 0x01, 0xE0, 0x03, 0xC8, 0x01, 0x9C, 0x54,
                                           0x0E, 0x52, 0x07, 0x48, 0x02, 0x26, 0x00, 0x10, 0x00, 0x0E};

#define imgSatellite_width 8
#define imgSatellite_height 8
const uint8_t imgSatellite[] PROGMEM = {
    0b00000000, 0b00000000, 0b00000000, 0b00011000, 0b11011011, 0b11111111, 0b11011011, 0b00011000,
};
#define imgGPS_width 8
#define imgGPS_height 8
const unsigned char imgGPS[] PROGMEM = {0x03, 0x05, 0x07, 0x38, 0x38, 0xC8, 0x40, 0x60};

const uint8_t imgUSB[] PROGMEM = {0x00, 0x00, 0xf0, 0x00, 0x88, 0x03, 0x86, 0x02, 0x85, 0x02, 0x89, 0x03, 0xf1, 0x00, 0x00, 0x00};
const uint8_t imgUSB_HighResolution[] PROGMEM = {0x00, 0x3e, 0xf8, 0x80, 0x43, 0xf8, 0xc0, 0xc2, 0xff, 0x60, 0x42, 0xfc,
                                                 0x3c, 0xc2, 0xff, 0x22, 0x42, 0xf8, 0x3d, 0x42, 0xf8, 0x22, 0xc2, 0xff,
                                                 0x61, 0x42, 0xfc, 0xc0, 0xc2, 0xff, 0x80, 0x43, 0xf8, 0x00, 0x3e, 0xf8};
const uint8_t imgPower[] PROGMEM = {0x40, 0x40, 0x40, 0x58, 0x48, 0x08, 0x08, 0x08,
                                    0x1C, 0x22, 0x22, 0x41, 0x7F, 0x22, 0x22, 0x22};
const uint8_t imgUser[] PROGMEM = {0x3C, 0x42, 0x99, 0xA5, 0xA5, 0x99, 0x42, 0x3C};
const uint8_t imgPositionEmpty[] PROGMEM = {0x20, 0x30, 0x28, 0x24, 0x42, 0xFF};
const uint8_t imgPositionSolid[] PROGMEM = {0x20, 0x30, 0x38, 0x3C, 0x7E, 0xFF};

const uint8_t bluetoothConnectedIcon[36] PROGMEM = {0xfe, 0x01, 0xff, 0x03, 0x03, 0x03, 0x03, 0x03, 0x03, 0x00, 0xe3, 0x1f,
                                                    0xf3, 0x3f, 0x33, 0x30, 0x33, 0x33, 0x33, 0x33, 0x03, 0x33, 0xff, 0x33,
                                                    0xfe, 0x31, 0x00, 0x30, 0x30, 0x30, 0x30, 0x30, 0xf0, 0x3f, 0xe0, 0x1f};

// === Horizontal battery  ===
// Basic battery design and all related pieces
const unsigned char batteryBitmap_h_bottom[] PROGMEM = {
    0b00011110, 0b00000000, 0b00000001, 0b00000000, 0b00000001, 0b00000000, 0b00000001, 0b00000000, 0b00000001,
    0b00000000, 0b00000001, 0b00000000, 0b00000001, 0b00000000, 0b00000001, 0b00000000, 0b00000001, 0b00000000,
    0b00000001, 0b00000000, 0b00000001, 0b00000000, 0b00000001, 0b00000000, 0b00011110, 0b00000000};

const unsigned char batteryBitmap_h_top[] PROGMEM = {
    0b00111100, 0b00000000, 0b01000000, 0b00000000, 0b01000000, 0b00000000, 0b01000000, 0b00000000, 0b01000000,
    0b00000000, 0b11000000, 0b00000000, 0b11000000, 0b00000000, 0b11000000, 0b00000000, 0b01000000, 0b00000000,
    0b01000000, 0b00000000, 0b01000000, 0b00000000, 0b01000000, 0b00000000, 0b00111100, 0b00000000};

// Lightning Bolt
const unsigned char lightning_bolt_h[] PROGMEM = {
    0b00000000, 0b00000000, 0b00100000, 0b00000000, 0b00110000, 0b00000000, 0b00111000, 0b00000000, 0b00111100,
    0b00000000, 0b00011110, 0b00000000, 0b11111111, 0b00000000, 0b01111000, 0b00000000, 0b00111100, 0b00000000,
    0b00011100, 0b00000000, 0b00001100, 0b00000000, 0b00000100, 0b00000000, 0b00000000, 0b00000000};

// === Vertical battery ===
// Basic battery design and all related pieces
const unsigned char batteryBitmap_v[] PROGMEM = {0b00011100, 0b00111110, 0b01000001, 0b01000001, 0b00000000, 0b00000000,
                                                 0b00000000, 0b01000001, 0b01000001, 0b01000001, 0b00111110};
// This is the left and right bars for the fill in
const unsigned char batteryBitmap_sidegaps_v[] PROGMEM = {0b10000010, 0b10000010, 0b10000010};
// Lightning Bolt
const unsigned char lightning_bolt_v[] PROGMEM = {0b00000100, 0b00000110, 0b00011111, 0b00001100, 0b00000100};

#define mail_width 10
#define mail_height 7
static const unsigned char mail[] PROGMEM = {
    0b11111111, 0b00, // Top line
    0b10000001, 0b00, // Edges
    0b11000011, 0b00, // Diagonals start
    0b10100101, 0b00, // Inner M part
    0b10011001, 0b00, // Inner M part
    0b10000001, 0b00, // Edges
    0b11111111, 0b00  // Bottom line
};

// Hop icon (9x10)
#define hop_width 9
#define hop_height 10
const uint8_t imghop[] PROGMEM = {0x05, 0x00, 0x07, 0x00, 0x05, 0x00, 0x38, 0x00, 0x28, 0x00,
                                  0x38, 0x00, 0xC0, 0x01, 0x40, 0x01, 0xC0, 0x01, 0x40, 0x00};

// 📬 Mail / Message
const uint8_t icon_mail[] PROGMEM = {
    0b11111111, // ████████ top border
    0b10000001, // █      █ sides
    0b11000011, // ██    ██ diagonal
    0b10100101, // █ █  █ █ inner M
    0b10011001, // █  ██  █ inner M
    0b10000001, // █      █ sides
    0b10000001, // █      █ sides
    0b11111111  // ████████ bottom
};

// 📍 GPS Screen / Location Pin
const unsigned char icon_compass[] PROGMEM = {
    0x3C, // Row 0: ..####..
    0x52, // Row 1: .#..#.#.
    0x91, // Row 2: #...#..#
    0x91, // Row 3: #...#..#
    0x91, // Row 4: #...#..#
    0x81, // Row 5: #......#
    0x42, // Row 6: .#....#.
    0x3C  // Row 7: ..####..
};

// 🗺️ Map Screen
const unsigned char icon_map[] PROGMEM = {0x07, 0x07, 0x1D, 0x15, 0xFC, 0xB4, 0xE0, 0x20};

// Map Screen: other-node marker - a ring with a center dot, in place of a plain filled square
const unsigned char icon_map_node[] PROGMEM = {
    0x00, // Row 0: ........
    0x3C, // Row 1: ..####..
    0x42, // Row 2: .#....#.
    0x5A, // Row 3: .#.##.#.
    0x5A, // Row 4: .#.##.#.
    0x42, // Row 5: .#....#.
    0x3C, // Row 6: ..####..
    0x00  // Row 7: ........
};

const uint8_t icon_radio[] PROGMEM = {
    0x0F, // Row 0: ####....
    0x10, // Row 1: ....#...
    0x27, // Row 2: ###..#..
    0x48, // Row 3: ...#..#.
    0x93, // Row 4: ##..#..#
    0xA4, // Row 5: ..#..#.#
    0xA8, // Row 6: ...#.#.#
    0xA9  // Row 7: #..#.#.#
};

// 🪙 System Icon
const uint8_t icon_system[] PROGMEM = {
    0x24, // Row 0: ..#..#..
    0x3C, // Row 1: ..####..
    0xC3, // Row 2: ##....##
    0x5A, // Row 3: .#.##.#.
    0x5A, // Row 4: .#.##.#.
    0xC3, // Row 5: ##....##
    0x3C, // Row 6: ..####..
    0x24  // Row 7: ..#..#..
};

// 🌐 Wi-Fi
const uint8_t icon_wifi[] PROGMEM = {0b00000000, 0b00011000, 0b00111100, 0b01111110,
                                     0b11011011, 0b00011000, 0b00011000, 0b00000000};

const uint8_t icon_nodes[] PROGMEM = {
    0xF9, // Row 0  #..#######
    0x00, // Row 1
    0xF9, // Row 2  #..#######
    0x00, // Row 3
    0xF9, // Row 4  #..#######
    0x00, // Row 5
    0xF9, // Row 6  #..#######
    0x00  // Row 7
};

// ➤ Chevron Triangle Arrow Icon (8x8)
const uint8_t icon_list[] PROGMEM = {
    0x10, // Row 0: ...#....
    0x10, // Row 1: ...#....
    0x38, // Row 2: ..###...
    0x38, // Row 3: ..###...
    0x7C, // Row 4: .#####..
    0x6C, // Row 5: .##.##..
    0xC6, // Row 6: ##...##.
    0x82  // Row 7: #.....#.
};

// 📶 Signal Bars Icon (left to right, small to large with spacing)
const uint8_t icon_signal[] PROGMEM = {
    0b00000000, // ░░░░░░░
    0b10000000, // ░░░░░░░
    0b10100000, // ░░░░█░█
    0b10100000, // ░░░░█░█
    0b10101000, // ░░█░█░█
    0b10101000, // ░░█░█░█
    0b10101010, // █░█░█░█
    0b11111111  // ███████
};

// ↔️ Distance / Measurement Icon (double-ended arrow)
const uint8_t icon_distance[] PROGMEM = {
    0b00000000, // ░░░░░░░░
    0b10000001, // █░░░░░█ arrowheads
    0b01000010, // ░█░░░█░
    0b00100100, // ░░█░█░░
    0b00011000, // ░░░██░░ center
    0b00100100, // ░░█░█░░
    0b01000010, // ░█░░░█░
    0b10000001  // █░░░░░█
};

// ⚠️ Error / Fault
const uint8_t icon_error[] PROGMEM = {
    0b00011000, // ░░░██░░░
    0b00011000, // ░░░██░░░
    0b00011000, // ░░░██░░░
    0b00011000, // ░░░██░░░
    0b00000000, // ░░░░░░░░
    0b00011000, // ░░░██░░░
    0b00000000, // ░░░░░░░░
    0b00000000  // ░░░░░░░░
};

// 🏠 Optimized Home Icon (8x8)
const uint8_t icon_home[] PROGMEM = {
    0b00011000, //    ██
    0b00111100, //   ████
    0b01111110, //  ██████
    0b11111111, // ███████
    0b11000011, // ██    ██
    0b11011011, // ██ ██ ██
    0b11011011, // ██ ██ ██
    0b11111111  // ███████
};

// 🔧 Generic module (gear-like shape)
const uint8_t icon_module[] PROGMEM = {
    0b00011000, // ░░░██░░░
    0b00111100, // ░░████░░
    0b01111110, // ░██████░
    0b11011011, // ██░██░██
    0b11011011, // ██░██░██
    0b01111110, // ░██████░
    0b00111100, // ░░████░░
    0b00011000  // ░░░██░░░
};

// 📍 Waypoint map pin
const uint8_t icon_waypoint[] PROGMEM = {
    0x38, // ░░░███░░
    0x7C, // ░░█████░
    0x5C, // ░░███░█░
    0x4C, // ░░██░░█░
    0x38, // ░░░███░░
    0x10, // ░░░░█░░░
    0x10, // ░░░░█░░░
    0x10  // ░░░░█░░░
};

#define mute_symbol_width 8
#define mute_symbol_height 8
const uint8_t mute_symbol[] PROGMEM = {
    0b00011001, // █
    0b00100110, //  █
    0b00100100, //   ████
    0b01001010, //  █ █  █
    0b01010010, //  █  █ █
    0b01100010, // ████████
    0b11111111, //    █  █
    0b10011000, //        █
};

#define mute_symbol_big_width 16
#define mute_symbol_big_height 16
const uint8_t mute_symbol_big[] PROGMEM = {0b00000001, 0b00000000, 0b11000010, 0b00000011, 0b00110100, 0b00001100, 0b00011000,
                                           0b00001000, 0b00011000, 0b00010000, 0b00101000, 0b00010000, 0b01001000, 0b00010000,
                                           0b10001000, 0b00010000, 0b00001000, 0b00010001, 0b00001000, 0b00010010, 0b00001000,
                                           0b00010100, 0b00000100, 0b00101000, 0b11111100, 0b00111111, 0b01000000, 0b00100010,
                                           0b10000000, 0b01000001, 0b00000000, 0b10000000};

// Bell icon for Alert Message
#define bell_alert_width 8
#define bell_alert_height 8
const unsigned char bell_alert[] PROGMEM = {0b00011000, 0b00100100, 0b00100100, 0b01000010,
                                            0b01000010, 0b01000010, 0b11111111, 0b00011000};

#define key_symbol_width 8
#define key_symbol_height 8
const uint8_t key_symbol[] PROGMEM = {0b00000000, 0b00000000, 0b00000110, 0b11111001,
                                      0b10101001, 0b10000110, 0b00000000, 0b00000000};

#define placeholder_width 8
#define placeholder_height 8
const uint8_t placeholder[] PROGMEM = {0b11111111, 0b11111111, 0b11111111, 0b11111111,
                                       0b11111111, 0b11111111, 0b11111111, 0b11111111};

#define icon_node_width 8
#define icon_node_height 8
static const uint8_t icon_node[] PROGMEM = {
    0x10, //    #
    0x10, //    #     ← antenna
    0x10, //    #
    0xFE, // #######  ← device top
    0x82, // #     #
    0xAA, // # # # #  ← body with pattern
    0x92, // #  #  #
    0xFE  // #######  ← device base
};

#define bluetoothdisabled_width 8
#define bluetoothdisabled_height 8
const uint8_t bluetoothdisabled[] PROGMEM = {0b11101100, 0b01010100, 0b01001100, 0b01010100,
                                             0b01001100, 0b00000000, 0b00000000, 0b00000000};

#define smallbulletpoint_width 8
#define smallbulletpoint_height 8
const uint8_t smallbulletpoint[] PROGMEM = {0b00000011, 0b00000011, 0b00000000, 0b00000000,
                                            0b00000000, 0b00000000, 0b00000000, 0b00000000};

// Digital Clock
#define digital_icon_clock_width 8
#define digital_icon_clock_height 8
const uint8_t digital_icon_clock[] PROGMEM = {0b00111100, 0b01000010, 0b10000101, 0b10101001,
                                              0b10010001, 0b10000001, 0b01000010, 0b00111100};
// Analog Clock
#define analog_icon_clock_width 8
#define analog_icon_clock_height 8
const uint8_t analog_icon_clock[] PROGMEM = {0b11111111, 0b01000010, 0b00100100, 0b00011000,
                                             0b00100100, 0b01000010, 0b01000010, 0b11111111};

#define xeddsa_shield_width 8
#define xeddsa_shield_height 8
const uint8_t xeddsa_shield[] PROGMEM = {0x7E, 0x8F, 0x8F, 0x8F, 0xF1, 0xF1, 0x72, 0x3C};

#define chirpy_width 38
#define chirpy_height 50
const uint8_t chirpy[] = {
    0xfe, 0xff, 0xff, 0xff, 0xdf, 0x01, 0x00, 0x00, 0x00, 0xe0, 0x01, 0x00, 0x00, 0x00, 0xe0, 0x01, 0x00, 0x00, 0x80, 0xe3, 0x01,
    0x00, 0x00, 0xc0, 0xe7, 0x01, 0x00, 0x00, 0xc0, 0xe7, 0x01, 0x00, 0x00, 0xc0, 0xe7, 0x01, 0x00, 0x00, 0x80, 0xe3, 0x01, 0x00,
    0x00, 0x00, 0xe0, 0x81, 0xff, 0xff, 0x7f, 0xe0, 0xc1, 0xff, 0xff, 0xff, 0xe0, 0xc1, 0xff, 0xff, 0xff, 0xe0, 0xc1, 0xcf, 0x7f,
    0xfe, 0xe0, 0xc1, 0x87, 0x3f, 0xfc, 0xe0, 0xc1, 0x87, 0x3f, 0xfc, 0xe0, 0xc1, 0x87, 0x3f, 0xfc, 0xe0, 0xc1, 0x87, 0x3f, 0xfc,
    0xe0, 0xc1, 0x87, 0x3f, 0xfc, 0xe0, 0xc1, 0x87, 0x3f, 0xfc, 0xe0, 0xc1, 0x87, 0x3f, 0xfc, 0xe0, 0xc1, 0x87, 0x3f, 0xfc, 0xe0,
    0xc1, 0x87, 0x3f, 0xfc, 0xe0, 0xc1, 0x87, 0x3f, 0xfc, 0xe0, 0xc1, 0x87, 0x3f, 0xfc, 0xe0, 0xc1, 0x87, 0x3f, 0xfc, 0xe0, 0xc1,
    0x87, 0x3f, 0xfc, 0xe0, 0xc1, 0xcf, 0x7f, 0xfe, 0xe0, 0xc1, 0xff, 0xff, 0xff, 0xe0, 0xc1, 0xff, 0xff, 0xff, 0xe0, 0x81, 0xff,
    0xff, 0x7f, 0xe0, 0x01, 0x00, 0x00, 0x00, 0xe0, 0x01, 0x00, 0x00, 0x00, 0xe0, 0x01, 0x00, 0xc3, 0x00, 0xe0, 0x01, 0x00, 0xc3,
    0x00, 0xe0, 0x01, 0x80, 0xe1, 0x01, 0xe0, 0x01, 0x80, 0xe1, 0x01, 0xe0, 0x01, 0xc0, 0x30, 0x03, 0xe0, 0x01, 0xc0, 0x30, 0x03,
    0xe0, 0x01, 0x60, 0x18, 0x06, 0xe0, 0x01, 0x60, 0x18, 0x06, 0xe0, 0x01, 0x30, 0x0c, 0x0c, 0xe0, 0x01, 0x30, 0x0c, 0x0c, 0xe0,
    0x01, 0x18, 0x06, 0x18, 0xe0, 0x01, 0x18, 0x06, 0x18, 0xe0, 0x01, 0x0c, 0x03, 0x30, 0xe0, 0x01, 0x0c, 0x03, 0x30, 0xe0, 0x01,
    0x00, 0x00, 0x00, 0xe0, 0x01, 0x00, 0x00, 0x00, 0xe0, 0x01, 0x00, 0x00, 0x00, 0xe0, 0xfe, 0xff, 0xff, 0xff, 0xdf};

#define chirpy_small_image_width 8
#define chirpy_small_image_height 8
const uint8_t chirpy_small[] = {0x7f, 0x41, 0x55, 0x55, 0x55, 0x55, 0x41, 0x7f};

#define connection_icon_width 7
#define connection_icon_height 5
const uint8_t connection_icon[] = {0x36, 0x41, 0x5D, 0x41, 0x36};

// Joystick icon (16x16): a round knob on a shaft over an elliptical base. Drawn on the Snake
// attract screen as a "use the D-pad" controls hint.
#define joystick_width 16
#define joystick_height 16
static const uint8_t joystick[] PROGMEM = {0xC0, 0x03, 0xE0, 0x07, 0xF0, 0x0F, 0xF0, 0x0F, 0xE0, 0x07, 0xC0,
                                           0x03, 0x80, 0x01, 0x80, 0x01, 0x80, 0x01, 0x80, 0x01, 0xF8, 0x1F,
                                           0xFC, 0x3F, 0xFE, 0x7F, 0xFE, 0x7F, 0xFC, 0x3F, 0xF8, 0x1F};

// 8x8 joystick, for the navigation bar (which draws 8x8 glyphs, scaled up on hi-res displays).
#define joystick_small_width 8
#define joystick_small_height 8
static const uint8_t joystick_small[] PROGMEM = {0x18, 0x3C, 0x3C, 0x18, 0x7E, 0x99, 0xC3, 0x7E};

#define snake_width 16
#define snake_height 16
static const uint8_t snake[] PROGMEM = {0x80, 0x1F, 0x40, 0x20, 0x20, 0x48, 0x20, 0x40, 0xA0, 0x44, 0x20,
                                        0x39, 0x40, 0xDE, 0x86, 0x44, 0x0A, 0x19, 0x32, 0x22, 0xC4, 0x47,
                                        0x1C, 0x4D, 0x6A, 0x4A, 0xFA, 0x47, 0x04, 0x20, 0xF8, 0x1F};

#define tetris_width 16
#define tetris_height 16
static const uint8_t tetris[] PROGMEM = {0x00, 0x00, 0x00, 0x00, 0xFF, 0xFF, 0x01, 0x80, 0xFD, 0xBF, 0xFD,
                                         0xBF, 0x81, 0x81, 0xBF, 0xFD, 0xA0, 0x05, 0xA0, 0x05, 0xA0, 0x05,
                                         0x20, 0x04, 0xE0, 0x07, 0x00, 0x00, 0x00, 0x00, 0x00, 0x00};

#define breakout_width 16
#define breakout_height 16
// Three staggered brick courses, a ball, and a paddle. XBM: 2 bytes/row, LSB = leftmost pixel.
static const uint8_t breakout[] PROGMEM = {0x00, 0x00, 0x77, 0x77, 0x77, 0x77, 0x00, 0x00, 0xDD, 0xDD, 0xDD,
                                           0xDD, 0x00, 0x00, 0x77, 0x77, 0x77, 0x77, 0x00, 0x00, 0x80, 0x01,
                                           0x80, 0x01, 0x00, 0x00, 0x00, 0x00, 0xF0, 0x0F, 0xF0, 0x0F};

// Tiny Chirpy runner sprite: square head with two pill eyes + mouth, antenna, and long legs.
// XBM, 2 bytes/row, LSB = leftmost pixel. Used by the Chirpy Runner game.
#define chirpy_run_width 12
#define chirpy_run_height 16
static const uint8_t chirpy_run[] PROGMEM = {0x40, 0x00, 0x20, 0x00, 0x40, 0x00, 0xfc, 0x03, 0x04, 0x02, 0x94,
                                             0x02, 0x94, 0x02, 0x94, 0x02, 0x04, 0x02, 0xf4, 0x02, 0xfc, 0x03,
                                             0x90, 0x00, 0x90, 0x00, 0x90, 0x00, 0x90, 0x00, 0x08, 0x01};

#ifdef OLED_TINY
#include "img/icon_small.xbm"
#else
#include "img/icon.xbm"
#endif
static_assert(sizeof(icon_bits) >= 0, "Silence unused variable warning");

// === BEGIN RGB565 IMAGES (generated by the RGB565 Image Editor; re-export rather than editing) ===
// Full-colour versions of the images above for builds with BASEUI_NATIVE_RGB565. The 1-bit originals
// stay the fallback on every other build and for images without a colour version.
// <name>_rgb565: RGB565, row-major, <name>_rgb565_width * <name>_rgb565_height values.
// <name>_rgb565_mask: 1 = opaque, XBM bit order (LSB first, rows padded to a byte).
// byte order: native
#if BASEUI_NATIVE_RGB565
#include <cstring>

#define SATELLITE_IMAGE_rgb565_width 32
#define SATELLITE_IMAGE_rgb565_height 30
static const uint16_t SATELLITE_IMAGE_rgb565[] PROGMEM = {
    0x0000, 0x0000, 0x0000, 0x0000, 0x0000, 0x0000, 0x0000, 0x0000, 0x0000, 0x0000, 0x0000, 0x0000, 0x0000, 0x0000, 0x0000,
    0x0000, 0x0000, 0x0000, 0x0000, 0x0000, 0x0000, 0x0000, 0xFFFF, 0xFFFF, 0x0000, 0x0000, 0x0000, 0x0000, 0x0000, 0x0000,
    0x0000, 0x0000, 0x0000, 0x0000, 0x0000, 0x0000, 0x0000, 0x0000, 0x0000, 0x0000, 0x0000, 0x0000, 0x0000, 0x0000, 0x0000,
    0x0000, 0x0000, 0x0000, 0x0000, 0x0000, 0x0000, 0x0000, 0x0000, 0xFFFF, 0xFFFF, 0xFFFF, 0xFFFF, 0x0000, 0x0000, 0x0000,
    0x0000, 0x0000, 0x0000, 0x0000, 0x0000, 0x0000, 0x0000, 0x0000, 0x0000, 0x0000, 0x0000, 0x0000, 0x0000, 0x0000, 0x0000,
    0x0000, 0x0000, 0x0000, 0x0000, 0x0000, 0x0000, 0x0000, 0x0000, 0x0000, 0xFFFF, 0xFFFF, 0xFFFF, 0xFFFF, 0xFFFF, 0xFFFF,
    0x0000, 0x0000, 0x0000, 0x0000, 0x0000, 0x0000, 0x0000, 0x0000, 0x0000, 0x0000, 0x0000, 0x0000, 0x0000, 0x0000, 0x0000,
    0x0000, 0x0000, 0x0000, 0x0000, 0x0000, 0x0000, 0x0000, 0x0000, 0x0000, 0x0000, 0xFFFF, 0xFFFF, 0xFFFF, 0xFFFF, 0xFFFF,
    0xFFFF, 0xFFFF, 0x0000, 0x0000, 0x0000, 0x0000, 0x0000, 0x0000, 0x0000, 0x0000, 0x0000, 0x0000, 0x0000, 0x0000, 0x0000,
    0x0000, 0x0000, 0x0000, 0x0000, 0x0000, 0x0000, 0x0000, 0x0000, 0x0000, 0x0000, 0x0000, 0xFFFF, 0xFFFF, 0xFFFF, 0xFFFF,
    0xFFFF, 0xFFFF, 0xFFFF, 0x0000, 0x0000, 0x0000, 0x0000, 0x0000, 0x0000, 0x0000, 0x0000, 0x0000, 0x0000, 0x0000, 0x0000,
    0x0000, 0x0000, 0x0000, 0x0000, 0x0000, 0x0000, 0x0000, 0x0000, 0x0000, 0x0000, 0x0000, 0x0000, 0xFFFF, 0xFFFF, 0xFFFF,
    0xFFFF, 0xFFFF, 0xFFFF, 0xFFFF, 0x0000, 0x0000, 0x0000, 0x0000, 0x0000, 0x0000, 0x0000, 0x0000, 0x0000, 0x0000, 0x0000,
    0x0000, 0x0000, 0x0000, 0x0000, 0x0000, 0x0000, 0x0000, 0xFFFF, 0xFFFF, 0x0000, 0x0000, 0x0000, 0x0000, 0xFFFF, 0xFFFF,
    0xFFFF, 0xFFFF, 0xFFFF, 0xFFFF, 0xFFFF, 0x0000, 0x0000, 0x0000, 0x0000, 0x0000, 0x0000, 0x0000, 0x0000, 0x0000, 0x0000,
    0x0000, 0x0000, 0x0000, 0x0000, 0x0000, 0x0000, 0x0000, 0x0000, 0xFFFF, 0xFFFF, 0xFFFF, 0xFFFF, 0x0000, 0x0000, 0x0000,
    0xFFFF, 0xFFFF, 0xFFFF, 0xFFFF, 0xFFFF, 0xFFFF, 0x0000, 0x0000, 0x0000, 0x0000, 0x0000, 0x0000, 0x0000, 0x0000, 0x0000,
    0x0000, 0x0000, 0x0000, 0x0000, 0x0000, 0x0000, 0x0000, 0x0000, 0x0000, 0xFFFF, 0xFFFF, 0xFFFF, 0xFFFF, 0xFFFF, 0xFFFF,
    0x0000, 0x0000, 0x0000, 0xFFFF, 0xFFFF, 0xFFFF, 0xFFFF, 0x0000, 0x0000, 0x0000, 0x0000, 0x0000, 0x0000, 0x0000, 0x0000,
    0x0000, 0x0000, 0x0000, 0x0000, 0x0000, 0x0000, 0x0000, 0x0000, 0x0000, 0x0000, 0xFFFF, 0xFFFF, 0xFFFF, 0xFFFF, 0xFFFF,
    0xFFFF, 0xFFFF, 0xFFFF, 0x0000, 0x0000, 0x0000, 0xFFFF, 0xFFFF, 0x0000, 0x0000, 0x0000, 0x0000, 0x0000, 0x0000, 0x0000,
    0x0000, 0x0000, 0x0000, 0x0000, 0x0000, 0x0000, 0x0000, 0x0000, 0x0000, 0x0000, 0x0000, 0xFFFF, 0xFFFF, 0xFFFF, 0xFFFF,
    0xFFFF, 0xFFFF, 0xFFFF, 0xFFFF, 0xFFFF, 0xFFFF, 0x0000, 0x0000, 0x0000, 0x0000, 0x0000, 0x0000, 0x0000, 0x0000, 0x0000,
    0x0000, 0x0000, 0x0000, 0x0000, 0x0000, 0x0000, 0x0000, 0x0000, 0x0000, 0x0000, 0x0000, 0x0000, 0x0000, 0xFFFF, 0xFFFF,
    0xFFFF, 0xFFFF, 0xFFFF, 0xFFFF, 0xFFFF, 0xFFFF, 0xFFFF, 0xFFFF, 0xFFFF, 0x0000, 0x0000, 0x0000, 0x0000, 0x0000, 0x0000,
    0x0000, 0x0000, 0x0000, 0x0000, 0x0000, 0x0000, 0x0000, 0x0000, 0x0000, 0x0000, 0x0000, 0x0000, 0x0000, 0x0000, 0x0000,
    0x0000, 0xFFFF, 0xFFFF, 0xFFFF, 0xFFFF, 0xFFFF, 0xFFFF, 0xFFFF, 0xFFFF, 0xFFFF, 0xFFFF, 0xFFFF, 0x0000, 0x0000, 0x0000,
    0x0000, 0x0000, 0x0000, 0x0000, 0x0000, 0x0000, 0x0000, 0x0000, 0x0000, 0x0000, 0x0000, 0x0000, 0x0000, 0x0000, 0x0000,
    0x0000, 0x0000, 0x0000, 0x0000, 0xFFFF, 0xFFFF, 0xFFFF, 0xFFFF, 0xFFFF, 0xFFFF, 0xFFFF, 0xFFFF, 0xFFFF, 0xFFFF, 0xFFFF,
    0x0000, 0x0000, 0x0000, 0x0000, 0x0000, 0x0000, 0x0000, 0x0000, 0x0000, 0x0000, 0x0000, 0x0000, 0x0000, 0x0000, 0x0000,
    0x0000, 0x0000, 0x0000, 0x0000, 0x0000, 0x0000, 0x0000, 0xFFFF, 0xFFFF, 0xFFFF, 0xFFFF, 0xFFFF, 0xFFFF, 0xFFFF, 0xFFFF,
    0xFFFF, 0xFFFF, 0xFFFF, 0x0000, 0x0000, 0x0000, 0x0000, 0x0000, 0x0000, 0x0000, 0x0000, 0x0000, 0x0000, 0x0000, 0x0000,
    0x0000, 0x0000, 0x0000, 0x0000, 0x0000, 0x0000, 0x0000, 0x0000, 0x0000, 0x0000, 0xFFFF, 0xFFFF, 0xFFFF, 0xFFFF, 0xFFFF,
    0xFFFF, 0xFFFF, 0xFFFF, 0xFFFF, 0xFFFF, 0x0000, 0x0000, 0x0000, 0x0000, 0x0000, 0x0000, 0x0000, 0x0000, 0x0000, 0x0000,
    0x0000, 0x0000, 0x0000, 0x0000, 0x0000, 0x0000, 0x0000, 0x0000, 0xFFFF, 0xFFFF, 0x0000, 0x0000, 0x0000, 0xFFFF, 0xFFFF,
    0xFFFF, 0xFFFF, 0xFFFF, 0xFFFF, 0xFFFF, 0xFFFF, 0x0000, 0x0000, 0x0000, 0x0000, 0x0000, 0x0000, 0x0000, 0x0000, 0x0000,
    0x0000, 0x0000, 0x0000, 0x0000, 0x0000, 0x0000, 0x0000, 0x0000, 0x0000, 0xFFFF, 0xFFFF, 0xFFFF, 0xFFFF, 0x0000, 0x0000,
    0x0000, 0xFFFF, 0xFFFF, 0xFFFF, 0xFFFF, 0xFFFF, 0xFFFF, 0x0000, 0x0000, 0x0000, 0x0000, 0x0000, 0x0000, 0x0000, 0x0000,
    0x0000, 0x0000, 0x0000, 0x0000, 0x0000, 0x0000, 0x0000, 0x0000, 0x0000, 0x0000, 0xFFFF, 0xFFFF, 0xFFFF, 0xFFFF, 0xFFFF,
    0xFFFF, 0x0000, 0x0000, 0x0000, 0xFFFF, 0xFFFF, 0xFFFF, 0xFFFF, 0x0000, 0x0000, 0x0000, 0xFFFF, 0xFFFF, 0x0000, 0x0000,
    0xFFFF, 0xFFFF, 0x0000, 0x0000, 0xFFFF, 0xFFFF, 0x0000, 0x0000, 0x0000, 0x0000, 0x0000, 0xFFFF, 0xFFFF, 0xFFFF, 0xFFFF,
    0xFFFF, 0xFFFF, 0xFFFF, 0x0000, 0x0000, 0x0000, 0x0000, 0xFFFF, 0xFFFF, 0x0000, 0x0000, 0x0000, 0xFFFF, 0xFFFF, 0xFFFF,
    0x0000, 0x0000, 0xFFFF, 0xFFFF, 0x0000, 0x0000, 0xFFFF, 0xFFFF, 0x0000, 0x0000, 0x0000, 0x0000, 0xFFFF, 0xFFFF, 0xFFFF,
    0xFFFF, 0xFFFF, 0xFFFF, 0xFFFF, 0x0000, 0x0000, 0x0000, 0x0000, 0x0000, 0x0000, 0x0000, 0x0000, 0x0000, 0xFFFF, 0xFFFF,
    0xFFFF, 0x0000, 0x0000, 0x0000, 0xFFFF, 0xFFFF, 0x0000, 0x0000, 0xFFFF, 0xFFFF, 0x0000, 0x0000, 0x0000, 0xFFFF, 0xFFFF,
    0xFFFF, 0xFFFF, 0xFFFF, 0xFFFF, 0xFFFF, 0x0000, 0x0000, 0x0000, 0x0000, 0x0000, 0x0000, 0x0000, 0x0000, 0x0000, 0x0000,
    0xFFFF, 0xFFFF, 0x0000, 0x0000, 0x0000, 0xFFFF, 0xFFFF, 0xFFFF, 0x0000, 0x0000, 0xFFFF, 0xFFFF, 0x0000, 0x0000, 0xFFFF,
    0xFFFF, 0xFFFF, 0xFFFF, 0xFFFF, 0xFFFF, 0xFFFF, 0x0000, 0x0000, 0x0000, 0x0000, 0x0000, 0x0000, 0x0000, 0x0000, 0x0000,
    0x0000, 0x0000, 0x0000, 0x0000, 0x0000, 0x0000, 0xFFFF, 0xFFFF, 0xFFFF, 0x0000, 0x0000, 0x0000, 0xFFFF, 0xFFFF, 0x0000,
    0x0000, 0xFFFF, 0xFFFF, 0xFFFF, 0xFFFF, 0xFFFF, 0xFFFF, 0x0000, 0x0000, 0x0000, 0x0000, 0x0000, 0x0000, 0x0000, 0x0000,
    0x0000, 0x0000, 0x0000, 0x0000, 0x0000, 0x0000, 0x0000, 0xFFFF, 0xFFFF, 0xFFFF, 0x0000, 0x0000, 0x0000, 0xFFFF, 0xFFFF,
    0xFFFF, 0x0000, 0x0000, 0x0000, 0xFFFF, 0xFFFF, 0xFFFF, 0xFFFF, 0x0000, 0x0000, 0x0000, 0x0000, 0x0000, 0x0000, 0x0000,
    0x0000, 0x0000, 0x0000, 0x0000, 0x0000, 0x0000, 0xFFFF, 0xFFFF, 0xFFFF, 0xFFFF, 0xFFFF, 0x0000, 0x0000, 0x0000, 0xFFFF,
    0xFFFF, 0xFFFF, 0x0000, 0x0000, 0x0000, 0x0000, 0x0000, 0xFFFF, 0xFFFF, 0x0000, 0x0000, 0x0000, 0x0000, 0x0000, 0x0000,
    0x0000, 0x0000, 0x0000, 0x0000, 0x0000, 0x0000, 0x0000, 0x0000, 0xFFFF, 0xFFFF, 0xFFFF, 0xFFFF, 0x0000, 0x0000, 0x0000,
    0xFFFF, 0xFFFF, 0xFFFF, 0x0000, 0x0000, 0x0000, 0x0000, 0x0000, 0x0000, 0x0000, 0x0000, 0x0000, 0x0000, 0x0000, 0x0000,
    0x0000, 0x0000, 0x0000, 0x0000, 0x0000, 0x0000, 0x0000, 0x0000, 0x0000, 0x0000, 0x0000, 0x0000, 0x0000, 0x0000, 0x0000,
    0x0000, 0xFFFF, 0xFFFF, 0xFFFF, 0x0000, 0x0000, 0x0000, 0x0000, 0x0000, 0x0000, 0x0000, 0x0000, 0x0000, 0x0000, 0x0000,
    0x0000, 0x0000, 0x0000, 0x0000, 0x0000, 0x0000, 0x0000, 0x0000, 0x0000, 0x0000, 0x0000, 0x0000, 0x0000, 0x0000, 0x0000,
    0x0000, 0x0000, 0xFFFF, 0xFFFF, 0xFFFF, 0x0000, 0x0000, 0x0000, 0x0000, 0x0000, 0x0000, 0x0000, 0x0000, 0x0000, 0x0000,
    0x0000, 0x0000, 0x0000, 0x0000, 0x0000, 0x0000, 0x0000, 0x0000, 0x0000, 0x0000, 0x0000, 0x0000, 0x0000, 0x0000, 0xFFFF,
    0xFFFF, 0xFFFF, 0xFFFF, 0xFFFF, 0xFFFF, 0xFFFF, 0x0000, 0x0000, 0x0000, 0x0000, 0x0000, 0x0000, 0x0000, 0x0000, 0x0000,
    0x0000, 0x0000, 0x0000, 0x0000, 0x0000, 0x0000, 0x0000, 0x0000, 0x0000, 0x0000, 0x0000, 0x0000, 0x0000, 0x0000, 0x0000,
    0x0000, 0xFFFF, 0xFFFF, 0xFFFF, 0xFFFF, 0xFFFF, 0xFFFF, 0x0000, 0x0000, 0x0000, 0x0000, 0x0000, 0x0000, 0x0000, 0x0000,
};
static const uint8_t SATELLITE_IMAGE_rgb565_mask[] PROGMEM = {
    0x00, 0x00, 0xC0, 0x00, 0x00, 0x00, 0xE0, 0x01, 0x00, 0x00, 0xF0, 0x03, 0x00, 0x00, 0xF8, 0x03, 0x00, 0x00, 0xFC, 0x01,
    0x00, 0x00, 0xFE, 0x00, 0x00, 0x0C, 0x7F, 0x00, 0x00, 0x1E, 0x3F, 0x00, 0x00, 0x3F, 0x1E, 0x00, 0x80, 0x7F, 0x0C, 0x00,
    0xC0, 0xFF, 0x00, 0x00, 0xC0, 0xFF, 0x01, 0x00, 0x80, 0xFF, 0x03, 0x00, 0x00, 0xFF, 0x07, 0x00, 0x00, 0xFE, 0x0F, 0x00,
    0x00, 0xFC, 0x0F, 0x00, 0xC0, 0xF8, 0x07, 0x00, 0xE0, 0xF1, 0x03, 0x00, 0xF0, 0xE3, 0x31, 0x33, 0xF8, 0xC3, 0x38, 0x33,
    0xFC, 0x01, 0x1C, 0x33, 0xFE, 0x00, 0x8C, 0x33, 0x7F, 0x00, 0xC0, 0x31, 0x3F, 0x00, 0xE0, 0x38, 0x1E, 0x00, 0x7C, 0x1C,
    0x0C, 0x00, 0x3C, 0x0E, 0x00, 0x00, 0x00, 0x07, 0x00, 0x00, 0x80, 0x03, 0x00, 0x00, 0xFC, 0x01, 0x00, 0x00, 0xFC, 0x00,
};

#define imgSatellite_rgb565_width 16
#define imgSatellite_rgb565_height 16
static const uint16_t imgSatellite_rgb565[] PROGMEM = {
    0x0000, 0x0000, 0x0000, 0x0000, 0x0000, 0x0000, 0x0000, 0x0000, 0x0000, 0x0000, 0x0000, 0x0000, 0x0000, 0x0000, 0x0000,
    0x0000, 0x0000, 0x0000, 0x0000, 0x0000, 0x0000, 0x0000, 0x0000, 0x0000, 0x0000, 0x0000, 0x0000, 0xFFFF, 0x0000, 0x0000,
    0x0000, 0x0000, 0x0000, 0x0000, 0x0000, 0x0000, 0x0000, 0x0000, 0x0000, 0x0000, 0x0000, 0x0000, 0xFFFF, 0xFFFF, 0xFFFF,
    0x0000, 0x0000, 0x0000, 0x0000, 0x0000, 0x0000, 0x0000, 0x0000, 0x0000, 0x0000, 0x0000, 0x0000, 0xFFFF, 0xFFFF, 0xFFFF,
    0x0000, 0x0000, 0x0000, 0x0000, 0x0000, 0x0000, 0x0000, 0x0000, 0x0000, 0xFFFF, 0x0000, 0x0000, 0xFFFF, 0xFFFF, 0xFFFF,
    0x0000, 0x0000, 0x0000, 0x0000, 0x0000, 0x0000, 0x0000, 0x0000, 0x0000, 0xFFFF, 0xFFFF, 0xFFFF, 0x0000, 0x0000, 0xFFFF,
    0x0000, 0x0000, 0x0000, 0x0000, 0x0000, 0x0000, 0x0000, 0x0000, 0x0000, 0xFFFF, 0xFFFF, 0xFFFF, 0xFFFF, 0xFFFF, 0x0000,
    0x0000, 0x0000, 0x0000, 0x0000, 0x0000, 0x0000, 0x0000, 0x0000, 0x0000, 0x0000, 0x0000, 0xFFFF, 0xFFFF, 0xFFFF, 0xFFFF,
    0xFFFF, 0x0000, 0x0000, 0x0000, 0x0000, 0x0000, 0x0000, 0x0000, 0x0000, 0x0000, 0x0000, 0x0000, 0x0000, 0xFFFF, 0xFFFF,
    0xFFFF, 0xFFFF, 0xFFFF, 0x0000, 0x0000, 0x0000, 0x0000, 0x0000, 0x0000, 0x0000, 0x0000, 0x0000, 0xFFFF, 0x0000, 0x0000,
    0xFFFF, 0xFFFF, 0xFFFF, 0x0000, 0x0000, 0x0000, 0x0000, 0x0000, 0x0000, 0x0000, 0x0000, 0x0000, 0xFFFF, 0xFFFF, 0xFFFF,
    0x0000, 0x0000, 0xFFFF, 0x0000, 0x0000, 0xFFFF, 0x0000, 0xFFFF, 0x0000, 0xFFFF, 0x0000, 0x0000, 0xFFFF, 0xFFFF, 0xFFFF,
    0x0000, 0x0000, 0x0000, 0x0000, 0x0000, 0xFFFF, 0x0000, 0x0000, 0xFFFF, 0x0000, 0xFFFF, 0x0000, 0xFFFF, 0xFFFF, 0xFFFF,
    0x0000, 0x0000, 0x0000, 0x0000, 0x0000, 0x0000, 0x0000, 0x0000, 0xFFFF, 0x0000, 0x0000, 0xFFFF, 0x0000, 0x0000, 0xFFFF,
    0x0000, 0x0000, 0x0000, 0x0000, 0x0000, 0x0000, 0x0000, 0xFFFF, 0xFFFF, 0x0000, 0x0000, 0xFFFF, 0x0000, 0x0000, 0x0000,
    0x0000, 0x0000, 0x0000, 0x0000, 0x0000, 0x0000, 0x0000, 0x0000, 0x0000, 0x0000, 0x0000, 0xFFFF, 0x0000, 0x0000, 0x0000,
    0x0000, 0x0000, 0x0000, 0x0000, 0x0000, 0x0000, 0x0000, 0x0000, 0x0000, 0xFFFF, 0xFFFF, 0xFFFF, 0x0000, 0x0000, 0x0000,
    0x0000,
};
static const uint8_t imgSatellite_rgb565_mask[] PROGMEM = {
    0x00, 0x00, 0x00, 0x08, 0x00, 0x1C, 0x00, 0x0E, 0x20, 0x07, 0x70, 0x02, 0xF8, 0x00, 0xF0, 0x01,
    0xE0, 0x03, 0xC8, 0x01, 0x9C, 0x54, 0x0E, 0x52, 0x07, 0x48, 0x02, 0x26, 0x00, 0x10, 0x00, 0x0E,
};

#define imgGPS_rgb565_width 16
#define imgGPS_rgb565_height 16
static const uint16_t imgGPS_rgb565[] PROGMEM = {
    0x0000, 0xFFFF, 0xFFFF, 0xFFFF, 0x0000, 0x0000, 0x0000, 0x0000, 0x0000, 0x0000, 0x0000, 0x0000, 0x0000, 0x0000, 0x0000,
    0x0000, 0xFFFF, 0x0000, 0x0000, 0x0000, 0xFFFF, 0x0000, 0x0000, 0x0000, 0x0000, 0x0000, 0x0000, 0x0000, 0x0000, 0x0000,
    0x0000, 0x0000, 0xFFFF, 0x0000, 0x0000, 0x0000, 0x0000, 0x0000, 0x0000, 0x0000, 0x0000, 0x0000, 0x0000, 0x0000, 0x0000,
    0x0000, 0x0000, 0x0000, 0xFFFF, 0x0000, 0x0000, 0xFFFF, 0xFFFF, 0x0000, 0x0000, 0x0000, 0x0000, 0x0000, 0x0000, 0x0000,
    0x0000, 0x0000, 0x0000, 0x0000, 0xFFFF, 0x0000, 0x0000, 0x0000, 0xFFFF, 0x0000, 0x0000, 0x0000, 0x0000, 0x0000, 0x0000,
    0x0000, 0x0000, 0x0000, 0x0000, 0x0000, 0x0000, 0xFFFF, 0xFFFF, 0xFFFF, 0x0000, 0x0000, 0x0000, 0x0000, 0x0000, 0x0000,
    0x0000, 0x0000, 0x0000, 0x0000, 0x0000, 0x0000, 0x0000, 0x0000, 0x0000, 0x0000, 0x0000, 0x0000, 0xFFFF, 0xFFFF, 0xFFFF,
    0x0000, 0x0000, 0x0000, 0x0000, 0x0000, 0x0000, 0x0000, 0x0000, 0x0000, 0x0000, 0x0000, 0x0000, 0x0000, 0xFFFF, 0x0000,
    0x0000, 0xFFFF, 0x0000, 0x0000, 0x0000, 0x0000, 0x0000, 0x0000, 0x0000, 0x0000, 0x0000, 0x0000, 0x0000, 0x0000, 0xFFFF,
    0x0000, 0x0000, 0xFFFF, 0x0000, 0x0000, 0x0000, 0x0000, 0x0000, 0x0000, 0x0000, 0x0000, 0x0000, 0x0000, 0x0000, 0x0000,
    0xFFFF, 0xFFFF, 0xFFFF, 0x0000, 0x0000, 0x0000, 0xFFFF, 0xFFFF, 0xFFFF, 0x0000, 0x0000, 0x0000, 0x0000, 0x0000, 0x0000,
    0x0000, 0xFFFF, 0x0000, 0x0000, 0x0000, 0x0000, 0xFFFF, 0x0000, 0x0000, 0x0000, 0xFFFF, 0x0000, 0x0000, 0x0000, 0x0000,
    0x0000, 0x0000, 0xFFFF, 0x0000, 0x0000, 0x0000, 0x0000, 0xFFFF, 0x0000, 0x0000, 0x0000, 0x0000, 0x0000, 0x0000, 0x0000,
    0x0000, 0x0000, 0x0000, 0x0000, 0x0000, 0x0000, 0x0000, 0x0000, 0x0000, 0xFFFF, 0xFFFF, 0xFFFF, 0x0000, 0x0000, 0x0000,
    0x0000, 0x0000, 0x0000, 0x0000, 0x0000, 0x0000, 0x0000, 0x0000, 0x0000, 0x0000, 0x0000, 0x0000, 0x0000, 0xFFFF, 0x0000,
    0x0000, 0x0000, 0x0000, 0x0000, 0x0000, 0x0000, 0x0000, 0x0000, 0x0000, 0x0000, 0xFFFF, 0x0000, 0x0000, 0x0000, 0xFFFF,
    0x0000, 0x0000, 0x0000, 0x0000, 0x0000, 0x0000, 0x0000, 0x0000, 0x0000, 0x0000, 0x0000, 0x0000, 0xFFFF, 0xFFFF, 0xFFFF,
    0x0000,
};
static const uint8_t imgGPS_rgb565_mask[] PROGMEM = {
    0x0E, 0x00, 0x11, 0x00, 0x01, 0x00, 0x19, 0x00, 0x11, 0x00, 0x0E, 0x00, 0xC0, 0x01, 0x40, 0x02,
    0x40, 0x02, 0xC0, 0x71, 0x40, 0x88, 0x40, 0x08, 0x00, 0x70, 0x00, 0x80, 0x00, 0x88, 0x00, 0x70,
};

#define imgUSB_rgb565_width 20
#define imgUSB_rgb565_height 16
const uint16_t imgUSB_rgb565[] PROGMEM = {
    0x0000, 0x0000, 0x0000, 0x0000, 0x0000, 0x0000, 0x0000, 0x0000, 0x0000, 0x0000, 0x0000, 0x0000, 0x0000, 0x0000, 0x0000,
    0x0000, 0x0000, 0x0000, 0x0000, 0x0000, 0x0000, 0x0000, 0x0000, 0x0000, 0x0000, 0x0000, 0x0000, 0x0000, 0x0000, 0x0000,
    0x0000, 0x0000, 0x0000, 0x0000, 0x0000, 0x0000, 0x0000, 0x0000, 0x0000, 0x0000, 0x0000, 0x0000, 0x0000, 0x0000, 0x0000,
    0x0000, 0x4208, 0xC618, 0xC618, 0xC618, 0xC618, 0xC618, 0xC618, 0xC618, 0xC618, 0x0000, 0x0000, 0x0000, 0x0000, 0x0000,
    0x0000, 0x0000, 0x0000, 0x0000, 0x0000, 0x0000, 0x4208, 0xC618, 0x4208, 0x4208, 0x4208, 0x4208, 0x4208, 0xC618, 0xC618,
    0x0000, 0x0000, 0x0000, 0x0000, 0x0000, 0x0000, 0x0000, 0x0000, 0x0000, 0x0000, 0xFFFF, 0x4208, 0xC618, 0x4208, 0xC618,
    0xC618, 0xC618, 0xC618, 0xC618, 0xC618, 0x0000, 0xC618, 0xC618, 0xC618, 0x0000, 0x0000, 0x0000, 0x0000, 0x0000, 0xFFFF,
    0x4208, 0x8410, 0xC618, 0x4208, 0x4208, 0x4208, 0x4208, 0x4208, 0xC618, 0xC618, 0x0000, 0xC618, 0xFFFF, 0xC618, 0x0000,
    0x0000, 0x0000, 0x0000, 0x0000, 0xFFFF, 0x4208, 0x8410, 0xC618, 0xC618, 0xC618, 0xC618, 0xC618, 0xC618, 0xC618, 0xC618,
    0x0000, 0xC618, 0xFFFF, 0xC618, 0x0000, 0x0000, 0x0000, 0xFFFF, 0xFFFF, 0xFFFF, 0x4208, 0x8410, 0xC618, 0x4208, 0xC618,
    0x4208, 0x4208, 0x4208, 0xC618, 0xC618, 0x0000, 0xC618, 0xFFFF, 0xC618, 0x0000, 0x0000, 0xFFFF, 0xFFFF, 0x8410, 0xFFFF,
    0x4208, 0x8410, 0xC618, 0x4208, 0x4208, 0x4208, 0xC618, 0x4208, 0xC618, 0xC618, 0x0000, 0xC618, 0xFFFF, 0xC618, 0x0000,
    0x0000, 0xFFFF, 0x8410, 0x0000, 0xFFFF, 0x4208, 0x8410, 0xC618, 0xC618, 0xC618, 0xC618, 0xC618, 0xC618, 0xC618, 0xC618,
    0x0000, 0xC618, 0xFFFF, 0xC618, 0x0000, 0x0000, 0xFFFF, 0x8410, 0x0000, 0x8410, 0x4208, 0x8410, 0xC618, 0x4208, 0x4208,
    0x4208, 0x4208, 0x4208, 0xC618, 0xC618, 0x0000, 0xC618, 0xFFFF, 0xC618, 0x0000, 0x0000, 0xFFFF, 0x8410, 0x0000, 0x0000,
    0x8410, 0x4208, 0xC618, 0x4208, 0xC618, 0x4208, 0xC618, 0x4208, 0xC618, 0xC618, 0x0000, 0xC618, 0xC618, 0xC618, 0x0000,
    0x0000, 0xFFFF, 0x8410, 0x0000, 0x0000, 0x0000, 0x4208, 0xC618, 0xC618, 0x4208, 0xC618, 0x4208, 0xC618, 0xC618, 0xC618,
    0x0000, 0x0000, 0x0000, 0x0000, 0x0000, 0x0000, 0xFFFF, 0x8410, 0x0000, 0x0000, 0x0000, 0x4208, 0x8410, 0x8410, 0x8410,
    0x8410, 0x8410, 0x8410, 0x8410, 0x8410, 0x0000, 0x0000, 0x0000, 0x0000, 0x0000, 0x0000, 0xFFFF, 0x8410, 0x0000, 0x0000,
    0x0000, 0x0000, 0x0000, 0x0000, 0x0000, 0x0000, 0x0000, 0x0000, 0x0000, 0x0000, 0x0000, 0x0000, 0x0000, 0x0000, 0x0000,
    0x0000, 0xFFFF, 0x8410, 0x0000, 0x0000, 0x0000, 0x0000, 0x0000, 0x0000, 0x0000, 0x0000, 0x0000, 0x0000, 0x0000, 0x0000,
    0x0000, 0x0000, 0x0000, 0x0000, 0x0000,
};
static const uint8_t imgUSB_rgb565_mask[] PROGMEM = {
    0x00, 0x00, 0x00, 0xC0, 0x7F, 0x00, 0xE0, 0xFF, 0x00, 0xE0, 0xFF, 0x0F, 0xF0, 0xFF, 0x0F, 0xF8,
    0xFF, 0x0F, 0xFC, 0xFF, 0x0F, 0xFE, 0xFF, 0x0F, 0xFF, 0xFF, 0x0F, 0xFF, 0xFF, 0x0F, 0xFF, 0xFF,
    0x0F, 0xFF, 0xFF, 0x0F, 0xEF, 0xFF, 0x0F, 0xEF, 0xFF, 0x00, 0xCF, 0x7F, 0x00, 0x0F, 0x00, 0x00,
};

#define imgUSB_HighResolution_rgb565_width 38
#define imgUSB_HighResolution_rgb565_height 24
static const uint16_t imgUSB_HighResolution_rgb565[] PROGMEM = {
    0x0000, 0x0000, 0x0000, 0x0000, 0x0000, 0x0000, 0x0000, 0x0000, 0x0000, 0x0000, 0x0000, 0x0000, 0x0000, 0x0000, 0x0000,
    0x0000, 0x0000, 0xFFFF, 0xFFFF, 0xFFFF, 0xFFFF, 0xFFFF, 0xFFFF, 0xFFFF, 0xFFFF, 0xFFFF, 0xFFFF, 0xFFFF, 0x0000, 0x0000,
    0x0000, 0x0000, 0x0000, 0x0000, 0x0000, 0x0000, 0x0000, 0x0000, 0x0000, 0x0000, 0x0000, 0x0000, 0x0000, 0x0000, 0x0000,
    0x0000, 0x0000, 0x0000, 0x0000, 0x0000, 0x0000, 0x0000, 0x0000, 0xFFFF, 0xFFFF, 0xFFFF, 0xFFFF, 0xFFFF, 0xFFFF, 0xFFFF,
    0xFFFF, 0xFFFF, 0xFFFF, 0xFFFF, 0xFFFF, 0xFFFF, 0xFFFF, 0x0000, 0x0000, 0x0000, 0x0000, 0x0000, 0x0000, 0x0000, 0x0000,
    0x0000, 0x0000, 0x0000, 0x0000, 0x0000, 0x0000, 0x0000, 0x0000, 0x0000, 0x0000, 0x0000, 0x0000, 0x0000, 0x0000, 0xFFFF,
    0xFFFF, 0xFFFF, 0xFFFF, 0xFFFF, 0xFFFF, 0xFFFF, 0xFFFF, 0x0000, 0x0000, 0x0000, 0x0000, 0x0000, 0x0000, 0xFFFF, 0xFFFF,
    0xFFFF, 0x0000, 0x0000, 0x0000, 0x0000, 0x0000, 0x0000, 0x0000, 0x0000, 0x0000, 0x0000, 0x0000, 0x0000, 0x0000, 0x0000,
    0x0000, 0x0000, 0x0000, 0x0000, 0x0000, 0x0000, 0xFFFF, 0xFFFF, 0xFFFF, 0xFFFF, 0xFFFF, 0x0000, 0xFFFF, 0xFFFF, 0x0000,
    0x0000, 0x0000, 0x0000, 0x0000, 0x0000, 0x0000, 0x0000, 0xFFFF, 0xFFFF, 0x0000, 0x0000, 0x0000, 0x0000, 0x0000, 0x0000,
    0x0000, 0x0000, 0x0000, 0x0000, 0x0000, 0x0000, 0x0000, 0x0000, 0x0000, 0x0000, 0x0000, 0x0000, 0x0000, 0xFFFF, 0xFFFF,
    0xFFFF, 0xFFFF, 0xFFFF, 0x0000, 0x0000, 0xFFFF, 0xFFFF, 0x0000, 0x0000, 0x0000, 0x0000, 0x0000, 0x0000, 0x0000, 0x0000,
    0xFFFF, 0xFFFF, 0xFFFF, 0xFFFF, 0xFFFF, 0xFFFF, 0xFFFF, 0xFFFF, 0xFFFF, 0x0000, 0x0000, 0x0000, 0x0000, 0x0000, 0x0000,
    0x0000, 0x0000, 0x0000, 0x0000, 0x0000, 0xFFFF, 0xFFFF, 0xFFFF, 0xFFFF, 0xFFFF, 0x0000, 0x0000, 0x0000, 0xFFFF, 0xFFFF,
    0x0000, 0x0000, 0x0000, 0x0000, 0x0000, 0x0000, 0x0000, 0x0000, 0xFFFF, 0xFFFF, 0xFFFF, 0xFFFF, 0xFFFF, 0xFFFF, 0xFFFF,
    0xFFFF, 0xFFFF, 0xFFFF, 0x0000, 0x0000, 0x0000, 0x0000, 0x0000, 0x0000, 0x0000, 0x0000, 0x0000, 0xFFFF, 0xFFFF, 0xFFFF,
    0xFFFF, 0xFFFF, 0x0000, 0x0000, 0x0000, 0x0000, 0xFFFF, 0xFFFF, 0x0000, 0x0000, 0x0000, 0x0000, 0x0000, 0x0000, 0x0000,
    0x0000, 0xFFFF, 0xFFFF, 0x0000, 0x0000, 0x0000, 0x0000, 0x0000, 0x0000, 0xFFFF, 0xFFFF, 0x0000, 0x0000, 0x0000, 0x0000,
    0x0000, 0x0000, 0x0000, 0x0000, 0xFFFF, 0xFFFF, 0xFFFF, 0xFFFF, 0xFFFF, 0x0000, 0x0000, 0x0000, 0x0000, 0x0000, 0xFFFF,
    0xFFFF, 0x0000, 0x0000, 0x0000, 0x0000, 0x0000, 0x0000, 0x0000, 0x0000, 0xFFFF, 0xFFFF, 0x0000, 0x0000, 0x0000, 0x0000,
    0x0000, 0x0000, 0xFFFF, 0xFFFF, 0x0000, 0x0000, 0x0000, 0x0000, 0xFFFF, 0xFFFF, 0xFFFF, 0xFFFF, 0xFFFF, 0xFFFF, 0xFFFF,
    0xFFFF, 0x0000, 0x0000, 0x0000, 0x0000, 0x0000, 0x0000, 0xFFFF, 0xFFFF, 0x0000, 0x0000, 0x0000, 0x0000, 0x0000, 0x0000,
    0x0000, 0x0000, 0xFFFF, 0xFFFF, 0xFFFF, 0xFFFF, 0xFFFF, 0xFFFF, 0xFFFF, 0xFFFF, 0xFFFF, 0xFFFF, 0x0000, 0x0000, 0x0000,
    0xFFFF, 0xFFFF, 0xFFFF, 0xFFFF, 0xFFFF, 0xFFFF, 0xFFFF, 0xFFFF, 0xFFFF, 0x0000, 0x0000, 0x0000, 0x0000, 0x0000, 0x0000,
    0xFFFF, 0xFFFF, 0x0000, 0x0000, 0x0000, 0x0000, 0x0000, 0x0000, 0x0000, 0x0000, 0xFFFF, 0xFFFF, 0xFFFF, 0xFFFF, 0xFFFF,
    0xFFFF, 0xFFFF, 0xFFFF, 0xFFFF, 0x0000, 0x0000, 0x0000, 0xFFFF, 0xFFFF, 0xFFFF, 0x0000, 0x0000, 0x0000, 0x0000, 0x0000,
    0xFFFF, 0xFFFF, 0x0000, 0x0000, 0x0000, 0x0000, 0x0000, 0x0000, 0xFFFF, 0xFFFF, 0x0000, 0x0000, 0x0000, 0x0000, 0x0000,
    0x0000, 0x0000, 0x0000, 0xFFFF, 0xFFFF, 0x0000, 0x0000, 0x0000, 0x0000, 0x0000, 0x0000, 0x0000, 0x0000, 0x0000, 0xFFFF,
    0xFFFF, 0xFFFF, 0x0000, 0x0000, 0x0000, 0x0000, 0x0000, 0x0000, 0xFFFF, 0xFFFF, 0x0000, 0x0000, 0x0000, 0x0000, 0x0000,
    0x0000, 0xFFFF, 0xFFFF, 0x0000, 0x0000, 0x0000, 0x0000, 0x0000, 0x0000, 0x0000, 0x0000, 0xFFFF, 0xFFFF, 0x0000, 0x0000,
    0x0000, 0x0000, 0x0000, 0x0000, 0x0000, 0x0000, 0xFFFF, 0xFFFF, 0xFFFF, 0x0000, 0xFFFF, 0xFFFF, 0xFFFF, 0xFFFF, 0xFFFF,
    0xFFFF, 0xFFFF, 0xFFFF, 0x0000, 0x0000, 0x0000, 0x0000, 0x0000, 0x0000, 0xFFFF, 0xFFFF, 0x0000, 0x0000, 0x0000, 0x0000,
    0x0000, 0x0000, 0x0000, 0x0000, 0xFFFF, 0xFFFF, 0x0000, 0x0000, 0x0000, 0x0000, 0x0000, 0x0000, 0x0000, 0x0000, 0xFFFF,
    0xFFFF, 0x0000, 0xFFFF, 0xFFFF, 0xFFFF, 0xFFFF, 0xFFFF, 0xFFFF, 0xFFFF, 0xFFFF, 0xFFFF, 0x0000, 0x0000, 0x0000, 0x0000,
    0x0000, 0x0000, 0xFFFF, 0xFFFF, 0x0000, 0x0000, 0x0000, 0x0000, 0x0000, 0x0000, 0x0000, 0x0000, 0xFFFF, 0xFFFF, 0x0000,
    0x0000, 0x0000, 0x0000, 0x0000, 0x0000, 0x0000, 0x0000, 0xFFFF, 0x0000, 0xFFFF, 0xFFFF, 0xFFFF, 0x0000, 0x0000, 0x0000,
    0xFFFF, 0xFFFF, 0xFFFF, 0xFFFF, 0x0000, 0x0000, 0x0000, 0x0000, 0x0000, 0x0000, 0xFFFF, 0xFFFF, 0x0000, 0x0000, 0x0000,
    0x0000, 0x0000, 0x0000, 0x0000, 0x0000, 0xFFFF, 0xFFFF, 0xFFFF, 0xFFFF, 0xFFFF, 0xFFFF, 0xFFFF, 0xFFFF, 0xFFFF, 0x0000,
    0x0000, 0xFFFF, 0xFFFF, 0xFFFF, 0x0000, 0x0000, 0x0000, 0x0000, 0x0000, 0xFFFF, 0xFFFF, 0xFFFF, 0xFFFF, 0x0000, 0x0000,
    0x0000, 0x0000, 0x0000, 0xFFFF, 0xFFFF, 0x0000, 0x0000, 0x0000, 0x0000, 0x0000, 0x0000, 0x0000, 0x0000, 0xFFFF, 0xFFFF,
    0xFFFF, 0xFFFF, 0xFFFF, 0xFFFF, 0xFFFF, 0xFFFF, 0xFFFF, 0xFFFF, 0xFFFF, 0xFFFF, 0xFFFF, 0x0000, 0x0000, 0x0000, 0x0000,
    0x0000, 0x0000, 0xFFFF, 0xFFFF, 0xFFFF, 0xFFFF, 0xFFFF, 0x0000, 0x0000, 0x0000, 0x0000, 0xFFFF, 0xFFFF, 0x0000, 0x0000,
    0x0000, 0x0000, 0x0000, 0x0000, 0x0000, 0x0000, 0xFFFF, 0xFFFF, 0x0000, 0x0000, 0x0000, 0x0000, 0x0000, 0x0000, 0xFFFF,
    0xFFFF, 0xFFFF, 0xFFFF, 0x0000, 0x0000, 0x0000, 0x0000, 0x0000, 0x0000, 0x0000, 0x0000, 0xFFFF, 0xFFFF, 0xFFFF, 0xFFFF,
    0xFFFF, 0x0000, 0x0000, 0x0000, 0xFFFF, 0xFFFF, 0x0000, 0x0000, 0x0000, 0x0000, 0x0000, 0x0000, 0x0000, 0x0000, 0xFFFF,
    0xFFFF, 0x0000, 0x0000, 0x0000, 0x0000, 0x0000, 0x0000, 0xFFFF, 0xFFFF, 0x0000, 0x0000, 0x0000, 0x0000, 0x0000, 0x0000,
    0x0000, 0x0000, 0x0000, 0x0000, 0x0000, 0xFFFF, 0xFFFF, 0xFFFF, 0xFFFF, 0xFFFF, 0x0000, 0x0000, 0xFFFF, 0xFFFF, 0x0000,
    0x0000, 0x0000, 0x0000, 0x0000, 0x0000, 0x0000, 0x0000, 0xFFFF, 0xFFFF, 0xFFFF, 0xFFFF, 0xFFFF, 0xFFFF, 0xFFFF, 0xFFFF,
    0xFFFF, 0xFFFF, 0x0000, 0x0000, 0x0000, 0x0000, 0x0000, 0x0000, 0x0000, 0x0000, 0x0000, 0x0000, 0x0000, 0x0000, 0xFFFF,
    0xFFFF, 0xFFFF, 0xFFFF, 0xFFFF, 0x0000, 0xFFFF, 0xFFFF, 0x0000, 0x0000, 0x0000, 0x0000, 0x0000, 0x0000, 0x0000, 0x0000,
    0xFFFF, 0xFFFF, 0xFFFF, 0xFFFF, 0xFFFF, 0xFFFF, 0xFFFF, 0xFFFF, 0xFFFF, 0x0000, 0x0000, 0x0000, 0x0000, 0x0000, 0x0000,
    0x0000, 0x0000, 0x0000, 0x0000, 0x0000, 0x0000, 0x0000, 0x0000, 0xFFFF, 0xFFFF, 0xFFFF, 0xFFFF, 0xFFFF, 0xFFFF, 0xFFFF,
    0x0000, 0x0000, 0x0000, 0x0000, 0x0000, 0x0000, 0x0000, 0x0000, 0xFFFF, 0xFFFF, 0x0000, 0x0000, 0x0000, 0x0000, 0x0000,
    0x0000, 0x0000, 0x0000, 0x0000, 0x0000, 0x0000, 0x0000, 0x0000, 0x0000, 0x0000, 0x0000, 0x0000, 0x0000, 0x0000, 0x0000,
    0x0000, 0x0000, 0xFFFF, 0xFFFF, 0xFFFF, 0xFFFF, 0xFFFF, 0xFFFF, 0xFFFF, 0x0000, 0x0000, 0x0000, 0x0000, 0x0000, 0x0000,
    0xFFFF, 0xFFFF, 0xFFFF, 0x0000, 0x0000, 0x0000, 0x0000, 0x0000, 0x0000, 0x0000, 0x0000, 0x0000, 0x0000, 0x0000, 0x0000,
    0x0000, 0x0000, 0x0000, 0x0000, 0x0000, 0x0000, 0x0000, 0x0000, 0x0000, 0x0000, 0x0000, 0x0000, 0xFFFF, 0xFFFF, 0xFFFF,
    0xFFFF, 0xFFFF, 0xFFFF, 0xFFFF, 0xFFFF, 0xFFFF, 0xFFFF, 0xFFFF, 0xFFFF, 0xFFFF, 0x0000, 0x0000, 0x0000, 0x0000, 0x0000,
    0x0000, 0x0000, 0x0000, 0x0000, 0x0000, 0x0000, 0x0000, 0x0000, 0x0000, 0x0000, 0x0000, 0x0000, 0x0000, 0x0000, 0x0000,
    0x0000, 0x0000, 0x0000, 0x0000, 0x0000, 0x0000, 0xFFFF, 0xFFFF, 0xFFFF, 0xFFFF, 0xFFFF, 0xFFFF, 0xFFFF, 0xFFFF, 0xFFFF,
    0xFFFF, 0xFFFF, 0x0000, 0x0000, 0x0000, 0x0000, 0x0000, 0x0000, 0x0000, 0x0000, 0x0000, 0x0000,
};
static const uint8_t imgUSB_HighResolution_rgb565_mask[] PROGMEM = {
    0x00, 0x00, 0xFE, 0x0F, 0x00, 0x00, 0x80, 0xFF, 0x1F, 0x00, 0x00, 0xE0, 0x1F, 0x38, 0x00, 0x00, 0xF0, 0x0D, 0x30, 0x00,
    0x00, 0xF8, 0x0C, 0xF0, 0x1F, 0x00, 0x7C, 0x0C, 0xF0, 0x3F, 0x00, 0x3E, 0x0C, 0x30, 0x30, 0x00, 0x1F, 0x0C, 0x30, 0x30,
    0xF0, 0x0F, 0x0C, 0xF0, 0x3F, 0xF8, 0x0F, 0x0C, 0xF0, 0x1F, 0x1C, 0x0C, 0x0C, 0x30, 0x00, 0x0E, 0x0C, 0x0C, 0x30, 0x00,
    0xF7, 0x0F, 0x0C, 0x30, 0x00, 0xFB, 0x0F, 0x0C, 0x30, 0x00, 0x1D, 0x0F, 0x0C, 0xF0, 0x1F, 0x0E, 0x1E, 0x0C, 0xF0, 0x3F,
    0x07, 0x3E, 0x0C, 0x30, 0x30, 0x03, 0x7C, 0x0C, 0x30, 0x30, 0x00, 0xF8, 0x0C, 0xF0, 0x3F, 0x00, 0xF0, 0x0D, 0xF0, 0x1F,
    0x00, 0xE0, 0x0F, 0x30, 0x00, 0x00, 0xC0, 0x1F, 0x38, 0x00, 0x00, 0x00, 0xFF, 0x1F, 0x00, 0x00, 0x00, 0xFE, 0x0F, 0x00,
};

#define imgPower_rgb565_width 16
#define imgPower_rgb565_height 32
static const uint16_t imgPower_rgb565[] PROGMEM = {
    0x0000, 0x0000, 0x0000, 0x0000, 0x0000, 0x0000, 0x0000, 0x0000, 0x0000, 0x0000, 0x0000, 0x0000, 0xFFFF, 0xFFFF, 0x0000,
    0x0000, 0x0000, 0x0000, 0x0000, 0x0000, 0x0000, 0x0000, 0x0000, 0x0000, 0x0000, 0x0000, 0x0000, 0x0000, 0xFFFF, 0xFFFF,
    0x0000, 0x0000, 0x0000, 0x0000, 0x0000, 0x0000, 0x0000, 0x0000, 0x0000, 0x0000, 0x0000, 0x0000, 0x0000, 0x0000, 0xFFFF,
    0xFFFF, 0x0000, 0x0000, 0x0000, 0x0000, 0x0000, 0x0000, 0x0000, 0x0000, 0x0000, 0x0000, 0x0000, 0x0000, 0x0000, 0x0000,
    0xFFFF, 0xFFFF, 0x0000, 0x0000, 0x0000, 0x0000, 0x0000, 0x0000, 0x0000, 0x0000, 0x0000, 0x0000, 0x0000, 0x0000, 0x0000,
    0x0000, 0xFFFF, 0xFFFF, 0x0000, 0x0000, 0x0000, 0x0000, 0x0000, 0x0000, 0x0000, 0x0000, 0x0000, 0x0000, 0x0000, 0x0000,
    0x0000, 0x0000, 0xFFFF, 0xFFFF, 0x0000, 0x0000, 0x0000, 0x0000, 0x0000, 0x0000, 0x0000, 0x0000, 0xFFFF, 0xFFFF, 0xFFFF,
    0xFFFF, 0x0000, 0x0000, 0xFFFF, 0xFFFF, 0x0000, 0x0000, 0x0000, 0x0000, 0x0000, 0x0000, 0x0000, 0x0000, 0xFFFF, 0xFFFF,
    0xFFFF, 0xFFFF, 0x0000, 0x0000, 0xFFFF, 0xFFFF, 0x0000, 0x0000, 0x0000, 0x0000, 0x0000, 0x0000, 0x0000, 0x0000, 0xFFFF,
    0xFFFF, 0x0000, 0x0000, 0x0000, 0x0000, 0xFFFF, 0xFFFF, 0x0000, 0x0000, 0x0000, 0x0000, 0x0000, 0x0000, 0x0000, 0x0000,
    0xFFFF, 0xFFFF, 0x0000, 0x0000, 0x0000, 0x0000, 0xFFFF, 0xFFFF, 0x0000, 0x0000, 0x0000, 0x0000, 0x0000, 0x0000, 0x0000,
    0x0000, 0xFFFF, 0xFFFF, 0x0000, 0x0000, 0x0000, 0x0000, 0x0000, 0x0000, 0x0000, 0x0000, 0x0000, 0x0000, 0x0000, 0x0000,
    0x0000, 0x0000, 0xFFFF, 0xFFFF, 0x0000, 0x0000, 0x0000, 0x0000, 0x0000, 0x0000, 0x0000, 0x0000, 0x0000, 0x0000, 0x0000,
    0x0000, 0x0000, 0x0000, 0xFFFF, 0xFFFF, 0x0000, 0x0000, 0x0000, 0x0000, 0x0000, 0x0000, 0x0000, 0x0000, 0x0000, 0x0000,
    0x0000, 0x0000, 0x0000, 0x0000, 0xFFFF, 0xFFFF, 0x0000, 0x0000, 0x0000, 0x0000, 0x0000, 0x0000, 0x0000, 0x0000, 0x0000,
    0x0000, 0x0000, 0x0000, 0x0000, 0x0000, 0xFFFF, 0xFFFF, 0x0000, 0x0000, 0x0000, 0x0000, 0x0000, 0x0000, 0x0000, 0x0000,
    0x0000, 0x0000, 0x0000, 0x0000, 0x0000, 0x0000, 0xFFFF, 0xFFFF, 0x0000, 0x0000, 0x0000, 0x0000, 0x0000, 0x0000, 0x0000,
    0x0000, 0x0000, 0x0000, 0x0000, 0x0000, 0xFFFF, 0xFFFF, 0xFFFF, 0xFFFF, 0xFFFF, 0xFFFF, 0x0000, 0x0000, 0x0000, 0x0000,
    0x0000, 0x0000, 0x0000, 0x0000, 0x0000, 0x0000, 0xFFFF, 0xFFFF, 0xFFFF, 0xFFFF, 0xFFFF, 0xFFFF, 0x0000, 0x0000, 0x0000,
    0x0000, 0x0000, 0x0000, 0x0000, 0x0000, 0xFFFF, 0xFFFF, 0x0000, 0x0000, 0x0000, 0x0000, 0x0000, 0x0000, 0xFFFF, 0xFFFF,
    0x0000, 0x0000, 0x0000, 0x0000, 0x0000, 0x0000, 0xFFFF, 0xFFFF, 0x0000, 0x0000, 0x0000, 0x0000, 0x0000, 0x0000, 0xFFFF,
    0xFFFF, 0x0000, 0x0000, 0x0000, 0x0000, 0x0000, 0x0000, 0xFFFF, 0xFFFF, 0x0000, 0x0000, 0x0000, 0x0000, 0x0000, 0x0000,
    0xFFFF, 0xFFFF, 0x0000, 0x0000, 0x0000, 0x0000, 0x0000, 0x0000, 0xFFFF, 0xFFFF, 0x0000, 0x0000, 0x0000, 0x0000, 0x0000,
    0x0000, 0xFFFF, 0xFFFF, 0x0000, 0x0000, 0x0000, 0x0000, 0xFFFF, 0xFFFF, 0x0000, 0x0000, 0x0000, 0x0000, 0x0000, 0x0000,
    0x0000, 0x0000, 0x0000, 0x0000, 0xFFFF, 0xFFFF, 0x0000, 0x0000, 0xFFFF, 0xFFFF, 0x0000, 0x0000, 0x0000, 0x0000, 0x0000,
    0x0000, 0x0000, 0x0000, 0x0000, 0x0000, 0xFFFF, 0xFFFF, 0x0000, 0x0000, 0xFFFF, 0xFFFF, 0xFFFF, 0xFFFF, 0xFFFF, 0xFFFF,
    0xFFFF, 0xFFFF, 0xFFFF, 0xFFFF, 0xFFFF, 0xFFFF, 0xFFFF, 0xFFFF, 0x0000, 0x0000, 0xFFFF, 0xFFFF, 0xFFFF, 0xFFFF, 0xFFFF,
    0xFFFF, 0xFFFF, 0xFFFF, 0xFFFF, 0xFFFF, 0xFFFF, 0xFFFF, 0xFFFF, 0xFFFF, 0x0000, 0x0000, 0x0000, 0x0000, 0xFFFF, 0xFFFF,
    0x0000, 0x0000, 0x0000, 0x0000, 0x0000, 0x0000, 0xFFFF, 0xFFFF, 0x0000, 0x0000, 0x0000, 0x0000, 0x0000, 0x0000, 0xFFFF,
    0xFFFF, 0x0000, 0x0000, 0x0000, 0x0000, 0x0000, 0x0000, 0xFFFF, 0xFFFF, 0x0000, 0x0000, 0x0000, 0x0000, 0x0000, 0x0000,
    0xFFFF, 0xFFFF, 0x0000, 0x0000, 0x0000, 0x0000, 0x0000, 0x0000, 0xFFFF, 0xFFFF, 0x0000, 0x0000, 0x0000, 0x0000, 0x0000,
    0x0000, 0xFFFF, 0xFFFF, 0x0000, 0x0000, 0x0000, 0x0000, 0x0000, 0x0000, 0xFFFF, 0xFFFF, 0x0000, 0x0000, 0x0000, 0x0000,
    0x0000, 0x0000, 0xFFFF, 0xFFFF, 0x0000, 0x0000, 0x0000, 0x0000, 0x0000, 0x0000, 0xFFFF, 0xFFFF, 0x0000, 0x0000, 0x0000,
    0x0000, 0x0000, 0x0000, 0xFFFF, 0xFFFF, 0x0000, 0x0000, 0x0000, 0x0000, 0x0000, 0x0000, 0xFFFF, 0xFFFF, 0x0000, 0x0000,
    0x0000, 0x0000,
};
static const uint8_t imgPower_rgb565_mask[] PROGMEM = {
    0x00, 0x30, 0x00, 0x30, 0x00, 0x30, 0x00, 0x30, 0x00, 0x30, 0x00, 0x30, 0xC0, 0x33, 0xC0, 0x33,
    0xC0, 0x30, 0xC0, 0x30, 0xC0, 0x00, 0xC0, 0x00, 0xC0, 0x00, 0xC0, 0x00, 0xC0, 0x00, 0xC0, 0x00,
    0xF0, 0x03, 0xF0, 0x03, 0x0C, 0x0C, 0x0C, 0x0C, 0x0C, 0x0C, 0x0C, 0x0C, 0x03, 0x30, 0x03, 0x30,
    0xFF, 0x3F, 0xFF, 0x3F, 0x0C, 0x0C, 0x0C, 0x0C, 0x0C, 0x0C, 0x0C, 0x0C, 0x0C, 0x0C, 0x0C, 0x0C,
};

#define imgUser_rgb565_width 16
#define imgUser_rgb565_height 16
static const uint16_t imgUser_rgb565[] PROGMEM = {
    0x0000, 0x0000, 0x0000, 0x0000, 0x0000, 0xFFFF, 0xFFFF, 0xFFFF, 0xFFFF, 0xFFFF, 0xFFFF, 0x0000, 0x0000, 0x0000, 0x0000,
    0x0000, 0x0000, 0x0000, 0x0000, 0xFFFF, 0xFFFF, 0xFFFF, 0xFFFF, 0xFFFF, 0xFFFF, 0xFFFF, 0xFFFF, 0xFFFF, 0xFFFF, 0x0000,
    0x0000, 0x0000, 0x0000, 0x0000, 0xFFFF, 0xFFFF, 0xFFFF, 0xFFFF, 0x0000, 0x0000, 0x0000, 0x0000, 0xFFFF, 0xFFFF, 0xFFFF,
    0xFFFF, 0x0000, 0x0000, 0x0000, 0xFFFF, 0xFFFF, 0xFFFF, 0x0000, 0x0000, 0x0000, 0x0000, 0x0000, 0x0000, 0x0000, 0x0000,
    0xFFFF, 0xFFFF, 0xFFFF, 0x0000, 0x0000, 0xFFFF, 0xFFFF, 0x0000, 0x0000, 0x0000, 0xFFFF, 0xFFFF, 0xFFFF, 0xFFFF, 0x0000,
    0x0000, 0x0000, 0xFFFF, 0xFFFF, 0x0000, 0xFFFF, 0xFFFF, 0xFFFF, 0x0000, 0x0000, 0xFFFF, 0xFFFF, 0xFFFF, 0xFFFF, 0xFFFF,
    0xFFFF, 0x0000, 0x0000, 0xFFFF, 0xFFFF, 0xFFFF, 0xFFFF, 0xFFFF, 0x0000, 0x0000, 0xFFFF, 0xFFFF, 0xFFFF, 0x0000, 0x0000,
    0xFFFF, 0xFFFF, 0xFFFF, 0x0000, 0x0000, 0xFFFF, 0xFFFF, 0xFFFF, 0xFFFF, 0x0000, 0x0000, 0xFFFF, 0xFFFF, 0x0000, 0x0000,
    0x0000, 0x0000, 0xFFFF, 0xFFFF, 0x0000, 0x0000, 0xFFFF, 0xFFFF, 0xFFFF, 0xFFFF, 0x0000, 0x0000, 0xFFFF, 0xFFFF, 0x0000,
    0x0000, 0x0000, 0x0000, 0xFFFF, 0xFFFF, 0x0000, 0x0000, 0xFFFF, 0xFFFF, 0xFFFF, 0xFFFF, 0x0000, 0x0000, 0xFFFF, 0xFFFF,
    0xFFFF, 0x0000, 0x0000, 0xFFFF, 0xFFFF, 0xFFFF, 0x0000, 0x0000, 0xFFFF, 0xFFFF, 0xFFFF, 0xFFFF, 0xFFFF, 0x0000, 0x0000,
    0xFFFF, 0xFFFF, 0xFFFF, 0xFFFF, 0xFFFF, 0xFFFF, 0x0000, 0x0000, 0xFFFF, 0xFFFF, 0xFFFF, 0x0000, 0xFFFF, 0xFFFF, 0x0000,
    0x0000, 0x0000, 0xFFFF, 0xFFFF, 0xFFFF, 0xFFFF, 0x0000, 0x0000, 0x0000, 0xFFFF, 0xFFFF, 0x0000, 0x0000, 0xFFFF, 0xFFFF,
    0xFFFF, 0x0000, 0x0000, 0x0000, 0x0000, 0x0000, 0x0000, 0x0000, 0x0000, 0xFFFF, 0xFFFF, 0xFFFF, 0x0000, 0x0000, 0x0000,
    0xFFFF, 0xFFFF, 0xFFFF, 0xFFFF, 0x0000, 0x0000, 0x0000, 0x0000, 0xFFFF, 0xFFFF, 0xFFFF, 0xFFFF, 0x0000, 0x0000, 0x0000,
    0x0000, 0x0000, 0xFFFF, 0xFFFF, 0xFFFF, 0xFFFF, 0xFFFF, 0xFFFF, 0xFFFF, 0xFFFF, 0xFFFF, 0xFFFF, 0x0000, 0x0000, 0x0000,
    0x0000, 0x0000, 0x0000, 0x0000, 0x0000, 0xFFFF, 0xFFFF, 0xFFFF, 0xFFFF, 0xFFFF, 0xFFFF, 0x0000, 0x0000, 0x0000, 0x0000,
    0x0000,
};
static const uint8_t imgUser_rgb565_mask[] PROGMEM = {
    0xE0, 0x07, 0xF8, 0x1F, 0x3C, 0x3C, 0x0E, 0x70, 0xC6, 0x63, 0xE7, 0xE7, 0x73, 0xCE, 0x33, 0xCC,
    0x33, 0xCC, 0x73, 0xCE, 0xE7, 0xE7, 0xC6, 0x63, 0x0E, 0x70, 0x3C, 0x3C, 0xF8, 0x1F, 0xE0, 0x07,
};

#define imgPositionEmpty_rgb565_width 16
#define imgPositionEmpty_rgb565_height 12
static const uint16_t imgPositionEmpty_rgb565[] PROGMEM = {
    0x0000, 0x0000, 0x0000, 0x0000, 0x0000, 0x0000, 0x0000, 0x0000, 0x0000, 0x0000, 0xFFFF, 0xFFFF, 0x0000, 0x0000, 0x0000,
    0x0000, 0x0000, 0x0000, 0x0000, 0x0000, 0x0000, 0x0000, 0x0000, 0x0000, 0x0000, 0xFFFF, 0xFFFF, 0xFFFF, 0x0000, 0x0000,
    0x0000, 0x0000, 0x0000, 0x0000, 0x0000, 0x0000, 0x0000, 0x0000, 0x0000, 0x0000, 0xFFFF, 0xFFFF, 0xFFFF, 0xFFFF, 0x0000,
    0x0000, 0x0000, 0x0000, 0x0000, 0x0000, 0x0000, 0x0000, 0x0000, 0x0000, 0x0000, 0xFFFF, 0xFFFF, 0xFFFF, 0xFFFF, 0xFFFF,
    0x0000, 0x0000, 0x0000, 0x0000, 0x0000, 0x0000, 0x0000, 0x0000, 0x0000, 0x0000, 0xFFFF, 0xFFFF, 0xFFFF, 0x0000, 0xFFFF,
    0xFFFF, 0x0000, 0x0000, 0x0000, 0x0000, 0x0000, 0x0000, 0x0000, 0x0000, 0x0000, 0xFFFF, 0xFFFF, 0xFFFF, 0x0000, 0x0000,
    0xFFFF, 0xFFFF, 0x0000, 0x0000, 0x0000, 0x0000, 0x0000, 0x0000, 0x0000, 0x0000, 0xFFFF, 0xFFFF, 0xFFFF, 0x0000, 0x0000,
    0x0000, 0xFFFF, 0xFFFF, 0x0000, 0x0000, 0x0000, 0x0000, 0x0000, 0x0000, 0x0000, 0xFFFF, 0xFFFF, 0xFFFF, 0x0000, 0x0000,
    0x0000, 0x0000, 0xFFFF, 0xFFFF, 0xFFFF, 0x0000, 0x0000, 0x0000, 0x0000, 0x0000, 0xFFFF, 0xFFFF, 0xFFFF, 0x0000, 0x0000,
    0x0000, 0x0000, 0x0000, 0x0000, 0xFFFF, 0xFFFF, 0xFFFF, 0x0000, 0x0000, 0x0000, 0xFFFF, 0xFFFF, 0xFFFF, 0x0000, 0x0000,
    0x0000, 0x0000, 0x0000, 0x0000, 0x0000, 0x0000, 0xFFFF, 0xFFFF, 0xFFFF, 0x0000, 0xFFFF, 0xFFFF, 0xFFFF, 0xFFFF, 0xFFFF,
    0xFFFF, 0xFFFF, 0xFFFF, 0xFFFF, 0xFFFF, 0xFFFF, 0xFFFF, 0xFFFF, 0xFFFF, 0xFFFF, 0xFFFF, 0xFFFF, 0xFFFF, 0xFFFF, 0xFFFF,
    0xFFFF, 0xFFFF, 0xFFFF, 0xFFFF, 0xFFFF, 0xFFFF, 0xFFFF, 0xFFFF, 0xFFFF, 0xFFFF, 0xFFFF, 0xFFFF,
};
static const uint8_t imgPositionEmpty_rgb565_mask[] PROGMEM = {
    0x00, 0x0C, 0x00, 0x0E, 0x00, 0x0F, 0x80, 0x0F, 0xC0, 0x0D, 0xE0, 0x0C,
    0x70, 0x0C, 0x38, 0x1C, 0x1C, 0x38, 0x0E, 0x70, 0xFF, 0xFF, 0xFF, 0xFF,
};

#define imgPositionSolid_rgb565_width 16
#define imgPositionSolid_rgb565_height 12
static const uint16_t imgPositionSolid_rgb565[] PROGMEM = {
    0x0000, 0x0000, 0x0000, 0x0000, 0x0000, 0x0000, 0x0000, 0x0000, 0x0000, 0x0000, 0xFFFF, 0xFFFF, 0x0000, 0x0000, 0x0000,
    0x0000, 0x0000, 0x0000, 0x0000, 0x0000, 0x0000, 0x0000, 0x0000, 0x0000, 0x0000, 0xFFFF, 0xFFFF, 0xFFFF, 0x0000, 0x0000,
    0x0000, 0x0000, 0x0000, 0x0000, 0x0000, 0x0000, 0x0000, 0x0000, 0x0000, 0x0000, 0xFFFF, 0xFFFF, 0xFFFF, 0xFFFF, 0x0000,
    0x0000, 0x0000, 0x0000, 0x0000, 0x0000, 0x0000, 0x0000, 0x0000, 0x0000, 0x0000, 0xFFFF, 0xFFFF, 0xFFFF, 0xFFFF, 0xFFFF,
    0x0000, 0x0000, 0x0000, 0x0000, 0x0000, 0x0000, 0x0000, 0x0000, 0x0000, 0x0000, 0xFFFF, 0xFFFF, 0xFFFF, 0xFFFF, 0xFFFF,
    0xFFFF, 0x0000, 0x0000, 0x0000, 0x0000, 0x0000, 0x0000, 0x0000, 0x0000, 0x0000, 0xFFFF, 0xFFFF, 0xFFFF, 0xFFFF, 0xFFFF,
    0xFFFF, 0xFFFF, 0x0000, 0x0000, 0x0000, 0x0000, 0x0000, 0x0000, 0x0000, 0x0000, 0xFFFF, 0xFFFF, 0xFFFF, 0xFFFF, 0xFFFF,
    0xFFFF, 0xFFFF, 0xFFFF, 0x0000, 0x0000, 0x0000, 0x0000, 0x0000, 0x0000, 0x0000, 0xFFFF, 0xFFFF, 0xFFFF, 0xFFFF, 0xFFFF,
    0xFFFF, 0xFFFF, 0xFFFF, 0xFFFF, 0xFFFF, 0x0000, 0x0000, 0x0000, 0x0000, 0x0000, 0xFFFF, 0xFFFF, 0xFFFF, 0xFFFF, 0xFFFF,
    0xFFFF, 0xFFFF, 0xFFFF, 0xFFFF, 0xFFFF, 0xFFFF, 0xFFFF, 0x0000, 0x0000, 0x0000, 0xFFFF, 0xFFFF, 0xFFFF, 0xFFFF, 0xFFFF,
    0xFFFF, 0xFFFF, 0xFFFF, 0xFFFF, 0xFFFF, 0xFFFF, 0xFFFF, 0xFFFF, 0xFFFF, 0x0000, 0xFFFF, 0xFFFF, 0xFFFF, 0xFFFF, 0xFFFF,
    0xFFFF, 0xFFFF, 0xFFFF, 0xFFFF, 0xFFFF, 0xFFFF, 0xFFFF, 0xFFFF, 0xFFFF, 0xFFFF, 0xFFFF, 0xFFFF, 0xFFFF, 0xFFFF, 0xFFFF,
    0xFFFF, 0xFFFF, 0xFFFF, 0xFFFF, 0xFFFF, 0xFFFF, 0xFFFF, 0xFFFF, 0xFFFF, 0xFFFF, 0xFFFF, 0xFFFF,
};
static const uint8_t imgPositionSolid_rgb565_mask[] PROGMEM = {
    0x00, 0x0C, 0x00, 0x0E, 0x00, 0x0F, 0x80, 0x0F, 0xC0, 0x0F, 0xE0, 0x0F,
    0xF0, 0x0F, 0xF8, 0x1F, 0xFC, 0x3F, 0xFE, 0x7F, 0xFF, 0xFF, 0xFF, 0xFF,
};

#define bluetoothConnectedIcon_rgb565_width 28
#define bluetoothConnectedIcon_rgb565_height 36
static const uint16_t bluetoothConnectedIcon_rgb565[] PROGMEM = {
    0x0000, 0x0000, 0xFFFF, 0xFFFF, 0xFFFF, 0xFFFF, 0xFFFF, 0xFFFF, 0xFFFF, 0xFFFF, 0xFFFF, 0xFFFF, 0xFFFF, 0xFFFF, 0xFFFF,
    0xFFFF, 0xFFFF, 0xFFFF, 0x0000, 0x0000, 0x0000, 0x0000, 0x0000, 0x0000, 0x0000, 0x0000, 0x0000, 0x0000, 0x0000, 0xFFFF,
    0xFFFF, 0xFFFF, 0xFFFF, 0xFFFF, 0xFFFF, 0xFFFF, 0xFFFF, 0xFFFF, 0xFFFF, 0xFFFF, 0xFFFF, 0xFFFF, 0xFFFF, 0xFFFF, 0xFFFF,
    0xFFFF, 0xFFFF, 0x0000, 0x0000, 0x0000, 0x0000, 0x0000, 0x0000, 0x0000, 0x0000, 0x0000, 0xFFFF, 0xFFFF, 0xFFFF, 0xFFFF,
    0xFFFF, 0xFFFF, 0xFFFF, 0xFFFF, 0xFFFF, 0xFFFF, 0xFFFF, 0xFFFF, 0xFFFF, 0xFFFF, 0xFFFF, 0xFFFF, 0xFFFF, 0xFFFF, 0xFFFF,
    0xFFFF, 0x0000, 0x0000, 0x0000, 0x0000, 0x0000, 0x0000, 0x0000, 0x0000, 0xFFFF, 0xFFFF, 0xFFFF, 0xFFFF, 0xFFFF, 0xFFFF,
    0xFFFF, 0xFFFF, 0xFFFF, 0xFFFF, 0xFFFF, 0xFFFF, 0xFFFF, 0xFFFF, 0xFFFF, 0xFFFF, 0xFFFF, 0xFFFF, 0xFFFF, 0xFFFF, 0x0000,
    0x0000, 0x0000, 0x0000, 0x0000, 0x0000, 0x0000, 0x0000, 0xFFFF, 0xFFFF, 0xFFFF, 0xFFFF, 0xFFFF, 0x0000, 0x0000, 0x0000,
    0x0000, 0x0000, 0x0000, 0x0000, 0x0000, 0x0000, 0x0000, 0xFFFF, 0xFFFF, 0xFFFF, 0xFFFF, 0xFFFF, 0x0000, 0x0000, 0x0000,
    0x0000, 0x0000, 0x0000, 0x0000, 0x0000, 0xFFFF, 0xFFFF, 0xFFFF, 0xFFFF, 0x0000, 0x0000, 0x0000, 0x0000, 0x0000, 0x0000,
    0x0000, 0x0000, 0x0000, 0x0000, 0x0000, 0x0000, 0xFFFF, 0xFFFF, 0xFFFF, 0xFFFF, 0x0000, 0x0000, 0x0000, 0x0000, 0x0000,
    0x0000, 0x0000, 0x0000, 0xFFFF, 0xFFFF, 0xFFFF, 0xFFFF, 0x0000, 0x0000, 0x0000, 0x0000, 0x0000, 0x0000, 0x0000, 0x0000,
    0x0000, 0x0000, 0x0000, 0x0000, 0xFFFF, 0xFFFF, 0xFFFF, 0xFFFF, 0x0000, 0x0000, 0x0000, 0x0000, 0x0000, 0x0000, 0x0000,
    0x0000, 0xFFFF, 0xFFFF, 0xFFFF, 0xFFFF, 0x0000, 0x0000, 0x0000, 0x0000, 0x0000, 0x0000, 0x0000, 0x0000, 0x0000, 0x0000,
    0x0000, 0x0000, 0x0000, 0xFFFF, 0xFFFF, 0x0000, 0x0000, 0x0000, 0x0000, 0x0000, 0x0000, 0x0000, 0x0000, 0x0000, 0xFFFF,
    0xFFFF, 0xFFFF, 0xFFFF, 0x0000, 0x0000, 0x0000, 0x0000, 0x0000, 0x0000, 0x0000, 0x0000, 0x0000, 0x0000, 0x0000, 0x0000,
    0x0000, 0x0000, 0x0000, 0x0000, 0x0000, 0x0000, 0x0000, 0x0000, 0x0000, 0x0000, 0x0000, 0x0000, 0xFFFF, 0xFFFF, 0xFFFF,
    0xFFFF, 0x0000, 0x0000, 0x0000, 0x0000, 0x0000, 0x0000, 0x0000, 0x0000, 0x0000, 0x0000, 0x0000, 0x0000, 0x0000, 0x0000,
    0x0000, 0x0000, 0x0000, 0x0000, 0x0000, 0x0000, 0x0000, 0x0000, 0x0000, 0x0000, 0xFFFF, 0xFFFF, 0xFFFF, 0xFFFF, 0x0000,
    0x0000, 0x0000, 0x0000, 0x0000, 0x0000, 0xFFFF, 0xFFFF, 0xFFFF, 0xFFFF, 0xFFFF, 0xFFFF, 0xFFFF, 0xFFFF, 0xFFFF, 0xFFFF,
    0xFFFF, 0xFFFF, 0xFFFF, 0xFFFF, 0xFFFF, 0xFFFF, 0x0000, 0x0000, 0xFFFF, 0xFFFF, 0xFFFF, 0xFFFF, 0x0000, 0x0000, 0x0000,
    0x0000, 0x0000, 0xFFFF, 0xFFFF, 0xFFFF, 0xFFFF, 0xFFFF, 0xFFFF, 0xFFFF, 0xFFFF, 0xFFFF, 0xFFFF, 0xFFFF, 0xFFFF, 0xFFFF,
    0xFFFF, 0xFFFF, 0xFFFF, 0xFFFF, 0xFFFF, 0x0000, 0xFFFF, 0xFFFF, 0xFFFF, 0xFFFF, 0x0000, 0x0000, 0x0000, 0x0000, 0xFFFF,
    0xFFFF, 0xFFFF, 0xFFFF, 0xFFFF, 0xFFFF, 0xFFFF, 0xFFFF, 0xFFFF, 0xFFFF, 0xFFFF, 0xFFFF, 0xFFFF, 0xFFFF, 0xFFFF, 0xFFFF,
    0xFFFF, 0xFFFF, 0xFFFF, 0xFFFF, 0xFFFF, 0xFFFF, 0xFFFF, 0xFFFF, 0x0000, 0x0000, 0x0000, 0x0000, 0xFFFF, 0xFFFF, 0xFFFF,
    0xFFFF, 0xFFFF, 0xFFFF, 0xFFFF, 0xFFFF, 0xFFFF, 0xFFFF, 0xFFFF, 0xFFFF, 0xFFFF, 0xFFFF, 0xFFFF, 0xFFFF, 0xFFFF, 0xFFFF,
    0xFFFF, 0xFFFF, 0xFFFF, 0xFFFF, 0xFFFF, 0xFFFF, 0x0000, 0x0000, 0x0000, 0x0000, 0xFFFF, 0xFFFF, 0xFFFF, 0xFFFF, 0xFFFF,
    0x0000, 0x0000, 0x0000, 0x0000, 0x0000, 0x0000, 0x0000, 0x0000, 0x0000, 0x0000, 0xFFFF, 0xFFFF, 0xFFFF, 0xFFFF, 0xFFFF,
    0xFFFF, 0xFFFF, 0xFFFF, 0xFFFF, 0x0000, 0x0000, 0x0000, 0x0000, 0xFFFF, 0xFFFF, 0xFFFF, 0xFFFF, 0x0000, 0x0000, 0x0000,
    0x0000, 0x0000, 0x0000, 0x0000, 0x0000, 0x0000, 0x0000, 0x0000, 0x0000, 0xFFFF, 0xFFFF, 0xFFFF, 0xFFFF, 0xFFFF, 0xFFFF,
    0xFFFF, 0xFFFF, 0x0000, 0x0000, 0x0000, 0x0000, 0xFFFF, 0xFFFF, 0xFFFF, 0xFFFF, 0x0000, 0x0000, 0x0000, 0x0000, 0x0000,
    0xFFFF, 0xFFFF, 0x0000, 0x0000, 0x0000, 0x0000, 0x0000, 0xFFFF, 0xFFFF, 0xFFFF, 0xFFFF, 0xFFFF, 0xFFFF, 0xFFFF, 0xFFFF,
    0x0000, 0x0000, 0x0000, 0x0000, 0xFFFF, 0xFFFF, 0xFFFF, 0xFFFF, 0x0000, 0x0000, 0x0000, 0x0000, 0xFFFF, 0xFFFF, 0xFFFF,
    0xFFFF, 0x0000, 0x0000, 0x0000, 0x0000, 0xFFFF, 0xFFFF, 0xFFFF, 0xFFFF, 0xFFFF, 0xFFFF, 0xFFFF, 0xFFFF, 0x0000, 0x0000,
    0x0000, 0x0000, 0xFFFF, 0xFFFF, 0xFFFF, 0xFFFF, 0x0000, 0x0000, 0x0000, 0x0000, 0xFFFF, 0xFFFF, 0xFFFF, 0xFFFF, 0x0000,
    0x0000, 0x0000, 0x0000, 0xFFFF, 0xFFFF, 0xFFFF, 0xFFFF, 0xFFFF, 0xFFFF, 0xFFFF, 0xFFFF, 0x0000, 0x0000, 0x0000, 0x0000,
    0x0000, 0xFFFF, 0xFFFF, 0x0000, 0x0000, 0x0000, 0x0000, 0x0000, 0xFFFF, 0xFFFF, 0xFFFF, 0xFFFF, 0x0000, 0x0000, 0x0000,
    0x0000, 0xFFFF, 0xFFFF, 0xFFFF, 0xFFFF, 0xFFFF, 0xFFFF, 0xFFFF, 0xFFFF, 0x0000, 0x0000, 0x0000, 0x0000, 0x0000, 0x0000,
    0x0000, 0x0000, 0x0000, 0x0000, 0x0000, 0x0000, 0xFFFF, 0xFFFF, 0xFFFF, 0xFFFF, 0x0000, 0x0000, 0x0000, 0x0000, 0xFFFF,
    0xFFFF, 0xFFFF, 0xFFFF, 0xFFFF, 0xFFFF, 0xFFFF, 0xFFFF, 0xFFFF, 0x0000, 0x0000, 0x0000, 0x0000, 0x0000, 0x0000, 0x0000,
    0x0000, 0x0000, 0x0000, 0xFFFF, 0xFFFF, 0xFFFF, 0xFFFF, 0xFFFF, 0x0000, 0x0000, 0x0000, 0x0000, 0xFFFF, 0xFFFF, 0xFFFF,
    0xFFFF, 0xFFFF, 0xFFFF, 0xFFFF, 0xFFFF, 0xFFFF, 0xFFFF, 0xFFFF, 0xFFFF, 0xFFFF, 0xFFFF, 0xFFFF, 0xFFFF, 0xFFFF, 0xFFFF,
    0xFFFF, 0xFFFF, 0xFFFF, 0xFFFF, 0xFFFF, 0xFFFF, 0x0000, 0x0000, 0x0000, 0x0000, 0xFFFF, 0xFFFF, 0xFFFF, 0xFFFF, 0xFFFF,
    0xFFFF, 0xFFFF, 0xFFFF, 0xFFFF, 0xFFFF, 0xFFFF, 0xFFFF, 0xFFFF, 0xFFFF, 0xFFFF, 0xFFFF, 0xFFFF, 0xFFFF, 0xFFFF, 0xFFFF,
    0xFFFF, 0xFFFF, 0xFFFF, 0xFFFF, 0x0000, 0x0000, 0x0000, 0x0000, 0xFFFF, 0xFFFF, 0xFFFF, 0xFFFF, 0x0000, 0xFFFF, 0xFFFF,
    0xFFFF, 0xFFFF, 0xFFFF, 0xFFFF, 0xFFFF, 0xFFFF, 0xFFFF, 0xFFFF, 0xFFFF, 0xFFFF, 0xFFFF, 0xFFFF, 0xFFFF, 0xFFFF, 0xFFFF,
    0xFFFF, 0x0000, 0x0000, 0x0000, 0x0000, 0x0000, 0xFFFF, 0xFFFF, 0xFFFF, 0xFFFF, 0x0000, 0x0000, 0xFFFF, 0xFFFF, 0xFFFF,
    0xFFFF, 0xFFFF, 0xFFFF, 0xFFFF, 0xFFFF, 0xFFFF, 0xFFFF, 0xFFFF, 0xFFFF, 0xFFFF, 0xFFFF, 0xFFFF, 0xFFFF, 0x0000, 0x0000,
    0x0000, 0x0000, 0x0000, 0x0000, 0xFFFF, 0xFFFF, 0xFFFF, 0xFFFF, 0x0000, 0x0000, 0x0000, 0x0000, 0x0000, 0x0000, 0x0000,
    0x0000, 0x0000, 0x0000, 0x0000, 0x0000, 0x0000, 0x0000, 0x0000, 0x0000, 0x0000, 0x0000, 0x0000, 0x0000, 0x0000, 0x0000,
    0x0000, 0x0000, 0xFFFF, 0xFFFF, 0xFFFF, 0xFFFF, 0x0000, 0x0000, 0x0000, 0x0000, 0x0000, 0x0000, 0x0000, 0x0000, 0x0000,
    0x0000, 0x0000, 0x0000, 0x0000, 0x0000, 0x0000, 0x0000, 0x0000, 0x0000, 0x0000, 0x0000, 0x0000, 0x0000, 0x0000, 0x0000,
    0xFFFF, 0xFFFF, 0xFFFF, 0xFFFF, 0x0000, 0x0000, 0x0000, 0x0000, 0x0000, 0x0000, 0x0000, 0x0000, 0x0000, 0xFFFF, 0xFFFF,
    0x0000, 0x0000, 0x0000, 0x0000, 0x0000, 0x0000, 0x0000, 0x0000, 0x0000, 0x0000, 0x0000, 0x0000, 0x0000, 0xFFFF, 0xFFFF,
    0xFFFF, 0xFFFF, 0x0000, 0x0000, 0x0000, 0x0000, 0x0000, 0x0000, 0x0000, 0x0000, 0xFFFF, 0xFFFF, 0xFFFF, 0xFFFF, 0x0000,
    0x0000, 0x0000, 0x0000, 0x0000, 0x0000, 0x0000, 0x0000, 0x0000, 0x0000, 0x0000, 0x0000, 0xFFFF, 0xFFFF, 0xFFFF, 0xFFFF,
    0x0000, 0x0000, 0x0000, 0x0000, 0x0000, 0x0000, 0x0000, 0x0000, 0xFFFF, 0xFFFF, 0xFFFF, 0xFFFF, 0x0000, 0x0000, 0x0000,
    0x0000, 0x0000, 0x0000, 0x0000, 0x0000, 0x0000, 0x0000, 0x0000, 0x0000, 0xFFFF, 0xFFFF, 0xFFFF, 0xFFFF, 0x0000, 0x0000,
    0x0000, 0x0000, 0x0000, 0x0000, 0x0000, 0x0000, 0xFFFF, 0xFFFF, 0xFFFF, 0xFFFF, 0xFFFF, 0x0000, 0x0000, 0x0000, 0x0000,
    0x0000, 0x0000, 0x0000, 0x0000, 0x0000, 0x0000, 0xFFFF, 0xFFFF, 0xFFFF, 0xFFFF, 0xFFFF, 0x0000, 0x0000, 0x0000, 0x0000,
    0x0000, 0x0000, 0x0000, 0x0000, 0xFFFF, 0xFFFF, 0xFFFF, 0xFFFF, 0xFFFF, 0xFFFF, 0xFFFF, 0xFFFF, 0xFFFF, 0xFFFF, 0xFFFF,
    0xFFFF, 0xFFFF, 0xFFFF, 0xFFFF, 0xFFFF, 0xFFFF, 0xFFFF, 0xFFFF, 0xFFFF, 0x0000, 0x0000, 0x0000, 0x0000, 0x0000, 0x0000,
    0x0000, 0x0000, 0xFFFF, 0xFFFF, 0xFFFF, 0xFFFF, 0xFFFF, 0xFFFF, 0xFFFF, 0xFFFF, 0xFFFF, 0xFFFF, 0xFFFF, 0xFFFF, 0xFFFF,
    0xFFFF, 0xFFFF, 0xFFFF, 0xFFFF, 0xFFFF, 0xFFFF, 0xFFFF, 0x0000, 0x0000, 0x0000, 0x0000, 0x0000, 0x0000, 0x0000, 0x0000,
    0x0000, 0xFFFF, 0xFFFF, 0xFFFF, 0xFFFF, 0xFFFF, 0xFFFF, 0xFFFF, 0xFFFF, 0xFFFF, 0xFFFF, 0xFFFF, 0xFFFF, 0xFFFF, 0xFFFF,
    0xFFFF, 0xFFFF, 0xFFFF, 0xFFFF, 0x0000, 0x0000, 0x0000, 0x0000, 0x0000, 0x0000, 0x0000, 0x0000, 0x0000, 0x0000, 0x0000,
    0xFFFF, 0xFFFF, 0xFFFF, 0xFFFF, 0xFFFF, 0xFFFF, 0xFFFF, 0xFFFF, 0xFFFF, 0xFFFF, 0xFFFF, 0xFFFF, 0xFFFF, 0xFFFF, 0xFFFF,
    0xFFFF, 0x0000, 0x0000,
};
static const uint8_t bluetoothConnectedIcon_rgb565_mask[] PROGMEM = {
    0xFC, 0xFF, 0x03, 0x00, 0xFE, 0xFF, 0x07, 0x00, 0xFF, 0xFF, 0x0F, 0x00, 0xFF, 0xFF, 0x0F, 0x00, 0x1F, 0x80, 0x0F, 0x00, 0x0F,
    0x00, 0x0F, 0x00, 0x0F, 0x00, 0x0F, 0x00, 0x0F, 0x00, 0x06, 0x00, 0x0F, 0x00, 0x00, 0x00, 0x0F, 0x00, 0x00, 0x00, 0x0F, 0xFC,
    0xFF, 0x03, 0x0F, 0xFE, 0xFF, 0x07, 0x0F, 0xFF, 0xFF, 0x0F, 0x0F, 0xFF, 0xFF, 0x0F, 0x0F, 0x1F, 0x80, 0x0F, 0x0F, 0x0F, 0x00,
    0x0F, 0x0F, 0x0F, 0x06, 0x0F, 0x0F, 0x0F, 0x0F, 0x0F, 0x0F, 0x0F, 0x0F, 0x0F, 0x0F, 0x06, 0x0F, 0x0F, 0x0F, 0x00, 0x0F, 0x0F,
    0x1F, 0x80, 0x0F, 0x0F, 0xFF, 0xFF, 0x0F, 0x0F, 0xFF, 0xFF, 0x0F, 0x0F, 0xFE, 0xFF, 0x07, 0x0F, 0xFC, 0xFF, 0x03, 0x0F, 0x00,
    0x00, 0x00, 0x0F, 0x00, 0x00, 0x00, 0x0F, 0x00, 0x06, 0x00, 0x0F, 0x00, 0x0F, 0x00, 0x0F, 0x00, 0x0F, 0x00, 0x0F, 0x00, 0x1F,
    0x80, 0x0F, 0x00, 0xFF, 0xFF, 0x0F, 0x00, 0xFF, 0xFF, 0x0F, 0x00, 0xFE, 0xFF, 0x07, 0x00, 0xFC, 0xFF, 0x03,
};

#define batteryBitmap_h_bottom_rgb565_width 18
#define batteryBitmap_h_bottom_rgb565_height 26
static const uint16_t batteryBitmap_h_bottom_rgb565[] PROGMEM = {
    0x0000, 0x0000, 0xFFFF, 0xFFFF, 0xFFFF, 0xFFFF, 0xFFFF, 0xFFFF, 0xFFFF, 0xFFFF, 0x0000, 0x0000, 0x0000, 0x0000, 0x0000,
    0x0000, 0x0000, 0x0000, 0x0000, 0xFFFF, 0xFFFF, 0xFFFF, 0xFFFF, 0xFFFF, 0xFFFF, 0xFFFF, 0xFFFF, 0xFFFF, 0x0000, 0x0000,
    0x0000, 0x0000, 0x0000, 0x0000, 0x0000, 0x0000, 0xFFFF, 0xFFFF, 0xFFFF, 0x0000, 0x0000, 0x0000, 0x0000, 0x0000, 0x0000,
    0x0000, 0x0000, 0x0000, 0x0000, 0x0000, 0x0000, 0x0000, 0x0000, 0x0000, 0xFFFF, 0xFFFF, 0x0000, 0x0000, 0x0000, 0x0000,
    0x0000, 0x0000, 0x0000, 0x0000, 0x0000, 0x0000, 0x0000, 0x0000, 0x0000, 0x0000, 0x0000, 0x0000, 0xFFFF, 0xFFFF, 0x0000,
    0x0000, 0x0000, 0x0000, 0x0000, 0x0000, 0x0000, 0x0000, 0x0000, 0x0000, 0x0000, 0x0000, 0x0000, 0x0000, 0x0000, 0x0000,
    0xFFFF, 0xFFFF, 0x0000, 0x0000, 0x0000, 0x0000, 0x0000, 0x0000, 0x0000, 0x0000, 0x0000, 0x0000, 0x0000, 0x0000, 0x0000,
    0x0000, 0x0000, 0x0000, 0xFFFF, 0xFFFF, 0x0000, 0x0000, 0x0000, 0x0000, 0x0000, 0x0000, 0x0000, 0x0000, 0x0000, 0x0000,
    0x0000, 0x0000, 0x0000, 0x0000, 0x0000, 0x0000, 0xFFFF, 0xFFFF, 0x0000, 0x0000, 0x0000, 0x0000, 0x0000, 0x0000, 0x0000,
    0x0000, 0x0000, 0x0000, 0x0000, 0x0000, 0x0000, 0x0000, 0x0000, 0x0000, 0xFFFF, 0xFFFF, 0x0000, 0x0000, 0x0000, 0x0000,
    0x0000, 0x0000, 0x0000, 0x0000, 0x0000, 0x0000, 0x0000, 0x0000, 0x0000, 0x0000, 0x0000, 0x0000, 0xFFFF, 0xFFFF, 0x0000,
    0x0000, 0x0000, 0x0000, 0x0000, 0x0000, 0x0000, 0x0000, 0x0000, 0x0000, 0x0000, 0x0000, 0x0000, 0x0000, 0x0000, 0x0000,
    0xFFFF, 0xFFFF, 0x0000, 0x0000, 0x0000, 0x0000, 0x0000, 0x0000, 0x0000, 0x0000, 0x0000, 0x0000, 0x0000, 0x0000, 0x0000,
    0x0000, 0x0000, 0x0000, 0xFFFF, 0xFFFF, 0x0000, 0x0000, 0x0000, 0x0000, 0x0000, 0x0000, 0x0000, 0x0000, 0x0000, 0x0000,
    0x0000, 0x0000, 0x0000, 0x0000, 0x0000, 0x0000, 0xFFFF, 0xFFFF, 0x0000, 0x0000, 0x0000, 0x0000, 0x0000, 0x0000, 0x0000,
    0x0000, 0x0000, 0x0000, 0x0000, 0x0000, 0x0000, 0x0000, 0x0000, 0x0000, 0xFFFF, 0xFFFF, 0x0000, 0x0000, 0x0000, 0x0000,
    0x0000, 0x0000, 0x0000, 0x0000, 0x0000, 0x0000, 0x0000, 0x0000, 0x0000, 0x0000, 0x0000, 0x0000, 0xFFFF, 0xFFFF, 0x0000,
    0x0000, 0x0000, 0x0000, 0x0000, 0x0000, 0x0000, 0x0000, 0x0000, 0x0000, 0x0000, 0x0000, 0x0000, 0x0000, 0x0000, 0x0000,
    0xFFFF, 0xFFFF, 0x0000, 0x0000, 0x0000, 0x0000, 0x0000, 0x0000, 0x0000, 0x0000, 0x0000, 0x0000, 0x0000, 0x0000, 0x0000,
    0x0000, 0x0000, 0x0000, 0xFFFF, 0xFFFF, 0x0000, 0x0000, 0x0000, 0x0000, 0x0000, 0x0000, 0x0000, 0x0000, 0x0000, 0x0000,
    0x0000, 0x0000, 0x0000, 0x0000, 0x0000, 0x0000, 0xFFFF, 0xFFFF, 0x0000, 0x0000, 0x0000, 0x0000, 0x0000, 0x0000, 0x0000,
    0x0000, 0x0000, 0x0000, 0x0000, 0x0000, 0x0000, 0x0000, 0x0000, 0x0000, 0xFFFF, 0xFFFF, 0x0000, 0x0000, 0x0000, 0x0000,
    0x0000, 0x0000, 0x0000, 0x0000, 0x0000, 0x0000, 0x0000, 0x0000, 0x0000, 0x0000, 0x0000, 0x0000, 0xFFFF, 0xFFFF, 0x0000,
    0x0000, 0x0000, 0x0000, 0x0000, 0x0000, 0x0000, 0x0000, 0x0000, 0x0000, 0x0000, 0x0000, 0x0000, 0x0000, 0x0000, 0x0000,
    0xFFFF, 0xFFFF, 0x0000, 0x0000, 0x0000, 0x0000, 0x0000, 0x0000, 0x0000, 0x0000, 0x0000, 0x0000, 0x0000, 0x0000, 0x0000,
    0x0000, 0x0000, 0x0000, 0xFFFF, 0xFFFF, 0x0000, 0x0000, 0x0000, 0x0000, 0x0000, 0x0000, 0x0000, 0x0000, 0x0000, 0x0000,
    0x0000, 0x0000, 0x0000, 0x0000, 0x0000, 0x0000, 0xFFFF, 0xFFFF, 0x0000, 0x0000, 0x0000, 0x0000, 0x0000, 0x0000, 0x0000,
    0x0000, 0x0000, 0x0000, 0x0000, 0x0000, 0x0000, 0x0000, 0x0000, 0x0000, 0xFFFF, 0xFFFF, 0xFFFF, 0x0000, 0x0000, 0x0000,
    0x0000, 0x0000, 0x0000, 0x0000, 0x0000, 0x0000, 0x0000, 0x0000, 0x0000, 0x0000, 0x0000, 0x0000, 0x0000, 0xFFFF, 0xFFFF,
    0xFFFF, 0xFFFF, 0xFFFF, 0xFFFF, 0xFFFF, 0xFFFF, 0xFFFF, 0x0000, 0x0000, 0x0000, 0x0000, 0x0000, 0x0000, 0x0000, 0x0000,
    0x0000, 0x0000, 0xFFFF, 0xFFFF, 0xFFFF, 0xFFFF, 0xFFFF, 0xFFFF, 0xFFFF, 0xFFFF, 0x0000, 0x0000, 0x0000, 0x0000, 0x0000,
    0x0000, 0x0000, 0x0000,
};
static const uint8_t batteryBitmap_h_bottom_rgb565_mask[] PROGMEM = {
    0xFC, 0x03, 0x00, 0xFE, 0x03, 0x00, 0x07, 0x00, 0x00, 0x03, 0x00, 0x00, 0x03, 0x00, 0x00, 0x03, 0x00, 0x00, 0x03, 0x00,
    0x00, 0x03, 0x00, 0x00, 0x03, 0x00, 0x00, 0x03, 0x00, 0x00, 0x03, 0x00, 0x00, 0x03, 0x00, 0x00, 0x03, 0x00, 0x00, 0x03,
    0x00, 0x00, 0x03, 0x00, 0x00, 0x03, 0x00, 0x00, 0x03, 0x00, 0x00, 0x03, 0x00, 0x00, 0x03, 0x00, 0x00, 0x03, 0x00, 0x00,
    0x03, 0x00, 0x00, 0x03, 0x00, 0x00, 0x03, 0x00, 0x00, 0x07, 0x00, 0x00, 0xFE, 0x03, 0x00, 0xFC, 0x03, 0x00,
};

#define batteryBitmap_h_top_rgb565_width 18
#define batteryBitmap_h_top_rgb565_height 26
static const uint16_t batteryBitmap_h_top_rgb565[] PROGMEM = {
    0x0000, 0x0000, 0x0000, 0x0000, 0xFFFF, 0xFFFF, 0xFFFF, 0xFFFF, 0xFFFF, 0xFFFF, 0xFFFF, 0xFFFF, 0x0000, 0x0000, 0x0000,
    0x0000, 0x0000, 0x0000, 0x0000, 0x0000, 0x0000, 0x0000, 0xFFFF, 0xFFFF, 0xFFFF, 0xFFFF, 0xFFFF, 0xFFFF, 0xFFFF, 0xFFFF,
    0xFFFF, 0x0000, 0x0000, 0x0000, 0x0000, 0x0000, 0x0000, 0x0000, 0x0000, 0x0000, 0x0000, 0x0000, 0x0000, 0x0000, 0x0000,
    0x0000, 0x0000, 0xFFFF, 0xFFFF, 0xFFFF, 0x0000, 0x0000, 0x0000, 0x0000, 0x0000, 0x0000, 0x0000, 0x0000, 0x0000, 0x0000,
    0x0000, 0x0000, 0x0000, 0x0000, 0x0000, 0x0000, 0xFFFF, 0xFFFF, 0x0000, 0x0000, 0x0000, 0x0000, 0x0000, 0x0000, 0x0000,
    0x0000, 0x0000, 0x0000, 0x0000, 0x0000, 0x0000, 0x0000, 0x0000, 0x0000, 0xFFFF, 0xFFFF, 0x0000, 0x0000, 0x0000, 0x0000,
    0x0000, 0x0000, 0x0000, 0x0000, 0x0000, 0x0000, 0x0000, 0x0000, 0x0000, 0x0000, 0x0000, 0x0000, 0xFFFF, 0xFFFF, 0x0000,
    0x0000, 0x0000, 0x0000, 0x0000, 0x0000, 0x0000, 0x0000, 0x0000, 0x0000, 0x0000, 0x0000, 0x0000, 0x0000, 0x0000, 0x0000,
    0xFFFF, 0xFFFF, 0x0000, 0x0000, 0x0000, 0x0000, 0x0000, 0x0000, 0x0000, 0x0000, 0x0000, 0x0000, 0x0000, 0x0000, 0x0000,
    0x0000, 0x0000, 0x0000, 0xFFFF, 0xFFFF, 0x0000, 0x0000, 0x0000, 0x0000, 0x0000, 0x0000, 0x0000, 0x0000, 0x0000, 0x0000,
    0x0000, 0x0000, 0x0000, 0x0000, 0x0000, 0x0000, 0xFFFF, 0xFFFF, 0x0000, 0x0000, 0x0000, 0x0000, 0x0000, 0x0000, 0x0000,
    0x0000, 0x0000, 0x0000, 0x0000, 0x0000, 0x0000, 0x0000, 0x0000, 0x0000, 0xFFFF, 0xFFFF, 0x0000, 0x0000, 0x0000, 0x0000,
    0x0000, 0x0000, 0x0000, 0x0000, 0x0000, 0x0000, 0x0000, 0x0000, 0x0000, 0x0000, 0x0000, 0x0000, 0xFFFF, 0xFFFF, 0xFFFF,
    0xFFFF, 0x0000, 0x0000, 0x0000, 0x0000, 0x0000, 0x0000, 0x0000, 0x0000, 0x0000, 0x0000, 0x0000, 0x0000, 0x0000, 0x0000,
    0xFFFF, 0xFFFF, 0xFFFF, 0xFFFF, 0x0000, 0x0000, 0x0000, 0x0000, 0x0000, 0x0000, 0x0000, 0x0000, 0x0000, 0x0000, 0x0000,
    0x0000, 0x0000, 0x0000, 0xFFFF, 0xFFFF, 0xFFFF, 0xFFFF, 0x0000, 0x0000, 0x0000, 0x0000, 0x0000, 0x0000, 0x0000, 0x0000,
    0x0000, 0x0000, 0x0000, 0x0000, 0x0000, 0x0000, 0xFFFF, 0xFFFF, 0xFFFF, 0xFFFF, 0x0000, 0x0000, 0x0000, 0x0000, 0x0000,
    0x0000, 0x0000, 0x0000, 0x0000, 0x0000, 0x0000, 0x0000, 0x0000, 0x0000, 0xFFFF, 0xFFFF, 0xFFFF, 0xFFFF, 0x0000, 0x0000,
    0x0000, 0x0000, 0x0000, 0x0000, 0x0000, 0x0000, 0x0000, 0x0000, 0x0000, 0x0000, 0x0000, 0x0000, 0xFFFF, 0xFFFF, 0xFFFF,
    0xFFFF, 0x0000, 0x0000, 0x0000, 0x0000, 0x0000, 0x0000, 0x0000, 0x0000, 0x0000, 0x0000, 0x0000, 0x0000, 0x0000, 0x0000,
    0xFFFF, 0xFFFF, 0x0000, 0x0000, 0x0000, 0x0000, 0x0000, 0x0000, 0x0000, 0x0000, 0x0000, 0x0000, 0x0000, 0x0000, 0x0000,
    0x0000, 0x0000, 0x0000, 0xFFFF, 0xFFFF, 0x0000, 0x0000, 0x0000, 0x0000, 0x0000, 0x0000, 0x0000, 0x0000, 0x0000, 0x0000,
    0x0000, 0x0000, 0x0000, 0x0000, 0x0000, 0x0000, 0xFFFF, 0xFFFF, 0x0000, 0x0000, 0x0000, 0x0000, 0x0000, 0x0000, 0x0000,
    0x0000, 0x0000, 0x0000, 0x0000, 0x0000, 0x0000, 0x0000, 0x0000, 0x0000, 0xFFFF, 0xFFFF, 0x0000, 0x0000, 0x0000, 0x0000,
    0x0000, 0x0000, 0x0000, 0x0000, 0x0000, 0x0000, 0x0000, 0x0000, 0x0000, 0x0000, 0x0000, 0x0000, 0xFFFF, 0xFFFF, 0x0000,
    0x0000, 0x0000, 0x0000, 0x0000, 0x0000, 0x0000, 0x0000, 0x0000, 0x0000, 0x0000, 0x0000, 0x0000, 0x0000, 0x0000, 0x0000,
    0xFFFF, 0xFFFF, 0x0000, 0x0000, 0x0000, 0x0000, 0x0000, 0x0000, 0x0000, 0x0000, 0x0000, 0x0000, 0x0000, 0x0000, 0x0000,
    0x0000, 0x0000, 0x0000, 0xFFFF, 0xFFFF, 0x0000, 0x0000, 0x0000, 0x0000, 0x0000, 0x0000, 0x0000, 0x0000, 0x0000, 0x0000,
    0x0000, 0x0000, 0x0000, 0x0000, 0x0000, 0xFFFF, 0xFFFF, 0xFFFF, 0x0000, 0x0000, 0x0000, 0x0000, 0x0000, 0x0000, 0x0000,
    0x0000, 0xFFFF, 0xFFFF, 0xFFFF, 0xFFFF, 0xFFFF, 0xFFFF, 0xFFFF, 0xFFFF, 0xFFFF, 0x0000, 0x0000, 0x0000, 0x0000, 0x0000,
    0x0000, 0x0000, 0x0000, 0x0000, 0xFFFF, 0xFFFF, 0xFFFF, 0xFFFF, 0xFFFF, 0xFFFF, 0xFFFF, 0xFFFF, 0x0000, 0x0000, 0x0000,
    0x0000, 0x0000, 0x0000,
};
static const uint8_t batteryBitmap_h_top_rgb565_mask[] PROGMEM = {
    0xF0, 0x0F, 0x00, 0xF0, 0x1F, 0x00, 0x00, 0x38, 0x00, 0x00, 0x30, 0x00, 0x00, 0x30, 0x00, 0x00, 0x30, 0x00, 0x00, 0x30,
    0x00, 0x00, 0x30, 0x00, 0x00, 0x30, 0x00, 0x00, 0x30, 0x00, 0x00, 0xF0, 0x00, 0x00, 0xF0, 0x00, 0x00, 0xF0, 0x00, 0x00,
    0xF0, 0x00, 0x00, 0xF0, 0x00, 0x00, 0xF0, 0x00, 0x00, 0x30, 0x00, 0x00, 0x30, 0x00, 0x00, 0x30, 0x00, 0x00, 0x30, 0x00,
    0x00, 0x30, 0x00, 0x00, 0x30, 0x00, 0x00, 0x30, 0x00, 0x00, 0x38, 0x00, 0xF0, 0x1F, 0x00, 0xF0, 0x0F, 0x00,
};

#define lightning_bolt_h_rgb565_width 18
#define lightning_bolt_h_rgb565_height 26
static const uint16_t lightning_bolt_h_rgb565[] PROGMEM = {
    0x0000, 0x0000, 0x0000, 0x0000, 0x0000, 0x0000, 0x0000, 0x0000, 0x0000, 0x0000, 0x0000, 0x0000, 0x0000, 0x0000, 0x0000,
    0x0000, 0x0000, 0x0000, 0x0000, 0x0000, 0x0000, 0x0000, 0x0000, 0x0000, 0x0000, 0x0000, 0x0000, 0x0000, 0x0000, 0x0000,
    0xFFFF, 0x0000, 0x0000, 0x0000, 0x0000, 0x0000, 0x0000, 0x0000, 0x0000, 0x0000, 0x0000, 0x0000, 0x0000, 0x0000, 0x0000,
    0x0000, 0x0000, 0xFFFF, 0xFFFF, 0x0000, 0x0000, 0x0000, 0x0000, 0x0000, 0x0000, 0x0000, 0x0000, 0x0000, 0x0000, 0x0000,
    0x0000, 0x0000, 0x0000, 0x0000, 0xFFFF, 0xFFFF, 0xFFFF, 0x0000, 0x0000, 0x0000, 0x0000, 0x0000, 0x0000, 0x0000, 0x0000,
    0x0000, 0x0000, 0x0000, 0x0000, 0x0000, 0x0000, 0xFFFF, 0xFFFF, 0xFFFF, 0xFFFF, 0x0000, 0x0000, 0x0000, 0x0000, 0x0000,
    0x0000, 0x0000, 0x0000, 0x0000, 0x0000, 0x0000, 0x0000, 0x0000, 0xFFFF, 0xFFFF, 0xFFFF, 0xFFFF, 0x0000, 0x0000, 0x0000,
    0x0000, 0x0000, 0x0000, 0x0000, 0x0000, 0x0000, 0x0000, 0x0000, 0x0000, 0x0000, 0xFFFF, 0xFFFF, 0xFFFF, 0xFFFF, 0xFFFF,
    0x0000, 0x0000, 0x0000, 0x0000, 0x0000, 0x0000, 0x0000, 0x0000, 0x0000, 0x0000, 0x0000, 0x0000, 0xFFFF, 0xFFFF, 0xFFFF,
    0xFFFF, 0xFFFF, 0xFFFF, 0x0000, 0x0000, 0x0000, 0x0000, 0x0000, 0x0000, 0x0000, 0x0000, 0x0000, 0x0000, 0x0000, 0xFFFF,
    0xFFFF, 0xFFFF, 0xFFFF, 0xFFFF, 0xFFFF, 0x0000, 0x0000, 0x0000, 0x0000, 0x0000, 0x0000, 0x0000, 0x0000, 0x0000, 0x0000,
    0x0000, 0xFFFF, 0xFFFF, 0xFFFF, 0xFFFF, 0xFFFF, 0xFFFF, 0xFFFF, 0x0000, 0x0000, 0x0000, 0x0000, 0x0000, 0x0000, 0x0000,
    0x0000, 0x0000, 0x0000, 0xFFFF, 0xFFFF, 0xFFFF, 0xFFFF, 0xFFFF, 0xFFFF, 0xFFFF, 0xFFFF, 0x0000, 0x0000, 0x0000, 0x0000,
    0x0000, 0x0000, 0x0000, 0x0000, 0x0000, 0xFFFF, 0xFFFF, 0xFFFF, 0xFFFF, 0xFFFF, 0xFFFF, 0xFFFF, 0xFFFF, 0xFFFF, 0x0000,
    0x0000, 0x0000, 0x0000, 0x0000, 0x0000, 0x0000, 0x0000, 0xFFFF, 0xFFFF, 0xFFFF, 0xFFFF, 0xFFFF, 0xFFFF, 0xFFFF, 0xFFFF,
    0xFFFF, 0xFFFF, 0xFFFF, 0xFFFF, 0xFFFF, 0xFFFF, 0xFFFF, 0xFFFF, 0xFFFF, 0xFFFF, 0xFFFF, 0xFFFF, 0xFFFF, 0xFFFF, 0xFFFF,
    0xFFFF, 0xFFFF, 0xFFFF, 0xFFFF, 0xFFFF, 0xFFFF, 0xFFFF, 0xFFFF, 0xFFFF, 0xFFFF, 0xFFFF, 0x0000, 0x0000, 0x0000, 0x0000,
    0x0000, 0x0000, 0x0000, 0x0000, 0xFFFF, 0xFFFF, 0xFFFF, 0xFFFF, 0xFFFF, 0xFFFF, 0xFFFF, 0xFFFF, 0xFFFF, 0x0000, 0x0000,
    0x0000, 0x0000, 0x0000, 0x0000, 0x0000, 0x0000, 0x0000, 0xFFFF, 0xFFFF, 0xFFFF, 0xFFFF, 0xFFFF, 0xFFFF, 0xFFFF, 0xFFFF,
    0x0000, 0x0000, 0x0000, 0x0000, 0x0000, 0x0000, 0x0000, 0x0000, 0x0000, 0x0000, 0xFFFF, 0xFFFF, 0xFFFF, 0xFFFF, 0xFFFF,
    0xFFFF, 0xFFFF, 0x0000, 0x0000, 0x0000, 0x0000, 0x0000, 0x0000, 0x0000, 0x0000, 0x0000, 0x0000, 0xFFFF, 0xFFFF, 0xFFFF,
    0xFFFF, 0xFFFF, 0xFFFF, 0xFFFF, 0x0000, 0x0000, 0x0000, 0x0000, 0x0000, 0x0000, 0x0000, 0x0000, 0x0000, 0x0000, 0x0000,
    0xFFFF, 0xFFFF, 0xFFFF, 0xFFFF, 0xFFFF, 0xFFFF, 0x0000, 0x0000, 0x0000, 0x0000, 0x0000, 0x0000, 0x0000, 0x0000, 0x0000,
    0x0000, 0x0000, 0x0000, 0xFFFF, 0xFFFF, 0xFFFF, 0xFFFF, 0xFFFF, 0x0000, 0x0000, 0x0000, 0x0000, 0x0000, 0x0000, 0x0000,
    0x0000, 0x0000, 0x0000, 0x0000, 0x0000, 0x0000, 0xFFFF, 0xFFFF, 0xFFFF, 0xFFFF, 0x0000, 0x0000, 0x0000, 0x0000, 0x0000,
    0x0000, 0x0000, 0x0000, 0x0000, 0x0000, 0x0000, 0x0000, 0x0000, 0xFFFF, 0xFFFF, 0xFFFF, 0xFFFF, 0x0000, 0x0000, 0x0000,
    0x0000, 0x0000, 0x0000, 0x0000, 0x0000, 0x0000, 0x0000, 0x0000, 0x0000, 0x0000, 0x0000, 0xFFFF, 0xFFFF, 0xFFFF, 0x0000,
    0x0000, 0x0000, 0x0000, 0x0000, 0x0000, 0x0000, 0x0000, 0x0000, 0x0000, 0x0000, 0x0000, 0x0000, 0x0000, 0x0000, 0xFFFF,
    0xFFFF, 0x0000, 0x0000, 0x0000, 0x0000, 0x0000, 0x0000, 0x0000, 0x0000, 0x0000, 0x0000, 0x0000, 0x0000, 0x0000, 0x0000,
    0x0000, 0x0000, 0xFFFF, 0x0000, 0x0000, 0x0000, 0x0000, 0x0000, 0x0000, 0x0000, 0x0000, 0x0000, 0x0000, 0x0000, 0x0000,
    0x0000, 0x0000, 0x0000, 0x0000, 0x0000, 0x0000, 0x0000, 0x0000, 0x0000, 0x0000, 0x0000, 0x0000, 0x0000, 0x0000, 0x0000,
    0x0000, 0x0000, 0x0000,
};
static const uint8_t lightning_bolt_h_rgb565_mask[] PROGMEM = {
    0x00, 0x00, 0x00, 0x00, 0x10, 0x00, 0x00, 0x18, 0x00, 0x00, 0x1C, 0x00, 0x00, 0x1E, 0x00, 0x00, 0x0F, 0x00, 0x80, 0x0F,
    0x00, 0xC0, 0x0F, 0x00, 0xE0, 0x07, 0x00, 0xF0, 0x07, 0x00, 0xF8, 0x07, 0x00, 0xFC, 0x07, 0x00, 0xFE, 0xFF, 0x03, 0xFF,
    0xFF, 0x01, 0x80, 0xFF, 0x00, 0x80, 0x7F, 0x00, 0x80, 0x3F, 0x00, 0xC0, 0x1F, 0x00, 0xC0, 0x0F, 0x00, 0xC0, 0x07, 0x00,
    0xC0, 0x03, 0x00, 0xE0, 0x01, 0x00, 0xE0, 0x00, 0x00, 0x60, 0x00, 0x00, 0x20, 0x00, 0x00, 0x00, 0x00, 0x00,
};

#define batteryBitmap_v_rgb565_width 14
#define batteryBitmap_v_rgb565_height 22
static const uint16_t batteryBitmap_v_rgb565[] PROGMEM = {
    0x0000, 0x0000, 0x0000, 0x0000, 0xFFFF, 0xFFFF, 0xFFFF, 0xFFFF, 0xFFFF, 0xFFFF, 0x0000, 0x0000, 0x0000, 0x0000, 0x0000,
    0x0000, 0x0000, 0x0000, 0xFFFF, 0xFFFF, 0xFFFF, 0xFFFF, 0xFFFF, 0xFFFF, 0x0000, 0x0000, 0x0000, 0x0000, 0x0000, 0x0000,
    0xFFFF, 0xFFFF, 0xFFFF, 0xFFFF, 0xFFFF, 0xFFFF, 0xFFFF, 0xFFFF, 0xFFFF, 0xFFFF, 0x0000, 0x0000, 0x0000, 0xFFFF, 0xFFFF,
    0xFFFF, 0xFFFF, 0xFFFF, 0xFFFF, 0xFFFF, 0xFFFF, 0xFFFF, 0xFFFF, 0xFFFF, 0xFFFF, 0x0000, 0xFFFF, 0xFFFF, 0xFFFF, 0x0000,
    0x0000, 0x0000, 0x0000, 0x0000, 0x0000, 0x0000, 0x0000, 0xFFFF, 0xFFFF, 0xFFFF, 0xFFFF, 0xFFFF, 0x0000, 0x0000, 0x0000,
    0x0000, 0x0000, 0x0000, 0x0000, 0x0000, 0x0000, 0x0000, 0xFFFF, 0xFFFF, 0xFFFF, 0xFFFF, 0x0000, 0x0000, 0x0000, 0x0000,
    0x0000, 0x0000, 0x0000, 0x0000, 0x0000, 0x0000, 0xFFFF, 0xFFFF, 0xFFFF, 0xFFFF, 0x0000, 0x0000, 0x0000, 0x0000, 0x0000,
    0x0000, 0x0000, 0x0000, 0x0000, 0x0000, 0xFFFF, 0xFFFF, 0x0000, 0x0000, 0x0000, 0x0000, 0x0000, 0x0000, 0x0000, 0x0000,
    0x0000, 0x0000, 0x0000, 0x0000, 0x0000, 0x0000, 0x0000, 0x0000, 0x0000, 0x0000, 0x0000, 0x0000, 0x0000, 0x0000, 0x0000,
    0x0000, 0x0000, 0x0000, 0x0000, 0x0000, 0x0000, 0x0000, 0x0000, 0x0000, 0x0000, 0x0000, 0x0000, 0x0000, 0x0000, 0x0000,
    0x0000, 0x0000, 0x0000, 0x0000, 0x0000, 0x0000, 0x0000, 0x0000, 0x0000, 0x0000, 0x0000, 0x0000, 0x0000, 0x0000, 0x0000,
    0x0000, 0x0000, 0x0000, 0x0000, 0x0000, 0x0000, 0x0000, 0x0000, 0x0000, 0x0000, 0x0000, 0x0000, 0x0000, 0x0000, 0x0000,
    0x0000, 0x0000, 0x0000, 0x0000, 0x0000, 0x0000, 0x0000, 0x0000, 0x0000, 0x0000, 0x0000, 0x0000, 0x0000, 0x0000, 0x0000,
    0x0000, 0xFFFF, 0xFFFF, 0x0000, 0x0000, 0x0000, 0x0000, 0x0000, 0x0000, 0x0000, 0x0000, 0x0000, 0x0000, 0xFFFF, 0xFFFF,
    0xFFFF, 0xFFFF, 0x0000, 0x0000, 0x0000, 0x0000, 0x0000, 0x0000, 0x0000, 0x0000, 0x0000, 0x0000, 0xFFFF, 0xFFFF, 0xFFFF,
    0xFFFF, 0x0000, 0x0000, 0x0000, 0x0000, 0x0000, 0x0000, 0x0000, 0x0000, 0x0000, 0x0000, 0xFFFF, 0xFFFF, 0xFFFF, 0xFFFF,
    0x0000, 0x0000, 0x0000, 0x0000, 0x0000, 0x0000, 0x0000, 0x0000, 0x0000, 0x0000, 0xFFFF, 0xFFFF, 0xFFFF, 0xFFFF, 0x0000,
    0x0000, 0x0000, 0x0000, 0x0000, 0x0000, 0x0000, 0x0000, 0x0000, 0x0000, 0xFFFF, 0xFFFF, 0xFFFF, 0xFFFF, 0xFFFF, 0x0000,
    0x0000, 0x0000, 0x0000, 0x0000, 0x0000, 0x0000, 0x0000, 0xFFFF, 0xFFFF, 0xFFFF, 0x0000, 0xFFFF, 0xFFFF, 0xFFFF, 0xFFFF,
    0xFFFF, 0xFFFF, 0xFFFF, 0xFFFF, 0xFFFF, 0xFFFF, 0xFFFF, 0xFFFF, 0x0000, 0x0000, 0x0000, 0xFFFF, 0xFFFF, 0xFFFF, 0xFFFF,
    0xFFFF, 0xFFFF, 0xFFFF, 0xFFFF, 0xFFFF, 0xFFFF, 0x0000, 0x0000,
};
static const uint8_t batteryBitmap_v_rgb565_mask[] PROGMEM = {
    0xF0, 0x03, 0xF0, 0x03, 0xFC, 0x0F, 0xFE, 0x1F, 0x07, 0x38, 0x03, 0x30, 0x03, 0x30, 0x03,
    0x30, 0x00, 0x00, 0x00, 0x00, 0x00, 0x00, 0x00, 0x00, 0x00, 0x00, 0x00, 0x00, 0x03, 0x30,
    0x03, 0x30, 0x03, 0x30, 0x03, 0x30, 0x03, 0x30, 0x07, 0x38, 0xFE, 0x1F, 0xFC, 0x0F,
};

#define lightning_bolt_v_rgb565_width 10
#define lightning_bolt_v_rgb565_height 10
static const uint16_t lightning_bolt_v_rgb565[] PROGMEM = {
    0x0000, 0x0000, 0x0000, 0x0000, 0xFFFF, 0xFFFF, 0x0000, 0x0000, 0x0000, 0x0000, 0x0000, 0x0000, 0x0000, 0xFFFF, 0xFFFF,
    0xFFFF, 0x0000, 0x0000, 0x0000, 0x0000, 0x0000, 0x0000, 0xFFFF, 0xFFFF, 0xFFFF, 0xFFFF, 0x0000, 0x0000, 0x0000, 0x0000,
    0x0000, 0xFFFF, 0xFFFF, 0xFFFF, 0xFFFF, 0xFFFF, 0x0000, 0x0000, 0x0000, 0x0000, 0xFFFF, 0xFFFF, 0xFFFF, 0xFFFF, 0xFFFF,
    0xFFFF, 0xFFFF, 0xFFFF, 0xFFFF, 0xFFFF, 0xFFFF, 0xFFFF, 0xFFFF, 0xFFFF, 0xFFFF, 0xFFFF, 0xFFFF, 0xFFFF, 0xFFFF, 0xFFFF,
    0x0000, 0x0000, 0x0000, 0x0000, 0xFFFF, 0xFFFF, 0xFFFF, 0xFFFF, 0xFFFF, 0x0000, 0x0000, 0x0000, 0x0000, 0x0000, 0xFFFF,
    0xFFFF, 0xFFFF, 0xFFFF, 0x0000, 0x0000, 0x0000, 0x0000, 0x0000, 0x0000, 0xFFFF, 0xFFFF, 0xFFFF, 0x0000, 0x0000, 0x0000,
    0x0000, 0x0000, 0x0000, 0x0000, 0xFFFF, 0xFFFF, 0x0000, 0x0000, 0x0000, 0x0000,
};
static const uint8_t lightning_bolt_v_rgb565_mask[] PROGMEM = {
    0x30, 0x00, 0x38, 0x00, 0x3C, 0x00, 0x3E, 0x00, 0xFF, 0x03, 0xFF, 0x03, 0xF0, 0x01, 0xF0, 0x00, 0x70, 0x00, 0x30, 0x00,
};

#define mail_rgb565_width 20
#define mail_rgb565_height 14
static const uint16_t mail_rgb565[] PROGMEM = {
    0xFFFF, 0xFFFF, 0xFFFF, 0xFFFF, 0xFFFF, 0xFFFF, 0xFFFF, 0xFFFF, 0xFFFF, 0xFFFF, 0xFFFF, 0xFFFF, 0xFFFF, 0xFFFF, 0xFFFF,
    0xFFFF, 0x0000, 0x0000, 0x0000, 0x0000, 0xFFFF, 0xFFFF, 0xFFFF, 0xFFFF, 0xFFFF, 0xFFFF, 0xFFFF, 0xFFFF, 0xFFFF, 0xFFFF,
    0xFFFF, 0xFFFF, 0xFFFF, 0xFFFF, 0xFFFF, 0xFFFF, 0x0000, 0x0000, 0x0000, 0x0000, 0xFFFF, 0xFFFF, 0x0000, 0x0000, 0x0000,
    0x0000, 0x0000, 0x0000, 0x0000, 0x0000, 0x0000, 0x0000, 0x0000, 0x0000, 0xFFFF, 0xFFFF, 0x0000, 0x0000, 0x0000, 0x0000,
    0xFFFF, 0xFFFF, 0xFFFF, 0x0000, 0x0000, 0x0000, 0x0000, 0x0000, 0x0000, 0x0000, 0x0000, 0x0000, 0x0000, 0xFFFF, 0xFFFF,
    0xFFFF, 0x0000, 0x0000, 0x0000, 0x0000, 0xFFFF, 0xFFFF, 0xFFFF, 0xFFFF, 0x0000, 0x0000, 0x0000, 0x0000, 0x0000, 0x0000,
    0x0000, 0x0000, 0xFFFF, 0xFFFF, 0xFFFF, 0xFFFF, 0x0000, 0x0000, 0x0000, 0x0000, 0xFFFF, 0xFFFF, 0xFFFF, 0xFFFF, 0xFFFF,
    0x0000, 0x0000, 0x0000, 0x0000, 0x0000, 0x0000, 0xFFFF, 0xFFFF, 0xFFFF, 0xFFFF, 0xFFFF, 0x0000, 0x0000, 0x0000, 0x0000,
    0xFFFF, 0xFFFF, 0x0000, 0xFFFF, 0xFFFF, 0xFFFF, 0x0000, 0x0000, 0x0000, 0x0000, 0xFFFF, 0xFFFF, 0xFFFF, 0x0000, 0xFFFF,
    0xFFFF, 0x0000, 0x0000, 0x0000, 0x0000, 0xFFFF, 0xFFFF, 0x0000, 0x0000, 0xFFFF, 0xFFFF, 0xFFFF, 0x0000, 0x0000, 0xFFFF,
    0xFFFF, 0xFFFF, 0x0000, 0x0000, 0xFFFF, 0xFFFF, 0x0000, 0x0000, 0x0000, 0x0000, 0xFFFF, 0xFFFF, 0x0000, 0x0000, 0x0000,
    0xFFFF, 0xFFFF, 0xFFFF, 0xFFFF, 0xFFFF, 0xFFFF, 0x0000, 0x0000, 0x0000, 0xFFFF, 0xFFFF, 0x0000, 0x0000, 0x0000, 0x0000,
    0xFFFF, 0xFFFF, 0x0000, 0x0000, 0x0000, 0x0000, 0xFFFF, 0xFFFF, 0xFFFF, 0xFFFF, 0x0000, 0x0000, 0x0000, 0x0000, 0xFFFF,
    0xFFFF, 0x0000, 0x0000, 0x0000, 0x0000, 0xFFFF, 0xFFFF, 0x0000, 0x0000, 0x0000, 0x0000, 0x0000, 0xFFFF, 0xFFFF, 0x0000,
    0x0000, 0x0000, 0x0000, 0x0000, 0xFFFF, 0xFFFF, 0x0000, 0x0000, 0x0000, 0x0000, 0xFFFF, 0xFFFF, 0x0000, 0x0000, 0x0000,
    0x0000, 0x0000, 0x0000, 0x0000, 0x0000, 0x0000, 0x0000, 0x0000, 0x0000, 0xFFFF, 0xFFFF, 0x0000, 0x0000, 0x0000, 0x0000,
    0xFFFF, 0xFFFF, 0xFFFF, 0xFFFF, 0xFFFF, 0xFFFF, 0xFFFF, 0xFFFF, 0xFFFF, 0xFFFF, 0xFFFF, 0xFFFF, 0xFFFF, 0xFFFF, 0xFFFF,
    0xFFFF, 0x0000, 0x0000, 0x0000, 0x0000, 0xFFFF, 0xFFFF, 0xFFFF, 0xFFFF, 0xFFFF, 0xFFFF, 0xFFFF, 0xFFFF, 0xFFFF, 0xFFFF,
    0xFFFF, 0xFFFF, 0xFFFF, 0xFFFF, 0xFFFF, 0xFFFF, 0x0000, 0x0000, 0x0000, 0x0000,
};
static const uint8_t mail_rgb565_mask[] PROGMEM = {
    0xFF, 0xFF, 0x00, 0xFF, 0xFF, 0x00, 0x03, 0xC0, 0x00, 0x07, 0xE0, 0x00, 0x0F, 0xF0, 0x00, 0x1F, 0xF8, 0x00, 0x3B, 0xDC, 0x00,
    0x73, 0xCE, 0x00, 0xE3, 0xC7, 0x00, 0xC3, 0xC3, 0x00, 0x83, 0xC1, 0x00, 0x03, 0xC0, 0x00, 0xFF, 0xFF, 0x00, 0xFF, 0xFF, 0x00,
};

#define imghop_rgb565_width 18
#define imghop_rgb565_height 20
static const uint16_t imghop_rgb565[] PROGMEM = {
    0xFFFF, 0xFFFF, 0x0000, 0x0000, 0xFFFF, 0xFFFF, 0x0000, 0x0000, 0x0000, 0x0000, 0x0000, 0x0000, 0x0000, 0x0000, 0x0000,
    0x0000, 0x0000, 0x0000, 0xFFFF, 0xFFFF, 0x0000, 0x0000, 0xFFFF, 0xFFFF, 0x0000, 0x0000, 0x0000, 0x0000, 0x0000, 0x0000,
    0x0000, 0x0000, 0x0000, 0x0000, 0x0000, 0x0000, 0xFFFF, 0xFFFF, 0xFFFF, 0xFFFF, 0xFFFF, 0xFFFF, 0x0000, 0x0000, 0x0000,
    0x0000, 0x0000, 0x0000, 0x0000, 0x0000, 0x0000, 0x0000, 0x0000, 0x0000, 0xFFFF, 0xFFFF, 0xFFFF, 0xFFFF, 0xFFFF, 0xFFFF,
    0x0000, 0x0000, 0x0000, 0x0000, 0x0000, 0x0000, 0x0000, 0x0000, 0x0000, 0x0000, 0x0000, 0x0000, 0xFFFF, 0xFFFF, 0x0000,
    0x0000, 0xFFFF, 0xFFFF, 0x0000, 0x0000, 0x0000, 0x0000, 0x0000, 0x0000, 0x0000, 0x0000, 0x0000, 0x0000, 0x0000, 0x0000,
    0xFFFF, 0xFFFF, 0x0000, 0x0000, 0xFFFF, 0xFFFF, 0x0000, 0x0000, 0x0000, 0x0000, 0x0000, 0x0000, 0x0000, 0x0000, 0x0000,
    0x0000, 0x0000, 0x0000, 0x0000, 0x0000, 0x0000, 0x0000, 0x0000, 0x0000, 0x0000, 0xFFFF, 0xFFFF, 0xFFFF, 0xFFFF, 0x0000,
    0x0000, 0x0000, 0x0000, 0x0000, 0x0000, 0x0000, 0x0000, 0x0000, 0x0000, 0x0000, 0x0000, 0x0000, 0xFFFF, 0xFFFF, 0xFFFF,
    0xFFFF, 0xFFFF, 0xFFFF, 0x0000, 0x0000, 0x0000, 0x0000, 0x0000, 0x0000, 0x0000, 0x0000, 0x0000, 0x0000, 0x0000, 0x0000,
    0xFFFF, 0xFFFF, 0x0000, 0x0000, 0xFFFF, 0xFFFF, 0x0000, 0x0000, 0x0000, 0x0000, 0x0000, 0x0000, 0x0000, 0x0000, 0x0000,
    0x0000, 0x0000, 0x0000, 0xFFFF, 0xFFFF, 0x0000, 0x0000, 0xFFFF, 0xFFFF, 0x0000, 0x0000, 0x0000, 0x0000, 0x0000, 0x0000,
    0x0000, 0x0000, 0x0000, 0x0000, 0x0000, 0x0000, 0xFFFF, 0xFFFF, 0xFFFF, 0xFFFF, 0xFFFF, 0xFFFF, 0x0000, 0x0000, 0x0000,
    0x0000, 0x0000, 0x0000, 0x0000, 0x0000, 0x0000, 0x0000, 0x0000, 0x0000, 0x0000, 0xFFFF, 0xFFFF, 0xFFFF, 0xFFFF, 0x0000,
    0x0000, 0x0000, 0x0000, 0x0000, 0x0000, 0x0000, 0x0000, 0x0000, 0x0000, 0x0000, 0x0000, 0x0000, 0x0000, 0x0000, 0x0000,
    0x0000, 0x0000, 0x0000, 0x0000, 0xFFFF, 0xFFFF, 0xFFFF, 0xFFFF, 0x0000, 0x0000, 0x0000, 0x0000, 0x0000, 0x0000, 0x0000,
    0x0000, 0x0000, 0x0000, 0x0000, 0x0000, 0x0000, 0xFFFF, 0xFFFF, 0xFFFF, 0xFFFF, 0xFFFF, 0xFFFF, 0x0000, 0x0000, 0x0000,
    0x0000, 0x0000, 0x0000, 0x0000, 0x0000, 0x0000, 0x0000, 0x0000, 0x0000, 0xFFFF, 0xFFFF, 0x0000, 0x0000, 0xFFFF, 0xFFFF,
    0x0000, 0x0000, 0x0000, 0x0000, 0x0000, 0x0000, 0x0000, 0x0000, 0x0000, 0x0000, 0x0000, 0x0000, 0xFFFF, 0xFFFF, 0x0000,
    0x0000, 0xFFFF, 0xFFFF, 0x0000, 0x0000, 0x0000, 0x0000, 0x0000, 0x0000, 0x0000, 0x0000, 0x0000, 0x0000, 0x0000, 0x0000,
    0xFFFF, 0xFFFF, 0xFFFF, 0xFFFF, 0xFFFF, 0xFFFF, 0x0000, 0x0000, 0x0000, 0x0000, 0x0000, 0x0000, 0x0000, 0x0000, 0x0000,
    0x0000, 0x0000, 0x0000, 0xFFFF, 0xFFFF, 0xFFFF, 0xFFFF, 0xFFFF, 0x0000, 0x0000, 0x0000, 0x0000, 0x0000, 0x0000, 0x0000,
    0x0000, 0x0000, 0x0000, 0x0000, 0x0000, 0x0000, 0xFFFF, 0xFFFF, 0x0000, 0x0000, 0x0000, 0x0000, 0x0000, 0x0000, 0x0000,
    0x0000, 0x0000, 0x0000, 0x0000, 0x0000, 0x0000, 0x0000, 0x0000, 0x0000, 0xFFFF, 0xFFFF, 0x0000, 0x0000, 0x0000, 0x0000,
};
static const uint8_t imghop_rgb565_mask[] PROGMEM = {
    0x33, 0x00, 0x00, 0x33, 0x00, 0x00, 0x3F, 0x00, 0x00, 0x3F, 0x00, 0x00, 0x33, 0x00, 0x00, 0x33, 0x00, 0x00, 0x80, 0x07,
    0x00, 0xC0, 0x0F, 0x00, 0xC0, 0x0C, 0x00, 0xC0, 0x0C, 0x00, 0xC0, 0x0F, 0x00, 0x80, 0x07, 0x00, 0x00, 0xE0, 0x01, 0x00,
    0xF0, 0x03, 0x00, 0x30, 0x03, 0x00, 0x30, 0x03, 0x00, 0xF0, 0x03, 0x00, 0xF0, 0x01, 0x00, 0x30, 0x00, 0x00, 0x30, 0x00,
};

#define icon_mail_rgb565_width 16
#define icon_mail_rgb565_height 16
static const uint16_t icon_mail_rgb565[] PROGMEM = {
    0x0000, 0x0000, 0x0000, 0x0000, 0x0000, 0x0000, 0x0000, 0x0000, 0x0000, 0x0000, 0x0000, 0x0000, 0x0000, 0x0000, 0x0000,
    0x0000, 0x0000, 0x0000, 0x0000, 0x5AEB, 0x5AEB, 0x5AEB, 0x5AEB, 0x5AEB, 0x5AEB, 0x39C7, 0x39C7, 0x39C7, 0x39C7, 0x0000,
    0x0000, 0x0000, 0x0000, 0x0000, 0x5AEB, 0xCE79, 0xE73C, 0xE73C, 0xE73C, 0xE73C, 0xE73C, 0xCE79, 0xCE79, 0xBDD7, 0x9CD3,
    0x39C7, 0x0000, 0x0000, 0x0000, 0x5AEB, 0xCE79, 0xFFFF, 0xFFFF, 0xE73C, 0xCE79, 0xCE79, 0xCE79, 0xCE79, 0xCE79, 0xCE79,
    0xBDD7, 0x9CD3, 0x39C7, 0x0000, 0x5AEB, 0xCE79, 0xFFFF, 0xFFFF, 0xE73C, 0xCE79, 0xCE79, 0xCE79, 0xCE79, 0xCE79, 0xCE79,
    0xCE79, 0xBDD7, 0xBDD7, 0x9CD3, 0x39C7, 0x5AEB, 0xCE79, 0xFFFF, 0xE73C, 0xCE79, 0xCE79, 0xCE79, 0xCE79, 0xCE79, 0xCE79,
    0xCE79, 0xCE79, 0xBDD7, 0xBDD7, 0x8410, 0x39C7, 0x5AEB, 0xCE79, 0xE73C, 0xCE79, 0x5AEB, 0x5AEB, 0xCE79, 0x5AEB, 0x5AEB,
    0xCE79, 0x5AEB, 0x5AEB, 0xBDD7, 0xBDD7, 0x8410, 0x2945, 0x39C7, 0xCE79, 0xE73C, 0xCE79, 0x39C7, 0x39C7, 0xCE79, 0x39C7,
    0x39C7, 0xCE79, 0x39C7, 0x39C7, 0xBDD7, 0xBDD7, 0x8410, 0x2945, 0x39C7, 0xBDD7, 0xCE79, 0xCE79, 0xCE79, 0xCE79, 0xCE79,
    0xCE79, 0xCE79, 0xCE79, 0xCE79, 0xBDD7, 0xBDD7, 0x9CD3, 0x8410, 0x2945, 0x39C7, 0x9CD3, 0xBDD7, 0xBDD7, 0xBDD7, 0xBDD7,
    0xBDD7, 0xBDD7, 0xBDD7, 0xBDD7, 0xBDD7, 0xBDD7, 0x9CD3, 0x8410, 0x2945, 0x0000, 0x0000, 0x39C7, 0x8410, 0x9CD3, 0x9CD3,
    0x9CD3, 0x9CD3, 0x9CD3, 0x9CD3, 0x9CD3, 0x8410, 0x8410, 0x8410, 0x2945, 0x0000, 0x0000, 0x0000, 0x0000, 0x39C7, 0x39C7,
    0x8410, 0x9CD3, 0x9CD3, 0x9CD3, 0x8410, 0x8410, 0x2945, 0x2945, 0x2945, 0x0000, 0x0000, 0x0000, 0x0000, 0x0000, 0x0000,
    0x0000, 0x39C7, 0x8410, 0x8410, 0x8410, 0x2945, 0x2945, 0x0000, 0x0000, 0x0000, 0x0000, 0x0000, 0x0000, 0x0000, 0x0000,
    0x0000, 0x39C7, 0x8410, 0x8410, 0x2945, 0x2945, 0x0000, 0x0000, 0x0000, 0x0000, 0x0000, 0x0000, 0x0000, 0x0000, 0x0000,
    0x0000, 0x0000, 0x39C7, 0x39C7, 0x2945, 0x0000, 0x0000, 0x0000, 0x0000, 0x0000, 0x0000, 0x0000, 0x0000, 0x0000, 0x0000,
    0x0000, 0x0000, 0x0000, 0x0000, 0x0000, 0x0000, 0x0000, 0x0000, 0x0000, 0x0000, 0x0000, 0x0000, 0x0000, 0x0000, 0x0000,
    0x0000,
};
static const uint8_t icon_mail_rgb565_mask[] PROGMEM = {
    0x00, 0x00, 0xF8, 0x1F, 0xFC, 0x3F, 0xFE, 0x7F, 0xFF, 0xFF, 0xFF, 0xFF, 0xFF, 0xFF, 0xFF, 0xFF,
    0xFF, 0xFF, 0xFF, 0x7F, 0xFE, 0x3F, 0xFC, 0x1F, 0xF0, 0x03, 0xF8, 0x00, 0x38, 0x00, 0x00, 0x00,
};

#define icon_compass_rgb565_width 16
#define icon_compass_rgb565_height 16
static const uint16_t icon_compass_rgb565[] PROGMEM = {
    0x0000, 0x0000, 0x0000, 0x0000, 0x0000, 0x5AEB, 0x5AEB, 0x5AEB, 0x5AEB, 0x5AEB, 0x5AEB, 0x0000, 0x0000, 0x0000, 0x0000,
    0x0000, 0x0000, 0x0000, 0x0000, 0x5AEB, 0x5AEB, 0xFFFF, 0xFFFF, 0xE73C, 0xE73C, 0xE73C, 0xCE79, 0x39C7, 0x39C7, 0x0000,
    0x0000, 0x0000, 0x0000, 0x0000, 0x5AEB, 0xFFFF, 0xFFFF, 0x39C7, 0x39C7, 0x39C7, 0x39C7, 0x39C7, 0x39C7, 0xCE79, 0xCE79,
    0x39C7, 0x0000, 0x0000, 0x0000, 0x5AEB, 0xFFFF, 0xE73C, 0x39C7, 0xBDD7, 0xBDD7, 0xCE79, 0xCE79, 0xCE79, 0xCE79, 0x39C7,
    0xBDD7, 0xCE79, 0x39C7, 0x0000, 0x0000, 0x5AEB, 0xFFFF, 0x39C7, 0xBDD7, 0xCE79, 0xE73C, 0xE73C, 0xE73C, 0xE73C, 0xE73C,
    0xE73C, 0x39C7, 0xBDD7, 0x39C7, 0x0000, 0x5AEB, 0xFFFF, 0x39C7, 0xBDD7, 0xCE79, 0xE73C, 0xE73C, 0xE73C, 0xE73C, 0xF1E8,
    0xF1E8, 0xE73C, 0xE73C, 0x39C7, 0xBDD7, 0x39C7, 0x5AEB, 0xFFFF, 0x39C7, 0xBDD7, 0xE73C, 0xE73C, 0xE73C, 0xF1E8, 0xF1E8,
    0xF1E8, 0xC908, 0xE73C, 0xE73C, 0x39C7, 0xBDD7, 0x39C7, 0x5AEB, 0xCE79, 0x39C7, 0xCE79, 0xE73C, 0xE73C, 0x52AA, 0x4A49,
    0xF1E8, 0xC908, 0xE73C, 0xE73C, 0xE73C, 0x5AEB, 0x9CD3, 0x2945, 0x5AEB, 0xCE79, 0x39C7, 0xCE79, 0xE73C, 0xE73C, 0x52AA,
    0x52AA, 0x4A49, 0xC908, 0xE73C, 0xE73C, 0xE73C, 0x5AEB, 0x9CD3, 0x2945, 0x5AEB, 0xCE79, 0x39C7, 0xCE79, 0xE73C, 0x52AA,
    0x52AA, 0x39C7, 0x39C7, 0xE73C, 0xE73C, 0xE73C, 0xE73C, 0x5AEB, 0x9CD3, 0x2945, 0x39C7, 0xBDD7, 0x39C7, 0xCE79, 0xE73C,
    0x52AA, 0x39C7, 0xE73C, 0xE73C, 0xE73C, 0xE73C, 0xE73C, 0xE73C, 0x5AEB, 0x9CD3, 0x2945, 0x0000, 0x39C7, 0xBDD7, 0x39C7,
    0xE73C, 0xE73C, 0xE73C, 0xE73C, 0xE73C, 0xE73C, 0xE73C, 0xE73C, 0x5AEB, 0x9CD3, 0x2945, 0x0000, 0x0000, 0x39C7, 0x9CD3,
    0xBDD7, 0x5AEB, 0xE73C, 0xE73C, 0xE73C, 0xE73C, 0xE73C, 0xE73C, 0x5AEB, 0x9CD3, 0x8410, 0x2945, 0x0000, 0x0000, 0x0000,
    0x39C7, 0x9CD3, 0x9CD3, 0x5AEB, 0x5AEB, 0x5AEB, 0x5AEB, 0x5AEB, 0x5AEB, 0x8410, 0x8410, 0x2945, 0x0000, 0x0000, 0x0000,
    0x0000, 0x0000, 0x39C7, 0x2945, 0x8410, 0x8410, 0x8410, 0x8410, 0x8410, 0x8410, 0x2945, 0x2945, 0x0000, 0x0000, 0x0000,
    0x0000, 0x0000, 0x0000, 0x0000, 0x0000, 0x2945, 0x2945, 0x2945, 0x2945, 0x2945, 0x2945, 0x0000, 0x0000, 0x0000, 0x0000,
    0x0000,
};
static const uint8_t icon_compass_rgb565_mask[] PROGMEM = {
    0xE0, 0x07, 0xF8, 0x1F, 0xFC, 0x3F, 0xFE, 0x7F, 0xFE, 0x7F, 0xFF, 0xFF, 0xFF, 0xFF, 0xFF, 0xFF,
    0xFF, 0xFF, 0xFF, 0xFF, 0xFF, 0xFF, 0xFE, 0x7F, 0xFE, 0x7F, 0xFC, 0x3F, 0xF8, 0x1F, 0xE0, 0x07,
};

#define icon_map_rgb565_width 16
#define icon_map_rgb565_height 16
static const uint16_t icon_map_rgb565[] PROGMEM = {
    0x0000, 0x0000, 0x0000, 0x5AEB, 0x5AEB, 0x39C7, 0x0000, 0x0000, 0x0000, 0x0000, 0x5AEB, 0x5AEB, 0x39C7, 0x0000, 0x0000,
    0x0000, 0x39C7, 0x5AEB, 0x5AEB, 0xE73C, 0xE73C, 0xBDD7, 0x39C7, 0x39C7, 0x5AEB, 0x5AEB, 0xE73C, 0xE73C, 0xBDD7, 0x39C7,
    0x39C7, 0x39C7, 0x39C7, 0xCE79, 0xE73C, 0x539F, 0x3A5F, 0x4916, 0xBDD7, 0xCE79, 0xCE79, 0xE73C, 0x539F, 0x3A5F, 0x4916,
    0xBDD7, 0xBDD7, 0x39C7, 0x39C7, 0xCE79, 0x539F, 0x539F, 0x3A5F, 0x4916, 0x4916, 0x3A5F, 0x3A5F, 0x539F, 0x539F, 0x3A5F,
    0x4916, 0x4916, 0xBDD7, 0x2945, 0x39C7, 0xCE79, 0x539F, 0x46AA, 0x3A5F, 0x2D87, 0x1BC6, 0x3A5F, 0x3A5F, 0x46AA, 0x46AA,
    0x2D87, 0x1BC6, 0x4916, 0xBDD7, 0x2945, 0x39C7, 0xCE79, 0x539F, 0x46AA, 0x2D87, 0x2D87, 0x1BC6, 0x3A5F, 0x2D87, 0x46AA,
    0x46AA, 0x2D87, 0x2D87, 0x1BC6, 0xBDD7, 0x2945, 0x39C7, 0xCE79, 0x539F, 0x539F, 0x2D87, 0x1BC6, 0x4916, 0x3A5F, 0x3A5F,
    0x46AA, 0x2D87, 0x2D87, 0x1BC6, 0x1BC6, 0xBDD7, 0x2945, 0x39C7, 0xCE79, 0x539F, 0x539F, 0x2D87, 0x4916, 0x4916, 0x3A5F,
    0x46AA, 0x46AA, 0x539F, 0x2D87, 0x1BC6, 0x4916, 0xBDD7, 0x2945, 0x39C7, 0xCE79, 0x539F, 0x539F, 0x3A5F, 0x4916, 0x1BC6,
    0x3A5F, 0x2D87, 0x46AA, 0x2D87, 0x3A5F, 0x4916, 0x4916, 0xBDD7, 0x2945, 0x39C7, 0xCE79, 0x539F, 0x539F, 0x3A5F, 0x2D87,
    0x1BC6, 0x3A5F, 0x3A5F, 0x46AA, 0x539F, 0x3A5F, 0x4916, 0x4916, 0xBDD7, 0x2945, 0x39C7, 0xCE79, 0x539F, 0x539F, 0x3A5F,
    0x2D87, 0x1BC6, 0x3A5F, 0x3A5F, 0x2D87, 0x539F, 0x3A5F, 0x4916, 0x1BC6, 0xBDD7, 0x2945, 0x39C7, 0xCE79, 0x539F, 0x539F,
    0x3A5F, 0x1BC6, 0x4916, 0x3A5F, 0x3A5F, 0x539F, 0x539F, 0x3A5F, 0x4916, 0x4916, 0xBDD7, 0x2945, 0x39C7, 0xCE79, 0x539F,
    0x539F, 0x3A5F, 0x4916, 0x4916, 0x3A5F, 0x3A5F, 0x539F, 0x539F, 0x3A5F, 0x4916, 0x4916, 0xBDD7, 0x2945, 0x39C7, 0xCE79,
    0x539F, 0xE73C, 0xE73C, 0xBDD7, 0x4916, 0x3A5F, 0x3A5F, 0x539F, 0xE73C, 0xE73C, 0xBDD7, 0x4916, 0xBDD7, 0x2945, 0x39C7,
    0xCE79, 0xE73C, 0x2945, 0x2945, 0x2945, 0xBDD7, 0xCE79, 0xCE79, 0xE73C, 0x2945, 0x2945, 0x2945, 0xBDD7, 0xBDD7, 0x2945,
    0x39C7, 0x39C7, 0x2945, 0x0000, 0x0000, 0x0000, 0x2945, 0x2945, 0x2945, 0x2945, 0x0000, 0x0000, 0x0000, 0x2945, 0x2945,
    0x2945,
};
static const uint8_t icon_map_rgb565_mask[] PROGMEM = {
    0x38, 0x1C, 0xFF, 0xFF, 0xFF, 0xFF, 0xFF, 0xFF, 0xFF, 0xFF, 0xFF, 0xFF, 0xFF, 0xFF, 0xFF, 0xFF,
    0xFF, 0xFF, 0xFF, 0xFF, 0xFF, 0xFF, 0xFF, 0xFF, 0xFF, 0xFF, 0xFF, 0xFF, 0xFF, 0xFF, 0xC7, 0xE3,
};

#define icon_map_node_rgb565_width 16
#define icon_map_node_rgb565_height 16
static const uint16_t icon_map_node_rgb565[] PROGMEM = {
    0x0000, 0x0000, 0x0000, 0x0000, 0x0000, 0x0000, 0x0000, 0x0000, 0x0000, 0x0000, 0x0000, 0x0000, 0x0000, 0x0000, 0x0000,
    0x0000, 0x0000, 0x0000, 0x0000, 0x0000, 0x0000, 0x0000, 0x0000, 0x0000, 0x0000, 0x0000, 0x0000, 0x0000, 0x0000, 0x0000,
    0x0000, 0x0000, 0x0000, 0x0000, 0x0000, 0x0000, 0xFFFF, 0xFFFF, 0xFFFF, 0xFFFF, 0xFFFF, 0xFFFF, 0xFFFF, 0xFFFF, 0x0000,
    0x0000, 0x0000, 0x0000, 0x0000, 0x0000, 0x0000, 0xFFFF, 0xFFFF, 0xFFFF, 0xFFFF, 0xFFFF, 0xFFFF, 0xFFFF, 0xFFFF, 0xFFFF,
    0xFFFF, 0x0000, 0x0000, 0x0000, 0x0000, 0x0000, 0xFFFF, 0xFFFF, 0xFFFF, 0x0000, 0x0000, 0x0000, 0x0000, 0x0000, 0x0000,
    0xFFFF, 0xFFFF, 0xFFFF, 0x0000, 0x0000, 0x0000, 0x0000, 0xFFFF, 0xFFFF, 0x0000, 0x0000, 0x0000, 0x0000, 0x0000, 0x0000,
    0x0000, 0x0000, 0xFFFF, 0xFFFF, 0x0000, 0x0000, 0x0000, 0x0000, 0xFFFF, 0xFFFF, 0x0000, 0x0000, 0xFFFF, 0xFFFF, 0xFFFF,
    0xFFFF, 0x0000, 0x0000, 0xFFFF, 0xFFFF, 0x0000, 0x0000, 0x0000, 0x0000, 0xFFFF, 0xFFFF, 0x0000, 0x0000, 0xFFFF, 0xFFFF,
    0xFFFF, 0xFFFF, 0x0000, 0x0000, 0xFFFF, 0xFFFF, 0x0000, 0x0000, 0x0000, 0x0000, 0xFFFF, 0xFFFF, 0x0000, 0x0000, 0xFFFF,
    0xFFFF, 0xFFFF, 0xFFFF, 0x0000, 0x0000, 0xFFFF, 0xFFFF, 0x0000, 0x0000, 0x0000, 0x0000, 0xFFFF, 0xFFFF, 0x0000, 0x0000,
    0xFFFF, 0xFFFF, 0xFFFF, 0xFFFF, 0x0000, 0x0000, 0xFFFF, 0xFFFF, 0x0000, 0x0000, 0x0000, 0x0000, 0xFFFF, 0xFFFF, 0x0000,
    0x0000, 0x0000, 0x0000, 0x0000, 0x0000, 0x0000, 0x0000, 0xFFFF, 0xFFFF, 0x0000, 0x0000, 0x0000, 0x0000, 0xFFFF, 0xFFFF,
    0xFFFF, 0x0000, 0x0000, 0x0000, 0x0000, 0x0000, 0x0000, 0xFFFF, 0xFFFF, 0xFFFF, 0x0000, 0x0000, 0x0000, 0x0000, 0x0000,
    0xFFFF, 0xFFFF, 0xFFFF, 0xFFFF, 0xFFFF, 0xFFFF, 0xFFFF, 0xFFFF, 0xFFFF, 0xFFFF, 0x0000, 0x0000, 0x0000, 0x0000, 0x0000,
    0x0000, 0x0000, 0xFFFF, 0xFFFF, 0xFFFF, 0xFFFF, 0xFFFF, 0xFFFF, 0xFFFF, 0xFFFF, 0x0000, 0x0000, 0x0000, 0x0000, 0x0000,
    0x0000, 0x0000, 0x0000, 0x0000, 0x0000, 0x0000, 0x0000, 0x0000, 0x0000, 0x0000, 0x0000, 0x0000, 0x0000, 0x0000, 0x0000,
    0x0000, 0x0000, 0x0000, 0x0000, 0x0000, 0x0000, 0x0000, 0x0000, 0x0000, 0x0000, 0x0000, 0x0000, 0x0000, 0x0000, 0x0000,
    0x0000,
};
static const uint8_t icon_map_node_rgb565_mask[] PROGMEM = {
    0x00, 0x00, 0x00, 0x00, 0xF0, 0x0F, 0xF8, 0x1F, 0x1C, 0x38, 0x0C, 0x30, 0xCC, 0x33, 0xCC, 0x33,
    0xCC, 0x33, 0xCC, 0x33, 0x0C, 0x30, 0x1C, 0x38, 0xF8, 0x1F, 0xF0, 0x0F, 0x00, 0x00, 0x00, 0x00,
};

#define icon_radio_rgb565_width 16
#define icon_radio_rgb565_height 16
static const uint16_t icon_radio_rgb565[] PROGMEM = {
    0x0000, 0x0000, 0x0000, 0x632C, 0x632C, 0x0000, 0x0000, 0x0000, 0x0000, 0x0000, 0x0000, 0x0000, 0x0000, 0x0000, 0x0000,
    0x0000, 0x0000, 0x0000, 0x0000, 0x0000, 0x0000, 0x632C, 0x632C, 0x0000, 0x0000, 0x0000, 0x0000, 0x0000, 0x0000, 0x0000,
    0x0000, 0x0000, 0x0000, 0x0000, 0x0000, 0x0000, 0x0000, 0x0000, 0x0000, 0x632C, 0x632C, 0x632C, 0x0000, 0x0000, 0x0000,
    0x0000, 0x0000, 0x0000, 0x0000, 0x0000, 0x0000, 0x0000, 0x0000, 0x0000, 0x0000, 0x0000, 0x0000, 0x0000, 0x632C, 0x632C,
    0x0000, 0x0000, 0x0000, 0x0000, 0x0000, 0x0000, 0x0000, 0x0000, 0x0000, 0x0000, 0x0000, 0x0000, 0x0000, 0x0000, 0x0000,
    0x0000, 0x632C, 0x632C, 0x0000, 0x0000, 0x0000, 0x632C, 0x632C, 0x52AA, 0x52AA, 0x52AA, 0x52AA, 0x52AA, 0x52AA, 0x52AA,
    0x52AA, 0x52AA, 0x52AA, 0x52AA, 0x4A49, 0x0000, 0x632C, 0x8410, 0x8410, 0x8410, 0x8410, 0x8410, 0x8410, 0x7BEF, 0x7BEF,
    0x7BEF, 0x7BEF, 0x7BEF, 0x7BEF, 0x7BEF, 0x7BEF, 0x4A49, 0x632C, 0x8410, 0x8410, 0x7BEF, 0x7BEF, 0x7BEF, 0x7BEF, 0x7BEF,
    0x3186, 0x3186, 0x3186, 0x3186, 0x3186, 0x3186, 0x7BEF, 0x4A49, 0x632C, 0x7BEF, 0x7BEF, 0x7BEF, 0x7BEF, 0x7BEF, 0x7BEF,
    0x7BEF, 0x3186, 0xC618, 0xB800, 0xC618, 0xC618, 0x3186, 0x8C71, 0x4A49, 0x52AA, 0x7BEF, 0x7BEF, 0x3186, 0x3186, 0x3186,
    0x7BEF, 0x7BEF, 0x3186, 0x3186, 0x3186, 0x3186, 0x3186, 0x3186, 0x8C71, 0x4A49, 0x52AA, 0x7BEF, 0x3186, 0x39C7, 0x4A49,
    0x39C7, 0x3186, 0x8C71, 0x8C71, 0x8C71, 0x8C71, 0x8C71, 0x94B2, 0x94B2, 0x94B2, 0x4A69, 0x52AA, 0x7BEF, 0x3186, 0x4A49,
    0x39C7, 0x4A49, 0x3186, 0x8C71, 0x8C71, 0xC618, 0x94B2, 0x94B2, 0x94B2, 0xC618, 0x94B2, 0x4A69, 0x52AA, 0x7BEF, 0x3186,
    0x39C7, 0x4A49, 0x39C7, 0x3186, 0x8C71, 0xC618, 0xA514, 0xC618, 0x94B2, 0xC618, 0xA514, 0xC618, 0x4A69, 0x52AA, 0x8C71,
    0x8C71, 0x3186, 0x3186, 0x3186, 0x8C71, 0x8C71, 0x94B2, 0xC618, 0x94B2, 0x94B2, 0x94B2, 0xC618, 0x94B2, 0x4A69, 0x4A49,
    0x8C71, 0x8C71, 0x8C71, 0x8C71, 0x94B2, 0x94B2, 0x94B2, 0x94B2, 0x94B2, 0x94B2, 0x94B2, 0x94B2, 0x94B2, 0x94B2, 0x4A69,
    0x4A49, 0x4A49, 0x4A49, 0x4A49, 0x4A69, 0x4A69, 0x4A69, 0x4A69, 0x4A69, 0x4A69, 0x4A69, 0x4A69, 0x4A69, 0x4A69, 0x4A69,
    0x4A69,
};
static const uint8_t icon_radio_rgb565_mask[] PROGMEM = {
    0x18, 0x00, 0x60, 0x00, 0x80, 0x03, 0x00, 0x0C, 0x00, 0x30, 0xFE, 0x7F, 0xFF, 0xFF, 0xFF, 0xFF,
    0xFF, 0xFF, 0xFF, 0xFF, 0xFF, 0xFF, 0xFF, 0xFF, 0xFF, 0xFF, 0xFF, 0xFF, 0xFF, 0xFF, 0xFF, 0xFF,
};

#define icon_system_rgb565_width 16
#define icon_system_rgb565_height 16
static const uint16_t icon_system_rgb565[] PROGMEM = {
    0x0000, 0x0000, 0x0000, 0x0000, 0x0000, 0x0000, 0x0000, 0x4AAB, 0x4AAB, 0x0000, 0x0000, 0x0000, 0x0000, 0x0000, 0x0000,
    0x0000, 0x0000, 0x0000, 0x0000, 0x0000, 0x0000, 0x0000, 0x4AAB, 0xB5F7, 0xB5F7, 0x31C7, 0x0000, 0x0000, 0x0000, 0x0000,
    0x0000, 0x0000, 0x0000, 0x0000, 0x0000, 0x4AAB, 0x4AAB, 0x0000, 0x31C7, 0x634D, 0x634D, 0x31C7, 0x0000, 0x31C7, 0x31C7,
    0x0000, 0x0000, 0x0000, 0x0000, 0x0000, 0x4AAB, 0xEF9E, 0xEF9E, 0x31C7, 0xB5F7, 0xB5F7, 0xB5F7, 0xB5F7, 0x31C7, 0xB5F7,
    0xB5F7, 0x31C7, 0x0000, 0x0000, 0x0000, 0x0000, 0x4AAB, 0xB5F7, 0x634D, 0xEF9E, 0xEF9E, 0xEF9E, 0xB5F7, 0xB5F7, 0xB5F7,
    0x634D, 0x8CF3, 0x18C3, 0x0000, 0x0000, 0x0000, 0x0000, 0x0000, 0x4AAB, 0xEF9E, 0xEF9E, 0x8CF3, 0x31C7, 0x31C7, 0x8CF3,
    0xB5F7, 0xB5F7, 0x18C3, 0x0000, 0x0000, 0x0000, 0x0000, 0x4AAB, 0x4AAB, 0xB5F7, 0xEF9E, 0x8CF3, 0x31C7, 0x0000, 0x0000,
    0x31C7, 0x8CF3, 0xB5F7, 0x8CF3, 0x18C3, 0x31C7, 0x0000, 0x4AAB, 0xB5F7, 0x634D, 0xB5F7, 0xB5F7, 0x31C7, 0x0000, 0x0000,
    0x0000, 0x0000, 0x4AAB, 0x8CF3, 0x8CF3, 0x4AAB, 0x8CF3, 0x31C7, 0x4AAB, 0x8CF3, 0x634D, 0xB5F7, 0x8CF3, 0x31C7, 0x0000,
    0x0000, 0x0000, 0x0000, 0x4AAB, 0x8CF3, 0x8CF3, 0x4AAB, 0x634D, 0x18C3, 0x0000, 0x4AAB, 0x31C7, 0x634D, 0x8CF3, 0x8CF3,
    0x31C7, 0x0000, 0x0000, 0x4AAB, 0xB5F7, 0x8CF3, 0x634D, 0x18C3, 0x18C3, 0x0000, 0x0000, 0x0000, 0x0000, 0x31C7, 0x634D,
    0x8CF3, 0x8CF3, 0x4AAB, 0x4AAB, 0xB5F7, 0xB5F7, 0x634D, 0x18C3, 0x0000, 0x0000, 0x0000, 0x0000, 0x0000, 0x31C7, 0x8CF3,
    0x4AAB, 0x634D, 0x8CF3, 0x8CF3, 0xB5F7, 0xB5F7, 0x634D, 0x4AAB, 0x8CF3, 0x18C3, 0x0000, 0x0000, 0x0000, 0x0000, 0x31C7,
    0x634D, 0x634D, 0x18C3, 0x634D, 0x634D, 0x634D, 0x634D, 0x18C3, 0x634D, 0x634D, 0x18C3, 0x0000, 0x0000, 0x0000, 0x0000,
    0x0000, 0x18C3, 0x18C3, 0x0000, 0x18C3, 0x4AAB, 0x4AAB, 0x18C3, 0x0000, 0x18C3, 0x18C3, 0x0000, 0x0000, 0x0000, 0x0000,
    0x0000, 0x0000, 0x0000, 0x0000, 0x0000, 0x18C3, 0x634D, 0x634D, 0x18C3, 0x0000, 0x0000, 0x0000, 0x0000, 0x0000, 0x0000,
    0x0000, 0x0000, 0x0000, 0x0000, 0x0000, 0x0000, 0x0000, 0x18C3, 0x18C3, 0x0000, 0x0000, 0x0000, 0x0000, 0x0000, 0x0000,
    0x0000,
};
static const uint8_t icon_system_rgb565_mask[] PROGMEM = {
    0x80, 0x01, 0xC0, 0x03, 0xD8, 0x1B, 0xFC, 0x3F, 0xFC, 0x3F, 0xF8, 0x1F, 0x7E, 0x7E, 0x3F, 0xFC,
    0x3F, 0xFC, 0x7E, 0x7E, 0xF8, 0x1F, 0xFC, 0x3F, 0xFC, 0x3F, 0xD8, 0x1B, 0xC0, 0x03, 0x80, 0x01,
};

#define icon_wifi_rgb565_width 16
#define icon_wifi_rgb565_height 16
static const uint16_t icon_wifi_rgb565[] PROGMEM = {
    0x0000, 0x0000, 0x0000, 0x0000, 0x0000, 0x0000, 0x0000, 0x0000, 0x0000, 0x0000, 0x0000, 0x0000, 0x0000, 0x0000, 0x0000,
    0x0000, 0x0000, 0x0000, 0x0000, 0x0000, 0x0000, 0x0000, 0x0A8F, 0x0A8F, 0x0A8F, 0x0A8F, 0x0A8F, 0x0000, 0x0000, 0x0000,
    0x0000, 0x0000, 0x0000, 0x0000, 0x0000, 0x0000, 0x0A8F, 0x0A8F, 0x87FD, 0x1CFA, 0x1CFA, 0x1CFA, 0x87FD, 0x09EB, 0x09EB,
    0x0000, 0x0000, 0x0000, 0x0000, 0x0000, 0x0000, 0x0A8F, 0x87FD, 0x87FD, 0x1CFA, 0x87FD, 0x1CFA, 0x87FD, 0x1CFA, 0x87FD,
    0x87FD, 0x09EB, 0x0000, 0x0000, 0x0000, 0x0000, 0x0A8F, 0x2F9C, 0x2F9C, 0x1CFA, 0x2F9C, 0x2F9C, 0x1CFA, 0x2F9C, 0x2F9C,
    0x1CFA, 0x2F9C, 0x2F9C, 0x09EB, 0x0000, 0x0000, 0x0000, 0x0A8F, 0x13F5, 0x13F5, 0x1CFA, 0x13F5, 0x13F5, 0x1CFA, 0x13F5,
    0x13F5, 0x1CFA, 0x13F5, 0x13F5, 0x09EB, 0x0000, 0x0000, 0x0A8F, 0x87FD, 0x87FD, 0x1CFA, 0x87FD, 0x87FD, 0x87FD, 0x1CFA,
    0x87FD, 0x87FD, 0x87FD, 0x1CFA, 0x87FD, 0x87FD, 0x09EB, 0x0000, 0x0A8F, 0x87FD, 0x2F9C, 0x1CFA, 0x87FD, 0x87FD, 0x2F9C,
    0x1CFA, 0x2F9C, 0x87FD, 0x87FD, 0x1CFA, 0x2F9C, 0x87FD, 0x09EB, 0x0000, 0x0A8F, 0x13F5, 0x13F5, 0x1CFA, 0x13F5, 0x13F5,
    0x13F5, 0x1CFA, 0x13F5, 0x13F5, 0x13F5, 0x1CFA, 0x13F5, 0x13F5, 0x0949, 0x0000, 0x0A8F, 0x87FD, 0x87FD, 0x1CFA, 0x87FD,
    0x87FD, 0x2F9C, 0x1CFA, 0x2F9C, 0x87FD, 0x87FD, 0x1CFA, 0x87FD, 0x87FD, 0x0949, 0x0000, 0x09EB, 0x2F9C, 0x2F9C, 0x1CFA,
    0x2F9C, 0x2F9C, 0x2F9C, 0x1CFA, 0x2F9C, 0x2F9C, 0x2F9C, 0x1CFA, 0x2F9C, 0x2F9C, 0x0949, 0x0000, 0x0000, 0x09EB, 0x13F5,
    0x13F5, 0x1CFA, 0x13F5, 0x13F5, 0x1CFA, 0x13F5, 0x13F5, 0x1CFA, 0x13F5, 0x13F5, 0x0949, 0x0000, 0x0000, 0x0000, 0x09EB,
    0x87FD, 0x87FD, 0x1CFA, 0x87FD, 0x87FD, 0x1CFA, 0x87FD, 0x87FD, 0x1CFA, 0x87FD, 0x87FD, 0x0949, 0x0000, 0x0000, 0x0000,
    0x0000, 0x09EB, 0x2F9C, 0x2F9C, 0x1CFA, 0x2F9C, 0x1CFA, 0x2F9C, 0x1CFA, 0x2F9C, 0x2F9C, 0x0949, 0x0000, 0x0000, 0x0000,
    0x0000, 0x0000, 0x0000, 0x09EB, 0x0949, 0x15FB, 0x1CFA, 0x1CFA, 0x1CFA, 0x15FB, 0x1868, 0x0949, 0x0000, 0x0000, 0x0000,
    0x0000, 0x0000, 0x0000, 0x0000, 0x0000, 0x0000, 0x0949, 0x0949, 0x0949, 0x0949, 0x0949, 0x0000, 0x0000, 0x0000, 0x0000,
    0x0000,
};
static const uint8_t icon_wifi_rgb565_mask[] PROGMEM = {
    0x00, 0x00, 0xC0, 0x07, 0xF0, 0x1F, 0xF8, 0x3F, 0xFC, 0x7F, 0xFC, 0x7F, 0xFE, 0xFF, 0xFE, 0xFF,
    0xFE, 0xFF, 0xFE, 0xFF, 0xFE, 0xFF, 0xFC, 0x7F, 0xFC, 0x7F, 0xF8, 0x3F, 0xF0, 0x1F, 0xC0, 0x07,
};

#define icon_nodes_rgb565_width 16
#define icon_nodes_rgb565_height 16
static const uint16_t icon_nodes_rgb565[] PROGMEM = {
    0x0000, 0x0000, 0x0000, 0x5AEB, 0x5AEB, 0x5AEB, 0x5AEB, 0x5AEB, 0x5AEB, 0x39C7, 0x0000, 0x0000, 0x0000, 0x0000, 0x0000,
    0x0000, 0x0000, 0x0000, 0x5AEB, 0xE73C, 0xFFFF, 0xFFFF, 0xFFFF, 0xFFFF, 0xBDD7, 0xE73C, 0x39C7, 0x0000, 0x0000, 0x0000,
    0x0000, 0x0000, 0x0000, 0x0000, 0x5AEB, 0xFFFF, 0xFFFF, 0xFFFF, 0xFFFF, 0xFFFF, 0xBDD7, 0xFFFF, 0xE73C, 0x39C7, 0x0000,
    0x0000, 0x0000, 0x0000, 0x0000, 0x0000, 0x5AEB, 0xFFFF, 0x7BEF, 0x9CD3, 0x9CD3, 0x9CD3, 0x7BEF, 0xFFFF, 0xE73C, 0xCE79,
    0x39C7, 0x0000, 0x0000, 0x0000, 0x0000, 0x0000, 0x5AEB, 0xFFFF, 0xFFFF, 0xFFFF, 0xFFFF, 0xFFFF, 0xBDD7, 0xFFFF, 0xFFFF,
    0xE73C, 0xCE79, 0x39C7, 0x0000, 0x0000, 0x0000, 0x0000, 0x5AEB, 0xFFFF, 0x9CD3, 0x9CD3, 0x9CD3, 0x7BEF, 0x7BEF, 0xFFFF,
    0xFFFF, 0xFFFF, 0xE73C, 0x39C7, 0x0000, 0x0000, 0x0000, 0x0000, 0x5AEB, 0xFFFF, 0xFFFF, 0xFFFF, 0xFFFF, 0xFFFF, 0xFFFF,
    0xBDD7, 0xBDD7, 0x9CD3, 0x9CD3, 0x39C7, 0x0000, 0x0000, 0x0000, 0x0000, 0x39C7, 0xFFFF, 0x9CD3, 0x9CD3, 0x9CD3, 0x7BEF,
    0x9CD3, 0x9CD3, 0x7BEF, 0xBDD7, 0xBDD7, 0x2945, 0x0000, 0x0000, 0x0000, 0x0000, 0x39C7, 0xFFFF, 0xFFFF, 0xFFFF, 0xFFFF,
    0xFFFF, 0xE73C, 0xE73C, 0xE73C, 0xE73C, 0xE73C, 0x2945, 0x0000, 0x0000, 0x0000, 0x0000, 0x39C7, 0xFFFF, 0x7BEF, 0x9CD3,
    0x7BEF, 0x9CD3, 0x9CD3, 0x9CD3, 0x7BEF, 0x7BEF, 0xE73C, 0x2945, 0x0000, 0x0000, 0x0000, 0x0000, 0x39C7, 0xFFFF, 0xFFFF,
    0xFFFF, 0xFFFF, 0xE73C, 0xE73C, 0xE73C, 0xE73C, 0xE73C, 0xE73C, 0x2945, 0x0000, 0x0000, 0x0000, 0x0000, 0x39C7, 0xE73C,
    0x7BEF, 0x9CD3, 0x9CD3, 0x9CD3, 0x7BEF, 0xE73C, 0xE73C, 0xE73C, 0xE73C, 0x2945, 0x0000, 0x0000, 0x0000, 0x0000, 0x39C7,
    0xE73C, 0xE73C, 0xE73C, 0xE73C, 0xE73C, 0xE73C, 0xE73C, 0xE73C, 0xE73C, 0xE73C, 0x2945, 0x0000, 0x0000, 0x0000, 0x0000,
    0x39C7, 0xCE79, 0xE73C, 0xE73C, 0xE73C, 0xE73C, 0xE73C, 0xE73C, 0xE73C, 0xE73C, 0xCE79, 0x2945, 0x0000, 0x0000, 0x0000,
    0x0000, 0x39C7, 0xBDD7, 0xBDD7, 0xCE79, 0xCE79, 0xCE79, 0xCE79, 0xCE79, 0xCE79, 0xBDD7, 0xBDD7, 0x2945, 0x0000, 0x0000,
    0x0000, 0x0000, 0x0000, 0x39C7, 0x39C7, 0x2945, 0x2945, 0x2945, 0x2945, 0x2945, 0x2945, 0x2945, 0x2945, 0x0000, 0x0000,
    0x0000,
};
static const uint8_t icon_nodes_rgb565_mask[] PROGMEM = {
    0xF8, 0x03, 0xFC, 0x07, 0xFC, 0x0F, 0xFC, 0x1F, 0xFC, 0x3F, 0xFC, 0x3F, 0xFC, 0x3F, 0xFC, 0x3F,
    0xFC, 0x3F, 0xFC, 0x3F, 0xFC, 0x3F, 0xFC, 0x3F, 0xFC, 0x3F, 0xFC, 0x3F, 0xFC, 0x3F, 0xF8, 0x1F,
};

#define icon_list_rgb565_width 16
#define icon_list_rgb565_height 16
static const uint16_t icon_list_rgb565[] PROGMEM = {
    0x0000, 0x39C7, 0x39C7, 0x39C7, 0x39C7, 0x39C7, 0x39C7, 0x39C7, 0x39C7, 0x39C7, 0x39C7, 0x2945, 0x2945, 0x2945, 0x2945,
    0x0000, 0x39C7, 0xBDD7, 0xCE79, 0xCE79, 0xCE79, 0xCE79, 0xCE79, 0xCE79, 0xCE79, 0xCE79, 0xCE79, 0xCE79, 0xBDD7, 0x6B6D,
    0x8410, 0x2945, 0x39C7, 0xCE79, 0xCE79, 0x7BEF, 0x9CD3, 0x9CD3, 0x9CD3, 0x9CD3, 0x9CD3, 0x7BEF, 0x7BEF, 0xCE79, 0xCE79,
    0x6B6D, 0x9CD3, 0x2945, 0x39C7, 0xCE79, 0x7BEF, 0x9CD3, 0x9CD3, 0x9CD3, 0x9CD3, 0x9CD3, 0x7BEF, 0x7BEF, 0xCE79, 0xCE79,
    0xCE79, 0x6B6D, 0x9CD3, 0x2945, 0x39C7, 0xCE79, 0xCE79, 0xCE79, 0xCE79, 0xCE79, 0xCE79, 0xCE79, 0xCE79, 0xCE79, 0xCE79,
    0xCE79, 0xCE79, 0x6B6D, 0x9CD3, 0x2945, 0x39C7, 0xCE79, 0x7BEF, 0x9CD3, 0x9CD3, 0x9CD3, 0x9CD3, 0x7BEF, 0x9CD3, 0x9CD3,
    0x7BEF, 0x7BEF, 0xCE79, 0x6B6D, 0x9CD3, 0x2945, 0x39C7, 0xCE79, 0xCE79, 0xCE79, 0xCE79, 0xCE79, 0xCE79, 0xCE79, 0xCE79,
    0xCE79, 0xCE79, 0xCE79, 0xCE79, 0x5AEB, 0x9CD3, 0x2945, 0x39C7, 0xCE79, 0x7BEF, 0x9CD3, 0x9CD3, 0x9CD3, 0xCE79, 0x9CD3,
    0x9CD3, 0x7BEF, 0xCE79, 0xCE79, 0xCE79, 0x5AEB, 0x9CD3, 0x2945, 0x39C7, 0xCE79, 0x9CD3, 0x9CD3, 0x9CD3, 0x7BEF, 0xCE79,
    0xCE79, 0xCE79, 0xCE79, 0xCE79, 0xCE79, 0xCE79, 0x5AEB, 0x9CD3, 0x18C3, 0x2945, 0xCE79, 0x7BEF, 0x9CD3, 0x9CD3, 0x7BEF,
    0xCE79, 0x7BEF, 0x9CD3, 0x9CD3, 0x7BEF, 0x7BEF, 0xCE79, 0x5AEB, 0x8410, 0x18C3, 0x2945, 0xCE79, 0xCE79, 0xCE79, 0xCE79,
    0xCE79, 0xCE79, 0xCE79, 0xCE79, 0xCE79, 0xCE79, 0xCE79, 0xCE79, 0x5AEB, 0x8410, 0x18C3, 0x2945, 0xCE79, 0x9CD3, 0x9CD3,
    0xCE79, 0x7BEF, 0x7BEF, 0x9CD3, 0x9CD3, 0x9CD3, 0x7BEF, 0x9CD3, 0xCE79, 0x5AEB, 0x8410, 0x18C3, 0x2945, 0xBDD7, 0xCE79,
    0xCE79, 0xCE79, 0xCE79, 0xCE79, 0xCE79, 0xCE79, 0xCE79, 0xCE79, 0xCE79, 0xBDD7, 0x5AEB, 0x8410, 0x18C3, 0x2945, 0x9CD3,
    0xBDD7, 0xBDD7, 0xBDD7, 0xBDD7, 0xBDD7, 0xBDD7, 0xBDD7, 0xBDD7, 0xBDD7, 0x9CD3, 0x9CD3, 0x5AEB, 0x8410, 0x18C3, 0x2945,
    0x8410, 0x8410, 0x9CD3, 0x9CD3, 0x9CD3, 0x9CD3, 0x9CD3, 0x9CD3, 0x9CD3, 0x9CD3, 0x9CD3, 0x8410, 0x8410, 0x5AEB, 0x18C3,
    0x0000, 0x2945, 0x2945, 0x18C3, 0x18C3, 0x18C3, 0x18C3, 0x18C3, 0x18C3, 0x18C3, 0x18C3, 0x18C3, 0x18C3, 0x18C3, 0x18C3,
    0x0000,
};
static const uint8_t icon_list_rgb565_mask[] PROGMEM = {
    0xFE, 0x7F, 0xFF, 0xFF, 0xFF, 0xFF, 0xFF, 0xFF, 0xFF, 0xFF, 0xFF, 0xFF, 0xFF, 0xFF, 0xFF, 0xFF,
    0xFF, 0xFF, 0xFF, 0xFF, 0xFF, 0xFF, 0xFF, 0xFF, 0xFF, 0xFF, 0xFF, 0xFF, 0xFF, 0xFF, 0xFE, 0x7F,
};

#define icon_signal_rgb565_width 16
#define icon_signal_rgb565_height 16
static const uint16_t icon_signal_rgb565[] PROGMEM = {
    0x0000, 0x0000, 0x0000, 0x0000, 0x0000, 0x0000, 0x0000, 0x0000, 0x0000, 0x0000, 0x0000, 0x0000, 0x0000, 0x0000, 0x0000,
    0x0000, 0x0000, 0x0000, 0x0000, 0x0000, 0x0000, 0x0000, 0x0000, 0x0000, 0x0000, 0x0000, 0x0000, 0x0000, 0x0000, 0x0000,
    0x0000, 0x0000, 0x0000, 0x0000, 0x0000, 0x0000, 0x0000, 0x0000, 0x0000, 0x0000, 0x0000, 0x0000, 0x0000, 0x0000, 0x0000,
    0x0000, 0xFFFF, 0xFFFF, 0x0000, 0x0000, 0x0000, 0x0000, 0x0000, 0x0000, 0x0000, 0x0000, 0x0000, 0x0000, 0x0000, 0x0000,
    0x0000, 0x0000, 0xFFFF, 0xFFFF, 0x0000, 0x0000, 0x0000, 0x0000, 0x0000, 0x0000, 0x0000, 0x0000, 0x0000, 0x0000, 0xFFFF,
    0xFFFF, 0x0000, 0x0000, 0xFFFF, 0xFFFF, 0x0000, 0x0000, 0x0000, 0x0000, 0x0000, 0x0000, 0x0000, 0x0000, 0x0000, 0x0000,
    0xFFFF, 0xFFFF, 0x0000, 0x0000, 0xFFFF, 0xFFFF, 0x0000, 0x0000, 0x0000, 0x0000, 0x0000, 0x0000, 0x0000, 0x0000, 0x0000,
    0x0000, 0xFFFF, 0xFFFF, 0x0000, 0x0000, 0xFFFF, 0xFFFF, 0x0000, 0x0000, 0x0000, 0x0000, 0x0000, 0x0000, 0x0000, 0x0000,
    0x0000, 0x0000, 0xFFFF, 0xFFFF, 0x0000, 0x0000, 0xFFFF, 0xFFFF, 0x0000, 0x0000, 0x0000, 0x0000, 0x0000, 0x0000, 0xFFFF,
    0xFFFF, 0x0000, 0x0000, 0xFFFF, 0xFFFF, 0x0000, 0x0000, 0xFFFF, 0xFFFF, 0x0000, 0x0000, 0x0000, 0x0000, 0x0000, 0x0000,
    0xFFFF, 0xFFFF, 0x0000, 0x0000, 0xFFFF, 0xFFFF, 0x0000, 0x0000, 0xFFFF, 0xFFFF, 0x0000, 0x0000, 0x0000, 0x0000, 0x0000,
    0x0000, 0xFFFF, 0xFFFF, 0x0000, 0x0000, 0xFFFF, 0xFFFF, 0x0000, 0x0000, 0xFFFF, 0xFFFF, 0x0000, 0x0000, 0x0000, 0x0000,
    0x0000, 0x0000, 0xFFFF, 0xFFFF, 0x0000, 0x0000, 0xFFFF, 0xFFFF, 0x0000, 0x0000, 0xFFFF, 0xFFFF, 0x0000, 0x0000, 0xFFFF,
    0xFFFF, 0x0000, 0x0000, 0xFFFF, 0xFFFF, 0x0000, 0x0000, 0xFFFF, 0xFFFF, 0x0000, 0x0000, 0xFFFF, 0xFFFF, 0x0000, 0x0000,
    0xFFFF, 0xFFFF, 0x0000, 0x0000, 0xFFFF, 0xFFFF, 0x0000, 0x0000, 0xFFFF, 0xFFFF, 0x0000, 0x0000, 0xFFFF, 0xFFFF, 0xFFFF,
    0xFFFF, 0xFFFF, 0xFFFF, 0xFFFF, 0xFFFF, 0xFFFF, 0xFFFF, 0xFFFF, 0xFFFF, 0xFFFF, 0xFFFF, 0xFFFF, 0xFFFF, 0xFFFF, 0xFFFF,
    0xFFFF, 0xFFFF, 0xFFFF, 0xFFFF, 0xFFFF, 0xFFFF, 0xFFFF, 0xFFFF, 0xFFFF, 0xFFFF, 0xFFFF, 0xFFFF, 0xFFFF, 0xFFFF, 0xFFFF,
    0xFFFF,
};
static const uint8_t icon_signal_rgb565_mask[] PROGMEM = {
    0x00, 0x00, 0x00, 0x00, 0x00, 0xC0, 0x00, 0xC0, 0x00, 0xCC, 0x00, 0xCC, 0x00, 0xCC, 0x00, 0xCC,
    0xC0, 0xCC, 0xC0, 0xCC, 0xC0, 0xCC, 0xC0, 0xCC, 0xCC, 0xCC, 0xCC, 0xCC, 0xFF, 0xFF, 0xFF, 0xFF,
};

#define icon_home_rgb565_width 16
#define icon_home_rgb565_height 16
static const uint16_t icon_home_rgb565[] PROGMEM = {
    0x0000, 0x0000, 0x0000, 0x9887, 0x9887, 0x9887, 0x6044, 0x0000, 0x9887, 0x0000, 0x0000, 0x0000, 0x0000, 0x0000, 0x0000,
    0x0000, 0x0000, 0x0000, 0x0000, 0x9887, 0xF1E8, 0xF1E8, 0x6044, 0x9887, 0xF1E8, 0x6044, 0x0000, 0x0000, 0x0000, 0x0000,
    0x0000, 0x0000, 0x0000, 0x0000, 0x0000, 0x9887, 0xF1E8, 0xC908, 0x9887, 0xF1E8, 0xF1E8, 0xC908, 0x6044, 0x0000, 0x0000,
    0x0000, 0x0000, 0x0000, 0x0000, 0x0000, 0x0000, 0x6044, 0xC908, 0x9887, 0xF1E8, 0xF1E8, 0xD58E, 0xC908, 0xC908, 0x6044,
    0x0000, 0x0000, 0x0000, 0x0000, 0x0000, 0x0000, 0x0000, 0x6044, 0x9887, 0xF1E8, 0xF1E8, 0xD58E, 0xF6B0, 0xD58E, 0xC908,
    0xC908, 0x6044, 0x0000, 0x0000, 0x0000, 0x0000, 0x0000, 0x0000, 0x9887, 0xF1E8, 0xF1E8, 0xD58E, 0xFF74, 0xF6B0, 0xF6B0,
    0xD58E, 0xC908, 0xC908, 0x6044, 0x0000, 0x0000, 0x0000, 0x0000, 0x9887, 0xC908, 0xC908, 0xD58E, 0xFF74, 0xFF74, 0xFF74,
    0xF6B0, 0xF6B0, 0xD58E, 0x9887, 0x9887, 0x6044, 0x0000, 0x0000, 0x9887, 0xC908, 0xC908, 0xD58E, 0xFF74, 0xFF74, 0xFF74,
    0xFF74, 0xFF74, 0xF6B0, 0xF6B0, 0xD58E, 0x9887, 0x9887, 0x3820, 0x0000, 0x6044, 0x6044, 0xFF74, 0xFF74, 0xFF74, 0xFF74,
    0xFF74, 0xFF74, 0xFF74, 0xFF74, 0xF6B0, 0xF6B0, 0xF6B0, 0x3820, 0x3820, 0x0000, 0x0000, 0x49C5, 0xFF74, 0x9223, 0x9223,
    0x9223, 0x7162, 0xFF74, 0xB324, 0xB324, 0x9223, 0x9223, 0xF6B0, 0x3944, 0x0000, 0x0000, 0x0000, 0x49C5, 0xFF74, 0x9223,
    0x9223, 0x9223, 0x7162, 0xFF74, 0x9223, 0xB67F, 0xB67F, 0x9223, 0xF6B0, 0x3944, 0x0000, 0x0000, 0x0000, 0x49C5, 0xFF74,
    0x9223, 0x9223, 0xFF74, 0x7162, 0xFF74, 0x9223, 0xB67F, 0xB67F, 0x7162, 0xF6B0, 0x3944, 0x0000, 0x0000, 0x0000, 0x49C5,
    0xFF74, 0x9223, 0x9223, 0xD58E, 0x7162, 0xF6B0, 0x7162, 0x7162, 0x7162, 0x7162, 0xF6B0, 0x3944, 0x0000, 0x0000, 0x0000,
    0x49C5, 0xF6B0, 0x9223, 0x9223, 0x9223, 0x7162, 0xF6B0, 0xF6B0, 0xF6B0, 0xF6B0, 0xF6B0, 0xF6B0, 0x3944, 0x0000, 0x0000,
    0x0000, 0x49C5, 0xD58E, 0x7162, 0x7162, 0x7162, 0x7162, 0xD58E, 0xD58E, 0xD58E, 0xD58E, 0xD58E, 0xD58E, 0x3944, 0x0000,
    0x0000, 0x0000, 0x49C5, 0x49C5, 0x3944, 0x3944, 0x3944, 0x3944, 0x3944, 0x3944, 0x3944, 0x3944, 0x3944, 0x3944, 0x3944,
    0x0000,
};
static const uint8_t icon_home_rgb565_mask[] PROGMEM = {
    0x78, 0x01, 0xF8, 0x03, 0xF8, 0x07, 0xF8, 0x0F, 0xF8, 0x1F, 0xF8, 0x3F, 0xFC, 0x7F, 0xFE, 0xFF,
    0xFE, 0xFF, 0xFC, 0x7F, 0xFC, 0x7F, 0xFC, 0x7F, 0xFC, 0x7F, 0xFC, 0x7F, 0xFC, 0x7F, 0xFC, 0x7F,
};

#define icon_module_rgb565_width 16
#define icon_module_rgb565_height 16
static const uint16_t icon_module_rgb565[] PROGMEM = {
    0x0000, 0x0000, 0x0000, 0x0000, 0x0000, 0x0000, 0x0000, 0x7162, 0x7162, 0x0000, 0x0000, 0x0000, 0x0000, 0x0000, 0x0000,
    0x0000, 0x0000, 0x0000, 0x0000, 0x0000, 0x0000, 0x7162, 0x7162, 0xEDAB, 0xD4C8, 0x7162, 0x7162, 0x0000, 0x0000, 0x0000,
    0x0000, 0x0000, 0x0000, 0x0000, 0x0000, 0x7162, 0x7162, 0xFFFF, 0xFFFF, 0xEDAB, 0xEDAB, 0xEDAB, 0xD4C8, 0x48C1, 0x48C1,
    0x0000, 0x0000, 0x0000, 0x0000, 0x7162, 0x7162, 0xEDAB, 0xFFFF, 0xFFFF, 0xFFFF, 0xFFFF, 0xFFFF, 0xEDAB, 0xEDAB, 0xEDAB,
    0xD4C8, 0x48C1, 0x48C1, 0x0000, 0x7162, 0xFEF2, 0xFEF2, 0xEDAB, 0xEDAB, 0xEDAB, 0xFFFF, 0xFFFF, 0xFFFF, 0xFFFF, 0xFFFF,
    0xD4C8, 0xD4C8, 0xEDAB, 0xEDAB, 0x48C1, 0x7162, 0xD4C8, 0xD4C8, 0xFEF2, 0xFEF2, 0xEDAB, 0xEDAB, 0xEDAB, 0xFFFF, 0xE73C,
    0xE73C, 0xE73C, 0xEDAB, 0xB324, 0x9223, 0x48C1, 0x7162, 0xD4C8, 0xD4C8, 0xD4C8, 0xD4C8, 0xFEF2, 0xFEF2, 0xD4C8, 0xD4C8,
    0xEDAB, 0xE73C, 0xBDD7, 0xB324, 0xB324, 0x9223, 0x2840, 0x7162, 0xD4C8, 0xD4C8, 0xD4C8, 0xBDD7, 0xD4C8, 0xD4C8, 0xFEF2,
    0xEDAB, 0xB324, 0xBDD7, 0xBDD7, 0xB324, 0xB324, 0x9223, 0x2840, 0x48C1, 0xD4C8, 0xD4C8, 0xD4C8, 0xFFFF, 0xE73C, 0xD4C8,
    0xEDAB, 0xB324, 0xB324, 0xBDD7, 0xBDD7, 0xB324, 0xB324, 0x9223, 0x2840, 0x48C1, 0xD4C8, 0xD4C8, 0xD4C8, 0xE73C, 0xE73C,
    0xD4C8, 0xEDAB, 0xB324, 0xB324, 0xBDD7, 0xB324, 0xB324, 0xB324, 0x9223, 0x2840, 0x48C1, 0xD4C8, 0xD4C8, 0xD4C8, 0xD4C8,
    0xBDD7, 0xD4C8, 0xEDAB, 0xB324, 0xB324, 0xB324, 0xB324, 0xB324, 0xB324, 0x9223, 0x2840, 0x48C1, 0xB324, 0xD4C8, 0xD4C8,
    0xD4C8, 0xD4C8, 0xD4C8, 0xEDAB, 0xB324, 0xB324, 0xB324, 0xB324, 0xB324, 0xB324, 0x9223, 0x2840, 0x0000, 0x48C1, 0x2840,
    0xB324, 0xD4C8, 0xD4C8, 0xD4C8, 0xEDAB, 0xB324, 0xB324, 0xB324, 0xB324, 0x9223, 0x2840, 0x2840, 0x0000, 0x0000, 0x0000,
    0x0000, 0x2840, 0x2840, 0xB324, 0xB324, 0xEDAB, 0xB324, 0xB324, 0x9223, 0x2840, 0x2840, 0x0000, 0x0000, 0x0000, 0x0000,
    0x0000, 0x0000, 0x0000, 0x0000, 0x2840, 0x2840, 0xEDAB, 0x9223, 0x2840, 0x2840, 0x0000, 0x0000, 0x0000, 0x0000, 0x0000,
    0x0000, 0x0000, 0x0000, 0x0000, 0x0000, 0x0000, 0x0000, 0x2840, 0x2840, 0x0000, 0x0000, 0x0000, 0x0000, 0x0000, 0x0000,
    0x0000,
};
static const uint8_t icon_module_rgb565_mask[] PROGMEM = {
    0x80, 0x01, 0xE0, 0x07, 0xF8, 0x1F, 0xFE, 0x7F, 0xFF, 0xFF, 0xFF, 0xFF, 0xFF, 0xFF, 0xFF, 0xFF,
    0xFF, 0xFF, 0xFF, 0xFF, 0xFF, 0xFF, 0xFF, 0xFF, 0xFE, 0x7F, 0xF8, 0x1F, 0xE0, 0x07, 0x80, 0x01,
};

#define icon_waypoint_rgb565_width 16
#define icon_waypoint_rgb565_height 16
static const uint16_t icon_waypoint_rgb565[] PROGMEM = {
    0x0000, 0x0000, 0x0000, 0x0000, 0x0000, 0x0000, 0x0000, 0x0000, 0x0000, 0x0000, 0x0000, 0x9887, 0x9887, 0x9887, 0x0000,
    0x0000, 0x0000, 0x0000, 0x0000, 0x0000, 0x0000, 0x0000, 0x0000, 0x0000, 0x0000, 0x0000, 0x6044, 0xC908, 0xFBAF, 0xFBAF,
    0x9887, 0x0000, 0x0000, 0x0000, 0x0000, 0x0000, 0x0000, 0x0000, 0x0000, 0x0000, 0x0000, 0x0000, 0x6044, 0xC908, 0xF1E8,
    0xFBAF, 0xFBAF, 0x6044, 0x0000, 0x0000, 0x0000, 0x0000, 0x0000, 0x0000, 0x0000, 0x0000, 0x0000, 0x6044, 0xF1E8, 0x9887,
    0xC908, 0xF1E8, 0xF1E8, 0x6044, 0x0000, 0x0000, 0x0000, 0x0000, 0x0000, 0x9887, 0x9887, 0x6044, 0x6044, 0xFBAF, 0xF1E8,
    0xF1E8, 0x9887, 0xC908, 0xC908, 0x6044, 0x0000, 0x0000, 0x0000, 0x0000, 0x9887, 0xF1E8, 0xF1E8, 0xC908, 0xF1E8, 0xFBAF,
    0xF1E8, 0xC908, 0x9887, 0x3820, 0x3820, 0x0000, 0x0000, 0x0000, 0x0000, 0x9887, 0xF1E8, 0xFBAF, 0xFBAF, 0xC908, 0xF1E8,
    0xC908, 0xC908, 0x9887, 0x3820, 0x0000, 0x0000, 0x0000, 0x0000, 0x0000, 0x0000, 0x6044, 0xF1E8, 0xFBAF, 0xF1E8, 0xF1E8,
    0xC908, 0xC908, 0x9887, 0x3820, 0x0000, 0x0000, 0x0000, 0x0000, 0x0000, 0x0000, 0x0000, 0x6044, 0xC908, 0xF1E8, 0xF1E8,
    0xF1E8, 0xC908, 0xC908, 0xA92C, 0x3820, 0x0000, 0x0000, 0x0000, 0x0000, 0x0000, 0x0000, 0x0000, 0x0000, 0x6044, 0x9887,
    0xC908, 0xC908, 0xC908, 0x9887, 0xA92C, 0x3820, 0x0000, 0x0000, 0x0000, 0x0000, 0x0000, 0x0000, 0x0000, 0x0000, 0x31C7,
    0x6044, 0x9887, 0x9887, 0x9887, 0x9887, 0xA92C, 0x3820, 0x0000, 0x0000, 0x0000, 0x0000, 0x0000, 0x0000, 0x0000, 0x4AAB,
    0xB5F7, 0x18C3, 0x6044, 0x9887, 0x9887, 0xA92C, 0x3820, 0x0000, 0x0000, 0x0000, 0x0000, 0x0000, 0x0000, 0x0000, 0x4AAB,
    0xEF9E, 0x18C3, 0x0000, 0x0000, 0x6044, 0x3820, 0x3820, 0x0000, 0x0000, 0x0000, 0x0000, 0x0000, 0x0000, 0x0000, 0x4AAB,
    0xEF9E, 0x18C3, 0x0000, 0x0000, 0x0000, 0x0000, 0x0000, 0x0000, 0x0000, 0x0000, 0x0000, 0x0000, 0x0000, 0x0000, 0x31C7,
    0xB5F7, 0x18C3, 0x0000, 0x0000, 0x0000, 0x0000, 0x0000, 0x0000, 0x0000, 0x0000, 0x0000, 0x0000, 0x0000, 0x0000, 0x0000,
    0x18C3, 0x18C3, 0x0000, 0x0000, 0x0000, 0x0000, 0x0000, 0x0000, 0x0000, 0x0000, 0x0000, 0x0000, 0x0000, 0x0000, 0x0000,
    0x0000,
};
static const uint8_t icon_waypoint_rgb565_mask[] PROGMEM = {
    0x00, 0x38, 0x00, 0x7C, 0x00, 0xFC, 0x00, 0xFE, 0xE0, 0xFF, 0xF0, 0x7F, 0xF8, 0x1F, 0xF8, 0x0F,
    0xF8, 0x0F, 0xF0, 0x0F, 0xF0, 0x0F, 0xF8, 0x07, 0x9C, 0x03, 0x0E, 0x00, 0x07, 0x00, 0x03, 0x00,
};

#define mute_symbol_rgb565_width 16
#define mute_symbol_rgb565_height 16
static const uint16_t mute_symbol_rgb565[] PROGMEM = {
    0x0000, 0x0000, 0x9887, 0x9887, 0x0000, 0x0000, 0x0000, 0x0000, 0x0000, 0x0000, 0x0000, 0x0000, 0x0000, 0x0000, 0x0000,
    0x0000, 0x0000, 0x9887, 0xFBAF, 0xFBAF, 0x9887, 0x4AAB, 0x4AAB, 0x0000, 0x0000, 0x0000, 0x0000, 0x0000, 0x0000, 0x0000,
    0x0000, 0x0000, 0x0000, 0x6044, 0xF1E8, 0xFD31, 0xFD31, 0x9887, 0xEF9E, 0x4AAB, 0x4AAB, 0x0000, 0x0000, 0x0000, 0x0000,
    0x0000, 0x0000, 0x0000, 0x0000, 0x0000, 0x6044, 0xF1E8, 0xFD31, 0xFD31, 0x9887, 0xEF9E, 0xEF9E, 0x4AAB, 0x0000, 0x0000,
    0x0000, 0x0000, 0x0000, 0x0000, 0x0000, 0x0000, 0x31C7, 0x6044, 0xF1E8, 0xFBAF, 0xFD31, 0x9887, 0x4AAB, 0xEF9E, 0x4AAB,
    0x0000, 0x0000, 0x0000, 0x0000, 0x0000, 0x0000, 0x0000, 0x31C7, 0xB5F7, 0x6044, 0xF1E8, 0xF1E8, 0xFBAF, 0x9887, 0x4AAB,
    0xB5F7, 0x31C7, 0x0000, 0x0000, 0x0000, 0x0000, 0x0000, 0x0000, 0x10C4, 0x31C7, 0xB5F7, 0x6044, 0xF1E8, 0xF1E8, 0xFBAF,
    0x6044, 0x4AAB, 0xB5F7, 0x31C7, 0x0000, 0x0000, 0x0000, 0x0000, 0x0000, 0x10C4, 0x31C7, 0xB5F7, 0x4AAB, 0x3820, 0xC908,
    0xF1E8, 0xFBAF, 0x6044, 0x4AAB, 0xB5F7, 0x31C7, 0x0000, 0x0000, 0x0000, 0x0000, 0x10C4, 0xB5F7, 0x31C7, 0xB5F7, 0x4AAB,
    0x3820, 0xC908, 0xF1E8, 0xF1E8, 0x6044, 0x8CF3, 0x31C7, 0x0000, 0x0000, 0x0000, 0x0000, 0x31C7, 0xEF9E, 0x8CF3, 0x31C7,
    0x8CF3, 0x4AAB, 0x3820, 0xC908, 0xF1E8, 0xF1E8, 0x6044, 0x8CF3, 0x31C7, 0x0000, 0x0000, 0x31C7, 0xB5F7, 0xEF9E, 0x8CF3,
    0x634D, 0x31C7, 0x8CF3, 0x31C7, 0x3820, 0xC908, 0xC908, 0xF1E8, 0x3820, 0x31C7, 0x0000, 0x0000, 0x31C7, 0xB5F7, 0x8CF3,
    0x8CF3, 0x634D, 0x4AAB, 0x31C7, 0x8CF3, 0x8CF3, 0x3820, 0x9887, 0xC908, 0xC908, 0x3820, 0x0000, 0x0000, 0x31C7, 0x634D,
    0x8CF3, 0x634D, 0x4AAB, 0x4AAB, 0x4AAB, 0x31C7, 0x31C7, 0x8CF3, 0x3820, 0x9887, 0x9887, 0xC908, 0x3820, 0x0000, 0x0000,
    0x31C7, 0x634D, 0x4AAB, 0x4AAB, 0x10C4, 0x10C4, 0x10C4, 0x10C4, 0x31C7, 0x31C7, 0x3820, 0x9887, 0x9887, 0x3820, 0x0000,
    0x0000, 0x0000, 0x31C7, 0x31C7, 0x10C4, 0x0000, 0x0000, 0x0000, 0x0000, 0x0000, 0x0000, 0x0000, 0x3820, 0x3820, 0x0000,
    0x0000, 0x0000, 0x0000, 0x0000, 0x0000, 0x0000, 0x0000, 0x0000, 0x0000, 0x0000, 0x0000, 0x0000, 0x0000, 0x0000, 0x0000,
    0x0000,
};
static const uint8_t mute_symbol_rgb565_mask[] PROGMEM = {
    0x0C, 0x00, 0x7E, 0x00, 0xFE, 0x01, 0xFC, 0x03, 0xFC, 0x07, 0xFC, 0x0F, 0xFC, 0x1F, 0xFC, 0x3F,
    0xFC, 0x3F, 0xFC, 0x7F, 0xFE, 0x7F, 0xFE, 0x7F, 0xFE, 0xFF, 0xFC, 0xFF, 0x38, 0x60, 0x00, 0x00,
};

#define mute_symbol_big_rgb565_width 32
#define mute_symbol_big_rgb565_height 32
static const uint16_t mute_symbol_big_rgb565[] PROGMEM = {
    0x0000, 0x0000, 0x0000, 0x0000, 0x9887, 0x9887, 0x9887, 0x9887, 0x0000, 0x0000, 0x0000, 0x0000, 0x0000, 0x0000, 0x0000,
    0x0000, 0x0000, 0x0000, 0x0000, 0x0000, 0x0000, 0x0000, 0x0000, 0x0000, 0x0000, 0x0000, 0x0000, 0x0000, 0x0000, 0x0000,
    0x0000, 0x0000, 0x0000, 0x0000, 0x0000, 0x0000, 0x9887, 0x9887, 0x9887, 0x9887, 0x0000, 0x0000, 0x0000, 0x0000, 0x0000,
    0x0000, 0x0000, 0x0000, 0x0000, 0x0000, 0x0000, 0x0000, 0x0000, 0x0000, 0x0000, 0x0000, 0x0000, 0x0000, 0x0000, 0x0000,
    0x0000, 0x0000, 0x0000, 0x0000, 0x0000, 0x0000, 0x9887, 0x9887, 0xFBAF, 0xFBAF, 0xFBAF, 0xFBAF, 0x9887, 0x9887, 0x4AAB,
    0x4AAB, 0x4AAB, 0x4AAB, 0x0000, 0x0000, 0x0000, 0x0000, 0x0000, 0x0000, 0x0000, 0x0000, 0x0000, 0x0000, 0x0000, 0x0000,
    0x0000, 0x0000, 0x0000, 0x0000, 0x0000, 0x0000, 0x0000, 0x0000, 0x9887, 0x9887, 0xFBAF, 0xFBAF, 0xFBAF, 0xFBAF, 0x9887,
    0x9887, 0x4AAB, 0x4AAB, 0x4AAB, 0x4AAB, 0x0000, 0x0000, 0x0000, 0x0000, 0x0000, 0x0000, 0x0000, 0x0000, 0x0000, 0x0000,
    0x0000, 0x0000, 0x0000, 0x0000, 0x0000, 0x0000, 0x0000, 0x0000, 0x0000, 0x0000, 0x6044, 0x6044, 0xF1E8, 0xF1E8, 0xFD31,
    0xFD31, 0xFD31, 0xFD31, 0x9887, 0x9887, 0xEF9E, 0xEF9E, 0x4AAB, 0x4AAB, 0x4AAB, 0x4AAB, 0x0000, 0x0000, 0x0000, 0x0000,
    0x0000, 0x0000, 0x0000, 0x0000, 0x0000, 0x0000, 0x0000, 0x0000, 0x0000, 0x0000, 0x0000, 0x0000, 0x6044, 0x6044, 0xF1E8,
    0xF1E8, 0xFD31, 0xFD31, 0xFD31, 0xFD31, 0x9887, 0x9887, 0xEF9E, 0xEF9E, 0x4AAB, 0x4AAB, 0x4AAB, 0x4AAB, 0x0000, 0x0000,
    0x0000, 0x0000, 0x0000, 0x0000, 0x0000, 0x0000, 0x0000, 0x0000, 0x0000, 0x0000, 0x0000, 0x0000, 0x0000, 0x0000, 0x0000,
    0x0000, 0x6044, 0x6044, 0xF1E8, 0xF1E8, 0xFD31, 0xFD31, 0xFD31, 0xFD31, 0x9887, 0x9887, 0xEF9E, 0xEF9E, 0xEF9E, 0xEF9E,
    0x4AAB, 0x4AAB, 0x0000, 0x0000, 0x0000, 0x0000, 0x0000, 0x0000, 0x0000, 0x0000, 0x0000, 0x0000, 0x0000, 0x0000, 0x0000,
    0x0000, 0x0000, 0x0000, 0x6044, 0x6044, 0xF1E8, 0xF1E8, 0xFD31, 0xFD31, 0xFD31, 0xFD31, 0x9887, 0x9887, 0xEF9E, 0xEF9E,
    0xEF9E, 0xEF9E, 0x4AAB, 0x4AAB, 0x0000, 0x0000, 0x0000, 0x0000, 0x0000, 0x0000, 0x0000, 0x0000, 0x0000, 0x0000, 0x0000,
    0x0000, 0x0000, 0x0000, 0x0000, 0x0000, 0x31C7, 0x31C7, 0x6044, 0x6044, 0xF1E8, 0xF1E8, 0xFBAF, 0xFBAF, 0xFD31, 0xFD31,
    0x9887, 0x9887, 0x4AAB, 0x4AAB, 0xEF9E, 0xEF9E, 0x4AAB, 0x4AAB, 0x0000, 0x0000, 0x0000, 0x0000, 0x0000, 0x0000, 0x0000,
    0x0000, 0x0000, 0x0000, 0x0000, 0x0000, 0x0000, 0x0000, 0x31C7, 0x31C7, 0x6044, 0x6044, 0xF1E8, 0xF1E8, 0xFBAF, 0xFBAF,
    0xFD31, 0xFD31, 0x9887, 0x9887, 0x4AAB, 0x4AAB, 0xEF9E, 0xEF9E, 0x4AAB, 0x4AAB, 0x0000, 0x0000, 0x0000, 0x0000, 0x0000,
    0x0000, 0x0000, 0x0000, 0x0000, 0x0000, 0x0000, 0x0000, 0x0000, 0x0000, 0x31C7, 0x31C7, 0xB5F7, 0xB5F7, 0x6044, 0x6044,
    0xF1E8, 0xF1E8, 0xF1E8, 0xF1E8, 0xFBAF, 0xFBAF, 0x9887, 0x9887, 0x4AAB, 0x4AAB, 0xB5F7, 0xB5F7, 0x31C7, 0x31C7, 0x0000,
    0x0000, 0x0000, 0x0000, 0x0000, 0x0000, 0x0000, 0x0000, 0x0000, 0x0000, 0x0000, 0x0000, 0x31C7, 0x31C7, 0xB5F7, 0xB5F7,
    0x6044, 0x6044, 0xF1E8, 0xF1E8, 0xF1E8, 0xF1E8, 0xFBAF, 0xFBAF, 0x9887, 0x9887, 0x4AAB, 0x4AAB, 0xB5F7, 0xB5F7, 0x31C7,
    0x31C7, 0x0000, 0x0000, 0x0000, 0x0000, 0x0000, 0x0000, 0x0000, 0x0000, 0x0000, 0x0000, 0x0000, 0x0000, 0x10C4, 0x10C4,
    0x31C7, 0x31C7, 0xB5F7, 0xB5F7, 0x6044, 0x6044, 0xF1E8, 0xF1E8, 0xF1E8, 0xF1E8, 0xFBAF, 0xFBAF, 0x6044, 0x6044, 0x4AAB,
    0x4AAB, 0xB5F7, 0xB5F7, 0x31C7, 0x31C7, 0x0000, 0x0000, 0x0000, 0x0000, 0x0000, 0x0000, 0x0000, 0x0000, 0x0000, 0x0000,
    0x10C4, 0x10C4, 0x31C7, 0x31C7, 0xB5F7, 0xB5F7, 0x6044, 0x6044, 0xF1E8, 0xF1E8, 0xF1E8, 0xF1E8, 0xFBAF, 0xFBAF, 0x6044,
    0x6044, 0x4AAB, 0x4AAB, 0xB5F7, 0xB5F7, 0x31C7, 0x31C7, 0x0000, 0x0000, 0x0000, 0x0000, 0x0000, 0x0000, 0x0000, 0x0000,
    0x0000, 0x0000, 0x10C4, 0x10C4, 0x31C7, 0x31C7, 0xB5F7, 0xB5F7, 0x4AAB, 0x4AAB, 0x3820, 0x3820, 0xC908, 0xC908, 0xF1E8,
    0xF1E8, 0xFBAF, 0xFBAF, 0x6044, 0x6044, 0x4AAB, 0x4AAB, 0xB5F7, 0xB5F7, 0x31C7, 0x31C7, 0x0000, 0x0000, 0x0000, 0x0000,
    0x0000, 0x0000, 0x0000, 0x0000, 0x10C4, 0x10C4, 0x31C7, 0x31C7, 0xB5F7, 0xB5F7, 0x4AAB, 0x4AAB, 0x3820, 0x3820, 0xC908,
    0xC908, 0xF1E8, 0xF1E8, 0xFBAF, 0xFBAF, 0x6044, 0x6044, 0x4AAB, 0x4AAB, 0xB5F7, 0xB5F7, 0x31C7, 0x31C7, 0x0000, 0x0000,
    0x0000, 0x0000, 0x0000, 0x0000, 0x0000, 0x0000, 0x10C4, 0x10C4, 0xB5F7, 0xB5F7, 0x31C7, 0x31C7, 0xB5F7, 0xB5F7, 0x4AAB,
    0x4AAB, 0x3820, 0x3820, 0xC908, 0xC908, 0xF1E8, 0xF1E8, 0xF1E8, 0xF1E8, 0x6044, 0x6044, 0x8CF3, 0x8CF3, 0x31C7, 0x31C7,
    0x0000, 0x0000, 0x0000, 0x0000, 0x0000, 0x0000, 0x0000, 0x0000, 0x10C4, 0x10C4, 0xB5F7, 0xB5F7, 0x31C7, 0x31C7, 0xB5F7,
    0xB5F7, 0x4AAB, 0x4AAB, 0x3820, 0x3820, 0xC908, 0xC908, 0xF1E8, 0xF1E8, 0xF1E8, 0xF1E8, 0x6044, 0x6044, 0x8CF3, 0x8CF3,
    0x31C7, 0x31C7, 0x0000, 0x0000, 0x0000, 0x0000, 0x0000, 0x0000, 0x0000, 0x0000, 0x31C7, 0x31C7, 0xEF9E, 0xEF9E, 0x8CF3,
    0x8CF3, 0x31C7, 0x31C7, 0x8CF3, 0x8CF3, 0x4AAB, 0x4AAB, 0x3820, 0x3820, 0xC908, 0xC908, 0xF1E8, 0xF1E8, 0xF1E8, 0xF1E8,
    0x6044, 0x6044, 0x8CF3, 0x8CF3, 0x31C7, 0x31C7, 0x0000, 0x0000, 0x0000, 0x0000, 0x0000, 0x0000, 0x31C7, 0x31C7, 0xEF9E,
    0xEF9E, 0x8CF3, 0x8CF3, 0x31C7, 0x31C7, 0x8CF3, 0x8CF3, 0x4AAB, 0x4AAB, 0x3820, 0x3820, 0xC908, 0xC908, 0xF1E8, 0xF1E8,
    0xF1E8, 0xF1E8, 0x6044, 0x6044, 0x8CF3, 0x8CF3, 0x31C7, 0x31C7, 0x0000, 0x0000, 0x0000, 0x0000, 0x31C7, 0x31C7, 0xB5F7,
    0xB5F7, 0xEF9E, 0xEF9E, 0x8CF3, 0x8CF3, 0x634D, 0x634D, 0x31C7, 0x31C7, 0x8CF3, 0x8CF3, 0x31C7, 0x31C7, 0x3820, 0x3820,
    0xC908, 0xC908, 0xC908, 0xC908, 0xF1E8, 0xF1E8, 0x3820, 0x3820, 0x31C7, 0x31C7, 0x0000, 0x0000, 0x0000, 0x0000, 0x31C7,
    0x31C7, 0xB5F7, 0xB5F7, 0xEF9E, 0xEF9E, 0x8CF3, 0x8CF3, 0x634D, 0x634D, 0x31C7, 0x31C7, 0x8CF3, 0x8CF3, 0x31C7, 0x31C7,
    0x3820, 0x3820, 0xC908, 0xC908, 0xC908, 0xC908, 0xF1E8, 0xF1E8, 0x3820, 0x3820, 0x31C7, 0x31C7, 0x0000, 0x0000, 0x0000,
    0x0000, 0x31C7, 0x31C7, 0xB5F7, 0xB5F7, 0x8CF3, 0x8CF3, 0x8CF3, 0x8CF3, 0x634D, 0x634D, 0x4AAB, 0x4AAB, 0x31C7, 0x31C7,
    0x8CF3, 0x8CF3, 0x8CF3, 0x8CF3, 0x3820, 0x3820, 0x9887, 0x9887, 0xC908, 0xC908, 0xC908, 0xC908, 0x3820, 0x3820, 0x0000,
    0x0000, 0x0000, 0x0000, 0x31C7, 0x31C7, 0xB5F7, 0xB5F7, 0x8CF3, 0x8CF3, 0x8CF3, 0x8CF3, 0x634D, 0x634D, 0x4AAB, 0x4AAB,
    0x31C7, 0x31C7, 0x8CF3, 0x8CF3, 0x8CF3, 0x8CF3, 0x3820, 0x3820, 0x9887, 0x9887, 0xC908, 0xC908, 0xC908, 0xC908, 0x3820,
    0x3820, 0x0000, 0x0000, 0x0000, 0x0000, 0x31C7, 0x31C7, 0x634D, 0x634D, 0x8CF3, 0x8CF3, 0x634D, 0x634D, 0x4AAB, 0x4AAB,
    0x4AAB, 0x4AAB, 0x4AAB, 0x4AAB, 0x31C7, 0x31C7, 0x31C7, 0x31C7, 0x8CF3, 0x8CF3, 0x3820, 0x3820, 0x9887, 0x9887, 0x9887,
    0x9887, 0xC908, 0xC908, 0x3820, 0x3820, 0x0000, 0x0000, 0x31C7, 0x31C7, 0x634D, 0x634D, 0x8CF3, 0x8CF3, 0x634D, 0x634D,
    0x4AAB, 0x4AAB, 0x4AAB, 0x4AAB, 0x4AAB, 0x4AAB, 0x31C7, 0x31C7, 0x31C7, 0x31C7, 0x8CF3, 0x8CF3, 0x3820, 0x3820, 0x9887,
    0x9887, 0x9887, 0x9887, 0xC908, 0xC908, 0x3820, 0x3820, 0x0000, 0x0000, 0x0000, 0x0000, 0x31C7, 0x31C7, 0x634D, 0x634D,
    0x4AAB, 0x4AAB, 0x4AAB, 0x4AAB, 0x10C4, 0x10C4, 0x10C4, 0x10C4, 0x10C4, 0x10C4, 0x10C4, 0x10C4, 0x31C7, 0x31C7, 0x31C7,
    0x31C7, 0x3820, 0x3820, 0x9887, 0x9887, 0x9887, 0x9887, 0x3820, 0x3820, 0x0000, 0x0000, 0x0000, 0x0000, 0x31C7, 0x31C7,
    0x634D, 0x634D, 0x4AAB, 0x4AAB, 0x4AAB, 0x4AAB, 0x10C4, 0x10C4, 0x10C4, 0x10C4, 0x10C4, 0x10C4, 0x10C4, 0x10C4, 0x31C7,
    0x31C7, 0x31C7, 0x31C7, 0x3820, 0x3820, 0x9887, 0x9887, 0x9887, 0x9887, 0x3820, 0x3820, 0x0000, 0x0000, 0x0000, 0x0000,
    0x0000, 0x0000, 0x31C7, 0x31C7, 0x31C7, 0x31C7, 0x10C4, 0x10C4, 0x0000, 0x0000, 0x0000, 0x0000, 0x0000, 0x0000, 0x0000,
    0x0000, 0x0000, 0x0000, 0x0000, 0x0000, 0x0000, 0x0000, 0x3820, 0x3820, 0x3820, 0x3820, 0x0000, 0x0000, 0x0000, 0x0000,
    0x0000, 0x0000, 0x0000, 0x0000, 0x31C7, 0x31C7, 0x31C7, 0x31C7, 0x10C4, 0x10C4, 0x0000, 0x0000, 0x0000, 0x0000, 0x0000,
    0x0000, 0x0000, 0x0000, 0x0000, 0x0000, 0x0000, 0x0000, 0x0000, 0x0000, 0x3820, 0x3820, 0x3820, 0x3820, 0x0000, 0x0000,
    0x0000, 0x0000, 0x0000, 0x0000, 0x0000, 0x0000, 0x0000, 0x0000, 0x0000, 0x0000, 0x0000, 0x0000, 0x0000, 0x0000, 0x0000,
    0x0000, 0x0000, 0x0000, 0x0000, 0x0000, 0x0000, 0x0000, 0x0000, 0x0000, 0x0000, 0x0000, 0x0000, 0x0000, 0x0000, 0x0000,
    0x0000, 0x0000, 0x0000, 0x0000, 0x0000, 0x0000, 0x0000, 0x0000, 0x0000, 0x0000, 0x0000, 0x0000, 0x0000, 0x0000, 0x0000,
    0x0000, 0x0000, 0x0000, 0x0000, 0x0000, 0x0000, 0x0000, 0x0000, 0x0000, 0x0000, 0x0000, 0x0000, 0x0000, 0x0000, 0x0000,
    0x0000, 0x0000, 0x0000, 0x0000,
};
static const uint8_t mute_symbol_big_rgb565_mask[] PROGMEM = {
    0xF0, 0x00, 0x00, 0x00, 0xF0, 0x00, 0x00, 0x00, 0xFC, 0x3F, 0x00, 0x00, 0xFC, 0x3F, 0x00, 0x00, 0xFC, 0xFF, 0x03,
    0x00, 0xFC, 0xFF, 0x03, 0x00, 0xF0, 0xFF, 0x0F, 0x00, 0xF0, 0xFF, 0x0F, 0x00, 0xF0, 0xFF, 0x3F, 0x00, 0xF0, 0xFF,
    0x3F, 0x00, 0xF0, 0xFF, 0xFF, 0x00, 0xF0, 0xFF, 0xFF, 0x00, 0xF0, 0xFF, 0xFF, 0x03, 0xF0, 0xFF, 0xFF, 0x03, 0xF0,
    0xFF, 0xFF, 0x0F, 0xF0, 0xFF, 0xFF, 0x0F, 0xF0, 0xFF, 0xFF, 0x0F, 0xF0, 0xFF, 0xFF, 0x0F, 0xF0, 0xFF, 0xFF, 0x3F,
    0xF0, 0xFF, 0xFF, 0x3F, 0xFC, 0xFF, 0xFF, 0x3F, 0xFC, 0xFF, 0xFF, 0x3F, 0xFC, 0xFF, 0xFF, 0x3F, 0xFC, 0xFF, 0xFF,
    0x3F, 0xFC, 0xFF, 0xFF, 0xFF, 0xFC, 0xFF, 0xFF, 0xFF, 0xF0, 0xFF, 0xFF, 0xFF, 0xF0, 0xFF, 0xFF, 0xFF, 0xC0, 0x0F,
    0x00, 0x3C, 0xC0, 0x0F, 0x00, 0x3C, 0x00, 0x00, 0x00, 0x00, 0x00, 0x00, 0x00, 0x00,
};

#define bell_alert_rgb565_width 16
#define bell_alert_rgb565_height 16
static const uint16_t bell_alert_rgb565[] PROGMEM = {
    0x0000, 0x0000, 0x0000, 0x0000, 0x0000, 0x0000, 0x0000, 0x7AE1, 0x5A01, 0x0000, 0x0000, 0x0000, 0x0000, 0x0000, 0x0000,
    0x0000, 0x0000, 0x0000, 0x0000, 0x0000, 0x0000, 0x0000, 0x7AE1, 0xFFD6, 0xEECF, 0x5A01, 0x0000, 0x0000, 0x0000, 0x0000,
    0x0000, 0x0000, 0x0000, 0x0000, 0x0000, 0x0000, 0x0000, 0x7AE1, 0x7AE1, 0x7AE1, 0x5A01, 0x5A01, 0x5A01, 0x0000, 0x0000,
    0x0000, 0x0000, 0x0000, 0x0000, 0x0000, 0x0000, 0x0000, 0x7AE1, 0xEECF, 0xEECF, 0xEECF, 0xEECF, 0xCDA9, 0x93E3, 0x5A01,
    0x0000, 0x0000, 0x0000, 0x0000, 0x0000, 0x0000, 0x0000, 0x7AE1, 0xEECF, 0xFFD6, 0xFFD6, 0xEECF, 0xEECF, 0xEECF, 0xCDA9,
    0x93E3, 0x5A01, 0x0000, 0x0000, 0x0000, 0x0000, 0x0000, 0x0000, 0x7AE1, 0xFFD6, 0xFFFF, 0xFFFF, 0xFFD6, 0xEECF, 0xEECF,
    0xCDA9, 0x93E3, 0x5A01, 0x0000, 0x0000, 0x0000, 0x0000, 0x0000, 0x0000, 0x7AE1, 0xFFD6, 0xFFFF, 0xFFFF, 0xFFD6, 0xEECF,
    0xEECF, 0xCDA9, 0x93E3, 0x4961, 0x0000, 0x0000, 0x0000, 0x0000, 0x0000, 0x0000, 0x5A01, 0xEECF, 0xFFD6, 0xFFD6, 0xEECF,
    0xEECF, 0xEECF, 0xCDA9, 0x93E3, 0x4961, 0x0000, 0x0000, 0x0000, 0x0000, 0x0000, 0x0000, 0x5A01, 0xEECF, 0xEECF, 0xEECF,
    0xEECF, 0xEECF, 0xCDA9, 0x93E3, 0x93E3, 0x4961, 0x0000, 0x0000, 0x0000, 0x0000, 0x0000, 0x7AE1, 0x93E3, 0xCDA9, 0xEECF,
    0xEECF, 0xEECF, 0xCDA9, 0x93E3, 0x93E3, 0x93E3, 0x7AE1, 0x4961, 0x0000, 0x0000, 0x0000, 0x7AE1, 0xEECF, 0xFFD6, 0x93E3,
    0x93E3, 0x93E3, 0x93E3, 0x7AE1, 0x7AE1, 0x7AE1, 0x7AE1, 0x93E3, 0xCDA9, 0x4961, 0x0000, 0x0000, 0x5A01, 0xCDA9, 0xEECF,
    0xFFD6, 0xFFD6, 0xEECF, 0xCDA9, 0xCDA9, 0x93E3, 0x93E3, 0x93E3, 0x93E3, 0xCDA9, 0x4961, 0x0000, 0x0000, 0x0000, 0x5A01,
    0x4961, 0xCDA9, 0xCDA9, 0x93E3, 0x93E3, 0x93E3, 0x93E3, 0x93E3, 0x93E3, 0x4961, 0x4961, 0x0000, 0x0000, 0x0000, 0x0000,
    0x0000, 0x0000, 0x4961, 0x4961, 0x4961, 0x4961, 0x4961, 0x4961, 0x4961, 0x4961, 0x0000, 0x0000, 0x0000, 0x0000, 0x0000,
    0x0000, 0x0000, 0x0000, 0x0000, 0x0000, 0x5A01, 0xCDA9, 0x93E3, 0x4961, 0x0000, 0x0000, 0x0000, 0x0000, 0x0000, 0x0000,
    0x0000, 0x0000, 0x0000, 0x0000, 0x0000, 0x0000, 0x0000, 0x5A01, 0x4961, 0x0000, 0x0000, 0x0000, 0x0000, 0x0000, 0x0000,
    0x0000,
};
static const uint8_t bell_alert_rgb565_mask[] PROGMEM = {
    0x80, 0x01, 0xC0, 0x03, 0xE0, 0x07, 0xF0, 0x0F, 0xF8, 0x1F, 0xF8, 0x1F, 0xF8, 0x1F, 0xF8, 0x1F,
    0xF8, 0x1F, 0xFC, 0x3F, 0xFE, 0x7F, 0xFE, 0x7F, 0xFC, 0x3F, 0xF0, 0x0F, 0xC0, 0x03, 0x80, 0x01,
};

#define key_symbol_rgb565_width 16
#define key_symbol_rgb565_height 16
static const uint16_t key_symbol_rgb565[] PROGMEM = {
    0x0000, 0x0000, 0x0000, 0x0000, 0x0000, 0x0000, 0x0000, 0x0000, 0x0000, 0x7AE1, 0x7AE1, 0x7AE1, 0x5A01, 0x0000, 0x0000,
    0x0000, 0x0000, 0x0000, 0x0000, 0x0000, 0x0000, 0x0000, 0x0000, 0x0000, 0x7AE1, 0xFFD6, 0xFFFF, 0xFFFF, 0xFFD6, 0x5A01,
    0x0000, 0x0000, 0x0000, 0x0000, 0x0000, 0x0000, 0x0000, 0x0000, 0x0000, 0x7AE1, 0xFFD6, 0xFFFF, 0xFFD6, 0xFFD6, 0xFFD6,
    0xFFD6, 0x5A01, 0x0000, 0x0000, 0x0000, 0x0000, 0x0000, 0x0000, 0x0000, 0x7AE1, 0xFFD6, 0xFFFF, 0xFFD6, 0xFFD6, 0x7AE1,
    0x93E3, 0xEECF, 0xCDA9, 0x5A01, 0x0000, 0x0000, 0x0000, 0x0000, 0x0000, 0x0000, 0x7AE1, 0xFFFF, 0xFFD6, 0xFFD6, 0xFFD6,
    0x93E3, 0x93E3, 0xCDA9, 0xCDA9, 0x4961, 0x0000, 0x0000, 0x0000, 0x0000, 0x0000, 0x0000, 0x7AE1, 0xFFFF, 0xFFD6, 0xFFD6,
    0xEECF, 0xEECF, 0xCDA9, 0xCDA9, 0xCDA9, 0x4961, 0x0000, 0x0000, 0x0000, 0x0000, 0x0000, 0x0000, 0x7AE1, 0xCDA9, 0xFFD6,
    0xEECF, 0xEECF, 0xCDA9, 0xCDA9, 0xCDA9, 0x93E3, 0x4961, 0x0000, 0x0000, 0x0000, 0x0000, 0x0000, 0x7AE1, 0xEECF, 0x93E3,
    0xCDA9, 0xEECF, 0xCDA9, 0xCDA9, 0xCDA9, 0x93E3, 0x4961, 0x0000, 0x0000, 0x0000, 0x0000, 0x0000, 0x7AE1, 0xFFD6, 0x93E3,
    0xCDA9, 0x93E3, 0xCDA9, 0xCDA9, 0x93E3, 0x93E3, 0x4961, 0x0000, 0x0000, 0x0000, 0x0000, 0x0000, 0x7AE1, 0xFFFF, 0xCDA9,
    0xEECF, 0xEECF, 0x93E3, 0x4961, 0x4961, 0x4961, 0x4961, 0x0000, 0x0000, 0x0000, 0x0000, 0x0000, 0x7AE1, 0xFFFF, 0xCDA9,
    0xEECF, 0xEECF, 0x93E3, 0xCDA9, 0x4961, 0x0000, 0x0000, 0x0000, 0x0000, 0x0000, 0x0000, 0x0000, 0x7AE1, 0xFFD6, 0xCDA9,
    0xFFD6, 0xFFD6, 0x93E3, 0x4961, 0x4961, 0x0000, 0x0000, 0x0000, 0x0000, 0x0000, 0x0000, 0x0000, 0x7AE1, 0xEECF, 0xCDA9,
    0xFFD6, 0xFFD6, 0x93E3, 0x4961, 0x0000, 0x0000, 0x0000, 0x0000, 0x0000, 0x0000, 0x0000, 0x0000, 0x0000, 0x7AE1, 0x93E3,
    0xEECF, 0xEECF, 0x93E3, 0xCDA9, 0x4961, 0x0000, 0x0000, 0x0000, 0x0000, 0x0000, 0x0000, 0x0000, 0x0000, 0x0000, 0x5A01,
    0xCDA9, 0xCDA9, 0x4961, 0x4961, 0x4961, 0x0000, 0x0000, 0x0000, 0x0000, 0x0000, 0x0000, 0x0000, 0x0000, 0x0000, 0x0000,
    0x5A01, 0x4961, 0x4961, 0x0000, 0x0000, 0x0000, 0x0000, 0x0000, 0x0000, 0x0000, 0x0000, 0x0000, 0x0000, 0x0000, 0x0000,
    0x0000,
};
static const uint8_t key_symbol_rgb565_mask[] PROGMEM = {
    0x00, 0x1E, 0x00, 0x3F, 0x80, 0x7F, 0xC0, 0xFF, 0xC0, 0xFF, 0xC0, 0xFF, 0xC0, 0xFF, 0xE0, 0x7F,
    0xF0, 0x3F, 0xF8, 0x1F, 0xFC, 0x03, 0xFE, 0x01, 0x7F, 0x00, 0x7F, 0x00, 0x3F, 0x00, 0x07, 0x00,
};

#define icon_node_rgb565_width 16
#define icon_node_rgb565_height 16
static const uint16_t icon_node_rgb565[] PROGMEM = {
    0x0000, 0x0000, 0x0000, 0x0000, 0x0000, 0x0000, 0x0000, 0x0000, 0x0000, 0x0000, 0x0000, 0x0000, 0x0000, 0x0000, 0x0000,
    0x0000, 0x0000, 0x39C7, 0x39C7, 0x39C7, 0x39C7, 0x39C7, 0x2945, 0x2945, 0x2945, 0x2945, 0x2945, 0x2945, 0x2945, 0x2945,
    0x2945, 0x0000, 0x39C7, 0xCE79, 0xCE79, 0xCE79, 0xCE79, 0xCE79, 0xCE79, 0xCE79, 0xBDD7, 0xBDD7, 0xBDD7, 0xBDD7, 0xBDD7,
    0x9CD3, 0x9CD3, 0x2945, 0x39C7, 0xCE79, 0x4208, 0x52AA, 0x52AA, 0x52AA, 0x52AA, 0x52AA, 0x52AA, 0x4208, 0x4208, 0x4208,
    0x4208, 0x39C7, 0x9CD3, 0x2945, 0x39C7, 0xCE79, 0x52AA, 0x9CD3, 0x9CD3, 0x6B6D, 0x4208, 0x4208, 0x4208, 0x4208, 0x4208,
    0x4208, 0x4208, 0x39C7, 0x9CD3, 0x2945, 0x2945, 0xCE79, 0x52AA, 0x6B6D, 0x4208, 0x4208, 0x4208, 0x4208, 0x4208, 0x4208,
    0x4208, 0x4208, 0x4208, 0x39C7, 0x9CD3, 0x2945, 0x2945, 0xCE79, 0x52AA, 0x4208, 0x4208, 0x4208, 0x4208, 0x4208, 0x4208,
    0x4208, 0x4208, 0x4208, 0x4208, 0x39C7, 0x9CD3, 0x2945, 0x2945, 0xBDD7, 0x52AA, 0x4208, 0x4208, 0x4208, 0x4208, 0x4208,
    0x4208, 0x4208, 0x4208, 0x4208, 0x4208, 0x39C7, 0x9CD3, 0x2945, 0x2945, 0xBDD7, 0x52AA, 0x4208, 0x4208, 0x4208, 0x4208,
    0x4208, 0x4208, 0x4208, 0x4208, 0x4208, 0x39C7, 0x39C7, 0x9CD3, 0x2945, 0x2945, 0xBDD7, 0x39C7, 0x39C7, 0x39C7, 0x39C7,
    0x39C7, 0x39C7, 0x39C7, 0x39C7, 0x39C7, 0x39C7, 0x39C7, 0x39C7, 0x9CD3, 0x2945, 0x2945, 0xBDD7, 0xBDD7, 0xCE79, 0xCE79,
    0xCE79, 0xCE79, 0xCE79, 0xCE79, 0xCE79, 0xCE79, 0xBDD7, 0xBDD7, 0x9CD3, 0x9CD3, 0x2945, 0x2945, 0x9CD3, 0xBDD7, 0xBDD7,
    0xBDD7, 0xBDD7, 0xBDD7, 0xBDD7, 0xBDD7, 0xBDD7, 0xBDD7, 0xBDD7, 0x9CD3, 0x9CD3, 0x9CD3, 0x18C3, 0x0000, 0x2945, 0x18C3,
    0x18C3, 0x18C3, 0x18C3, 0x18C3, 0x8410, 0x8410, 0x18C3, 0x18C3, 0x18C3, 0x18C3, 0x18C3, 0x18C3, 0x0000, 0x0000, 0x0000,
    0x0000, 0x0000, 0x39C7, 0x39C7, 0x39C7, 0xBDD7, 0x9CD3, 0x2945, 0x2945, 0x2945, 0x0000, 0x0000, 0x0000, 0x0000, 0x0000,
    0x0000, 0x0000, 0x39C7, 0x9CD3, 0xBDD7, 0xBDD7, 0xBDD7, 0xBDD7, 0xBDD7, 0x9CD3, 0x8410, 0x18C3, 0x0000, 0x0000, 0x0000,
    0x0000, 0x0000, 0x0000, 0x2945, 0x2945, 0x18C3, 0x18C3, 0x18C3, 0x18C3, 0x18C3, 0x18C3, 0x18C3, 0x18C3, 0x0000, 0x0000,
    0x0000,
};
static const uint8_t icon_node_rgb565_mask[] PROGMEM = {
    0x00, 0x00, 0xFE, 0x7F, 0xFF, 0xFF, 0xFF, 0xFF, 0xFF, 0xFF, 0xFF, 0xFF, 0xFF, 0xFF, 0xFF, 0xFF,
    0xFF, 0xFF, 0xFF, 0xFF, 0xFF, 0xFF, 0xFF, 0xFF, 0xFE, 0x7F, 0xF0, 0x0F, 0xF8, 0x1F, 0xF8, 0x1F,
};

#define bluetoothdisabled_rgb565_width 16
#define bluetoothdisabled_rgb565_height 16
static const uint16_t bluetoothdisabled_rgb565[] PROGMEM = {
    0x0000, 0x0000, 0x0000, 0x0000, 0x0000, 0x0000, 0x65BF, 0x19EF, 0x65BF, 0x0000, 0x0000, 0x0000, 0x0000, 0x0000, 0x0000,
    0x0000, 0x0000, 0x0000, 0x0000, 0x0000, 0x0000, 0x0000, 0x65BF, 0x19EF, 0x19EF, 0x65BF, 0x0000, 0x0000, 0x0000, 0x0000,
    0x0000, 0x0000, 0x0000, 0x0000, 0x0000, 0x0000, 0x0000, 0x0000, 0x65BF, 0x19EF, 0x0000, 0x19EF, 0x65BF, 0x0000, 0x0000,
    0x0000, 0x0000, 0x0000, 0x0000, 0x0000, 0x0000, 0x0000, 0x0000, 0x0000, 0x65BF, 0x19EF, 0x0000, 0x0000, 0x19EF, 0x65BF,
    0x0000, 0x0000, 0x0000, 0x0000, 0x0000, 0x0000, 0x0000, 0x0000, 0x65BF, 0x0000, 0x65BF, 0x19EF, 0x0000, 0x0000, 0x0000,
    0x19EF, 0x041F, 0x0000, 0x0000, 0x0000, 0x0000, 0x0000, 0x0000, 0x65BF, 0x19EF, 0x65BF, 0x65BF, 0x19EF, 0x0000, 0x0000,
    0x19EF, 0x041F, 0x0000, 0x0000, 0x0000, 0x0000, 0x0000, 0x0000, 0x0000, 0x0000, 0x041F, 0x19EF, 0x65BF, 0x19EF, 0x0000,
    0x19EF, 0x041F, 0x0000, 0x0000, 0x0000, 0x0000, 0x0000, 0x0000, 0x0000, 0x0000, 0x0000, 0x0000, 0x041F, 0x19EF, 0x19EF,
    0x19EF, 0x041F, 0x0000, 0x0000, 0x0000, 0x0000, 0x0000, 0x0000, 0x0000, 0x0000, 0x0000, 0x0000, 0x65BF, 0x19EF, 0x041F,
    0x19EF, 0x0000, 0x19EF, 0x65BF, 0x0000, 0x0000, 0x0000, 0x0000, 0x0000, 0x0000, 0x0000, 0x0000, 0x65BF, 0x19EF, 0x041F,
    0x65BF, 0x19EF, 0x0000, 0x0000, 0x19EF, 0x65BF, 0x0000, 0x0000, 0x0000, 0x0000, 0x0000, 0x0000, 0x0000, 0x0000, 0x041F,
    0x0000, 0x65BF, 0x19EF, 0x0000, 0x0000, 0x0000, 0x19EF, 0x041F, 0x0000, 0x0000, 0x0000, 0x0000, 0x0000, 0x0000, 0x0000,
    0x0000, 0x0000, 0x65BF, 0x19EF, 0x0000, 0x0000, 0x19EF, 0x041F, 0x0000, 0x0000, 0x0000, 0x0000, 0x0000, 0x0000, 0x0000,
    0x0000, 0x0000, 0x0000, 0x65BF, 0x19EF, 0x0000, 0x19EF, 0x041F, 0x0000, 0x0000, 0x0000, 0x0000, 0x0000, 0x0000, 0x0000,
    0x0000, 0x0000, 0x0000, 0x0000, 0x65BF, 0x19EF, 0x19EF, 0x041F, 0x0000, 0x0000, 0x0000, 0x0000, 0x0000, 0x0000, 0x0000,
    0x0000, 0x0000, 0x0000, 0x0000, 0x0000, 0x65BF, 0x19EF, 0x041F, 0x0000, 0x0000, 0x0000, 0x0000, 0x0000, 0x0000, 0x0000,
    0x0000, 0x0000, 0x0000, 0x0000, 0x0000, 0x0000, 0x65BF, 0x041F, 0x0000, 0x0000, 0x0000, 0x0000, 0x0000, 0x0000, 0x0000,
    0x0000,
};
static const uint8_t bluetoothdisabled_rgb565_mask[] PROGMEM = {
    0xC0, 0x01, 0xC0, 0x03, 0xC0, 0x06, 0xC0, 0x0C, 0xD0, 0x18, 0xF8, 0x0C, 0xF0, 0x06, 0xE0, 0x03,
    0xF0, 0x06, 0xF8, 0x0C, 0xD0, 0x18, 0xC0, 0x0C, 0xC0, 0x06, 0xC0, 0x03, 0xC0, 0x01, 0xC0, 0x00,
};

#define digital_icon_clock_rgb565_width 16
#define digital_icon_clock_rgb565_height 16
static const uint16_t digital_icon_clock_rgb565[] PROGMEM = {
    0x0000, 0x0000, 0x0000, 0x0000, 0x0000, 0x0000, 0x0000, 0x0000, 0x0000, 0x0000, 0x0000, 0x0000, 0x0000, 0x0000, 0x0000,
    0x0000, 0x0000, 0x0000, 0x0000, 0x0000, 0x0000, 0x0000, 0x5AEB, 0x5AEB, 0x5AEB, 0x5AEB, 0x5AEB, 0x0000, 0x0000, 0x0000,
    0x0000, 0x0000, 0x0000, 0x0000, 0x0000, 0x0000, 0x5AEB, 0x5AEB, 0xFFFF, 0xFFFF, 0xE73C, 0xE73C, 0xCE79, 0x39C7, 0x39C7,
    0x0000, 0x0000, 0x0000, 0x0000, 0x0000, 0x0000, 0x5AEB, 0xFFFF, 0xFFFF, 0x39C7, 0x39C7, 0x39C7, 0x39C7, 0x39C7, 0xCE79,
    0xCE79, 0x39C7, 0x0000, 0x0000, 0x0000, 0x0000, 0x5AEB, 0xFFFF, 0xE73C, 0x39C7, 0x9CD3, 0x9CD3, 0x5AEB, 0xBDD7, 0xBDD7,
    0x39C7, 0xBDD7, 0xCE79, 0x39C7, 0x0000, 0x0000, 0x0000, 0x5AEB, 0xFFFF, 0x39C7, 0x9CD3, 0xBDD7, 0xCE79, 0x5AEB, 0xCE79,
    0xCE79, 0xCE79, 0x39C7, 0xBDD7, 0x39C7, 0x0000, 0x0000, 0x5AEB, 0xFFFF, 0x39C7, 0x9CD3, 0xBDD7, 0xCE79, 0xCE79, 0x5AEB,
    0xCE79, 0xCE79, 0xCE79, 0xCE79, 0x39C7, 0xBDD7, 0x39C7, 0x0000, 0x5AEB, 0xFFFF, 0x39C7, 0x9CD3, 0xCE79, 0xCE79, 0xCE79,
    0x5AEB, 0xCE79, 0xCE79, 0xCE79, 0xCE79, 0x39C7, 0xBDD7, 0x39C7, 0x0000, 0x5AEB, 0xCE79, 0x39C7, 0xBDD7, 0xCE79, 0xCE79,
    0xCE79, 0x39C7, 0x39C7, 0x39C7, 0x39C7, 0xCE79, 0x5AEB, 0x9CD3, 0x2945, 0x0000, 0x5AEB, 0xCE79, 0x39C7, 0xBDD7, 0xCE79,
    0xCE79, 0xCE79, 0xCE79, 0xCE79, 0xCE79, 0xCE79, 0xCE79, 0x5AEB, 0x9CD3, 0x2945, 0x0000, 0x39C7, 0xBDD7, 0x39C7, 0xBDD7,
    0xCE79, 0xCE79, 0xCE79, 0xCE79, 0xCE79, 0xCE79, 0xCE79, 0xCE79, 0x5AEB, 0x9CD3, 0x2945, 0x0000, 0x0000, 0x39C7, 0xBDD7,
    0x39C7, 0xCE79, 0xCE79, 0xCE79, 0xCE79, 0xCE79, 0xCE79, 0xCE79, 0x5AEB, 0x9CD3, 0x2945, 0x0000, 0x0000, 0x0000, 0x39C7,
    0x9CD3, 0xBDD7, 0x5AEB, 0xCE79, 0xCE79, 0xCE79, 0xCE79, 0xCE79, 0x5AEB, 0x9CD3, 0x8410, 0x2945, 0x0000, 0x0000, 0x0000,
    0x0000, 0x39C7, 0x9CD3, 0x9CD3, 0x5AEB, 0x5AEB, 0x5AEB, 0x5AEB, 0x5AEB, 0x8410, 0x8410, 0x2945, 0x0000, 0x0000, 0x0000,
    0x0000, 0x0000, 0x0000, 0x39C7, 0x2945, 0x8410, 0x8410, 0x8410, 0x8410, 0x8410, 0x2945, 0x2945, 0x0000, 0x0000, 0x0000,
    0x0000, 0x0000, 0x0000, 0x0000, 0x0000, 0x0000, 0x2945, 0x2945, 0x2945, 0x2945, 0x2945, 0x0000, 0x0000, 0x0000, 0x0000,
    0x0000,
};
static const uint8_t digital_icon_clock_rgb565_mask[] PROGMEM = {
    0x00, 0x00, 0xC0, 0x07, 0xF0, 0x1F, 0xF8, 0x3F, 0xFC, 0x7F, 0xFC, 0x7F, 0xFE, 0xFF, 0xFE, 0xFF,
    0xFE, 0xFF, 0xFE, 0xFF, 0xFE, 0xFF, 0xFC, 0x7F, 0xFC, 0x7F, 0xF8, 0x3F, 0xF0, 0x1F, 0xC0, 0x07,
};

#define analog_icon_clock_rgb565_width 16
#define analog_icon_clock_rgb565_height 16
static const uint16_t analog_icon_clock_rgb565[] PROGMEM = {
    0x0000, 0x0000, 0x0000, 0x0000, 0x0000, 0x0000, 0x0000, 0x0000, 0x0000, 0x0000, 0x0000, 0x0000, 0x0000, 0x0000, 0x0000,
    0x0000, 0x0000, 0x0000, 0x0000, 0x0000, 0x0000, 0x0000, 0x5AEB, 0x5AEB, 0x5AEB, 0x5AEB, 0x5AEB, 0x0000, 0x0000, 0x0000,
    0x0000, 0x0000, 0x0000, 0x0000, 0x0000, 0x0000, 0x5AEB, 0x5AEB, 0xFFFF, 0xFFFF, 0xE73C, 0xE73C, 0xCE79, 0x39C7, 0x39C7,
    0x0000, 0x0000, 0x0000, 0x0000, 0x0000, 0x0000, 0x5AEB, 0xFFFF, 0xFFFF, 0x39C7, 0x39C7, 0x39C7, 0x39C7, 0x39C7, 0xCE79,
    0xCE79, 0x39C7, 0x0000, 0x0000, 0x0000, 0x0000, 0x5AEB, 0xFFFF, 0xE73C, 0x39C7, 0x9CD3, 0x9CD3, 0x5AEB, 0xBDD7, 0xBDD7,
    0x39C7, 0xBDD7, 0xCE79, 0x39C7, 0x0000, 0x0000, 0x0000, 0x5AEB, 0xFFFF, 0x39C7, 0x9CD3, 0xBDD7, 0xCE79, 0x5AEB, 0xCE79,
    0xCE79, 0xCE79, 0x39C7, 0xBDD7, 0x39C7, 0x0000, 0x0000, 0x5AEB, 0xFFFF, 0x39C7, 0x9CD3, 0xBDD7, 0xCE79, 0xCE79, 0x5AEB,
    0xCE79, 0xCE79, 0xCE79, 0xCE79, 0x39C7, 0xBDD7, 0x39C7, 0x0000, 0x5AEB, 0xFFFF, 0x39C7, 0x9CD3, 0xCE79, 0xCE79, 0xCE79,
    0x5AEB, 0xCE79, 0xCE79, 0xCE79, 0xCE79, 0x39C7, 0xBDD7, 0x39C7, 0x0000, 0x5AEB, 0xCE79, 0x39C7, 0xBDD7, 0xCE79, 0xCE79,
    0xCE79, 0x39C7, 0x39C7, 0x39C7, 0x39C7, 0xCE79, 0x5AEB, 0x9CD3, 0x2945, 0x0000, 0x5AEB, 0xCE79, 0x39C7, 0xBDD7, 0xCE79,
    0xCE79, 0xCE79, 0xCE79, 0xCE79, 0xCE79, 0xCE79, 0xCE79, 0x5AEB, 0x9CD3, 0x2945, 0x0000, 0x39C7, 0xBDD7, 0x39C7, 0xBDD7,
    0xCE79, 0xCE79, 0xCE79, 0xCE79, 0xCE79, 0xCE79, 0xCE79, 0xCE79, 0x5AEB, 0x9CD3, 0x2945, 0x0000, 0x0000, 0x39C7, 0xBDD7,
    0x39C7, 0xCE79, 0xCE79, 0xCE79, 0xCE79, 0xCE79, 0xCE79, 0xCE79, 0x5AEB, 0x9CD3, 0x2945, 0x0000, 0x0000, 0x0000, 0x39C7,
    0x9CD3, 0xBDD7, 0x5AEB, 0xCE79, 0xCE79, 0xCE79, 0xCE79, 0xCE79, 0x5AEB, 0x9CD3, 0x8410, 0x2945, 0x0000, 0x0000, 0x0000,
    0x0000, 0x39C7, 0x9CD3, 0x9CD3, 0x5AEB, 0x5AEB, 0x5AEB, 0x5AEB, 0x5AEB, 0x8410, 0x8410, 0x2945, 0x0000, 0x0000, 0x0000,
    0x0000, 0x0000, 0x0000, 0x39C7, 0x2945, 0x8410, 0x8410, 0x8410, 0x8410, 0x8410, 0x2945, 0x2945, 0x0000, 0x0000, 0x0000,
    0x0000, 0x0000, 0x0000, 0x0000, 0x0000, 0x0000, 0x2945, 0x2945, 0x2945, 0x2945, 0x2945, 0x0000, 0x0000, 0x0000, 0x0000,
    0x0000,
};
static const uint8_t analog_icon_clock_rgb565_mask[] PROGMEM = {
    0x00, 0x00, 0xC0, 0x07, 0xF0, 0x1F, 0xF8, 0x3F, 0xFC, 0x7F, 0xFC, 0x7F, 0xFE, 0xFF, 0xFE, 0xFF,
    0xFE, 0xFF, 0xFE, 0xFF, 0xFE, 0xFF, 0xFC, 0x7F, 0xFC, 0x7F, 0xF8, 0x3F, 0xF0, 0x1F, 0xC0, 0x07,
};

#define xeddsa_shield_rgb565_width 16
#define xeddsa_shield_rgb565_height 16
static const uint16_t xeddsa_shield_rgb565[] PROGMEM = {
    0x0000, 0x0000, 0x0000, 0x0000, 0x4AAB, 0x4AAB, 0x4AAB, 0x4AAB, 0x4AAB, 0x31C7, 0x31C7, 0x31C7, 0x31C7, 0x0000, 0x0000,
    0x0000, 0x0000, 0x0000, 0x4AAB, 0x4AAB, 0xEF9E, 0xB5F7, 0xB5F7, 0xB5F7, 0xB5F7, 0x8CF3, 0x8CF3, 0x8CF3, 0xB5F7, 0x31C7,
    0x31C7, 0x0000, 0x0000, 0x4AAB, 0xB5F7, 0xEF9E, 0x8CF3, 0x8CF3, 0x8CF3, 0x8CF3, 0xEF9E, 0x634D, 0x634D, 0x634D, 0x634D,
    0xB5F7, 0x8CF3, 0x31C7, 0x0000, 0x4AAB, 0xEF9E, 0x8CF3, 0xB5F7, 0xEF9E, 0xB5F7, 0xB5F7, 0xEF9E, 0x634D, 0x634D, 0x634D,
    0x634D, 0x634D, 0xB5F7, 0x31C7, 0x0000, 0x4AAB, 0xEF9E, 0x8CF3, 0xEF9E, 0xEF9E, 0xB5F7, 0xB5F7, 0xEF9E, 0x4AAB, 0x634D,
    0x634D, 0x634D, 0x634D, 0xB5F7, 0x31C7, 0x0000, 0x4AAB, 0xEF9E, 0x8CF3, 0xEF9E, 0xB5F7, 0xB5F7, 0xB5F7, 0xEF9E, 0x4AAB,
    0x634D, 0x634D, 0x634D, 0x634D, 0xB5F7, 0x31C7, 0x0000, 0x31C7, 0xB5F7, 0x8CF3, 0xEF9E, 0xB5F7, 0xB5F7, 0xB5F7, 0xEF9E,
    0x4AAB, 0x4AAB, 0x634D, 0x634D, 0x634D, 0x8CF3, 0x31C7, 0x0000, 0x31C7, 0xB5F7, 0x8CF3, 0xEF9E, 0xB5F7, 0xB5F7, 0xB5F7,
    0xEF9E, 0x4AAB, 0x4AAB, 0x634D, 0x634D, 0x634D, 0x8CF3, 0x18C3, 0x0000, 0x31C7, 0xB5F7, 0x8CF3, 0xB5F7, 0xB5F7, 0xB5F7,
    0xB5F7, 0xEF9E, 0x4AAB, 0x4AAB, 0x4AAB, 0x634D, 0x634D, 0x8CF3, 0x18C3, 0x0000, 0x0000, 0x31C7, 0xB5F7, 0x8CF3, 0xB5F7,
    0xB5F7, 0xB5F7, 0xEF9E, 0x4AAB, 0x4AAB, 0x4AAB, 0x634D, 0x8CF3, 0x18C3, 0x0000, 0x0000, 0x0000, 0x31C7, 0xB5F7, 0x8CF3,
    0x8CF3, 0xB5F7, 0xB5F7, 0xEF9E, 0x4AAB, 0x4AAB, 0x4AAB, 0x634D, 0x8CF3, 0x18C3, 0x0000, 0x0000, 0x0000, 0x0000, 0x31C7,
    0xB5F7, 0x8CF3, 0x8CF3, 0xB5F7, 0xEF9E, 0x4AAB, 0x4AAB, 0x634D, 0x8CF3, 0x18C3, 0x0000, 0x0000, 0x0000, 0x0000, 0x0000,
    0x0000, 0x31C7, 0xB5F7, 0x8CF3, 0x8CF3, 0xEF9E, 0x4AAB, 0x634D, 0x8CF3, 0x18C3, 0x0000, 0x0000, 0x0000, 0x0000, 0x0000,
    0x0000, 0x0000, 0x0000, 0x31C7, 0xB5F7, 0x8CF3, 0xB5F7, 0x634D, 0x8CF3, 0x18C3, 0x0000, 0x0000, 0x0000, 0x0000, 0x0000,
    0x0000, 0x0000, 0x0000, 0x0000, 0x0000, 0x31C7, 0xB5F7, 0xB5F7, 0x8CF3, 0x18C3, 0x0000, 0x0000, 0x0000, 0x0000, 0x0000,
    0x0000, 0x0000, 0x0000, 0x0000, 0x0000, 0x0000, 0x0000, 0x31C7, 0x18C3, 0x18C3, 0x0000, 0x0000, 0x0000, 0x0000, 0x0000,
    0x0000,
};
static const uint8_t xeddsa_shield_rgb565_mask[] PROGMEM = {
    0xF0, 0x1F, 0xFC, 0x7F, 0xFE, 0xFF, 0xFE, 0xFF, 0xFE, 0xFF, 0xFE, 0xFF, 0xFE, 0xFF, 0xFE, 0xFF,
    0xFE, 0xFF, 0xFC, 0x7F, 0xFC, 0x7F, 0xF8, 0x3F, 0xF0, 0x1F, 0xE0, 0x0F, 0xC0, 0x07, 0x80, 0x03,
};

#define connection_icon_rgb565_width 16
#define connection_icon_rgb565_height 16
static const uint16_t connection_icon_rgb565[] PROGMEM = {
    0x0000, 0x0000, 0x0000, 0x0000, 0x0000, 0x0000, 0x0000, 0x0000, 0x0000, 0x0000, 0x4AAB, 0x4AAB, 0x31C7, 0x31C7, 0x0000,
    0x0000, 0x0000, 0x0000, 0x0000, 0x0000, 0x0000, 0x0000, 0x0000, 0x0000, 0x0000, 0x4AAB, 0xEF9E, 0xEF9E, 0xB5F7, 0x8CF3,
    0x31C7, 0x0000, 0x0000, 0x0000, 0x0000, 0x0000, 0x0000, 0x0000, 0x0000, 0x0000, 0x4AAB, 0xEF9E, 0x18C3, 0x18C3, 0x18C3,
    0x18C3, 0x8CF3, 0x31C7, 0x0000, 0x0000, 0x0000, 0x0000, 0x0000, 0x0000, 0x0000, 0x4AAB, 0xEF9E, 0x18C3, 0x0000, 0x0000,
    0x0000, 0x18C3, 0x8CF3, 0x31C7, 0x0000, 0x0000, 0x0000, 0x0000, 0x0000, 0x0000, 0x4AAB, 0xEF9E, 0x18C3, 0x0000, 0x0000,
    0x0000, 0x0000, 0x31C7, 0xB5F7, 0x31C7, 0x0000, 0x0000, 0x0000, 0x0000, 0x0000, 0x4AAB, 0xEF9E, 0x18C3, 0x18C3, 0x0000,
    0x0000, 0x0000, 0x0000, 0x31C7, 0xEF9E, 0x18C3, 0x0000, 0x0000, 0x0000, 0x0000, 0x31C7, 0x4AAB, 0xEF9E, 0x634D, 0x634D,
    0x18C3, 0x0000, 0x0000, 0x31C7, 0xEF9E, 0x18C3, 0x0000, 0x0000, 0x0000, 0x0000, 0x31C7, 0x8CF3, 0x4AAB, 0xEF9E, 0x18C3,
    0x31C7, 0x8CF3, 0x18C3, 0x31C7, 0xEF9E, 0x18C3, 0x0000, 0x0000, 0x0000, 0x0000, 0x4AAB, 0xB5F7, 0x18C3, 0x31C7, 0x8CF3,
    0x18C3, 0x31C7, 0xB5F7, 0x18C3, 0x634D, 0x18C3, 0x0000, 0x0000, 0x0000, 0x0000, 0x4AAB, 0xEF9E, 0x18C3, 0x0000, 0x0000,
    0x31C7, 0x8CF3, 0x31C7, 0xEF9E, 0x18C3, 0x18C3, 0x0000, 0x0000, 0x0000, 0x0000, 0x4AAB, 0xEF9E, 0x18C3, 0x0000, 0x0000,
    0x0000, 0x0000, 0x18C3, 0x31C7, 0xEF9E, 0x18C3, 0x0000, 0x0000, 0x0000, 0x0000, 0x0000, 0x4AAB, 0xEF9E, 0x18C3, 0x0000,
    0x0000, 0x0000, 0x0000, 0x31C7, 0xEF9E, 0x18C3, 0x0000, 0x0000, 0x0000, 0x0000, 0x0000, 0x0000, 0x4AAB, 0xB5F7, 0x18C3,
    0x0000, 0x0000, 0x0000, 0x31C7, 0xEF9E, 0x18C3, 0x0000, 0x0000, 0x0000, 0x0000, 0x0000, 0x0000, 0x0000, 0x31C7, 0xB5F7,
    0x18C3, 0x31C7, 0x31C7, 0x31C7, 0xEF9E, 0x18C3, 0x0000, 0x0000, 0x0000, 0x0000, 0x0000, 0x0000, 0x0000, 0x0000, 0x0000,
    0x31C7, 0x8CF3, 0x8CF3, 0xB5F7, 0xB5F7, 0x18C3, 0x0000, 0x0000, 0x0000, 0x0000, 0x0000, 0x0000, 0x0000, 0x0000, 0x0000,
    0x0000, 0x0000, 0x31C7, 0x31C7, 0x18C3, 0x18C3, 0x0000, 0x0000, 0x0000, 0x0000, 0x0000, 0x0000, 0x0000, 0x0000, 0x0000,
    0x0000,
};
static const uint8_t connection_icon_rgb565_mask[] PROGMEM = {
    0x00, 0x3C, 0x00, 0x7E, 0x00, 0xFF, 0x80, 0xE3, 0xC0, 0xE1, 0xE0, 0xE1, 0xF0, 0x73, 0xF8, 0x3F,
    0xFC, 0x1F, 0xCE, 0x0F, 0x87, 0x07, 0x87, 0x03, 0xC7, 0x01, 0xFF, 0x00, 0x7E, 0x00, 0x3C, 0x00,
};

#define joystick_rgb565_width 32
#define joystick_rgb565_height 32
static const uint16_t joystick_rgb565[] PROGMEM = {
    0x0000, 0x0000, 0x0000, 0x0000, 0x0000, 0x0000, 0x0000, 0x0000, 0x0000, 0x0000, 0x0000, 0x0000, 0x0000, 0x0000, 0x0000,
    0x0000, 0x0000, 0x0000, 0x0000, 0x0000, 0x0000, 0x0000, 0x0000, 0x0000, 0x0000, 0x0000, 0x0000, 0x0000, 0x0000, 0x0000,
    0x0000, 0x0000, 0x0000, 0x0000, 0x0000, 0x0000, 0x0000, 0x0000, 0x0000, 0x0000, 0x0000, 0x0000, 0x0000, 0x0000, 0x0000,
    0x0000, 0x0000, 0x0000, 0x0000, 0x0000, 0x0000, 0x0000, 0x0000, 0x0000, 0x0000, 0x0000, 0x0000, 0x0000, 0x0000, 0x0000,
    0x0000, 0x0000, 0x0000, 0x0000, 0x0000, 0x0000, 0x0000, 0x0000, 0x0000, 0x0000, 0x0000, 0x0000, 0x0000, 0x0000, 0x0000,
    0x0000, 0x0000, 0x0000, 0x0000, 0x0000, 0x0000, 0x0000, 0x0000, 0x0000, 0x0000, 0x0000, 0x0000, 0x0000, 0x0000, 0x0000,
    0x0000, 0x0000, 0x0000, 0x0000, 0x0000, 0x0000, 0x0000, 0x0000, 0x0000, 0x0000, 0x0000, 0x0000, 0x0000, 0x0000, 0x0000,
    0x0000, 0x0000, 0x0000, 0x0000, 0x0000, 0x0000, 0x0000, 0x0000, 0x0000, 0x0000, 0x0000, 0x0000, 0x0000, 0x0000, 0x0000,
    0x0000, 0x0000, 0x0000, 0x0000, 0x0000, 0x0000, 0x0000, 0x0000, 0x0000, 0x0000, 0x0000, 0x0000, 0x39C7, 0x39C7, 0x39C7,
    0x39C7, 0x2945, 0x2945, 0x0000, 0x0000, 0x0000, 0x0000, 0x0000, 0x0000, 0x0000, 0x0000, 0x0000, 0x0000, 0x0000, 0x0000,
    0x39C7, 0x39C7, 0x2945, 0x2945, 0x2945, 0x2945, 0x0000, 0x0000, 0x0000, 0x0000, 0x0000, 0x0000, 0x0000, 0x0000, 0x39C7,
    0x39C7, 0x39C7, 0x39C7, 0x2945, 0x2945, 0x0000, 0x0000, 0x0000, 0x0000, 0x0000, 0x0000, 0x0000, 0x0000, 0x0000, 0x0000,
    0x0000, 0x0000, 0x39C7, 0x39C7, 0x2945, 0x2945, 0x2945, 0x2945, 0x0000, 0x0000, 0x0000, 0x0000, 0x0000, 0x0000, 0x39C7,
    0x39C7, 0x9CD3, 0x9CD3, 0x6B6D, 0x6B6D, 0x4A49, 0x4A49, 0x2945, 0x2945, 0x0000, 0x0000, 0x0000, 0x0000, 0x0000, 0x0000,
    0x0000, 0x0000, 0x39C7, 0x39C7, 0x4A49, 0x4A49, 0x4A49, 0x4A49, 0x4A49, 0x4A49, 0x2945, 0x2945, 0x0000, 0x0000, 0x0000,
    0x0000, 0x39C7, 0x39C7, 0x9CD3, 0x9CD3, 0x6B6D, 0x6B6D, 0x4A49, 0x4A49, 0x2945, 0x2945, 0x0000, 0x0000, 0x0000, 0x0000,
    0x0000, 0x0000, 0x0000, 0x0000, 0x39C7, 0x39C7, 0x4A49, 0x4A49, 0x4A49, 0x4A49, 0x4A49, 0x4A49, 0x2945, 0x2945, 0x0000,
    0x0000, 0x39C7, 0x39C7, 0x9CD3, 0x9CD3, 0x6B6D, 0x6B6D, 0x52AA, 0x52AA, 0x52AA, 0x52AA, 0x4A49, 0x4A49, 0x2945, 0x2945,
    0x39C7, 0x39C7, 0x39C7, 0x39C7, 0x39C7, 0x39C7, 0x4A49, 0x4A49, 0x52AA, 0x52AA, 0x52AA, 0x52AA, 0x4A49, 0x4A49, 0x4A49,
    0x4A49, 0x2945, 0x2945, 0x39C7, 0x39C7, 0x9CD3, 0x9CD3, 0x6B6D, 0x6B6D, 0x52AA, 0x52AA, 0x52AA, 0x52AA, 0x4A49, 0x4A49,
    0x2945, 0x2945, 0x39C7, 0x39C7, 0x39C7, 0x39C7, 0x39C7, 0x39C7, 0x4A49, 0x4A49, 0x52AA, 0x52AA, 0x52AA, 0x52AA, 0x4A49,
    0x4A49, 0x4A49, 0x4A49, 0x2945, 0x2945, 0x39C7, 0x39C7, 0x9CD3, 0x9CD3, 0x39C7, 0x39C7, 0x9CD3, 0x9CD3, 0x39C7, 0x39C7,
    0x52AA, 0x52AA, 0x6B6D, 0x6B6D, 0x9CD3, 0x9CD3, 0x9CD3, 0x9CD3, 0x6B6D, 0x6B6D, 0x52AA, 0x52AA, 0x39C7, 0x39C7, 0xDEC7,
    0xDEC7, 0x39C7, 0x39C7, 0x39C7, 0x39C7, 0x2945, 0x2945, 0x39C7, 0x39C7, 0x9CD3, 0x9CD3, 0x39C7, 0x39C7, 0x9CD3, 0x9CD3,
    0x39C7, 0x39C7, 0x52AA, 0x52AA, 0x6B6D, 0x6B6D, 0x9CD3, 0x9CD3, 0x9CD3, 0x9CD3, 0x6B6D, 0x6B6D, 0x52AA, 0x52AA, 0x39C7,
    0x39C7, 0xDEC7, 0xDEC7, 0x39C7, 0x39C7, 0x39C7, 0x39C7, 0x2945, 0x2945, 0x39C7, 0x39C7, 0x6B6D, 0x6B6D, 0x9CD3, 0x9CD3,
    0x9CD3, 0x9CD3, 0x9CD3, 0x9CD3, 0x52AA, 0x52AA, 0x52AA, 0x52AA, 0x52AA, 0x52AA, 0x52AA, 0x52AA, 0x52AA, 0x52AA, 0x4A49,
    0x4A49, 0x539F, 0x539F, 0x39C7, 0x39C7, 0xF1E8, 0xF1E8, 0x39C7, 0x39C7, 0x2945, 0x2945, 0x39C7, 0x39C7, 0x6B6D, 0x6B6D,
    0x9CD3, 0x9CD3, 0x9CD3, 0x9CD3, 0x9CD3, 0x9CD3, 0x52AA, 0x52AA, 0x52AA, 0x52AA, 0x52AA, 0x52AA, 0x52AA, 0x52AA, 0x52AA,
    0x52AA, 0x4A49, 0x4A49, 0x539F, 0x539F, 0x39C7, 0x39C7, 0xF1E8, 0xF1E8, 0x39C7, 0x39C7, 0x2945, 0x2945, 0x39C7, 0x39C7,
    0x6B6D, 0x6B6D, 0x39C7, 0x39C7, 0x9CD3, 0x9CD3, 0x39C7, 0x39C7, 0x4A49, 0x4A49, 0x4A49, 0x4A49, 0x4A49, 0x4A49, 0x4A49,
    0x4A49, 0x4A49, 0x4A49, 0x4A49, 0x4A49, 0x39C7, 0x39C7, 0x46AA, 0x46AA, 0x39C7, 0x39C7, 0x4A49, 0x4A49, 0x2945, 0x2945,
    0x39C7, 0x39C7, 0x6B6D, 0x6B6D, 0x39C7, 0x39C7, 0x9CD3, 0x9CD3, 0x39C7, 0x39C7, 0x4A49, 0x4A49, 0x4A49, 0x4A49, 0x4A49,
    0x4A49, 0x4A49, 0x4A49, 0x4A49, 0x4A49, 0x4A49, 0x4A49, 0x39C7, 0x39C7, 0x46AA, 0x46AA, 0x39C7, 0x39C7, 0x4A49, 0x4A49,
    0x2945, 0x2945, 0x39C7, 0x39C7, 0x6B6D, 0x6B6D, 0x52AA, 0x52AA, 0x52AA, 0x52AA, 0x4A49, 0x4A49, 0x9CD3, 0x9CD3, 0x9CD3,
    0x9CD3, 0x4A49, 0x4A49, 0x4A49, 0x4A49, 0x9CD3, 0x9CD3, 0x9CD3, 0x9CD3, 0x52AA, 0x52AA, 0x52AA, 0x52AA, 0x52AA, 0x52AA,
    0x4A49, 0x4A49, 0x18C3, 0x18C3, 0x39C7, 0x39C7, 0x6B6D, 0x6B6D, 0x52AA, 0x52AA, 0x52AA, 0x52AA, 0x4A49, 0x4A49, 0x9CD3,
    0x9CD3, 0x9CD3, 0x9CD3, 0x4A49, 0x4A49, 0x4A49, 0x4A49, 0x9CD3, 0x9CD3, 0x9CD3, 0x9CD3, 0x52AA, 0x52AA, 0x52AA, 0x52AA,
    0x52AA, 0x52AA, 0x4A49, 0x4A49, 0x18C3, 0x18C3, 0x2945, 0x2945, 0x6B6D, 0x6B6D, 0x52AA, 0x52AA, 0x52AA, 0x52AA, 0x4A49,
    0x4A49, 0x9CD3, 0x9CD3, 0x6B6D, 0x6B6D, 0x39C7, 0x39C7, 0x39C7, 0x39C7, 0x9CD3, 0x9CD3, 0x6B6D, 0x6B6D, 0x4A49, 0x4A49,
    0x52AA, 0x52AA, 0x52AA, 0x52AA, 0x4A49, 0x4A49, 0x18C3, 0x18C3, 0x2945, 0x2945, 0x6B6D, 0x6B6D, 0x52AA, 0x52AA, 0x52AA,
    0x52AA, 0x4A49, 0x4A49, 0x9CD3, 0x9CD3, 0x6B6D, 0x6B6D, 0x39C7, 0x39C7, 0x39C7, 0x39C7, 0x9CD3, 0x9CD3, 0x6B6D, 0x6B6D,
    0x4A49, 0x4A49, 0x52AA, 0x52AA, 0x52AA, 0x52AA, 0x4A49, 0x4A49, 0x18C3, 0x18C3, 0x2945, 0x2945, 0x52AA, 0x52AA, 0x52AA,
    0x52AA, 0x4A49, 0x4A49, 0x4A49, 0x4A49, 0x39C7, 0x39C7, 0x18C3, 0x18C3, 0x18C3, 0x18C3, 0x18C3, 0x18C3, 0x18C3, 0x18C3,
    0x39C7, 0x39C7, 0x4A49, 0x4A49, 0x4A49, 0x4A49, 0x4A49, 0x4A49, 0x4A49, 0x4A49, 0x18C3, 0x18C3, 0x2945, 0x2945, 0x52AA,
    0x52AA, 0x52AA, 0x52AA, 0x4A49, 0x4A49, 0x4A49, 0x4A49, 0x39C7, 0x39C7, 0x18C3, 0x18C3, 0x18C3, 0x18C3, 0x18C3, 0x18C3,
    0x18C3, 0x18C3, 0x39C7, 0x39C7, 0x4A49, 0x4A49, 0x4A49, 0x4A49, 0x4A49, 0x4A49, 0x4A49, 0x4A49, 0x18C3, 0x18C3, 0x2945,
    0x2945, 0x4A49, 0x4A49, 0x4A49, 0x4A49, 0x4A49, 0x4A49, 0x39C7, 0x39C7, 0x18C3, 0x18C3, 0x0000, 0x0000, 0x0000, 0x0000,
    0x0000, 0x0000, 0x0000, 0x0000, 0x18C3, 0x18C3, 0x39C7, 0x39C7, 0x4A49, 0x4A49, 0x4A49, 0x4A49, 0x39C7, 0x39C7, 0x18C3,
    0x18C3, 0x2945, 0x2945, 0x4A49, 0x4A49, 0x4A49, 0x4A49, 0x4A49, 0x4A49, 0x39C7, 0x39C7, 0x18C3, 0x18C3, 0x0000, 0x0000,
    0x0000, 0x0000, 0x0000, 0x0000, 0x0000, 0x0000, 0x18C3, 0x18C3, 0x39C7, 0x39C7, 0x4A49, 0x4A49, 0x4A49, 0x4A49, 0x39C7,
    0x39C7, 0x18C3, 0x18C3, 0x2945, 0x2945, 0x4A49, 0x4A49, 0x39C7, 0x39C7, 0x39C7, 0x39C7, 0x18C3, 0x18C3, 0x0000, 0x0000,
    0x0000, 0x0000, 0x0000, 0x0000, 0x0000, 0x0000, 0x0000, 0x0000, 0x0000, 0x0000, 0x18C3, 0x18C3, 0x39C7, 0x39C7, 0x39C7,
    0x39C7, 0x39C7, 0x39C7, 0x18C3, 0x18C3, 0x2945, 0x2945, 0x4A49, 0x4A49, 0x39C7, 0x39C7, 0x39C7, 0x39C7, 0x18C3, 0x18C3,
    0x0000, 0x0000, 0x0000, 0x0000, 0x0000, 0x0000, 0x0000, 0x0000, 0x0000, 0x0000, 0x0000, 0x0000, 0x18C3, 0x18C3, 0x39C7,
    0x39C7, 0x39C7, 0x39C7, 0x39C7, 0x39C7, 0x18C3, 0x18C3, 0x2945, 0x2945, 0x39C7, 0x39C7, 0x39C7, 0x39C7, 0x18C3, 0x18C3,
    0x0000, 0x0000, 0x0000, 0x0000, 0x0000, 0x0000, 0x0000, 0x0000, 0x0000, 0x0000, 0x0000, 0x0000, 0x0000, 0x0000, 0x0000,
    0x0000, 0x18C3, 0x18C3, 0x39C7, 0x39C7, 0x39C7, 0x39C7, 0x18C3, 0x18C3, 0x2945, 0x2945, 0x39C7, 0x39C7, 0x39C7, 0x39C7,
    0x18C3, 0x18C3, 0x0000, 0x0000, 0x0000, 0x0000, 0x0000, 0x0000, 0x0000, 0x0000, 0x0000, 0x0000, 0x0000, 0x0000, 0x0000,
    0x0000, 0x0000, 0x0000, 0x18C3, 0x18C3, 0x39C7, 0x39C7, 0x39C7, 0x39C7, 0x18C3, 0x18C3, 0x0000, 0x0000, 0x2945, 0x2945,
    0x18C3, 0x18C3, 0x0000, 0x0000, 0x0000, 0x0000, 0x0000, 0x0000, 0x0000, 0x0000, 0x0000, 0x0000, 0x0000, 0x0000, 0x0000,
    0x0000, 0x0000, 0x0000, 0x0000, 0x0000, 0x0000, 0x0000, 0x18C3, 0x18C3, 0x18C3, 0x18C3, 0x0000, 0x0000, 0x0000, 0x0000,
    0x2945, 0x2945, 0x18C3, 0x18C3, 0x0000, 0x0000, 0x0000, 0x0000, 0x0000, 0x0000, 0x0000, 0x0000, 0x0000, 0x0000, 0x0000,
    0x0000, 0x0000, 0x0000, 0x0000, 0x0000, 0x0000, 0x0000, 0x0000, 0x0000, 0x18C3, 0x18C3, 0x18C3, 0x18C3, 0x0000, 0x0000,
    0x0000, 0x0000, 0x0000, 0x0000, 0x0000, 0x0000, 0x0000, 0x0000, 0x0000, 0x0000, 0x0000, 0x0000, 0x0000, 0x0000, 0x0000,
    0x0000, 0x0000, 0x0000, 0x0000, 0x0000, 0x0000, 0x0000, 0x0000, 0x0000, 0x0000, 0x0000, 0x0000, 0x0000, 0x0000, 0x0000,
    0x0000, 0x0000, 0x0000, 0x0000, 0x0000, 0x0000, 0x0000, 0x0000, 0x0000, 0x0000, 0x0000, 0x0000, 0x0000, 0x0000, 0x0000,
    0x0000, 0x0000, 0x0000, 0x0000, 0x0000, 0x0000, 0x0000, 0x0000, 0x0000, 0x0000, 0x0000, 0x0000, 0x0000, 0x0000, 0x0000,
    0x0000, 0x0000, 0x0000, 0x0000,
};
static const uint8_t joystick_rgb565_mask[] PROGMEM = {
    0x00, 0x00, 0x00, 0x00, 0x00, 0x00, 0x00, 0x00, 0x00, 0x00, 0x00, 0x00, 0x00, 0x00, 0x00, 0x00, 0xF0, 0x03, 0xC0,
    0x0F, 0xF0, 0x03, 0xC0, 0x0F, 0xFC, 0x0F, 0xF0, 0x3F, 0xFC, 0x0F, 0xF0, 0x3F, 0xFF, 0xFF, 0xFF, 0xFF, 0xFF, 0xFF,
    0xFF, 0xFF, 0xFF, 0xFF, 0xFF, 0xFF, 0xFF, 0xFF, 0xFF, 0xFF, 0xFF, 0xFF, 0xFF, 0xFF, 0xFF, 0xFF, 0xFF, 0xFF, 0xFF,
    0xFF, 0xFF, 0xFF, 0xFF, 0xFF, 0xFF, 0xFF, 0xFF, 0xFF, 0xFF, 0xFF, 0xFF, 0xFF, 0xFF, 0xFF, 0xFF, 0xFF, 0xFF, 0xFF,
    0xFF, 0xFF, 0xFF, 0xFF, 0xFF, 0xFF, 0xFF, 0xFF, 0xFF, 0xFF, 0xFF, 0xFF, 0xFF, 0x0F, 0xF0, 0xFF, 0xFF, 0x0F, 0xF0,
    0xFF, 0xFF, 0x03, 0xC0, 0xFF, 0xFF, 0x03, 0xC0, 0xFF, 0xFF, 0x00, 0x00, 0xFF, 0xFF, 0x00, 0x00, 0xFF, 0x3C, 0x00,
    0x00, 0x3C, 0x3C, 0x00, 0x00, 0x3C, 0x00, 0x00, 0x00, 0x00, 0x00, 0x00, 0x00, 0x00,
};

#define joystick_small_rgb565_width 16
#define joystick_small_rgb565_height 16
static const uint16_t joystick_small_rgb565[] PROGMEM = {
    0x0000, 0x0000, 0x0000, 0x0000, 0x0000, 0x0000, 0x0000, 0x0000, 0x0000, 0x0000, 0x0000, 0x0000, 0x0000, 0x0000, 0x0000,
    0x0000, 0x0000, 0x0000, 0x0000, 0x0000, 0x0000, 0x0000, 0x0000, 0x0000, 0x0000, 0x0000, 0x0000, 0x0000, 0x0000, 0x0000,
    0x0000, 0x0000, 0x0000, 0x0000, 0x39C7, 0x39C7, 0x2945, 0x0000, 0x0000, 0x0000, 0x0000, 0x0000, 0x0000, 0x39C7, 0x2945,
    0x2945, 0x0000, 0x0000, 0x0000, 0x39C7, 0x9CD3, 0x6B6D, 0x4A49, 0x2945, 0x0000, 0x0000, 0x0000, 0x0000, 0x39C7, 0x4A49,
    0x4A49, 0x4A49, 0x2945, 0x0000, 0x39C7, 0x9CD3, 0x6B6D, 0x52AA, 0x52AA, 0x4A49, 0x2945, 0x39C7, 0x39C7, 0x39C7, 0x4A49,
    0x52AA, 0x52AA, 0x4A49, 0x4A49, 0x2945, 0x39C7, 0x9CD3, 0x39C7, 0x9CD3, 0x39C7, 0x52AA, 0x6B6D, 0x9CD3, 0x9CD3, 0x6B6D,
    0x52AA, 0x39C7, 0xDEC7, 0x39C7, 0x39C7, 0x2945, 0x39C7, 0x6B6D, 0x9CD3, 0x9CD3, 0x9CD3, 0x52AA, 0x52AA, 0x52AA, 0x52AA,
    0x52AA, 0x4A49, 0x539F, 0x39C7, 0xF1E8, 0x39C7, 0x2945, 0x39C7, 0x6B6D, 0x39C7, 0x9CD3, 0x39C7, 0x4A49, 0x4A49, 0x4A49,
    0x4A49, 0x4A49, 0x4A49, 0x39C7, 0x46AA, 0x39C7, 0x4A49, 0x2945, 0x39C7, 0x6B6D, 0x52AA, 0x52AA, 0x4A49, 0x9CD3, 0x9CD3,
    0x4A49, 0x4A49, 0x9CD3, 0x9CD3, 0x52AA, 0x52AA, 0x52AA, 0x4A49, 0x18C3, 0x2945, 0x6B6D, 0x52AA, 0x52AA, 0x4A49, 0x9CD3,
    0x6B6D, 0x39C7, 0x39C7, 0x9CD3, 0x6B6D, 0x4A49, 0x52AA, 0x52AA, 0x4A49, 0x18C3, 0x2945, 0x52AA, 0x52AA, 0x4A49, 0x4A49,
    0x39C7, 0x18C3, 0x18C3, 0x18C3, 0x18C3, 0x39C7, 0x4A49, 0x4A49, 0x4A49, 0x4A49, 0x18C3, 0x2945, 0x4A49, 0x4A49, 0x4A49,
    0x39C7, 0x18C3, 0x0000, 0x0000, 0x0000, 0x0000, 0x18C3, 0x39C7, 0x4A49, 0x4A49, 0x39C7, 0x18C3, 0x2945, 0x4A49, 0x39C7,
    0x39C7, 0x18C3, 0x0000, 0x0000, 0x0000, 0x0000, 0x0000, 0x0000, 0x18C3, 0x39C7, 0x39C7, 0x39C7, 0x18C3, 0x2945, 0x39C7,
    0x39C7, 0x18C3, 0x0000, 0x0000, 0x0000, 0x0000, 0x0000, 0x0000, 0x0000, 0x0000, 0x18C3, 0x39C7, 0x39C7, 0x18C3, 0x0000,
    0x2945, 0x18C3, 0x0000, 0x0000, 0x0000, 0x0000, 0x0000, 0x0000, 0x0000, 0x0000, 0x0000, 0x0000, 0x18C3, 0x18C3, 0x0000,
    0x0000, 0x0000, 0x0000, 0x0000, 0x0000, 0x0000, 0x0000, 0x0000, 0x0000, 0x0000, 0x0000, 0x0000, 0x0000, 0x0000, 0x0000,
    0x0000,
};
static const uint8_t joystick_small_rgb565_mask[] PROGMEM = {
    0x00, 0x00, 0x00, 0x00, 0x1C, 0x38, 0x3E, 0x7C, 0xFF, 0xFF, 0xFF, 0xFF, 0xFF, 0xFF, 0xFF, 0xFF,
    0xFF, 0xFF, 0xFF, 0xFF, 0xFF, 0xFF, 0x3F, 0xFC, 0x1F, 0xF8, 0x0F, 0xF0, 0x06, 0x60, 0x00, 0x00,
};

#define snake_rgb565_width 32
#define snake_rgb565_height 32
static const uint16_t snake_rgb565[] PROGMEM = {
    0x0000, 0x0000, 0x0000, 0x0000, 0x0000, 0x0000, 0x0000, 0x0000, 0x0000, 0x0000, 0x0000, 0x0000, 0x0000, 0x0000, 0x0000,
    0x0000, 0x0000, 0x0000, 0x0000, 0x0000, 0x0000, 0x0000, 0x0000, 0x0000, 0x0000, 0x0000, 0x0000, 0x0000, 0x0000, 0x0000,
    0x0000, 0x0000, 0x0000, 0x0000, 0x0000, 0x0000, 0x0000, 0x0000, 0x0000, 0x0000, 0x0000, 0x0000, 0x0000, 0x0000, 0x0000,
    0x0000, 0x0000, 0x0000, 0x0000, 0x0000, 0x0000, 0x0000, 0x0000, 0x0000, 0x0000, 0x0000, 0x0000, 0x0000, 0x0000, 0x0000,
    0x0000, 0x0000, 0x0000, 0x0000, 0x0000, 0x0000, 0x0000, 0x0000, 0x1AC5, 0x1AC5, 0x1AC5, 0x1AC5, 0x1AC5, 0x1AC5, 0x1204,
    0x1204, 0x0000, 0x0000, 0x0000, 0x0000, 0x0000, 0x0000, 0x0000, 0x0000, 0x0000, 0x0000, 0x0000, 0x0000, 0x0000, 0x0000,
    0x0000, 0x0000, 0x0000, 0x0000, 0x0000, 0x0000, 0x0000, 0x0000, 0x0000, 0x0000, 0x1AC5, 0x1AC5, 0x1AC5, 0x1AC5, 0x1AC5,
    0x1AC5, 0x1204, 0x1204, 0x0000, 0x0000, 0x0000, 0x0000, 0x0000, 0x0000, 0x0000, 0x0000, 0x0000, 0x0000, 0x0000, 0x0000,
    0x0000, 0x0000, 0x0000, 0x0000, 0x0000, 0x0000, 0x0000, 0x0000, 0x0000, 0x0000, 0x1AC5, 0x1AC5, 0x7F8F, 0x7F8F, 0x7F8F,
    0x7F8F, 0x7F8F, 0x7F8F, 0x46AA, 0x46AA, 0x1204, 0x1204, 0x0000, 0x0000, 0x0000, 0x0000, 0x0000, 0x0000, 0x0000, 0x0000,
    0x0000, 0x0000, 0x0000, 0x0000, 0x0000, 0x0000, 0x0000, 0x0000, 0x0000, 0x0000, 0x0000, 0x0000, 0x1AC5, 0x1AC5, 0x7F8F,
    0x7F8F, 0x7F8F, 0x7F8F, 0x7F8F, 0x7F8F, 0x46AA, 0x46AA, 0x1204, 0x1204, 0x0000, 0x0000, 0x0000, 0x0000, 0x0000, 0x0000,
    0x0000, 0x0000, 0x0000, 0x0000, 0x0000, 0x0000, 0x0000, 0x0000, 0x0000, 0x0000, 0x0000, 0x0000, 0x1AC5, 0x1AC5, 0x7F8F,
    0x7F8F, 0x7F8F, 0x7F8F, 0x2945, 0x2945, 0x46AA, 0x46AA, 0x46AA, 0x46AA, 0x46AA, 0x46AA, 0x1204, 0x1204, 0x0000, 0x0000,
    0x0000, 0x0000, 0x0000, 0x0000, 0x0000, 0x0000, 0x0000, 0x0000, 0x1204, 0x1204, 0x1204, 0x1204, 0x1204, 0x1204, 0x1AC5,
    0x1AC5, 0x7F8F, 0x7F8F, 0x7F8F, 0x7F8F, 0x2945, 0x2945, 0x46AA, 0x46AA, 0x46AA, 0x46AA, 0x46AA, 0x46AA, 0x1204, 0x1204,
    0x0000, 0x0000, 0x0000, 0x0000, 0x0000, 0x0000, 0x0000, 0x0000, 0x0000, 0x0000, 0x1204, 0x1204, 0x1204, 0x1204, 0x1204,
    0x1204, 0x1204, 0x1204, 0x46AA, 0x46AA, 0x46AA, 0x46AA, 0x46AA, 0x46AA, 0x46AA, 0x46AA, 0x46AA, 0x46AA, 0x46AA, 0x46AA,
    0x46AA, 0x46AA, 0x1204, 0x1204, 0x0000, 0x0000, 0x0000, 0x0000, 0x0000, 0x0000, 0x1204, 0x1204, 0x2D87, 0x2D87, 0x2D87,
    0x2D87, 0x0923, 0x0923, 0x1204, 0x1204, 0x46AA, 0x46AA, 0x46AA, 0x46AA, 0x46AA, 0x46AA, 0x46AA, 0x46AA, 0x46AA, 0x46AA,
    0x46AA, 0x46AA, 0x46AA, 0x46AA, 0x1204, 0x1204, 0x0000, 0x0000, 0x0000, 0x0000, 0x0000, 0x0000, 0x1204, 0x1204, 0x2D87,
    0x2D87, 0x2D87, 0x2D87, 0x0923, 0x0923, 0x0000, 0x0000, 0x1204, 0x1204, 0x1204, 0x1204, 0x1204, 0x1204, 0x1BC6, 0x1BC6,
    0x1BC6, 0x1BC6, 0x46AA, 0x46AA, 0x46AA, 0x46AA, 0x0923, 0x0923, 0x0000, 0x0000, 0x0000, 0x0000, 0x1204, 0x1204, 0x2D87,
    0x2D87, 0x2D87, 0x2D87, 0x0923, 0x0923, 0x0000, 0x0000, 0x0000, 0x0000, 0x1204, 0x1204, 0x1204, 0x1204, 0x1204, 0x1204,
    0x1BC6, 0x1BC6, 0x1BC6, 0x1BC6, 0x46AA, 0x46AA, 0x46AA, 0x46AA, 0x0923, 0x0923, 0x0000, 0x0000, 0x0000, 0x0000, 0x1204,
    0x1204, 0x2D87, 0x2D87, 0x2D87, 0x2D87, 0x0923, 0x0923, 0x0000, 0x0000, 0x0000, 0x0000, 0x0000, 0x0000, 0x0000, 0x0000,
    0x0000, 0x0000, 0x1204, 0x1204, 0x1BC6, 0x1BC6, 0x2D87, 0x2D87, 0x46AA, 0x46AA, 0x0923, 0x0923, 0x0000, 0x0000, 0x0000,
    0x0000, 0x1204, 0x1204, 0x2D87, 0x2D87, 0x1BC6, 0x1BC6, 0x0923, 0x0923, 0x0000, 0x0000, 0x0000, 0x0000, 0x0000, 0x0000,
    0x0000, 0x0000, 0x0000, 0x0000, 0x1204, 0x1204, 0x1BC6, 0x1BC6, 0x2D87, 0x2D87, 0x46AA, 0x46AA, 0x0923, 0x0923, 0x0000,
    0x0000, 0x0000, 0x0000, 0x1204, 0x1204, 0x2D87, 0x2D87, 0x1BC6, 0x1BC6, 0x0923, 0x0923, 0x0000, 0x0000, 0x0000, 0x0000,
    0x0000, 0x0000, 0x0000, 0x0000, 0x0000, 0x0000, 0x1204, 0x1204, 0x2D87, 0x2D87, 0x2D87, 0x2D87, 0x2D87, 0x2D87, 0x0923,
    0x0923, 0x0000, 0x0000, 0x1204, 0x1204, 0x1BC6, 0x1BC6, 0x2D87, 0x2D87, 0x0923, 0x0923, 0x0000, 0x0000, 0x0000, 0x0000,
    0x0000, 0x0000, 0x0000, 0x0000, 0x0000, 0x0000, 0x0000, 0x0000, 0x1204, 0x1204, 0x2D87, 0x2D87, 0x2D87, 0x2D87, 0x2D87,
    0x2D87, 0x0923, 0x0923, 0x0000, 0x0000, 0x1204, 0x1204, 0x1BC6, 0x1BC6, 0x2D87, 0x2D87, 0x0923, 0x0923, 0x0000, 0x0000,
    0x0000, 0x0000, 0x0000, 0x0000, 0x0000, 0x0000, 0x0000, 0x0000, 0x1AC5, 0x1AC5, 0x7F8F, 0x7F8F, 0x46AA, 0x46AA, 0x2D87,
    0x2D87, 0x2D87, 0x2D87, 0x0923, 0x0923, 0x0923, 0x0923, 0x1AC5, 0x1AC5, 0x1BC6, 0x1BC6, 0x1BC6, 0x1BC6, 0x0923, 0x0923,
    0x0000, 0x0000, 0x0000, 0x0000, 0x0000, 0x0000, 0x0000, 0x0000, 0x0000, 0x0000, 0x1AC5, 0x1AC5, 0x7F8F, 0x7F8F, 0x46AA,
    0x46AA, 0x2D87, 0x2D87, 0x2D87, 0x2D87, 0x0923, 0x0923, 0x0923, 0x0923, 0x1AC5, 0x1AC5, 0x1BC6, 0x1BC6, 0x1BC6, 0x1BC6,
    0x0923, 0x0923, 0x0000, 0x0000, 0x0000, 0x0000, 0x0000, 0x0000, 0x0000, 0x0000, 0x1AC5, 0x1AC5, 0x7F8F, 0x7F8F, 0x7F8F,
    0x7F8F, 0x46AA, 0x46AA, 0x2D87, 0x2D87, 0x1AC5, 0x1AC5, 0x1AC5, 0x1AC5, 0x1BC6, 0x1BC6, 0x1BC6, 0x1BC6, 0x1AC5, 0x1AC5,
    0x1BC6, 0x1BC6, 0x0923, 0x0923, 0x0000, 0x0000, 0x0000, 0x0000, 0x0000, 0x0000, 0x0000, 0x0000, 0x1AC5, 0x1AC5, 0x7F8F,
    0x7F8F, 0x7F8F, 0x7F8F, 0x46AA, 0x46AA, 0x2D87, 0x2D87, 0x1AC5, 0x1AC5, 0x1AC5, 0x1AC5, 0x1BC6, 0x1BC6, 0x1BC6, 0x1BC6,
    0x1AC5, 0x1AC5, 0x1BC6, 0x1BC6, 0x0923, 0x0923, 0x0000, 0x0000, 0x0000, 0x0000, 0x0000, 0x0000, 0x1AC5, 0x1AC5, 0x46AA,
    0x46AA, 0x7F8F, 0x7F8F, 0x46AA, 0x46AA, 0x46AA, 0x46AA, 0x1AC5, 0x1AC5, 0x1AC5, 0x1AC5, 0x1BC6, 0x1BC6, 0x1BC6, 0x1BC6,
    0x2D87, 0x2D87, 0x2D87, 0x2D87, 0x1AC5, 0x1AC5, 0x0923, 0x0923, 0x0000, 0x0000, 0x0000, 0x0000, 0x0000, 0x0000, 0x1AC5,
    0x1AC5, 0x46AA, 0x46AA, 0x7F8F, 0x7F8F, 0x46AA, 0x46AA, 0x46AA, 0x46AA, 0x1AC5, 0x1AC5, 0x1AC5, 0x1AC5, 0x1BC6, 0x1BC6,
    0x1BC6, 0x1BC6, 0x2D87, 0x2D87, 0x2D87, 0x2D87, 0x1AC5, 0x1AC5, 0x0923, 0x0923, 0x0000, 0x0000, 0x0000, 0x0000, 0x1AC5,
    0x1AC5, 0x2D87, 0x2D87, 0x46AA, 0x46AA, 0x46AA, 0x46AA, 0x46AA, 0x46AA, 0x46AA, 0x46AA, 0x46AA, 0x46AA, 0x46AA, 0x46AA,
    0x2D87, 0x2D87, 0x2D87, 0x2D87, 0x2D87, 0x2D87, 0x2D87, 0x2D87, 0x1AC5, 0x1AC5, 0x0923, 0x0923, 0x0000, 0x0000, 0x0000,
    0x0000, 0x1AC5, 0x1AC5, 0x2D87, 0x2D87, 0x46AA, 0x46AA, 0x46AA, 0x46AA, 0x46AA, 0x46AA, 0x46AA, 0x46AA, 0x46AA, 0x46AA,
    0x46AA, 0x46AA, 0x2D87, 0x2D87, 0x2D87, 0x2D87, 0x2D87, 0x2D87, 0x2D87, 0x2D87, 0x1AC5, 0x1AC5, 0x0923, 0x0923, 0x0000,
    0x0000, 0x0000, 0x0000, 0x1AC5, 0x1AC5, 0x7F8F, 0x7F8F, 0x2D87, 0x2D87, 0x46AA, 0x46AA, 0x46AA, 0x46AA, 0x46AA, 0x46AA,
    0x46AA, 0x46AA, 0x2D87, 0x2D87, 0x2D87, 0x2D87, 0x2D87, 0x2D87, 0x2D87, 0x2D87, 0x1AC5, 0x1AC5, 0x232A, 0x232A, 0x0923,
    0x0923, 0x0000, 0x0000, 0x0000, 0x0000, 0x1AC5, 0x1AC5, 0x7F8F, 0x7F8F, 0x2D87, 0x2D87, 0x46AA, 0x46AA, 0x46AA, 0x46AA,
    0x46AA, 0x46AA, 0x46AA, 0x46AA, 0x2D87, 0x2D87, 0x2D87, 0x2D87, 0x2D87, 0x2D87, 0x2D87, 0x2D87, 0x1AC5, 0x1AC5, 0x232A,
    0x232A, 0x0923, 0x0923, 0x0000, 0x0000, 0x0000, 0x0000, 0x1204, 0x1204, 0x7F8F, 0x7F8F, 0x46AA, 0x46AA, 0x2D87, 0x2D87,
    0x2D87, 0x2D87, 0x2D87, 0x2D87, 0x1BC6, 0x1BC6, 0x1BC6, 0x1BC6, 0x1BC6, 0x1BC6, 0x1BC6, 0x1BC6, 0x1AC5, 0x1AC5, 0x1AC5,
    0x1AC5, 0x232A, 0x232A, 0x0923, 0x0923, 0x0000, 0x0000, 0x0000, 0x0000, 0x1204, 0x1204, 0x7F8F, 0x7F8F, 0x46AA, 0x46AA,
    0x2D87, 0x2D87, 0x2D87, 0x2D87, 0x2D87, 0x2D87, 0x1BC6, 0x1BC6, 0x1BC6, 0x1BC6, 0x1BC6, 0x1BC6, 0x1BC6, 0x1BC6, 0x1AC5,
    0x1AC5, 0x1AC5, 0x1AC5, 0x232A, 0x232A, 0x0923, 0x0923, 0x0000, 0x0000, 0x0000, 0x0000, 0x0000, 0x0000, 0x1204, 0x1204,
    0x46AA, 0x46AA, 0x46AA, 0x46AA, 0x2D87, 0x2D87, 0x1BC6, 0x1BC6, 0x1BC6, 0x1BC6, 0x1BC6, 0x1BC6, 0x1BC6, 0x1BC6, 0x1AC5,
    0x1AC5, 0x1AC5, 0x1AC5, 0x232A, 0x232A, 0x0923, 0x0923, 0x0000, 0x0000, 0x0000, 0x0000, 0x0000, 0x0000, 0x0000, 0x0000,
    0x1204, 0x1204, 0x46AA, 0x46AA, 0x46AA, 0x46AA, 0x2D87, 0x2D87, 0x1BC6, 0x1BC6, 0x1BC6, 0x1BC6, 0x1BC6, 0x1BC6, 0x1BC6,
    0x1BC6, 0x1AC5, 0x1AC5, 0x1AC5, 0x1AC5, 0x232A, 0x232A, 0x0923, 0x0923, 0x0000, 0x0000, 0x0000, 0x0000, 0x0000, 0x0000,
    0x0000, 0x0000, 0x0000, 0x0000, 0x1204, 0x1204, 0x1204, 0x1204, 0x1204, 0x1204, 0x1204, 0x1204, 0x0923, 0x0923, 0x0923,
    0x0923, 0x0923, 0x0923, 0x0923, 0x0923, 0x0923, 0x0923, 0x0923, 0x0923, 0x0000, 0x0000, 0x0000, 0x0000, 0x0000, 0x0000,
    0x0000, 0x0000, 0x0000, 0x0000, 0x0000, 0x0000, 0x1204, 0x1204, 0x1204, 0x1204, 0x1204, 0x1204, 0x1204, 0x1204, 0x0923,
    0x0923, 0x0923, 0x0923, 0x0923, 0x0923, 0x0923, 0x0923, 0x0923, 0x0923, 0x0923, 0x0923, 0x0000, 0x0000, 0x0000, 0x0000,
    0x0000, 0x0000, 0x0000, 0x0000,
};
static const uint8_t snake_rgb565_mask[] PROGMEM = {
    0x00, 0x00, 0x00, 0x00, 0x00, 0x00, 0x00, 0x00, 0xF0, 0x0F, 0x00, 0x00, 0xF0, 0x0F, 0x00, 0x00, 0xFC, 0x3F, 0x00,
    0x00, 0xFC, 0x3F, 0x00, 0x00, 0xFF, 0xFF, 0x00, 0xFC, 0xFF, 0xFF, 0x00, 0xFC, 0xFF, 0xFF, 0x03, 0xFF, 0xFF, 0xFF,
    0x03, 0xFF, 0xFC, 0xFF, 0xC3, 0x3F, 0xFC, 0xFF, 0xC3, 0x3F, 0x00, 0xFF, 0xC3, 0x3F, 0x00, 0xFF, 0xC3, 0x3F, 0x00,
    0xFF, 0xF3, 0x0F, 0x00, 0xFF, 0xF3, 0x0F, 0xC0, 0xFF, 0xFF, 0x0F, 0xC0, 0xFF, 0xFF, 0x0F, 0xF0, 0xFF, 0xFF, 0x0F,
    0xF0, 0xFF, 0xFF, 0x0F, 0xFC, 0xFF, 0xFF, 0x0F, 0xFC, 0xFF, 0xFF, 0x0F, 0xFF, 0xFF, 0xFF, 0x0F, 0xFF, 0xFF, 0xFF,
    0x0F, 0xFF, 0xFF, 0xFF, 0x0F, 0xFF, 0xFF, 0xFF, 0x0F, 0xFF, 0xFF, 0xFF, 0x0F, 0xFF, 0xFF, 0xFF, 0x0F, 0xFC, 0xFF,
    0xFF, 0x03, 0xFC, 0xFF, 0xFF, 0x03, 0xF0, 0xFF, 0xFF, 0x00, 0xF0, 0xFF, 0xFF, 0x00,
};

// On-screen map controls. Drawn bare - no cap, no outline - and inverted while pressed, so the mask
// doubles as the 1-bit original the table below matches against; there is no separate version in images.h.
#define icon_pan_rgb565_width 32
#define icon_pan_rgb565_height 32
static const uint16_t icon_pan_rgb565[] PROGMEM = {
    0x0000, 0x0000, 0x0000, 0x0000, 0x0000, 0x0000, 0x0000, 0x0000, 0x0000, 0x0000, 0x0000, 0x0000, 0x0000, 0x0000, 0x0000,
    0x0000, 0x0000, 0x0000, 0x0000, 0x0000, 0x0000, 0x0000, 0x0000, 0x0000, 0x0000, 0x0000, 0x0000, 0x0000, 0x0000, 0x0000,
    0x0000, 0x0000, 0x0000, 0x0000, 0x0000, 0x0000, 0x0000, 0x0000, 0x0000, 0x0000, 0x0000, 0x0000, 0x0000, 0x0000, 0x0000,
    0x0000, 0x0000, 0x0000, 0x0000, 0x0000, 0x0000, 0x0000, 0x0000, 0x0000, 0x0000, 0x0000, 0x0000, 0x0000, 0x0000, 0x0000,
    0x0000, 0x0000, 0x0000, 0x0000, 0x0000, 0x0000, 0x0000, 0x0000, 0x0000, 0x0000, 0x0000, 0x0000, 0x0000, 0x0000, 0x0000,
    0x0000, 0x0000, 0x0000, 0x0000, 0x1082, 0x1082, 0x0000, 0x0000, 0x0000, 0x0000, 0x0000, 0x0000, 0x0000, 0x0000, 0x0000,
    0x0000, 0x0000, 0x0000, 0x0000, 0x0000, 0x0000, 0x0000, 0x0000, 0x0000, 0x0000, 0x0000, 0x0000, 0x0000, 0x0000, 0x0000,
    0x0000, 0x0000, 0x0000, 0x0000, 0x0000, 0x1082, 0x7BEF, 0x7BEF, 0x1082, 0x0000, 0x0000, 0x0000, 0x0000, 0x0000, 0x0000,
    0x0000, 0x0000, 0x0000, 0x0000, 0x0000, 0x0000, 0x0000, 0x0000, 0x0000, 0x0000, 0x0000, 0x0000, 0x0000, 0x0000, 0x0000,
    0x0000, 0x0000, 0x0000, 0x0000, 0x0000, 0x0000, 0x1082, 0x7BEF, 0xFFFF, 0xFFFF, 0x7BEF, 0x1082, 0x0000, 0x0000, 0x0000,
    0x0000, 0x0000, 0x0000, 0x0000, 0x0000, 0x0000, 0x0000, 0x0000, 0x0000, 0x0000, 0x0000, 0x0000, 0x0000, 0x0000, 0x0000,
    0x0000, 0x0000, 0x0000, 0x0000, 0x0000, 0x0000, 0x0000, 0x1082, 0x7BEF, 0xFFFF, 0xFFFF, 0xFFFF, 0xFFFF, 0x7BEF, 0x1082,
    0x0000, 0x0000, 0x0000, 0x0000, 0x0000, 0x0000, 0x0000, 0x0000, 0x0000, 0x0000, 0x0000, 0x0000, 0x0000, 0x0000, 0x0000,
    0x0000, 0x0000, 0x0000, 0x0000, 0x0000, 0x0000, 0x0000, 0x0000, 0x1082, 0x7BEF, 0xFFFF, 0xFFFF, 0xFFFF, 0xFFFF, 0xFFFF,
    0xFFFF, 0x7BEF, 0x1082, 0x0000, 0x0000, 0x0000, 0x0000, 0x0000, 0x0000, 0x0000, 0x0000, 0x0000, 0x0000, 0x0000, 0x0000,
    0x0000, 0x0000, 0x0000, 0x0000, 0x0000, 0x0000, 0x0000, 0x0000, 0x0000, 0x1082, 0x7BEF, 0xFFFF, 0xFFFF, 0xFFFF, 0xFFFF,
    0xFFFF, 0xFFFF, 0xFFFF, 0xFFFF, 0x7BEF, 0x1082, 0x0000, 0x0000, 0x0000, 0x0000, 0x0000, 0x0000, 0x0000, 0x0000, 0x0000,
    0x0000, 0x0000, 0x0000, 0x0000, 0x0000, 0x0000, 0x0000, 0x0000, 0x0000, 0x0000, 0x1082, 0x7BEF, 0xFFFF, 0xFFFF, 0xFFFF,
    0xFFFF, 0xFFFF, 0xFFFF, 0xFFFF, 0xFFFF, 0xFFFF, 0xFFFF, 0x7BEF, 0x1082, 0x0000, 0x0000, 0x0000, 0x0000, 0x0000, 0x0000,
    0x0000, 0x0000, 0x0000, 0x0000, 0x0000, 0x0000, 0x0000, 0x0000, 0x0000, 0x0000, 0x0000, 0x1082, 0x1082, 0x1082, 0x1082,
    0x1082, 0x1082, 0x1082, 0xFFFF, 0x7BEF, 0x1082, 0x1082, 0x1082, 0x1082, 0x1082, 0x1082, 0x1082, 0x0000, 0x0000, 0x0000,
    0x0000, 0x0000, 0x0000, 0x0000, 0x0000, 0x0000, 0x0000, 0x0000, 0x0000, 0x0000, 0x0000, 0x0000, 0x1082, 0x7BEF, 0x1082,
    0x0000, 0x0000, 0x0000, 0x0000, 0x1082, 0xFFFF, 0x7BEF, 0x1082, 0x0000, 0x0000, 0x0000, 0x0000, 0x1082, 0x7BEF, 0x1082,
    0x0000, 0x0000, 0x0000, 0x0000, 0x0000, 0x0000, 0x0000, 0x0000, 0x0000, 0x0000, 0x0000, 0x0000, 0x0000, 0x1082, 0x7BEF,
    0xFFFF, 0x1082, 0x0000, 0x0000, 0x0000, 0x0000, 0x1082, 0xFFFF, 0x7BEF, 0x1082, 0x0000, 0x0000, 0x0000, 0x0000, 0x1082,
    0xFFFF, 0x7BEF, 0x1082, 0x0000, 0x0000, 0x0000, 0x0000, 0x0000, 0x0000, 0x0000, 0x0000, 0x0000, 0x0000, 0x0000, 0x1082,
    0x7BEF, 0xFFFF, 0xFFFF, 0x1082, 0x0000, 0x0000, 0x0000, 0x0000, 0x1082, 0xFFFF, 0x7BEF, 0x1082, 0x0000, 0x0000, 0x0000,
    0x0000, 0x1082, 0xFFFF, 0xFFFF, 0x7BEF, 0x1082, 0x0000, 0x0000, 0x0000, 0x0000, 0x0000, 0x0000, 0x0000, 0x0000, 0x0000,
    0x1082, 0x7BEF, 0xFFFF, 0xFFFF, 0xFFFF, 0x1082, 0x0000, 0x0000, 0x0000, 0x0000, 0x1082, 0xFFFF, 0x7BEF, 0x1082, 0x0000,
    0x0000, 0x0000, 0x0000, 0x1082, 0xFFFF, 0xFFFF, 0xFFFF, 0x7BEF, 0x1082, 0x0000, 0x0000, 0x0000, 0x0000, 0x0000, 0x0000,
    0x0000, 0x1082, 0x7BEF, 0xFFFF, 0xFFFF, 0xFFFF, 0xFFFF, 0x7BEF, 0x1082, 0x1082, 0x1082, 0x1082, 0xFFFF, 0xFFFF, 0xFFFF,
    0x7BEF, 0x1082, 0x1082, 0x1082, 0x1082, 0x7BEF, 0xFFFF, 0xFFFF, 0xFFFF, 0xFFFF, 0x7BEF, 0x1082, 0x0000, 0x0000, 0x0000,
    0x0000, 0x0000, 0x1082, 0x7BEF, 0xFFFF, 0xFFFF, 0xFFFF, 0xFFFF, 0xFFFF, 0xFFFF, 0xFFFF, 0xFFFF, 0xFFFF, 0xFFFF, 0xFFFF,
    0xFFFF, 0xFFFF, 0xFFFF, 0xFFFF, 0xFFFF, 0xFFFF, 0xFFFF, 0xFFFF, 0xFFFF, 0xFFFF, 0xFFFF, 0xFFFF, 0xFFFF, 0x7BEF, 0x1082,
    0x0000, 0x0000, 0x0000, 0x0000, 0x1082, 0x7BEF, 0xFFFF, 0xFFFF, 0xFFFF, 0xFFFF, 0xFFFF, 0xFFFF, 0xFFFF, 0xFFFF, 0xFFFF,
    0xFFFF, 0xFFFF, 0xFFFF, 0xFFFF, 0xFFFF, 0xFFFF, 0xFFFF, 0xFFFF, 0xFFFF, 0xFFFF, 0xFFFF, 0xFFFF, 0xFFFF, 0xFFFF, 0xFFFF,
    0x7BEF, 0x1082, 0x0000, 0x0000, 0x0000, 0x0000, 0x0000, 0x1082, 0x7BEF, 0xFFFF, 0xFFFF, 0xFFFF, 0xFFFF, 0x7BEF, 0x1082,
    0x1082, 0x1082, 0x1082, 0xFFFF, 0xFFFF, 0xFFFF, 0x7BEF, 0x1082, 0x1082, 0x1082, 0x1082, 0x7BEF, 0xFFFF, 0xFFFF, 0xFFFF,
    0xFFFF, 0x7BEF, 0x1082, 0x0000, 0x0000, 0x0000, 0x0000, 0x0000, 0x0000, 0x0000, 0x1082, 0x7BEF, 0xFFFF, 0xFFFF, 0xFFFF,
    0x1082, 0x0000, 0x0000, 0x0000, 0x0000, 0x1082, 0xFFFF, 0x7BEF, 0x1082, 0x0000, 0x0000, 0x0000, 0x0000, 0x1082, 0xFFFF,
    0xFFFF, 0xFFFF, 0x7BEF, 0x1082, 0x0000, 0x0000, 0x0000, 0x0000, 0x0000, 0x0000, 0x0000, 0x0000, 0x0000, 0x1082, 0x7BEF,
    0xFFFF, 0xFFFF, 0x1082, 0x0000, 0x0000, 0x0000, 0x0000, 0x1082, 0xFFFF, 0x7BEF, 0x1082, 0x0000, 0x0000, 0x0000, 0x0000,
    0x1082, 0xFFFF, 0xFFFF, 0x7BEF, 0x1082, 0x0000, 0x0000, 0x0000, 0x0000, 0x0000, 0x0000, 0x0000, 0x0000, 0x0000, 0x0000,
    0x0000, 0x1082, 0x7BEF, 0xFFFF, 0x1082, 0x0000, 0x0000, 0x0000, 0x0000, 0x1082, 0xFFFF, 0x7BEF, 0x1082, 0x0000, 0x0000,
    0x0000, 0x0000, 0x1082, 0xFFFF, 0x7BEF, 0x1082, 0x0000, 0x0000, 0x0000, 0x0000, 0x0000, 0x0000, 0x0000, 0x0000, 0x0000,
    0x0000, 0x0000, 0x0000, 0x0000, 0x1082, 0x7BEF, 0x1082, 0x0000, 0x0000, 0x0000, 0x0000, 0x1082, 0xFFFF, 0x7BEF, 0x1082,
    0x0000, 0x0000, 0x0000, 0x0000, 0x1082, 0x7BEF, 0x1082, 0x0000, 0x0000, 0x0000, 0x0000, 0x0000, 0x0000, 0x0000, 0x0000,
    0x0000, 0x0000, 0x0000, 0x0000, 0x0000, 0x0000, 0x0000, 0x1082, 0x1082, 0x1082, 0x1082, 0x1082, 0x1082, 0x1082, 0xFFFF,
    0x7BEF, 0x1082, 0x1082, 0x1082, 0x1082, 0x1082, 0x1082, 0x1082, 0x0000, 0x0000, 0x0000, 0x0000, 0x0000, 0x0000, 0x0000,
    0x0000, 0x0000, 0x0000, 0x0000, 0x0000, 0x0000, 0x0000, 0x0000, 0x0000, 0x0000, 0x1082, 0x7BEF, 0xFFFF, 0xFFFF, 0xFFFF,
    0xFFFF, 0xFFFF, 0xFFFF, 0xFFFF, 0xFFFF, 0xFFFF, 0xFFFF, 0x7BEF, 0x1082, 0x0000, 0x0000, 0x0000, 0x0000, 0x0000, 0x0000,
    0x0000, 0x0000, 0x0000, 0x0000, 0x0000, 0x0000, 0x0000, 0x0000, 0x0000, 0x0000, 0x0000, 0x0000, 0x0000, 0x1082, 0x7BEF,
    0xFFFF, 0xFFFF, 0xFFFF, 0xFFFF, 0xFFFF, 0xFFFF, 0xFFFF, 0xFFFF, 0x7BEF, 0x1082, 0x0000, 0x0000, 0x0000, 0x0000, 0x0000,
    0x0000, 0x0000, 0x0000, 0x0000, 0x0000, 0x0000, 0x0000, 0x0000, 0x0000, 0x0000, 0x0000, 0x0000, 0x0000, 0x0000, 0x0000,
    0x0000, 0x1082, 0x7BEF, 0xFFFF, 0xFFFF, 0xFFFF, 0xFFFF, 0xFFFF, 0xFFFF, 0x7BEF, 0x1082, 0x0000, 0x0000, 0x0000, 0x0000,
    0x0000, 0x0000, 0x0000, 0x0000, 0x0000, 0x0000, 0x0000, 0x0000, 0x0000, 0x0000, 0x0000, 0x0000, 0x0000, 0x0000, 0x0000,
    0x0000, 0x0000, 0x0000, 0x0000, 0x1082, 0x7BEF, 0xFFFF, 0xFFFF, 0xFFFF, 0xFFFF, 0x7BEF, 0x1082, 0x0000, 0x0000, 0x0000,
    0x0000, 0x0000, 0x0000, 0x0000, 0x0000, 0x0000, 0x0000, 0x0000, 0x0000, 0x0000, 0x0000, 0x0000, 0x0000, 0x0000, 0x0000,
    0x0000, 0x0000, 0x0000, 0x0000, 0x0000, 0x0000, 0x0000, 0x1082, 0x7BEF, 0xFFFF, 0xFFFF, 0x7BEF, 0x1082, 0x0000, 0x0000,
    0x0000, 0x0000, 0x0000, 0x0000, 0x0000, 0x0000, 0x0000, 0x0000, 0x0000, 0x0000, 0x0000, 0x0000, 0x0000, 0x0000, 0x0000,
    0x0000, 0x0000, 0x0000, 0x0000, 0x0000, 0x0000, 0x0000, 0x0000, 0x0000, 0x0000, 0x1082, 0x7BEF, 0x7BEF, 0x1082, 0x0000,
    0x0000, 0x0000, 0x0000, 0x0000, 0x0000, 0x0000, 0x0000, 0x0000, 0x0000, 0x0000, 0x0000, 0x0000, 0x0000, 0x0000, 0x0000,
    0x0000, 0x0000, 0x0000, 0x0000, 0x0000, 0x0000, 0x0000, 0x0000, 0x0000, 0x0000, 0x0000, 0x0000, 0x0000, 0x1082, 0x1082,
    0x0000, 0x0000, 0x0000, 0x0000, 0x0000, 0x0000, 0x0000, 0x0000, 0x0000, 0x0000, 0x0000, 0x0000, 0x0000, 0x0000, 0x0000,
    0x0000, 0x0000, 0x0000, 0x0000, 0x0000, 0x0000, 0x0000, 0x0000, 0x0000, 0x0000, 0x0000, 0x0000, 0x0000, 0x0000, 0x0000,
    0x0000, 0x0000, 0x0000, 0x0000, 0x0000, 0x0000, 0x0000, 0x0000, 0x0000, 0x0000, 0x0000, 0x0000, 0x0000, 0x0000, 0x0000,
    0x0000, 0x0000, 0x0000, 0x0000, 0x0000, 0x0000, 0x0000, 0x0000, 0x0000, 0x0000, 0x0000, 0x0000, 0x0000, 0x0000, 0x0000,
    0x0000, 0x0000, 0x0000, 0x0000, 0x0000, 0x0000, 0x0000, 0x0000, 0x0000, 0x0000, 0x0000, 0x0000, 0x0000, 0x0000, 0x0000,
    0x0000, 0x0000, 0x0000, 0x0000,
};
static const uint8_t icon_pan_rgb565_mask[] PROGMEM = {
    0x00, 0x00, 0x00, 0x00, 0x00, 0x00, 0x00, 0x00, 0x00, 0x80, 0x01, 0x00, 0x00, 0xC0, 0x03, 0x00, 0x00, 0xE0, 0x07,
    0x00, 0x00, 0xF0, 0x0F, 0x00, 0x00, 0xF8, 0x1F, 0x00, 0x00, 0xFC, 0x3F, 0x00, 0x00, 0xFE, 0x7F, 0x00, 0x00, 0xFF,
    0xFF, 0x00, 0x80, 0xC3, 0xC3, 0x01, 0xC0, 0xC3, 0xC3, 0x03, 0xE0, 0xC3, 0xC3, 0x07, 0xF0, 0xC3, 0xC3, 0x0F, 0xF8,
    0xFF, 0xFF, 0x1F, 0xFC, 0xFF, 0xFF, 0x3F, 0xFC, 0xFF, 0xFF, 0x3F, 0xF8, 0xFF, 0xFF, 0x1F, 0xF0, 0xC3, 0xC3, 0x0F,
    0xE0, 0xC3, 0xC3, 0x07, 0xC0, 0xC3, 0xC3, 0x03, 0x80, 0xC3, 0xC3, 0x01, 0x00, 0xFF, 0xFF, 0x00, 0x00, 0xFE, 0x7F,
    0x00, 0x00, 0xFC, 0x3F, 0x00, 0x00, 0xF8, 0x1F, 0x00, 0x00, 0xF0, 0x0F, 0x00, 0x00, 0xE0, 0x07, 0x00, 0x00, 0xC0,
    0x03, 0x00, 0x00, 0x80, 0x01, 0x00, 0x00, 0x00, 0x00, 0x00, 0x00, 0x00, 0x00, 0x00,
};

#define icon_zoom_in_rgb565_width 32
#define icon_zoom_in_rgb565_height 32
static const uint16_t icon_zoom_in_rgb565[] PROGMEM = {
    0x0000, 0x0000, 0x0000, 0x0000, 0x0000, 0x0000, 0x0000, 0x0000, 0x0000, 0x0000, 0x0000, 0x0000, 0x0000, 0x0000, 0x0000,
    0x0000, 0x0000, 0x0000, 0x0000, 0x0000, 0x0000, 0x0000, 0x0000, 0x0000, 0x0000, 0x0000, 0x0000, 0x0000, 0x0000, 0x0000,
    0x0000, 0x0000, 0x0000, 0x0000, 0x0000, 0x0000, 0x0000, 0x0000, 0x0000, 0x0000, 0x0000, 0x0000, 0x0000, 0x0000, 0x0000,
    0x0000, 0x0000, 0x0000, 0x0000, 0x0000, 0x0000, 0x0000, 0x0000, 0x0000, 0x0000, 0x0000, 0x0000, 0x0000, 0x0000, 0x0000,
    0x0000, 0x0000, 0x0000, 0x0000, 0x0000, 0x0000, 0x0000, 0x0000, 0x0000, 0x0000, 0x0000, 0x0000, 0x0000, 0x0000, 0x0000,
    0x0000, 0x0000, 0x0000, 0x0000, 0x1082, 0x1082, 0x0000, 0x0000, 0x0000, 0x0000, 0x0000, 0x0000, 0x0000, 0x0000, 0x0000,
    0x0000, 0x0000, 0x0000, 0x0000, 0x0000, 0x0000, 0x0000, 0x0000, 0x0000, 0x0000, 0x0000, 0x0000, 0x0000, 0x0000, 0x0000,
    0x0000, 0x0000, 0x0000, 0x0000, 0x0000, 0x1082, 0xFFFF, 0xFFFF, 0x1082, 0x0000, 0x0000, 0x0000, 0x0000, 0x0000, 0x0000,
    0x0000, 0x0000, 0x0000, 0x0000, 0x0000, 0x0000, 0x0000, 0x0000, 0x0000, 0x0000, 0x0000, 0x0000, 0x0000, 0x0000, 0x0000,
    0x0000, 0x0000, 0x0000, 0x0000, 0x0000, 0x0000, 0x0000, 0x1082, 0xFFFF, 0xFFFF, 0x1082, 0x0000, 0x0000, 0x0000, 0x0000,
    0x0000, 0x0000, 0x0000, 0x0000, 0x0000, 0x0000, 0x0000, 0x0000, 0x0000, 0x0000, 0x0000, 0x0000, 0x0000, 0x0000, 0x0000,
    0x0000, 0x0000, 0x0000, 0x0000, 0x0000, 0x0000, 0x0000, 0x0000, 0x0000, 0x1082, 0xFFFF, 0xFFFF, 0x1082, 0x0000, 0x0000,
    0x0000, 0x0000, 0x0000, 0x0000, 0x0000, 0x0000, 0x0000, 0x0000, 0x0000, 0x0000, 0x0000, 0x0000, 0x0000, 0x0000, 0x0000,
    0x0000, 0x0000, 0x0000, 0x0000, 0x0000, 0x0000, 0x0000, 0x0000, 0x0000, 0x0000, 0x0000, 0x1082, 0xFFFF, 0xFFFF, 0x1082,
    0x0000, 0x0000, 0x0000, 0x0000, 0x0000, 0x0000, 0x0000, 0x0000, 0x0000, 0x0000, 0x0000, 0x0000, 0x0000, 0x0000, 0x0000,
    0x0000, 0x0000, 0x0000, 0x0000, 0x0000, 0x0000, 0x0000, 0x0000, 0x0000, 0x0000, 0x0000, 0x0000, 0x0000, 0x1082, 0xFFFF,
    0xFFFF, 0x1082, 0x0000, 0x0000, 0x0000, 0x0000, 0x0000, 0x0000, 0x0000, 0x0000, 0x0000, 0x0000, 0x0000, 0x0000, 0x0000,
    0x0000, 0x0000, 0x0000, 0x0000, 0x0000, 0x0000, 0x0000, 0x0000, 0x0000, 0x0000, 0x0000, 0x0000, 0x0000, 0x0000, 0x0000,
    0x1082, 0xFFFF, 0xFFFF, 0x1082, 0x0000, 0x0000, 0x0000, 0x0000, 0x0000, 0x0000, 0x0000, 0x0000, 0x0000, 0x0000, 0x0000,
    0x0000, 0x0000, 0x0000, 0x0000, 0x0000, 0x0000, 0x0000, 0x0000, 0x0000, 0x0000, 0x0000, 0x0000, 0x0000, 0x0000, 0x0000,
    0x0000, 0x0000, 0x1082, 0xFFFF, 0xFFFF, 0x1082, 0x0000, 0x0000, 0x0000, 0x0000, 0x0000, 0x0000, 0x0000, 0x0000, 0x0000,
    0x0000, 0x0000, 0x0000, 0x0000, 0x0000, 0x0000, 0x0000, 0x0000, 0x0000, 0x0000, 0x0000, 0x0000, 0x0000, 0x0000, 0x0000,
    0x0000, 0x0000, 0x0000, 0x0000, 0x1082, 0xFFFF, 0xFFFF, 0x1082, 0x0000, 0x0000, 0x0000, 0x0000, 0x0000, 0x0000, 0x0000,
    0x0000, 0x0000, 0x0000, 0x0000, 0x0000, 0x0000, 0x0000, 0x0000, 0x0000, 0x0000, 0x0000, 0x0000, 0x0000, 0x0000, 0x0000,
    0x0000, 0x0000, 0x0000, 0x0000, 0x0000, 0x0000, 0x1082, 0xFFFF, 0xFFFF, 0x1082, 0x0000, 0x0000, 0x0000, 0x0000, 0x0000,
    0x0000, 0x0000, 0x0000, 0x0000, 0x0000, 0x0000, 0x0000, 0x0000, 0x0000, 0x0000, 0x0000, 0x0000, 0x0000, 0x0000, 0x0000,
    0x0000, 0x0000, 0x0000, 0x0000, 0x0000, 0x0000, 0x0000, 0x0000, 0x1082, 0xFFFF, 0xFFFF, 0x1082, 0x0000, 0x0000, 0x0000,
    0x0000, 0x0000, 0x0000, 0x0000, 0x0000, 0x0000, 0x0000, 0x0000, 0x0000, 0x0000, 0x0000, 0x0000, 0x0000, 0x0000, 0x0000,
    0x0000, 0x0000, 0x0000, 0x0000, 0x0000, 0x0000, 0x0000, 0x0000, 0x0000, 0x0000, 0x1082, 0xFFFF, 0xFFFF, 0x1082, 0x0000,
    0x0000, 0x0000, 0x0000, 0x0000, 0x0000, 0x0000, 0x0000, 0x0000, 0x0000, 0x0000, 0x0000, 0x0000, 0x0000, 0x0000, 0x0000,
    0x0000, 0x1082, 0x1082, 0x1082, 0x1082, 0x1082, 0x1082, 0x1082, 0x1082, 0x1082, 0x1082, 0x1082, 0xFFFF, 0xFFFF, 0xFFFF,
    0xFFFF, 0x1082, 0x1082, 0x1082, 0x1082, 0x1082, 0x1082, 0x1082, 0x1082, 0x1082, 0x1082, 0x1082, 0x0000, 0x0000, 0x0000,
    0x0000, 0x0000, 0x1082, 0xFFFF, 0xFFFF, 0xFFFF, 0xFFFF, 0xFFFF, 0xFFFF, 0xFFFF, 0xFFFF, 0xFFFF, 0xFFFF, 0xFFFF, 0xFFFF,
    0xFFFF, 0xFFFF, 0xFFFF, 0xFFFF, 0xFFFF, 0xFFFF, 0xFFFF, 0xFFFF, 0xFFFF, 0xFFFF, 0xFFFF, 0xFFFF, 0xFFFF, 0xFFFF, 0x1082,
    0x0000, 0x0000, 0x0000, 0x0000, 0x1082, 0x7BEF, 0x7BEF, 0x7BEF, 0x7BEF, 0x7BEF, 0x7BEF, 0x7BEF, 0x7BEF, 0x7BEF, 0x7BEF,
    0x7BEF, 0xFFFF, 0xFFFF, 0xFFFF, 0xFFFF, 0x7BEF, 0x7BEF, 0x7BEF, 0x7BEF, 0x7BEF, 0x7BEF, 0x7BEF, 0x7BEF, 0x7BEF, 0x7BEF,
    0x7BEF, 0x1082, 0x0000, 0x0000, 0x0000, 0x0000, 0x0000, 0x1082, 0x1082, 0x1082, 0x1082, 0x1082, 0x1082, 0x1082, 0x1082,
    0x1082, 0x1082, 0x1082, 0x7BEF, 0xFFFF, 0xFFFF, 0x7BEF, 0x1082, 0x1082, 0x1082, 0x1082, 0x1082, 0x1082, 0x1082, 0x1082,
    0x1082, 0x1082, 0x1082, 0x0000, 0x0000, 0x0000, 0x0000, 0x0000, 0x0000, 0x0000, 0x0000, 0x0000, 0x0000, 0x0000, 0x0000,
    0x0000, 0x0000, 0x0000, 0x0000, 0x0000, 0x1082, 0xFFFF, 0xFFFF, 0x1082, 0x0000, 0x0000, 0x0000, 0x0000, 0x0000, 0x0000,
    0x0000, 0x0000, 0x0000, 0x0000, 0x0000, 0x0000, 0x0000, 0x0000, 0x0000, 0x0000, 0x0000, 0x0000, 0x0000, 0x0000, 0x0000,
    0x0000, 0x0000, 0x0000, 0x0000, 0x0000, 0x0000, 0x0000, 0x1082, 0xFFFF, 0xFFFF, 0x1082, 0x0000, 0x0000, 0x0000, 0x0000,
    0x0000, 0x0000, 0x0000, 0x0000, 0x0000, 0x0000, 0x0000, 0x0000, 0x0000, 0x0000, 0x0000, 0x0000, 0x0000, 0x0000, 0x0000,
    0x0000, 0x0000, 0x0000, 0x0000, 0x0000, 0x0000, 0x0000, 0x0000, 0x0000, 0x1082, 0xFFFF, 0xFFFF, 0x1082, 0x0000, 0x0000,
    0x0000, 0x0000, 0x0000, 0x0000, 0x0000, 0x0000, 0x0000, 0x0000, 0x0000, 0x0000, 0x0000, 0x0000, 0x0000, 0x0000, 0x0000,
    0x0000, 0x0000, 0x0000, 0x0000, 0x0000, 0x0000, 0x0000, 0x0000, 0x0000, 0x0000, 0x0000, 0x1082, 0xFFFF, 0xFFFF, 0x1082,
    0x0000, 0x0000, 0x0000, 0x0000, 0x0000, 0x0000, 0x0000, 0x0000, 0x0000, 0x0000, 0x0000, 0x0000, 0x0000, 0x0000, 0x0000,
    0x0000, 0x0000, 0x0000, 0x0000, 0x0000, 0x0000, 0x0000, 0x0000, 0x0000, 0x0000, 0x0000, 0x0000, 0x0000, 0x1082, 0xFFFF,
    0xFFFF, 0x1082, 0x0000, 0x0000, 0x0000, 0x0000, 0x0000, 0x0000, 0x0000, 0x0000, 0x0000, 0x0000, 0x0000, 0x0000, 0x0000,
    0x0000, 0x0000, 0x0000, 0x0000, 0x0000, 0x0000, 0x0000, 0x0000, 0x0000, 0x0000, 0x0000, 0x0000, 0x0000, 0x0000, 0x0000,
    0x1082, 0xFFFF, 0xFFFF, 0x1082, 0x0000, 0x0000, 0x0000, 0x0000, 0x0000, 0x0000, 0x0000, 0x0000, 0x0000, 0x0000, 0x0000,
    0x0000, 0x0000, 0x0000, 0x0000, 0x0000, 0x0000, 0x0000, 0x0000, 0x0000, 0x0000, 0x0000, 0x0000, 0x0000, 0x0000, 0x0000,
    0x0000, 0x0000, 0x1082, 0xFFFF, 0xFFFF, 0x1082, 0x0000, 0x0000, 0x0000, 0x0000, 0x0000, 0x0000, 0x0000, 0x0000, 0x0000,
    0x0000, 0x0000, 0x0000, 0x0000, 0x0000, 0x0000, 0x0000, 0x0000, 0x0000, 0x0000, 0x0000, 0x0000, 0x0000, 0x0000, 0x0000,
    0x0000, 0x0000, 0x0000, 0x0000, 0x1082, 0xFFFF, 0xFFFF, 0x1082, 0x0000, 0x0000, 0x0000, 0x0000, 0x0000, 0x0000, 0x0000,
    0x0000, 0x0000, 0x0000, 0x0000, 0x0000, 0x0000, 0x0000, 0x0000, 0x0000, 0x0000, 0x0000, 0x0000, 0x0000, 0x0000, 0x0000,
    0x0000, 0x0000, 0x0000, 0x0000, 0x0000, 0x0000, 0x1082, 0xFFFF, 0xFFFF, 0x1082, 0x0000, 0x0000, 0x0000, 0x0000, 0x0000,
    0x0000, 0x0000, 0x0000, 0x0000, 0x0000, 0x0000, 0x0000, 0x0000, 0x0000, 0x0000, 0x0000, 0x0000, 0x0000, 0x0000, 0x0000,
    0x0000, 0x0000, 0x0000, 0x0000, 0x0000, 0x0000, 0x0000, 0x0000, 0x1082, 0xFFFF, 0xFFFF, 0x1082, 0x0000, 0x0000, 0x0000,
    0x0000, 0x0000, 0x0000, 0x0000, 0x0000, 0x0000, 0x0000, 0x0000, 0x0000, 0x0000, 0x0000, 0x0000, 0x0000, 0x0000, 0x0000,
    0x0000, 0x0000, 0x0000, 0x0000, 0x0000, 0x0000, 0x0000, 0x0000, 0x0000, 0x0000, 0x1082, 0x7BEF, 0x7BEF, 0x1082, 0x0000,
    0x0000, 0x0000, 0x0000, 0x0000, 0x0000, 0x0000, 0x0000, 0x0000, 0x0000, 0x0000, 0x0000, 0x0000, 0x0000, 0x0000, 0x0000,
    0x0000, 0x0000, 0x0000, 0x0000, 0x0000, 0x0000, 0x0000, 0x0000, 0x0000, 0x0000, 0x0000, 0x0000, 0x0000, 0x1082, 0x1082,
    0x0000, 0x0000, 0x0000, 0x0000, 0x0000, 0x0000, 0x0000, 0x0000, 0x0000, 0x0000, 0x0000, 0x0000, 0x0000, 0x0000, 0x0000,
    0x0000, 0x0000, 0x0000, 0x0000, 0x0000, 0x0000, 0x0000, 0x0000, 0x0000, 0x0000, 0x0000, 0x0000, 0x0000, 0x0000, 0x0000,
    0x0000, 0x0000, 0x0000, 0x0000, 0x0000, 0x0000, 0x0000, 0x0000, 0x0000, 0x0000, 0x0000, 0x0000, 0x0000, 0x0000, 0x0000,
    0x0000, 0x0000, 0x0000, 0x0000, 0x0000, 0x0000, 0x0000, 0x0000, 0x0000, 0x0000, 0x0000, 0x0000, 0x0000, 0x0000, 0x0000,
    0x0000, 0x0000, 0x0000, 0x0000, 0x0000, 0x0000, 0x0000, 0x0000, 0x0000, 0x0000, 0x0000, 0x0000, 0x0000, 0x0000, 0x0000,
    0x0000, 0x0000, 0x0000, 0x0000,
};
static const uint8_t icon_zoom_in_rgb565_mask[] PROGMEM = {
    0x00, 0x00, 0x00, 0x00, 0x00, 0x00, 0x00, 0x00, 0x00, 0x80, 0x01, 0x00, 0x00, 0xC0, 0x03, 0x00, 0x00, 0xC0, 0x03,
    0x00, 0x00, 0xC0, 0x03, 0x00, 0x00, 0xC0, 0x03, 0x00, 0x00, 0xC0, 0x03, 0x00, 0x00, 0xC0, 0x03, 0x00, 0x00, 0xC0,
    0x03, 0x00, 0x00, 0xC0, 0x03, 0x00, 0x00, 0xC0, 0x03, 0x00, 0x00, 0xC0, 0x03, 0x00, 0x00, 0xC0, 0x03, 0x00, 0xF8,
    0xFF, 0xFF, 0x1F, 0xFC, 0xFF, 0xFF, 0x3F, 0xFC, 0xFF, 0xFF, 0x3F, 0xF8, 0xFF, 0xFF, 0x1F, 0x00, 0xC0, 0x03, 0x00,
    0x00, 0xC0, 0x03, 0x00, 0x00, 0xC0, 0x03, 0x00, 0x00, 0xC0, 0x03, 0x00, 0x00, 0xC0, 0x03, 0x00, 0x00, 0xC0, 0x03,
    0x00, 0x00, 0xC0, 0x03, 0x00, 0x00, 0xC0, 0x03, 0x00, 0x00, 0xC0, 0x03, 0x00, 0x00, 0xC0, 0x03, 0x00, 0x00, 0xC0,
    0x03, 0x00, 0x00, 0x80, 0x01, 0x00, 0x00, 0x00, 0x00, 0x00, 0x00, 0x00, 0x00, 0x00,
};

#define icon_zoom_out_rgb565_width 32
#define icon_zoom_out_rgb565_height 32
static const uint16_t icon_zoom_out_rgb565[] PROGMEM = {
    0x0000, 0x0000, 0x0000, 0x0000, 0x0000, 0x0000, 0x0000, 0x0000, 0x0000, 0x0000, 0x0000, 0x0000, 0x0000, 0x0000, 0x0000,
    0x0000, 0x0000, 0x0000, 0x0000, 0x0000, 0x0000, 0x0000, 0x0000, 0x0000, 0x0000, 0x0000, 0x0000, 0x0000, 0x0000, 0x0000,
    0x0000, 0x0000, 0x0000, 0x0000, 0x0000, 0x0000, 0x0000, 0x0000, 0x0000, 0x0000, 0x0000, 0x0000, 0x0000, 0x0000, 0x0000,
    0x0000, 0x0000, 0x0000, 0x0000, 0x0000, 0x0000, 0x0000, 0x0000, 0x0000, 0x0000, 0x0000, 0x0000, 0x0000, 0x0000, 0x0000,
    0x0000, 0x0000, 0x0000, 0x0000, 0x0000, 0x0000, 0x0000, 0x0000, 0x0000, 0x0000, 0x0000, 0x0000, 0x0000, 0x0000, 0x0000,
    0x0000, 0x0000, 0x0000, 0x0000, 0x0000, 0x0000, 0x0000, 0x0000, 0x0000, 0x0000, 0x0000, 0x0000, 0x0000, 0x0000, 0x0000,
    0x0000, 0x0000, 0x0000, 0x0000, 0x0000, 0x0000, 0x0000, 0x0000, 0x0000, 0x0000, 0x0000, 0x0000, 0x0000, 0x0000, 0x0000,
    0x0000, 0x0000, 0x0000, 0x0000, 0x0000, 0x0000, 0x0000, 0x0000, 0x0000, 0x0000, 0x0000, 0x0000, 0x0000, 0x0000, 0x0000,
    0x0000, 0x0000, 0x0000, 0x0000, 0x0000, 0x0000, 0x0000, 0x0000, 0x0000, 0x0000, 0x0000, 0x0000, 0x0000, 0x0000, 0x0000,
    0x0000, 0x0000, 0x0000, 0x0000, 0x0000, 0x0000, 0x0000, 0x0000, 0x0000, 0x0000, 0x0000, 0x0000, 0x0000, 0x0000, 0x0000,
    0x0000, 0x0000, 0x0000, 0x0000, 0x0000, 0x0000, 0x0000, 0x0000, 0x0000, 0x0000, 0x0000, 0x0000, 0x0000, 0x0000, 0x0000,
    0x0000, 0x0000, 0x0000, 0x0000, 0x0000, 0x0000, 0x0000, 0x0000, 0x0000, 0x0000, 0x0000, 0x0000, 0x0000, 0x0000, 0x0000,
    0x0000, 0x0000, 0x0000, 0x0000, 0x0000, 0x0000, 0x0000, 0x0000, 0x0000, 0x0000, 0x0000, 0x0000, 0x0000, 0x0000, 0x0000,
    0x0000, 0x0000, 0x0000, 0x0000, 0x0000, 0x0000, 0x0000, 0x0000, 0x0000, 0x0000, 0x0000, 0x0000, 0x0000, 0x0000, 0x0000,
    0x0000, 0x0000, 0x0000, 0x0000, 0x0000, 0x0000, 0x0000, 0x0000, 0x0000, 0x0000, 0x0000, 0x0000, 0x0000, 0x0000, 0x0000,
    0x0000, 0x0000, 0x0000, 0x0000, 0x0000, 0x0000, 0x0000, 0x0000, 0x0000, 0x0000, 0x0000, 0x0000, 0x0000, 0x0000, 0x0000,
    0x0000, 0x0000, 0x0000, 0x0000, 0x0000, 0x0000, 0x0000, 0x0000, 0x0000, 0x0000, 0x0000, 0x0000, 0x0000, 0x0000, 0x0000,
    0x0000, 0x0000, 0x0000, 0x0000, 0x0000, 0x0000, 0x0000, 0x0000, 0x0000, 0x0000, 0x0000, 0x0000, 0x0000, 0x0000, 0x0000,
    0x0000, 0x0000, 0x0000, 0x0000, 0x0000, 0x0000, 0x0000, 0x0000, 0x0000, 0x0000, 0x0000, 0x0000, 0x0000, 0x0000, 0x0000,
    0x0000, 0x0000, 0x0000, 0x0000, 0x0000, 0x0000, 0x0000, 0x0000, 0x0000, 0x0000, 0x0000, 0x0000, 0x0000, 0x0000, 0x0000,
    0x0000, 0x0000, 0x0000, 0x0000, 0x0000, 0x0000, 0x0000, 0x0000, 0x0000, 0x0000, 0x0000, 0x0000, 0x0000, 0x0000, 0x0000,
    0x0000, 0x0000, 0x0000, 0x0000, 0x0000, 0x0000, 0x0000, 0x0000, 0x0000, 0x0000, 0x0000, 0x0000, 0x0000, 0x0000, 0x0000,
    0x0000, 0x0000, 0x0000, 0x0000, 0x0000, 0x0000, 0x0000, 0x0000, 0x0000, 0x0000, 0x0000, 0x0000, 0x0000, 0x0000, 0x0000,
    0x0000, 0x0000, 0x0000, 0x0000, 0x0000, 0x0000, 0x0000, 0x0000, 0x0000, 0x0000, 0x0000, 0x0000, 0x0000, 0x0000, 0x0000,
    0x0000, 0x0000, 0x0000, 0x0000, 0x0000, 0x0000, 0x0000, 0x0000, 0x0000, 0x0000, 0x0000, 0x0000, 0x0000, 0x0000, 0x0000,
    0x0000, 0x0000, 0x0000, 0x0000, 0x0000, 0x0000, 0x0000, 0x0000, 0x0000, 0x0000, 0x0000, 0x0000, 0x0000, 0x0000, 0x0000,
    0x0000, 0x0000, 0x0000, 0x0000, 0x0000, 0x0000, 0x0000, 0x0000, 0x0000, 0x0000, 0x0000, 0x0000, 0x0000, 0x0000, 0x0000,
    0x0000, 0x0000, 0x0000, 0x0000, 0x0000, 0x0000, 0x0000, 0x0000, 0x0000, 0x0000, 0x0000, 0x0000, 0x0000, 0x0000, 0x0000,
    0x0000, 0x0000, 0x0000, 0x0000, 0x0000, 0x0000, 0x0000, 0x0000, 0x0000, 0x0000, 0x0000, 0x0000, 0x0000, 0x0000, 0x0000,
    0x0000, 0x0000, 0x0000, 0x0000, 0x0000, 0x0000, 0x0000, 0x0000, 0x0000, 0x0000, 0x0000, 0x0000, 0x0000, 0x0000, 0x0000,
    0x0000, 0x0000, 0x0000, 0x0000, 0x0000, 0x1082, 0x1082, 0x1082, 0x1082, 0x1082, 0x1082, 0x1082, 0x1082, 0x1082, 0x1082,
    0x1082, 0x1082, 0x1082, 0x1082, 0x1082, 0x1082, 0x1082, 0x1082, 0x0000, 0x0000, 0x0000, 0x0000, 0x0000, 0x0000, 0x0000,
    0x0000, 0x0000, 0x0000, 0x0000, 0x0000, 0x0000, 0x1082, 0xFFFF, 0xFFFF, 0xFFFF, 0xFFFF, 0xFFFF, 0xFFFF, 0xFFFF, 0xFFFF,
    0xFFFF, 0xFFFF, 0xFFFF, 0xFFFF, 0xFFFF, 0xFFFF, 0xFFFF, 0xFFFF, 0xFFFF, 0xFFFF, 0x1082, 0x0000, 0x0000, 0x0000, 0x0000,
    0x0000, 0x0000, 0x0000, 0x0000, 0x0000, 0x0000, 0x0000, 0x0000, 0x1082, 0x7BEF, 0x7BEF, 0x7BEF, 0x7BEF, 0x7BEF, 0x7BEF,
    0x7BEF, 0x7BEF, 0x7BEF, 0x7BEF, 0x7BEF, 0x7BEF, 0x7BEF, 0x7BEF, 0x7BEF, 0x7BEF, 0x7BEF, 0x7BEF, 0x1082, 0x0000, 0x0000,
    0x0000, 0x0000, 0x0000, 0x0000, 0x0000, 0x0000, 0x0000, 0x0000, 0x0000, 0x0000, 0x0000, 0x1082, 0x1082, 0x1082, 0x1082,
    0x1082, 0x1082, 0x1082, 0x1082, 0x1082, 0x1082, 0x1082, 0x1082, 0x1082, 0x1082, 0x1082, 0x1082, 0x1082, 0x1082, 0x0000,
    0x0000, 0x0000, 0x0000, 0x0000, 0x0000, 0x0000, 0x0000, 0x0000, 0x0000, 0x0000, 0x0000, 0x0000, 0x0000, 0x0000, 0x0000,
    0x0000, 0x0000, 0x0000, 0x0000, 0x0000, 0x0000, 0x0000, 0x0000, 0x0000, 0x0000, 0x0000, 0x0000, 0x0000, 0x0000, 0x0000,
    0x0000, 0x0000, 0x0000, 0x0000, 0x0000, 0x0000, 0x0000, 0x0000, 0x0000, 0x0000, 0x0000, 0x0000, 0x0000, 0x0000, 0x0000,
    0x0000, 0x0000, 0x0000, 0x0000, 0x0000, 0x0000, 0x0000, 0x0000, 0x0000, 0x0000, 0x0000, 0x0000, 0x0000, 0x0000, 0x0000,
    0x0000, 0x0000, 0x0000, 0x0000, 0x0000, 0x0000, 0x0000, 0x0000, 0x0000, 0x0000, 0x0000, 0x0000, 0x0000, 0x0000, 0x0000,
    0x0000, 0x0000, 0x0000, 0x0000, 0x0000, 0x0000, 0x0000, 0x0000, 0x0000, 0x0000, 0x0000, 0x0000, 0x0000, 0x0000, 0x0000,
    0x0000, 0x0000, 0x0000, 0x0000, 0x0000, 0x0000, 0x0000, 0x0000, 0x0000, 0x0000, 0x0000, 0x0000, 0x0000, 0x0000, 0x0000,
    0x0000, 0x0000, 0x0000, 0x0000, 0x0000, 0x0000, 0x0000, 0x0000, 0x0000, 0x0000, 0x0000, 0x0000, 0x0000, 0x0000, 0x0000,
    0x0000, 0x0000, 0x0000, 0x0000, 0x0000, 0x0000, 0x0000, 0x0000, 0x0000, 0x0000, 0x0000, 0x0000, 0x0000, 0x0000, 0x0000,
    0x0000, 0x0000, 0x0000, 0x0000, 0x0000, 0x0000, 0x0000, 0x0000, 0x0000, 0x0000, 0x0000, 0x0000, 0x0000, 0x0000, 0x0000,
    0x0000, 0x0000, 0x0000, 0x0000, 0x0000, 0x0000, 0x0000, 0x0000, 0x0000, 0x0000, 0x0000, 0x0000, 0x0000, 0x0000, 0x0000,
    0x0000, 0x0000, 0x0000, 0x0000, 0x0000, 0x0000, 0x0000, 0x0000, 0x0000, 0x0000, 0x0000, 0x0000, 0x0000, 0x0000, 0x0000,
    0x0000, 0x0000, 0x0000, 0x0000, 0x0000, 0x0000, 0x0000, 0x0000, 0x0000, 0x0000, 0x0000, 0x0000, 0x0000, 0x0000, 0x0000,
    0x0000, 0x0000, 0x0000, 0x0000, 0x0000, 0x0000, 0x0000, 0x0000, 0x0000, 0x0000, 0x0000, 0x0000, 0x0000, 0x0000, 0x0000,
    0x0000, 0x0000, 0x0000, 0x0000, 0x0000, 0x0000, 0x0000, 0x0000, 0x0000, 0x0000, 0x0000, 0x0000, 0x0000, 0x0000, 0x0000,
    0x0000, 0x0000, 0x0000, 0x0000, 0x0000, 0x0000, 0x0000, 0x0000, 0x0000, 0x0000, 0x0000, 0x0000, 0x0000, 0x0000, 0x0000,
    0x0000, 0x0000, 0x0000, 0x0000, 0x0000, 0x0000, 0x0000, 0x0000, 0x0000, 0x0000, 0x0000, 0x0000, 0x0000, 0x0000, 0x0000,
    0x0000, 0x0000, 0x0000, 0x0000, 0x0000, 0x0000, 0x0000, 0x0000, 0x0000, 0x0000, 0x0000, 0x0000, 0x0000, 0x0000, 0x0000,
    0x0000, 0x0000, 0x0000, 0x0000, 0x0000, 0x0000, 0x0000, 0x0000, 0x0000, 0x0000, 0x0000, 0x0000, 0x0000, 0x0000, 0x0000,
    0x0000, 0x0000, 0x0000, 0x0000, 0x0000, 0x0000, 0x0000, 0x0000, 0x0000, 0x0000, 0x0000, 0x0000, 0x0000, 0x0000, 0x0000,
    0x0000, 0x0000, 0x0000, 0x0000, 0x0000, 0x0000, 0x0000, 0x0000, 0x0000, 0x0000, 0x0000, 0x0000, 0x0000, 0x0000, 0x0000,
    0x0000, 0x0000, 0x0000, 0x0000, 0x0000, 0x0000, 0x0000, 0x0000, 0x0000, 0x0000, 0x0000, 0x0000, 0x0000, 0x0000, 0x0000,
    0x0000, 0x0000, 0x0000, 0x0000, 0x0000, 0x0000, 0x0000, 0x0000, 0x0000, 0x0000, 0x0000, 0x0000, 0x0000, 0x0000, 0x0000,
    0x0000, 0x0000, 0x0000, 0x0000, 0x0000, 0x0000, 0x0000, 0x0000, 0x0000, 0x0000, 0x0000, 0x0000, 0x0000, 0x0000, 0x0000,
    0x0000, 0x0000, 0x0000, 0x0000, 0x0000, 0x0000, 0x0000, 0x0000, 0x0000, 0x0000, 0x0000, 0x0000, 0x0000, 0x0000, 0x0000,
    0x0000, 0x0000, 0x0000, 0x0000, 0x0000, 0x0000, 0x0000, 0x0000, 0x0000, 0x0000, 0x0000, 0x0000, 0x0000, 0x0000, 0x0000,
    0x0000, 0x0000, 0x0000, 0x0000, 0x0000, 0x0000, 0x0000, 0x0000, 0x0000, 0x0000, 0x0000, 0x0000, 0x0000, 0x0000, 0x0000,
    0x0000, 0x0000, 0x0000, 0x0000, 0x0000, 0x0000, 0x0000, 0x0000, 0x0000, 0x0000, 0x0000, 0x0000, 0x0000, 0x0000, 0x0000,
    0x0000, 0x0000, 0x0000, 0x0000, 0x0000, 0x0000, 0x0000, 0x0000, 0x0000, 0x0000, 0x0000, 0x0000, 0x0000, 0x0000, 0x0000,
    0x0000, 0x0000, 0x0000, 0x0000, 0x0000, 0x0000, 0x0000, 0x0000, 0x0000, 0x0000, 0x0000, 0x0000, 0x0000, 0x0000, 0x0000,
    0x0000, 0x0000, 0x0000, 0x0000,
};
static const uint8_t icon_zoom_out_rgb565_mask[] PROGMEM = {
    0x00, 0x00, 0x00, 0x00, 0x00, 0x00, 0x00, 0x00, 0x00, 0x00, 0x00, 0x00, 0x00, 0x00, 0x00, 0x00, 0x00, 0x00, 0x00,
    0x00, 0x00, 0x00, 0x00, 0x00, 0x00, 0x00, 0x00, 0x00, 0x00, 0x00, 0x00, 0x00, 0x00, 0x00, 0x00, 0x00, 0x00, 0x00,
    0x00, 0x00, 0x00, 0x00, 0x00, 0x00, 0x00, 0x00, 0x00, 0x00, 0x00, 0x00, 0x00, 0x00, 0x00, 0x00, 0x00, 0x00, 0x80,
    0xFF, 0xFF, 0x01, 0xC0, 0xFF, 0xFF, 0x03, 0xC0, 0xFF, 0xFF, 0x03, 0x80, 0xFF, 0xFF, 0x01, 0x00, 0x00, 0x00, 0x00,
    0x00, 0x00, 0x00, 0x00, 0x00, 0x00, 0x00, 0x00, 0x00, 0x00, 0x00, 0x00, 0x00, 0x00, 0x00, 0x00, 0x00, 0x00, 0x00,
    0x00, 0x00, 0x00, 0x00, 0x00, 0x00, 0x00, 0x00, 0x00, 0x00, 0x00, 0x00, 0x00, 0x00, 0x00, 0x00, 0x00, 0x00, 0x00,
    0x00, 0x00, 0x00, 0x00, 0x00, 0x00, 0x00, 0x00, 0x00, 0x00, 0x00, 0x00, 0x00, 0x00,
};

#define icon_follow_me_rgb565_width 32
#define icon_follow_me_rgb565_height 32
static const uint16_t icon_follow_me_rgb565[] PROGMEM = {
    0x0000, 0x0000, 0x0000, 0x0000, 0x0000, 0x0000, 0x0000, 0x0000, 0x0000, 0x0000, 0x0000, 0x0000, 0x0000, 0x0000, 0x0000,
    0x0000, 0x0000, 0x0000, 0x0000, 0x0000, 0x0000, 0x0000, 0x0000, 0x0000, 0x0000, 0x0000, 0x0000, 0x0000, 0x0000, 0x0000,
    0x0000, 0x0000, 0x0000, 0x0000, 0x0000, 0x0000, 0x0000, 0x0000, 0x0000, 0x0000, 0x0000, 0x0000, 0x0000, 0x0000, 0x0000,
    0x0000, 0x0000, 0x0000, 0x0000, 0x0000, 0x0000, 0x0000, 0x0000, 0x0000, 0x0000, 0x0000, 0x0000, 0x0000, 0x0000, 0x0000,
    0x0000, 0x0000, 0x0000, 0x0000, 0x0000, 0x0000, 0x0000, 0x0000, 0x0000, 0x0000, 0x0000, 0x0000, 0x0000, 0x0000, 0x0000,
    0x0000, 0x0000, 0x0000, 0x0000, 0x1082, 0x1082, 0x0000, 0x0000, 0x0000, 0x0000, 0x0000, 0x0000, 0x0000, 0x0000, 0x0000,
    0x0000, 0x0000, 0x0000, 0x0000, 0x0000, 0x0000, 0x0000, 0x0000, 0x0000, 0x0000, 0x0000, 0x0000, 0x0000, 0x0000, 0x0000,
    0x0000, 0x0000, 0x0000, 0x0000, 0x0000, 0x1082, 0x7BEF, 0x7BEF, 0x1082, 0x0000, 0x0000, 0x0000, 0x0000, 0x0000, 0x0000,
    0x0000, 0x0000, 0x0000, 0x0000, 0x0000, 0x0000, 0x0000, 0x0000, 0x0000, 0x0000, 0x0000, 0x0000, 0x0000, 0x0000, 0x0000,
    0x0000, 0x0000, 0x0000, 0x0000, 0x0000, 0x0000, 0x1082, 0x7BEF, 0xFFFF, 0xFFFF, 0x7BEF, 0x1082, 0x0000, 0x0000, 0x0000,
    0x0000, 0x0000, 0x0000, 0x0000, 0x0000, 0x0000, 0x0000, 0x0000, 0x0000, 0x0000, 0x0000, 0x0000, 0x0000, 0x0000, 0x0000,
    0x0000, 0x0000, 0x0000, 0x0000, 0x0000, 0x0000, 0x0000, 0x1082, 0x7BEF, 0xFFFF, 0xFFFF, 0xFFFF, 0xFFFF, 0x7BEF, 0x1082,
    0x0000, 0x0000, 0x0000, 0x0000, 0x0000, 0x0000, 0x0000, 0x0000, 0x0000, 0x0000, 0x0000, 0x0000, 0x0000, 0x0000, 0x0000,
    0x0000, 0x0000, 0x0000, 0x0000, 0x0000, 0x0000, 0x0000, 0x0000, 0x1082, 0x7BEF, 0xFFFF, 0xFFFF, 0xFFFF, 0xFFFF, 0xFFFF,
    0xFFFF, 0x7BEF, 0x1082, 0x0000, 0x0000, 0x0000, 0x0000, 0x0000, 0x0000, 0x0000, 0x0000, 0x0000, 0x0000, 0x0000, 0x0000,
    0x0000, 0x0000, 0x0000, 0x0000, 0x0000, 0x0000, 0x0000, 0x0000, 0x0000, 0x1082, 0x7BEF, 0xFFFF, 0xFFFF, 0xFFFF, 0xFFFF,
    0xFFFF, 0xFFFF, 0xFFFF, 0xFFFF, 0x7BEF, 0x1082, 0x0000, 0x0000, 0x0000, 0x0000, 0x0000, 0x0000, 0x0000, 0x0000, 0x0000,
    0x0000, 0x0000, 0x0000, 0x0000, 0x0000, 0x0000, 0x0000, 0x0000, 0x0000, 0x0000, 0x1082, 0x7BEF, 0xFFFF, 0xFFFF, 0xFFFF,
    0xFFFF, 0xFFFF, 0xFFFF, 0xFFFF, 0xFFFF, 0xFFFF, 0xFFFF, 0x7BEF, 0x1082, 0x0000, 0x0000, 0x0000, 0x0000, 0x0000, 0x0000,
    0x0000, 0x0000, 0x0000, 0x0000, 0x0000, 0x0000, 0x0000, 0x0000, 0x0000, 0x0000, 0x0000, 0x1082, 0x1082, 0x1082, 0x1082,
    0x1082, 0x1082, 0x1082, 0x1082, 0x1082, 0x1082, 0x1082, 0x1082, 0x1082, 0x1082, 0x1082, 0x1082, 0x0000, 0x0000, 0x0000,
    0x0000, 0x0000, 0x0000, 0x0000, 0x0000, 0x0000, 0x0000, 0x0000, 0x0000, 0x0000, 0x0000, 0x0000, 0x1082, 0x7BEF, 0x1082,
    0x0000, 0x0000, 0x0000, 0x0000, 0x0000, 0x0000, 0x0000, 0x0000, 0x0000, 0x0000, 0x0000, 0x0000, 0x1082, 0x7BEF, 0x1082,
    0x0000, 0x0000, 0x0000, 0x0000, 0x0000, 0x0000, 0x0000, 0x0000, 0x0000, 0x0000, 0x0000, 0x0000, 0x0000, 0x1082, 0x7BEF,
    0xFFFF, 0x1082, 0x0000, 0x0000, 0x0000, 0x0000, 0x0000, 0x0000, 0x0000, 0x0000, 0x0000, 0x0000, 0x0000, 0x0000, 0x1082,
    0xFFFF, 0x7BEF, 0x1082, 0x0000, 0x0000, 0x0000, 0x0000, 0x0000, 0x0000, 0x0000, 0x0000, 0x0000, 0x0000, 0x0000, 0x1082,
    0x7BEF, 0xFFFF, 0xFFFF, 0x1082, 0x0000, 0x0000, 0x0000, 0x0000, 0x1082, 0x1082, 0x1082, 0x1082, 0x0000, 0x0000, 0x0000,
    0x0000, 0x1082, 0xFFFF, 0xFFFF, 0x7BEF, 0x1082, 0x0000, 0x0000, 0x0000, 0x0000, 0x0000, 0x0000, 0x0000, 0x0000, 0x0000,
    0x1082, 0x7BEF, 0xFFFF, 0xFFFF, 0xFFFF, 0x1082, 0x0000, 0x0000, 0x0000, 0x1082, 0xFFFF, 0xFFFF, 0xFFFF, 0xFFFF, 0x1082,
    0x0000, 0x0000, 0x0000, 0x1082, 0xFFFF, 0xFFFF, 0xFFFF, 0x7BEF, 0x1082, 0x0000, 0x0000, 0x0000, 0x0000, 0x0000, 0x0000,
    0x0000, 0x1082, 0x7BEF, 0xFFFF, 0xFFFF, 0xFFFF, 0xFFFF, 0x1082, 0x0000, 0x0000, 0x1082, 0xFFFF, 0xFFFF, 0xFFFF, 0xFFFF,
    0xFFFF, 0x7BEF, 0x1082, 0x0000, 0x0000, 0x1082, 0xFFFF, 0xFFFF, 0xFFFF, 0xFFFF, 0x7BEF, 0x1082, 0x0000, 0x0000, 0x0000,
    0x0000, 0x0000, 0x1082, 0x7BEF, 0xFFFF, 0xFFFF, 0xFFFF, 0xFFFF, 0xFFFF, 0x1082, 0x0000, 0x0000, 0x1082, 0xFFFF, 0xFFFF,
    0xFFFF, 0xFFFF, 0xFFFF, 0x7BEF, 0x1082, 0x0000, 0x0000, 0x1082, 0xFFFF, 0xFFFF, 0xFFFF, 0xFFFF, 0xFFFF, 0x7BEF, 0x1082,
    0x0000, 0x0000, 0x0000, 0x0000, 0x1082, 0x7BEF, 0xFFFF, 0xFFFF, 0xFFFF, 0xFFFF, 0xFFFF, 0x1082, 0x0000, 0x0000, 0x1082,
    0xFFFF, 0xFFFF, 0xFFFF, 0xFFFF, 0xFFFF, 0x7BEF, 0x1082, 0x0000, 0x0000, 0x1082, 0xFFFF, 0xFFFF, 0xFFFF, 0xFFFF, 0xFFFF,
    0x7BEF, 0x1082, 0x0000, 0x0000, 0x0000, 0x0000, 0x0000, 0x1082, 0x7BEF, 0xFFFF, 0xFFFF, 0xFFFF, 0xFFFF, 0x1082, 0x0000,
    0x0000, 0x1082, 0xFFFF, 0xFFFF, 0xFFFF, 0xFFFF, 0xFFFF, 0x7BEF, 0x1082, 0x0000, 0x0000, 0x1082, 0xFFFF, 0xFFFF, 0xFFFF,
    0xFFFF, 0x7BEF, 0x1082, 0x0000, 0x0000, 0x0000, 0x0000, 0x0000, 0x0000, 0x0000, 0x1082, 0x7BEF, 0xFFFF, 0xFFFF, 0xFFFF,
    0x1082, 0x0000, 0x0000, 0x0000, 0x1082, 0x7BEF, 0x7BEF, 0x7BEF, 0x7BEF, 0x1082, 0x0000, 0x0000, 0x0000, 0x1082, 0xFFFF,
    0xFFFF, 0xFFFF, 0x7BEF, 0x1082, 0x0000, 0x0000, 0x0000, 0x0000, 0x0000, 0x0000, 0x0000, 0x0000, 0x0000, 0x1082, 0x7BEF,
    0xFFFF, 0xFFFF, 0x1082, 0x0000, 0x0000, 0x0000, 0x0000, 0x1082, 0x1082, 0x1082, 0x1082, 0x0000, 0x0000, 0x0000, 0x0000,
    0x1082, 0xFFFF, 0xFFFF, 0x7BEF, 0x1082, 0x0000, 0x0000, 0x0000, 0x0000, 0x0000, 0x0000, 0x0000, 0x0000, 0x0000, 0x0000,
    0x0000, 0x1082, 0x7BEF, 0xFFFF, 0x1082, 0x0000, 0x0000, 0x0000, 0x0000, 0x0000, 0x0000, 0x0000, 0x0000, 0x0000, 0x0000,
    0x0000, 0x0000, 0x1082, 0xFFFF, 0x7BEF, 0x1082, 0x0000, 0x0000, 0x0000, 0x0000, 0x0000, 0x0000, 0x0000, 0x0000, 0x0000,
    0x0000, 0x0000, 0x0000, 0x0000, 0x1082, 0x7BEF, 0x1082, 0x0000, 0x0000, 0x0000, 0x0000, 0x0000, 0x0000, 0x0000, 0x0000,
    0x0000, 0x0000, 0x0000, 0x0000, 0x1082, 0x7BEF, 0x1082, 0x0000, 0x0000, 0x0000, 0x0000, 0x0000, 0x0000, 0x0000, 0x0000,
    0x0000, 0x0000, 0x0000, 0x0000, 0x0000, 0x0000, 0x0000, 0x1082, 0x1082, 0x1082, 0x1082, 0x1082, 0x1082, 0x1082, 0x1082,
    0x1082, 0x1082, 0x1082, 0x1082, 0x1082, 0x1082, 0x1082, 0x1082, 0x0000, 0x0000, 0x0000, 0x0000, 0x0000, 0x0000, 0x0000,
    0x0000, 0x0000, 0x0000, 0x0000, 0x0000, 0x0000, 0x0000, 0x0000, 0x0000, 0x0000, 0x1082, 0x7BEF, 0xFFFF, 0xFFFF, 0xFFFF,
    0xFFFF, 0xFFFF, 0xFFFF, 0xFFFF, 0xFFFF, 0xFFFF, 0xFFFF, 0x7BEF, 0x1082, 0x0000, 0x0000, 0x0000, 0x0000, 0x0000, 0x0000,
    0x0000, 0x0000, 0x0000, 0x0000, 0x0000, 0x0000, 0x0000, 0x0000, 0x0000, 0x0000, 0x0000, 0x0000, 0x0000, 0x1082, 0x7BEF,
    0xFFFF, 0xFFFF, 0xFFFF, 0xFFFF, 0xFFFF, 0xFFFF, 0xFFFF, 0xFFFF, 0x7BEF, 0x1082, 0x0000, 0x0000, 0x0000, 0x0000, 0x0000,
    0x0000, 0x0000, 0x0000, 0x0000, 0x0000, 0x0000, 0x0000, 0x0000, 0x0000, 0x0000, 0x0000, 0x0000, 0x0000, 0x0000, 0x0000,
    0x0000, 0x1082, 0x7BEF, 0xFFFF, 0xFFFF, 0xFFFF, 0xFFFF, 0xFFFF, 0xFFFF, 0x7BEF, 0x1082, 0x0000, 0x0000, 0x0000, 0x0000,
    0x0000, 0x0000, 0x0000, 0x0000, 0x0000, 0x0000, 0x0000, 0x0000, 0x0000, 0x0000, 0x0000, 0x0000, 0x0000, 0x0000, 0x0000,
    0x0000, 0x0000, 0x0000, 0x0000, 0x1082, 0x7BEF, 0xFFFF, 0xFFFF, 0xFFFF, 0xFFFF, 0x7BEF, 0x1082, 0x0000, 0x0000, 0x0000,
    0x0000, 0x0000, 0x0000, 0x0000, 0x0000, 0x0000, 0x0000, 0x0000, 0x0000, 0x0000, 0x0000, 0x0000, 0x0000, 0x0000, 0x0000,
    0x0000, 0x0000, 0x0000, 0x0000, 0x0000, 0x0000, 0x0000, 0x1082, 0x7BEF, 0xFFFF, 0xFFFF, 0x7BEF, 0x1082, 0x0000, 0x0000,
    0x0000, 0x0000, 0x0000, 0x0000, 0x0000, 0x0000, 0x0000, 0x0000, 0x0000, 0x0000, 0x0000, 0x0000, 0x0000, 0x0000, 0x0000,
    0x0000, 0x0000, 0x0000, 0x0000, 0x0000, 0x0000, 0x0000, 0x0000, 0x0000, 0x0000, 0x1082, 0x7BEF, 0x7BEF, 0x1082, 0x0000,
    0x0000, 0x0000, 0x0000, 0x0000, 0x0000, 0x0000, 0x0000, 0x0000, 0x0000, 0x0000, 0x0000, 0x0000, 0x0000, 0x0000, 0x0000,
    0x0000, 0x0000, 0x0000, 0x0000, 0x0000, 0x0000, 0x0000, 0x0000, 0x0000, 0x0000, 0x0000, 0x0000, 0x0000, 0x1082, 0x1082,
    0x0000, 0x0000, 0x0000, 0x0000, 0x0000, 0x0000, 0x0000, 0x0000, 0x0000, 0x0000, 0x0000, 0x0000, 0x0000, 0x0000, 0x0000,
    0x0000, 0x0000, 0x0000, 0x0000, 0x0000, 0x0000, 0x0000, 0x0000, 0x0000, 0x0000, 0x0000, 0x0000, 0x0000, 0x0000, 0x0000,
    0x0000, 0x0000, 0x0000, 0x0000, 0x0000, 0x0000, 0x0000, 0x0000, 0x0000, 0x0000, 0x0000, 0x0000, 0x0000, 0x0000, 0x0000,
    0x0000, 0x0000, 0x0000, 0x0000, 0x0000, 0x0000, 0x0000, 0x0000, 0x0000, 0x0000, 0x0000, 0x0000, 0x0000, 0x0000, 0x0000,
    0x0000, 0x0000, 0x0000, 0x0000, 0x0000, 0x0000, 0x0000, 0x0000, 0x0000, 0x0000, 0x0000, 0x0000, 0x0000, 0x0000, 0x0000,
    0x0000, 0x0000, 0x0000, 0x0000,
};
static const uint8_t icon_follow_me_rgb565_mask[] PROGMEM = {
    0x00, 0x00, 0x00, 0x00, 0x00, 0x00, 0x00, 0x00, 0x00, 0x80, 0x01, 0x00, 0x00, 0xC0, 0x03, 0x00, 0x00, 0xE0, 0x07,
    0x00, 0x00, 0xF0, 0x0F, 0x00, 0x00, 0xF8, 0x1F, 0x00, 0x00, 0xFC, 0x3F, 0x00, 0x00, 0xFE, 0x7F, 0x00, 0x00, 0xFF,
    0xFF, 0x00, 0x80, 0x03, 0xC0, 0x01, 0xC0, 0x03, 0xC0, 0x03, 0xE0, 0xC3, 0xC3, 0x07, 0xF0, 0xE3, 0xC7, 0x0F, 0xF8,
    0xF3, 0xCF, 0x1F, 0xFC, 0xF3, 0xCF, 0x3F, 0xFC, 0xF3, 0xCF, 0x3F, 0xF8, 0xF3, 0xCF, 0x1F, 0xF0, 0xE3, 0xC7, 0x0F,
    0xE0, 0xC3, 0xC3, 0x07, 0xC0, 0x03, 0xC0, 0x03, 0x80, 0x03, 0xC0, 0x01, 0x00, 0xFF, 0xFF, 0x00, 0x00, 0xFE, 0x7F,
    0x00, 0x00, 0xFC, 0x3F, 0x00, 0x00, 0xF8, 0x1F, 0x00, 0x00, 0xF0, 0x0F, 0x00, 0x00, 0xE0, 0x07, 0x00, 0x00, 0xC0,
    0x03, 0x00, 0x00, 0x80, 0x01, 0x00, 0x00, 0x00, 0x00, 0x00, 0x00, 0x00, 0x00, 0x00,
};

#ifndef RGB565_IMAGE_DEFINED
#define RGB565_IMAGE_DEFINED
// A colour version of a 1-bit image: the original it stands in for, and the pixels and opacity mask to draw.
struct RGB565Image {
    const uint8_t *original;
    int16_t originalWidth;
    int16_t originalHeight;
    const uint16_t *pixels;
    const uint8_t *mask;
    int16_t width;
    int16_t height;
};
#endif

// Every file that includes images.h gets its own copy of each array, so a caller's pointer need not equal
// `original`; findRGB565Image() also matches size and contents.
static const RGB565Image rgb565Images[] = {
    {SATELLITE_IMAGE, 16, 15, SATELLITE_IMAGE_rgb565, SATELLITE_IMAGE_rgb565_mask, SATELLITE_IMAGE_rgb565_width,
     SATELLITE_IMAGE_rgb565_height},
    {imgSatellite, 8, 8, imgSatellite_rgb565, imgSatellite_rgb565_mask, imgSatellite_rgb565_width, imgSatellite_rgb565_height},
    {imgGPS, 8, 8, imgGPS_rgb565, imgGPS_rgb565_mask, imgGPS_rgb565_width, imgGPS_rgb565_height},
    {imgUSB, 10, 8, imgUSB_rgb565, imgUSB_rgb565_mask, imgUSB_rgb565_width, imgUSB_rgb565_height},
    {imgUSB_HighResolution, 19, 12, imgUSB_HighResolution_rgb565, imgUSB_HighResolution_rgb565_mask,
     imgUSB_HighResolution_rgb565_width, imgUSB_HighResolution_rgb565_height},
    {imgPower, 8, 16, imgPower_rgb565, imgPower_rgb565_mask, imgPower_rgb565_width, imgPower_rgb565_height},
    {imgUser, 8, 8, imgUser_rgb565, imgUser_rgb565_mask, imgUser_rgb565_width, imgUser_rgb565_height},
    {imgPositionEmpty, 6, 6, imgPositionEmpty_rgb565, imgPositionEmpty_rgb565_mask, imgPositionEmpty_rgb565_width,
     imgPositionEmpty_rgb565_height},
    {imgPositionSolid, 6, 6, imgPositionSolid_rgb565, imgPositionSolid_rgb565_mask, imgPositionSolid_rgb565_width,
     imgPositionSolid_rgb565_height},
    {bluetoothConnectedIcon, 8, 36, bluetoothConnectedIcon_rgb565, bluetoothConnectedIcon_rgb565_mask,
     bluetoothConnectedIcon_rgb565_width, bluetoothConnectedIcon_rgb565_height},
    {batteryBitmap_h_bottom, 9, 13, batteryBitmap_h_bottom_rgb565, batteryBitmap_h_bottom_rgb565_mask,
     batteryBitmap_h_bottom_rgb565_width, batteryBitmap_h_bottom_rgb565_height},
    {batteryBitmap_h_top, 9, 13, batteryBitmap_h_top_rgb565, batteryBitmap_h_top_rgb565_mask, batteryBitmap_h_top_rgb565_width,
     batteryBitmap_h_top_rgb565_height},
    {lightning_bolt_h, 9, 13, lightning_bolt_h_rgb565, lightning_bolt_h_rgb565_mask, lightning_bolt_h_rgb565_width,
     lightning_bolt_h_rgb565_height},
    {batteryBitmap_v, 7, 11, batteryBitmap_v_rgb565, batteryBitmap_v_rgb565_mask, batteryBitmap_v_rgb565_width,
     batteryBitmap_v_rgb565_height},
    {lightning_bolt_v, 5, 5, lightning_bolt_v_rgb565, lightning_bolt_v_rgb565_mask, lightning_bolt_v_rgb565_width,
     lightning_bolt_v_rgb565_height},
    {mail, 10, 7, mail_rgb565, mail_rgb565_mask, mail_rgb565_width, mail_rgb565_height},
    {imghop, 9, 10, imghop_rgb565, imghop_rgb565_mask, imghop_rgb565_width, imghop_rgb565_height},
    {icon_mail, 8, 8, icon_mail_rgb565, icon_mail_rgb565_mask, icon_mail_rgb565_width, icon_mail_rgb565_height},
    {icon_compass, 8, 8, icon_compass_rgb565, icon_compass_rgb565_mask, icon_compass_rgb565_width, icon_compass_rgb565_height},
    {icon_map, 8, 8, icon_map_rgb565, icon_map_rgb565_mask, icon_map_rgb565_width, icon_map_rgb565_height},
    {icon_map_node, 8, 8, icon_map_node_rgb565, icon_map_node_rgb565_mask, icon_map_node_rgb565_width,
     icon_map_node_rgb565_height},
    {icon_radio, 8, 8, icon_radio_rgb565, icon_radio_rgb565_mask, icon_radio_rgb565_width, icon_radio_rgb565_height},
    {icon_system, 8, 8, icon_system_rgb565, icon_system_rgb565_mask, icon_system_rgb565_width, icon_system_rgb565_height},
    {icon_wifi, 8, 8, icon_wifi_rgb565, icon_wifi_rgb565_mask, icon_wifi_rgb565_width, icon_wifi_rgb565_height},
    {icon_nodes, 8, 8, icon_nodes_rgb565, icon_nodes_rgb565_mask, icon_nodes_rgb565_width, icon_nodes_rgb565_height},
    {icon_list, 8, 8, icon_list_rgb565, icon_list_rgb565_mask, icon_list_rgb565_width, icon_list_rgb565_height},
    {icon_signal, 8, 8, icon_signal_rgb565, icon_signal_rgb565_mask, icon_signal_rgb565_width, icon_signal_rgb565_height},
    {icon_home, 8, 8, icon_home_rgb565, icon_home_rgb565_mask, icon_home_rgb565_width, icon_home_rgb565_height},
    {icon_module, 8, 8, icon_module_rgb565, icon_module_rgb565_mask, icon_module_rgb565_width, icon_module_rgb565_height},
    {icon_waypoint, 8, 8, icon_waypoint_rgb565, icon_waypoint_rgb565_mask, icon_waypoint_rgb565_width,
     icon_waypoint_rgb565_height},
    {mute_symbol, 8, 8, mute_symbol_rgb565, mute_symbol_rgb565_mask, mute_symbol_rgb565_width, mute_symbol_rgb565_height},
    {mute_symbol_big, 16, 16, mute_symbol_big_rgb565, mute_symbol_big_rgb565_mask, mute_symbol_big_rgb565_width,
     mute_symbol_big_rgb565_height},
    {bell_alert, 8, 8, bell_alert_rgb565, bell_alert_rgb565_mask, bell_alert_rgb565_width, bell_alert_rgb565_height},
    {key_symbol, 8, 8, key_symbol_rgb565, key_symbol_rgb565_mask, key_symbol_rgb565_width, key_symbol_rgb565_height},
    {icon_node, 8, 8, icon_node_rgb565, icon_node_rgb565_mask, icon_node_rgb565_width, icon_node_rgb565_height},
    {bluetoothdisabled, 8, 8, bluetoothdisabled_rgb565, bluetoothdisabled_rgb565_mask, bluetoothdisabled_rgb565_width,
     bluetoothdisabled_rgb565_height},
    {digital_icon_clock, 8, 8, digital_icon_clock_rgb565, digital_icon_clock_rgb565_mask, digital_icon_clock_rgb565_width,
     digital_icon_clock_rgb565_height},
    {analog_icon_clock, 8, 8, analog_icon_clock_rgb565, analog_icon_clock_rgb565_mask, analog_icon_clock_rgb565_width,
     analog_icon_clock_rgb565_height},
    {xeddsa_shield, 8, 8, xeddsa_shield_rgb565, xeddsa_shield_rgb565_mask, xeddsa_shield_rgb565_width,
     xeddsa_shield_rgb565_height},
    {connection_icon, 7, 5, connection_icon_rgb565, connection_icon_rgb565_mask, connection_icon_rgb565_width,
     connection_icon_rgb565_height},
    {joystick, 16, 16, joystick_rgb565, joystick_rgb565_mask, joystick_rgb565_width, joystick_rgb565_height},
    {joystick_small, 8, 8, joystick_small_rgb565, joystick_small_rgb565_mask, joystick_small_rgb565_width,
     joystick_small_rgb565_height},
    {snake, 16, 16, snake_rgb565, snake_rgb565_mask, snake_rgb565_width, snake_rgb565_height},
    {icon_pan_rgb565_mask, 32, 32, icon_pan_rgb565, icon_pan_rgb565_mask, icon_pan_rgb565_width, icon_pan_rgb565_height},
    {icon_zoom_in_rgb565_mask, 32, 32, icon_zoom_in_rgb565, icon_zoom_in_rgb565_mask, icon_zoom_in_rgb565_width,
     icon_zoom_in_rgb565_height},
    {icon_zoom_out_rgb565_mask, 32, 32, icon_zoom_out_rgb565, icon_zoom_out_rgb565_mask, icon_zoom_out_rgb565_width,
     icon_zoom_out_rgb565_height},
    {icon_follow_me_rgb565_mask, 32, 32, icon_follow_me_rgb565, icon_follow_me_rgb565_mask, icon_follow_me_rgb565_width,
     icon_follow_me_rgb565_height},
    {nullptr, 0, 0, nullptr, nullptr, 0, 0},
};

// The colour version of a 1-bit image, or nullptr to keep drawing the original.
static inline const RGB565Image *findRGB565Image(const uint8_t *xbm, int16_t w, int16_t h)
{
    for (const RGB565Image *img = rgb565Images; img->original; img++) {
        if (img->originalWidth == w && img->originalHeight == h &&
            (img->original == xbm || memcmp(img->original, xbm, ((w + 7) / 8) * h) == 0))
            return img;
    }
    return nullptr;
}
#endif
// === END RGB565 IMAGES ===
