#pragma once

// clang-format off
#define BACKGROUND_WIDTH 320
#define BACKGROUND_HEIGHT 240
#define BACKGROUND_RGB565_DATA \
    { \
        0x08C4, 0x08C4, 0x08C4, 0x08C4, 0x08C4, 0x08C4, 0x08C4, 0x08C4, 0x08C4, 0x08C4, 0x08C4, 0x08C4, \
        0x08C4, 0x08C4, 0x08C4, 0x08C4, 0x08C4, 0x08C4, 0x08C4, 0x08C4, 0x08C4, 0x08C4, 0x08C4, 0x08C4, \
        0x08C4, 0x08C4, 0x08C4, 0x08C4, 0x08C4, 0x08C4, 0x08C4, 0x08C4, 0x08C4, 0x08C4, 0x08C4, 0x08E4, \
        0x1105, 0x08C4, 0x08C4, 0x08C4, 0x08C4, 0x08C4, 0x08C4, 0x08C4, 0x08C4, 0x08C4, 0x08C4, 0x08C4, \
        0x08C4, 0x08C4, 0x08C4, 0x08C4, 0x08C4, 0x08C4, 0x08C4, 0x08C4, 0x08C4, 0x08C4, 0x08C4, 0x08C4, \
        0x08C4, 0x08C4, 0x08C4, 0x08C4, 0x08C4, 0x08C4, 0x08C4, 0x08C4, 0x08C4, 0x08C4, 0x08C4, 0x08C4, \
        0x08C4, 0x08C4, 0x08C4, 0x08C4, 0x08C4, 0x08C4, 0x08C4, 0x08C4, 0x08C4, 0x08C4, 0x08C4, 0x08C4, \
        0x08C4, 0x08C4, 0x08C4, 0x08C4, 0x08C4, 0x08E4, 0x1105, 0x08C4, 0x08C4, 0x08C4, 0x08C4, 0x08C4, \
        0x08C4, 0x08C4, 0x08C4, 0x08C4, 0x08C4, 0x08C4, 0x08C4, 0x08E4, 0x10E4, 0x08E4, 0x08C4, 0x08C4, \
        0x08C4, 0x08C4, 0x08C4, 0x08C4, 0x08C4, 0x08C4, 0x08C4, 0x08C4, 0x08C4, 0x08C4, 0x08C4, 0x08C4, \
        0x08C4, 0x08C4, 0x08C4, 0x08C4, 0x08C4, 0x08C4, 0x08C4, 0x08C4, 0x08C4, 0x08C4, 0x08C4, 0x08C4, \
        0x08C4, 0x08C4, 0x08C4, 0x08C4, 0x08C4, 0x08C4, 0x08C4, 0x08C4, 0x08C4, 0x08C4, 0x08C4, 0x08C4, \
        0x08C4, 0x08C4, 0x08C4, 0x08C4, 0x08C4, 0x08C4, 0x08C4, 0x08C4, 0x08C4, 0x08C4, 0x08C4, 0x08C4, \
        0x08C4, 0x08C4, 0x08C4, 0x08C4, 0x08C4, 0x08C4, 0x08C4, 0x08C4, 0x08C4, 0x08C4, 0x08C4, 0x08C4, \
        0x08C4, 0x08C4, 0x08C4, 0x08C4, 0x08C4, 0x08C4, 0x08C4, 0x08C4, 0x08C4, 0x08C4, 0x08C4, 0x08C4, \
        0x08C4, 0x08C4, 0x08C4, 0x08C4, 0x08C4, 0x08C4, 0x08C4, 0x08C4, 0x08C4, 0x08C4, 0x08C4, 0x08C4, \
        0x08C4, 0x08C4, 0x08C4, 0x08C4, 0x08C4, 0x08C4, 0x08E4, 0x10E4, 0x08C4, 0x08C4, 0x08C4, 0x08C4, \
        0x08C4, 0x08C4, 0x08C4, 0x08C4, 0x08C4, 0x08C4, 0x08C4, 0x08C4, 0x10E4, 0x08C4, 0x08C4, 0x08C4, \
        0x08C4, 0x08C4, 0x08C4, 0x08C4, 0x08C4, 0x08C4, 0x08C4, 0x08C4, 0x08C4, 0x08C4, 0x10E4, 0x08C4, \
        0x08C4, 0x08C4, 0x08C4, 0x08C4, 0x08C4, 0x08C4, 0x08C4, 0x08C4, 0x08C4, 0x08C4, 0x08C4, 0x08C4, \
        0x08C4, 0x10E4, 0x08E4, 0x08C4, 0x08C4, 0x08C4, 0x08C4, 0x08C4, 0x08C4, 0x08C4, 0x08C4, 0x08C4, \
        0x08C4, 0x08C4, 0x10E4, 0x08C4, 0x08C4, 0x08C4, 0x08C4, 0x08C4, 0x08C4, 0x08C4, 0x08C4, 0x08C4, \
        0x08C4, 0x08C4, 0x08C4, 0x08C4, 0x08C4, 0x08C4, 0x08C4, 0x08C4, 0x08C4, 0x08C4, 0x08C4, 0x08C4, \
        0x08C4, 0x08C4, 0x08C4, 0x08C4, 0x08C4, 0x08C4, 0x08C4, 0x08C4, 0x08C4, 0x08C4, 0x08C4, 0x08C4, \
        0x08C4, 0x08C4, 0x08C4, 0x08C4, 0x08C4, 0x08C4, 0x08C4, 0x08C4, 0x08C4, 0x08C4, 0x08C4, 0x08C4, \
        0x08C4, 0x08C4, 0x08C4, 0x08C4, 0x08C4, 0x08C4, 0x08E4, 0x08E4, 0x08C4, 0x08C4, 0x08C4, 0x08C4, \
        0x08C4, 0x08C4, 0x08C4, 0x08C4, 0x08C4, 0x08C4, 0x08C4, 0x08C4, 0x08C4, 0x08C4, 0x08C4, 0x08C4, \
        0x08C4, 0x08C4, 0x08C4, 0x08C4, 0x08C4, 0x08C4, 0x08C4, 0x08C4, 0x08C4, 0x08C4, 0x08C4, 0x08C4, \
        0x08C4, 0x08C4, 0x08C4, 0x08C4, 0x08C4, 0x08C4, 0x08C4, 0x08C4, 0x08C4, 0x08C4, 0x08C4, 0x08C4, \
        0x08C4, 0x08C4, 0x08C4, 0x08C4, 0x08C4, 0x08E4, 0x08E4, 0x08E4, 0x08C4, 0x08C4, 0x08C4, 0x08C4, \
        0x08C4, 0x08C4, 0x08C4, 0x08C4, 0x08C4, 0x08C4, 0x08C4, 0x08C4, 0x08C4, 0x08C4, 0x08C4, 0x08C4, \
        0x08C4, 0x08C4, 0x08C4, 0x08C4, 0x08C4, 0x08C4, 0x08C4, 0x08C4, 0x08C4, 0x08C4, 0x08C4, 0x08C4, \
        0x08C4, 0x08C4, 0x08C4, 0x08C4, 0x08C4, 0x08C4, 0x08C4, 0x08C4, 0x08C4, 0x08C4, 0x08C4, 0x08C4, \
        0x08C4, 0x08C4, 0x08C4, 0x08C4, 0x08C4, 0x08C4, 0x08C4, 0x08C4, 0x08C4, 0x08C4, 0x08C4, 0x08C4, \
        0x10E4, 0x08E4, 0x08C4, 0x08C4, 0x08C4, 0x08C4, 0x08C4, 0x08C4, 0x08C4, 0x08C4, 0x08C4, 0x08C4, \
        0x08C4, 0x08C4, 0x08C4, 0x10E4, 0x10E4, 0x08C4, 0x08C4, 0x08C4, 0x08C4, 0x08C4, 0x08C4, 0x08C4, \
        0x08C4, 0x08C4, 0x08C4, 0x08C4, 0x08C4, 0x08C4, 0x08C4, 0x08C4, 0x08C4, 0x08C4, 0x08C4, 0x08C4, \
        0x08C4, 0x08C4, 0x08C4, 0x08C4, 0x08C4, 0x08C4, 0x08C4, 0x08C4, 0x08C4, 0x08C4, 0x08C4, 0x08C4, \
        0x08C4, 0x08C4, 0x08C4, 0x08C4, 0x08C4, 0x08C4, 0x08C4, 0x08C4, 0x08C4, 0x08C4, 0x08C4, 0x08C4, \
        0x08C4, 0x08C4, 0x08C4, 0x08C4, 0x08C4, 0x08C4, 0x08C4, 0x08C4, 0x08C4, 0x08C4, 0x08C4, 0x08C4, \
        0x08C4, 0x08C4, 0x08C4, 0x08C4, 0x08C4, 0x08C4, 0x08C4, 0x08C4, 0x08C4, 0x08C4, 0x08C4, 0x08C4, \
        0x08C4, 0x08C4, 0x08C4, 0x08C4, 0x08C4, 0x08C4, 0x08C4, 0x08C4, 0x08C4, 0x08C4, 0x08C4, 0x08C4, \
        0x08C4, 0x08C4, 0x08C4, 0x08C4, 0x08C4, 0x08C4, 0x08C4, 0x08C4, 0x08C4, 0x08C4, 0x08C4, 0x08C4, \
        0x08C4, 0x08C4, 0x08C4, 0x10E5, 0x08C4, 0x08C4, 0x08C4, 0x08C4, 0x08C4, 0x08C4, 0x08C4, 0x08C4, \
        0x08C4, 0x08C4, 0x08C4, 0x08C4, 0x10E4, 0x08C4, 0x08C4, 0x08C4, 0x08C4, 0x08C4, 0x08C4, 0x08C4, \
        0x08C4, 0x08C4, 0x08C4, 0x08C4, 0x08C4, 0x08C4, 0x10E4, 0x10E4, 0x08C4, 0x08C4, 0x08C4, 0x08C4, \
        0x08C4, 0x08C4, 0x08C4, 0x08C4, 0x08C4, 0x08C4, 0x08C4, 0x08C4, 0x08C4, 0x08E4, 0x10E4, 0x08C4, \
        0x08C4, 0x08C4, 0x08C4, 0x08C4, 0x08C4, 0x08C4, 0x08C4, 0x08C4, 0x08C4, 0x08C4, 0x10C4, 0x10E4, \
        0x08C4, 0x08C4, 0x08C4, 0x08C4, 0x08C4, 0x08C4, 0x08C4, 0x08C4, 0x08C4, 0x08C4, 0x08C4, 0x08C4, \
        0x08C4, 0x08C4, 0x08C4, 0x08C4, 0x08C4, 0x08C4, 0x08C4, 0x08C4, 0x08C4, 0x08C4, 0x08C4, 0x08C4, \
        0x08C4, 0x08C4, 0x08C4, 0x08C4, 0x08C4, 0x08C4, 0x08C4, 0x08C4, 0x08C4, 0x08C4, 0x08C4, 0x08C4, \
        0x08C4, 0x08C4, 0x08C4, 0x08C4, 0x08C4, 0x08C4, 0x08C4, 0x08C4, 0x08C4, 0x08C4, 0x08C4, 0x08C4, \
        0x08C4, 0x08C4, 0x08C4, 0x08E4, 0x08E4, 0x08C4, 0x08C4, 0x08C4, 0x08C4, 0x08C4, 0x08C4, 0x08C4, \
        0x08C4, 0x08C4, 0x08C4, 0x08C4, 0x08C4, 0x08C4, 0x08C4, 0x08C4, 0x08C4, 0x08C4, 0x08C4, 0x08C4, \
        0x08C4, 0x08C4, 0x08C4, 0x08C4, 0x08C4, 0x08C4, 0x08C4, 0x08C4, 0x08C4, 0x08C4, 0x08C4, 0x08C4, \
        0x08C4, 0x08C4, 0x08C4, 0x08C4, 0x08C4, 0x08C4, 0x08C4, 0x08C4, 0x08C4, 0x08C4, 0x08E4, 0x08E4, \
        0x08E4, 0x08E4, 0x08C4, 0x08C4, 0x08C4, 0x08C4, 0x08C4, 0x08C4, 0x08C4, 0x08C4, 0x08C4, 0x08C4, \
        0x08C4, 0x08C4, 0x08C4, 0x08C4, 0x08C4, 0x08C4, 0x08C4, 0x08C4, 0x08C4, 0x08C4, 0x08C4, 0x08C4, \
        0x08C4, 0x08C4, 0x08C4, 0x08C4, 0x08C4, 0x08C4, 0x08C4, 0x08C4, 0x08C4, 0x08C4, 0x08C4, 0x08C4, \
        0x08C4, 0x08C4, 0x08C4, 0x08C4, 0x08C4, 0x08C4, 0x08C4, 0x08C4, 0x08C4, 0x08C4, 0x08C4, 0x08C4, \
        0x08C4, 0x08C4, 0x08C4, 0x08C4, 0x08C4, 0x08E4, 0x08E4, 0x10E4, 0x08E4, 0x08C4, 0x08C4, 0x08C4, \
        0x08C4, 0x08C4, 0x08C4, 0x08C4, 0x08C4, 0x08C4, 0x08C4, 0x08C4, 0x08C4, 0x08C4, 0x08C4, 0x10E4, \
        0x08E4, 0x08C4, 0x08C4, 0x08C4, 0x08C4, 0x08C4, 0x08C4, 0x08C4, 0x08C4, 0x08C4, 0x08C4, 0x08C4, \
        0x08C4, 0x08C4, 0x08C4, 0x08C4, 0x08C4, 0x08C4, 0x08C4, 0x08C4, 0x08C4, 0x08C4, 0x08C4, 0x08C4, \
        0x08C4, 0x08C4, 0x08C4, 0x08C4, 0x08C4, 0x08C4, 0x08C4, 0x08C4, 0x08C4, 0x08C4, 0x08C4, 0x08C4, \
        0x08C4, 0x08C4, 0x08C4, 0x08C4, 0x08C4, 0x08C4, 0x08C4, 0x08C4, 0x08C4, 0x08C4, 0x08C4, 0x08C4, \
        0x08C4, 0x08C4, 0x08C4, 0x08C4, 0x08C4, 0x08C4, 0x08C4, 0x08C4, 0x08C4, 0x08C4, 0x08C4, 0x08C4, \
        0x08C4, 0x08C4, 0x08C4, 0x08C4, 0x08C4, 0x08C4, 0x08C4, 0x08C4, 0x08C4, 0x08C4, 0x08C4, 0x08C4, \
        0x08C4, 0x08C4, 0x08C4, 0x08C4, 0x08C4, 0x08C4, 0x08C4, 0x08C4, 0x08C4, 0x08C4, 0x08C4, 0x08C4, \
        0x08C4, 0x08C4, 0x08C4, 0x08C4, 0x08C4, 0x08C4, 0x08C4, 0x08C4, 0x08C4, 0x08C4, 0x08C4, 0x10E4, \
        0x08E4, 0x08C4, 0x08C4, 0x08C4, 0x08C4, 0x08C4, 0x08C4, 0x08C4, 0x08C4, 0x08C4, 0x08C4, 0x08C4, \
        0x08C4, 0x08E4, 0x08C4, 0x08C4, 0x08C4, 0x08C4, 0x08C4, 0x08C4, 0x08C4, 0x08C4, 0x08C4, 0x08C4, \
        0x08C4, 0x08C4, 0x08C4, 0x1105, 0x08E4, 0x08C4, 0x08C4, 0x08C4, 0x08C4, 0x08C4, 0x08C4, 0x08C4, \
        0x08C4, 0x08C4, 0x08C4, 0x08C4, 0x08C4, 0x08C4, 0x10E4, 0x08E4, 0x08C4, 0x08C4, 0x08C4, 0x08C4, \
        0x08C4, 0x08C4, 0x08C4, 0x08C4, 0x08C4, 0x08C4, 0x08C4, 0x08E4, 0x08E4, 0x08C4, 0x08C4, 0x08C4, \
        0x08C4, 0x08C4, 0x08C4, 0x08C4, 0x08C4, 0x08C4, 0x08C4, 0x08C4, 0x08C4, 0x08C4, 0x08C4, 0x08C4, \
        0x08C4, 0x08C4, 0x08C4, 0x08C4, 0x08C4, 0x08C4, 0x08C4, 0x08C4, 0x08C4, 0x08C4, 0x08C4, 0x08C4, \
        0x08C4, 0x08C4, 0x08C4, 0x08C4, 0x08C4, 0x08C4, 0x08C4, 0x08C4, 0x08C4, 0x08C4, 0x08C4, 0x08C4, \
        0x08C4, 0x08C4, 0x08C4, 0x08C4, 0x08C4, 0x08C4, 0x08C4, 0x08C4, 0x08C4, 0x08C4, 0x08C4, 0x08C4, \
        0x10E4, 0x08C4, 0x10C4, 0x08C4, 0x08C4, 0x08C4, 0x08C4, 0x08C4, 0x08C4, 0x08C4, 0x08C4, 0x08C4, \
        0x08C4, 0x08C4, 0x08C4, 0x08C4, 0x08C4, 0x08C4, 0x08C4, 0x08C4, 0x08C4, 0x08C4, 0x08C4, 0x08C4, \
        0x08C4, 0x08C4, 0x08C4, 0x08C4, 0x08C4, 0x08C4, 0x08C4, 0x08C4, 0x08C4, 0x08C4, 0x08C4, 0x08C4, \
        0x08C4, 0x08C4, 0x08C4, 0x08C4, 0x08E4, 0x08E4, 0x08E4, 0x08E4, 0x08C4, 0x08C4, 0x08C4, 0x08C4, \
        0x08C4, 0x08C4, 0x08C4, 0x08C4, 0x08C4, 0x08C4, 0x08C4, 0x08C4, 0x08C4, 0x08C4, 0x08C4, 0x08C4, \
        0x08C4, 0x08C4, 0x08C4, 0x08C4, 0x08C4, 0x08C4, 0x08C4, 0x08C4, 0x08E4, 0x08E4, 0x08E4, 0x08E4, \
        0x08E4, 0x08E4, 0x08E4, 0x10E4, 0x10E4, 0x10E4, 0x08E4, 0x08E4, 0x08E4, 0x08E4, 0x08E4, 0x08C4, \
        0x08C4, 0x08C4, 0x08C4, 0x08C4, 0x08C4, 0x08C4, 0x08C4, 0x08C4, 0x08C4, 0x08C4, 0x08C4, 0x08E4, \
        0x08E4, 0x08E4, 0x08E4, 0x08C4, 0x08C4, 0x08C4, 0x08C4, 0x08C4, 0x08C4, 0x08C4, 0x08C4, 0x08C4, \
        0x08C4, 0x08C4, 0x08C4, 0x08C4, 0x08C4, 0x08C4, 0x08E4, 0x08E4, 0x08C4, 0x08C4, 0x08C4, 0x08C4, \
        0x08C4, 0x08C4, 0x08C4, 0x08C4, 0x08C4, 0x08C4, 0x08C4, 0x08C4, 0x08C4, 0x08C4, 0x08C4, 0x08C4, \
        0x08C4, 0x08C4, 0x08C4, 0x08C4, 0x08C4, 0x08C4, 0x08C4, 0x08C4, 0x08C4, 0x08C4, 0x08C4, 0x08C4, \
        0x08C4, 0x08C4, 0x08C4, 0x08C4, 0x08C4, 0x08C4, 0x08C4, 0x08C4, 0x08C4, 0x08C4, 0x08C4, 0x08C4, \
        0x08C4, 0x08C4, 0x08C4, 0x08C4, 0x08C4, 0x08C4, 0x08C4, 0x08C4, 0x08C4, 0x08C4, 0x08C4, 0x08C4, \
        0x08C4, 0x08C4, 0x08C4, 0x08C4, 0x08C4, 0x08C4, 0x08C4, 0x08C4, 0x08C4, 0x08C4, 0x08C4, 0x08C4, \
        0x08C4, 0x08C4, 0x08C4, 0x08C4, 0x08C4, 0x08C4, 0x08C4, 0x08C4, 0x08C4, 0x08C4, 0x08C4, 0x08C4, \
        0x08C4, 0x08C4, 0x08C4, 0x08C4, 0x08C4, 0x08C4, 0x08C4, 0x08C4, 0x08C4, 0x08C4, 0x08C4, 0x08C4, \
        0x08C4, 0x08C4, 0x08C4, 0x08C4, 0x08C4, 0x08C4, 0x08C4, 0x08C4, 0x08E4, 0x08C4, 0x08C4, 0x08C4, \
        0x08C4, 0x08C4, 0x08C4, 0x08C4, 0x08C4, 0x08C4, 0x08C4, 0x08C4, 0x08C4, 0x1104, 0x08C4, 0x08C4, \
        0x08C4, 0x08C4, 0x08C4, 0x08C4, 0x08C4, 0x08C4, 0x08C4, 0x08C4, 0x08C4, 0x08C4, 0x08C4, 0x10E4, \
        0x1105, 0x08C4, 0x08C4, 0x08C4, 0x08C4, 0x08C4, 0x08C4, 0x08C4, 0x08C4, 0x08C4, 0x08C4, 0x08C4, \
        0x08C4, 0x08C4, 0x08C4, 0x08E4, 0x08E4, 0x08C4, 0x08C4, 0x08C4, 0x08C4, 0x08C4, 0x08C4, 0x08C4, \
        0x08C4, 0x08C4, 0x08C4, 0x08C4, 0x10E4, 0x08E4, 0x08C4, 0x08C4, 0x08C4, 0x08C4, 0x08C4, 0x08C4, \
        0x08C4, 0x08C4, 0x08C4, 0x08C4, 0x08C4, 0x08C4, 0x08C4, 0x08C4, 0x08C4, 0x08C4, 0x08C4, 0x08C4, \
        0x08C4, 0x08C4, 0x08C4, 0x08C4, 0x08C4, 0x08C4, 0x08C4, 0x08C4, 0x08C4, 0x08C4, 0x08C4, 0x08C4, \
        0x08C4, 0x08C4, 0x08C4, 0x08C4, 0x08C4, 0x08C4, 0x08C4, 0x08C4, 0x08C4, 0x08C4, 0x08C4, 0x08C4, \
        0x08C4, 0x08C4, 0x08C4, 0x08C4, 0x08C4, 0x08C4, 0x08C4, 0x08C4, 0x08E4, 0x10E4, 0x08C4, 0x08C4, \
        0x08C4, 0x08C4, 0x08C4, 0x08C4, 0x08C4, 0x08C4, 0x08C4, 0x08C4, 0x08E4, 0x08C4, 0x08C4, 0x08C4, \
        0x08C4, 0x08C4, 0x08C4, 0x08C4, 0x08C4, 0x08C4, 0x08C4, 0x08C4, 0x08C4, 0x08C4, 0x08C4, 0x08C4, \
        0x08C4, 0x08C4, 0x08C4, 0x08C4, 0x08C4, 0x08C4, 0x08C4, 0x08C4, 0x08C4, 0x08E4, 0x10E4, 0x08E4, \
        0x08E4, 0x08E4, 0x08C4, 0x08C4, 0x08C4, 0x08C4, 0x08C4, 0x08C4, 0x08C4, 0x08C4, 0x08C4, 0x08C4, \
        0x08C4, 0x08C4, 0x08C4, 0x08C4, 0x08C4, 0x08C4, 0x08C4, 0x08C4, 0x08C4, 0x08C4, 0x08C4, 0x08C4, \
        0x08E4, 0x08E4, 0x10E4, 0x10E4, 0x08E4, 0x08E4, 0x08E4, 0x08E4, 0x08E4, 0x08E4, 0x08E4, 0x08E4, \
        0x08E4, 0x08E4, 0x08E4, 0x08E4, 0x08E4, 0x08E4, 0x08E4, 0x08E4, 0x08E4, 0x08E4, 0x08E4, 0x08E4, \
        0x08E4, 0x08E4, 0x08E4, 0x08E4, 0x08E4, 0x08C4, 0x08C4, 0x08C4, 0x08C4, 0x08C4, 0x08C4, 0x08C4, \
        0x08C4, 0x08C4, 0x08C4, 0x08C4, 0x08C4, 0x08C4, 0x08C4, 0x08C4, 0x08C4, 0x08C4, 0x08C4, 0x08C4, \
        0x08C4, 0x08C4, 0x08E4, 0x08C4, 0x08C4, 0x08C4, 0x08C4, 0x08C4, 0x08C4, 0x08C4, 0x08C4, 0x08C4, \
        0x08C4, 0x08C4, 0x08C4, 0x08C4, 0x08C4, 0x08C4, 0x08C4, 0x08C4, 0x08C4, 0x08C4, 0x08C4, 0x08C4, \
        0x08C4, 0x08C4, 0x08C4, 0x08C4, 0x08C4, 0x08C4, 0x08C4, 0x08C4, 0x08C4, 0x08C4, 0x08C4, 0x08C4, \
        0x08C4, 0x08C4, 0x08C4, 0x08C4, 0x08C4, 0x08C4, 0x08C4, 0x08C4, 0x08C4, 0x08C4, 0x08C4, 0x08C4, \
        0x08C4, 0x08C4, 0x08C4, 0x08C4, 0x08C4, 0x08C4, 0x08C4, 0x08C4, 0x08C4, 0x08C4, 0x08C4, 0x08C4, \
        0x08C4, 0x08C4, 0x08C4, 0x08C4, 0x08C4, 0x08C4, 0x08C4, 0x08C4, 0x08C4, 0x08C4, 0x08C4, 0x08C4, \
        0x08C4, 0x08C4, 0x08C4, 0x08C4, 0x08C4, 0x08C4, 0x08C4, 0x08C4, 0x08C4, 0x08C4, 0x08C4, 0x08C4, \
        0x08C4, 0x08C4, 0x08C4, 0x08C4, 0x08C4, 0x08C4, 0x08C4, 0x08C4, 0x08C4, 0x08C4, 0x08C4, 0x08C4, \
        0x08C4, 0x08C4, 0x08C4, 0x08C4, 0x08E4, 0x08E4, 0x08C4, 0x08C4, 0x08C4, 0x08C4, 0x08C4, 0x08C4, \
        0x08C4, 0x08C4, 0x08C4, 0x08C4, 0x08C4, 0x08E4, 0x10E4, 0x08C4, 0x08C4, 0x08C4, 0x08C4, 0x08C4, \
        0x08C4, 0x08C4, 0x08C4, 0x08C4, 0x08C4, 0x08C4, 0x08C4, 0x08C4, 0x10E4, 0x10E4, 0x08C4, 0x08C4, \
        0x08C4, 0x08C4, 0x08C4, 0x08C4, 0x08C4, 0x08C4, 0x08C4, 0x08C4, 0x08C4, 0x08C4, 0x08C4, 0x08C4, \
        0x08E4, 0x08E4, 0x08C4, 0x08C4, 0x08C4, 0x08C4, 0x08C4, 0x08C4, 0x08C4, 0x08C4, 0x08C4, 0x08C4, \
        0x08C4, 0x08E4, 0x08C4, 0x08C4, 0x08C4, 0x08C4, 0x08C4, 0x08C4, 0x08C4, 0x08C4, 0x08C4, 0x08C4, \
        0x08C4, 0x08C4, 0x08C4, 0x08C4, 0x08C4, 0x08C4, 0x08C4, 0x08C4, 0x08C4, 0x08C4, 0x08C4, 0x08C4, \
        0x08C4, 0x08C4, 0x08C4, 0x08C4, 0x08C4, 0x08C4, 0x08C4, 0x08C4, 0x08C4, 0x08C4, 0x08C4, 0x08C4, \
        0x08C4, 0x08C4, 0x08C4, 0x08C4, 0x08C4, 0x08C4, 0x08C4, 0x08C4, 0x08C4, 0x08C4, 0x08C4, 0x08C4, \
        0x08C4, 0x08C4, 0x08C4, 0x08C4, 0x08C4, 0x08C4, 0x08E4, 0x08C4, 0x08C4, 0x08C4, 0x08C4, 0x08C4, \
        0x08C4, 0x08C4, 0x08C4, 0x08C4, 0x08E4, 0x08E4, 0x08C4, 0x08C4, 0x08C4, 0x08C4, 0x08C4, 0x08C4, \
        0x08C4, 0x08C4, 0x08C4, 0x08C4, 0x08C4, 0x08C4, 0x08C4, 0x08C4, 0x08C4, 0x08C4, 0x08C4, 0x08C4, \
        0x08C4, 0x08C4, 0x08C4, 0x10E4, 0x08E4, 0x08E4, 0x08C4, 0x08C4, 0x08C4, 0x08C4, 0x08C4, 0x08C4, \
        0x08C4, 0x08C4, 0x08C4, 0x08C4, 0x08C4, 0x08C4, 0x08C4, 0x08C4, 0x08C4, 0x08C4, 0x08C4, 0x08C4, \
        0x08C4, 0x08C4, 0x08C4, 0x08C4, 0x08C4, 0x08E4, 0x10E4, 0x10E4, 0x08E4, 0x08E4, 0x08C4, 0x08E4, \
        0x08C4, 0x08C4, 0x08C4, 0x08C4, 0x08C4, 0x08C4, 0x08C4, 0x08C4, 0x08C4, 0x08C4, 0x08C4, 0x08C4, \
        0x08C4, 0x08C4, 0x08C4, 0x08C4, 0x08C4, 0x08C4, 0x08C4, 0x08C4, 0x08C4, 0x08C4, 0x08C4, 0x08C4, \
        0x08C4, 0x08C4, 0x08C4, 0x08C4, 0x08C4, 0x08C4, 0x08C4, 0x08C4, 0x08C4, 0x08C4, 0x08C4, 0x08C4, \
        0x08C4, 0x08C4, 0x08C4, 0x08C4, 0x08C4, 0x08C4, 0x08C4, 0x08C4, 0x08C4, 0x08E4, 0x08E4, 0x08C4, \
        0x08C4, 0x08C4, 0x08C4, 0x08C4, 0x08C4, 0x08C4, 0x08C4, 0x08C4, 0x08C4, 0x08C4, 0x08C4, 0x08C4, \
        0x08C4, 0x08C4, 0x08C4, 0x08C4, 0x08C4, 0x08C4, 0x08C4, 0x08C4, 0x08C4, 0x08C4, 0x08C4, 0x08C4, \
        0x08C4, 0x08C4, 0x08C4, 0x08C4, 0x08C4, 0x08C4, 0x08C4, 0x08C4, 0x08C4, 0x08C4, 0x08C4, 0x08C4, \
        0x08C4, 0x08C4, 0x08C4, 0x08C4, 0x08C4, 0x08C4, 0x08C4, 0x08C4, 0x08C4, 0x08C4, 0x08C4, 0x08C4, \
        0x08C4, 0x08C4, 0x08C4, 0x08C4, 0x08C4, 0x08C4, 0x08C4, 0x08C4, 0x08C4, 0x08C4, 0x08C4, 0x08C4, \
        0x08C4, 0x08C4, 0x08C4, 0x08C4, 0x08C4, 0x08C4, 0x08C4, 0x08C4, 0x08C4, 0x08C4, 0x08C4, 0x08C4, \
        0x08C4, 0x08C4, 0x08C4, 0x08C4, 0x08C4, 0x08C4, 0x08C4, 0x08C4, 0x08C4, 0x08C4, 0x08C4, 0x08C4, \
        0x08C4, 0x08C4, 0x08C4, 0x08C4, 0x08C4, 0x08C4, 0x08C4, 0x08C4, 0x08C4, 0x08C4, 0x08C4, 0x08C4, \
        0x08C4, 0x08E4, 0x08E4, 0x08C4, 0x08C4, 0x08C4, 0x08C4, 0x08C4, 0x08C4, 0x08C4, 0x08C4, 0x08C4, \
        0x08C4, 0x08C4, 0x10E4, 0x08C4, 0x08C4, 0x08C4, 0x08C4, 0x08C4, 0x08C4, 0x08C4, 0x08C4, 0x08C4, \
        0x08C4, 0x08C4, 0x08C4, 0x08C4, 0x08C4, 0x10E4, 0x08E4, 0x08C4, 0x08C4, 0x08C4, 0x08C4, 0x08C4, \
        0x08C4, 0x08C4, 0x08C4, 0x08C4, 0x08C4, 0x08C4, 0x08C4, 0x08C4, 0x08C4, 0x08E4, 0x08E4, 0x08C4, \
        0x08C4, 0x08C4, 0x08C4, 0x08C4, 0x08C4, 0x08C4, 0x08C4, 0x08C4, 0x08C4, 0x08C4, 0x08E4, 0x08C4, \
        0x08C4, 0x08C4, 0x08C4, 0x08C4, 0x08C4, 0x08C4, 0x08C4, 0x08C4, 0x08C4, 0x08C4, 0x08C4, 0x08C4, \
        0x08C4, 0x08C4, 0x08C4, 0x08C4, 0x08C4, 0x08C4, 0x08C4, 0x08C4, 0x08C4, 0x08C4, 0x08C4, 0x08C4, \
        0x08C4, 0x08C4, 0x08C4, 0x08C4, 0x08C4, 0x08C4, 0x08C4, 0x08C4, 0x08C4, 0x08C4, 0x08C4, 0x08C4, \
        0x08C4, 0x08C4, 0x08C4, 0x08C4, 0x08C4, 0x08C4, 0x08C4, 0x08C4, 0x08C4, 0x08C4, 0x08C4, 0x08C4, \
        0x08C4, 0x08C4, 0x08C4, 0x08E4, 0x08E4, 0x08C4, 0x08C4, 0x08C4, 0x08C4, 0x08C4, 0x08C4, 0x08C4, \
        0x08C4, 0x08E4, 0x08E4, 0x08C4, 0x08C4, 0x08C4, 0x08C4, 0x08C4, 0x08C4, 0x08C4, 0x08C4, 0x08C4, \
        0x08C4, 0x08C4, 0x08C4, 0x08C4, 0x08C4, 0x08C4, 0x08C4, 0x08C4, 0x08E4, 0x1105, 0x10E4, 0x08C4, \
        0x08C4, 0x08C4, 0x08C4, 0x08C4, 0x08C4, 0x08C4, 0x08C4, 0x08C4, 0x08C4, 0x08C4, 0x08C4, 0x08C4, \
        0x08C4, 0x08C4, 0x08C4, 0x08C4, 0x08C4, 0x08C4, 0x08C4, 0x08C4, 0x08C4, 0x08C4, 0x10E4, 0x1104, \
        0x08E4, 0x08E4, 0x08C4, 0x08C4, 0x08C4, 0x08C4, 0x08C4, 0x08C4, 0x08C4, 0x08C4, 0x08C4, 0x08C4, \
        0x08C4, 0x08C4, 0x08C4, 0x08C4, 0x08C4, 0x08C4, 0x08C4, 0x08C4, 0x08C4, 0x08C4, 0x08C4, 0x08C4, \
        0x08C4, 0x08C4, 0x08C4, 0x08C4, 0x08C4, 0x08C4, 0x08C4, 0x08C4, 0x08C4, 0x08C4, 0x08C4, 0x08C4, \
        0x08C4, 0x08C4, 0x08C4, 0x08C4, 0x08C4, 0x08C4, 0x08C4, 0x08C4, 0x08C4, 0x08C4, 0x08C4, 0x08C4, \
        0x08C4, 0x08C4, 0x08C4, 0x08C4, 0x08C4, 0x08E4, 0x08C4, 0x08C4, 0x08C4, 0x08C4, 0x08C4, 0x08C4, \
        0x08C4, 0x08C4, 0x08C4, 0x08C4, 0x08C4, 0x08C4, 0x08C4, 0x08C4, 0x08C4, 0x08C4, 0x08C4, 0x08C4, \
        0x08C4, 0x08C4, 0x08C4, 0x08C4, 0x08C4, 0x08C4, 0x08C4, 0x08C4, 0x08C4, 0x08C4, 0x08C4, 0x08C4, \
        0x08C4, 0x08C4, 0x08C4, 0x08C4, 0x08C4, 0x08C4, 0x08C4, 0x08C4, 0x08C4, 0x08C4, 0x08C4, 0x08C4, \
        0x08C4, 0x08C4, 0x08C4, 0x08C4, 0x08C4, 0x08C4, 0x08C4, 0x08C4, 0x08C4, 0x08C4, 0x08C4, 0x08C4, \
        0x08C4, 0x08C4, 0x08C4, 0x08C4, 0x08C4, 0x08C4, 0x08C4, 0x08C4, 0x08C4, 0x08C4, 0x08C4, 0x08C4, \
        0x08C4, 0x08C4, 0x08C4, 0x08C4, 0x08C4, 0x08C4, 0x08C4, 0x08C4, 0x08C4, 0x08C4, 0x08C4, 0x08C4, \
        0x08C4, 0x08C4, 0x08C4, 0x08C4, 0x08C4, 0x08C4, 0x08C4, 0x08C4, 0x08C4, 0x08C4, 0x08C4, 0x08C4, \
        0x08C4, 0x08C4, 0x08C4, 0x08C4, 0x08C4, 0x08C4, 0x08C4, 0x08C4, 0x08C4, 0x10E4, 0x10E4, 0x08C4, \
        0x08C4, 0x08C4, 0x08C4, 0x08C4, 0x08C4, 0x08C4, 0x08C4, 0x08C4, 0x08C4, 0x08C4, 0x08C4, 0x08E4, \
        0x08C4, 0x08C4, 0x08C4, 0x08C4, 0x08C4, 0x08C4, 0x08C4, 0x08C4, 0x08C4, 0x08C4, 0x08C4, 0x08C4, \
        0x08C4, 0x08C4, 0x10E4, 0x10E4, 0x08C4, 0x08C4, 0x08C4, 0x08C4, 0x08C4, 0x08C4, 0x08C4, 0x08C4, \
        0x08C4, 0x08C4, 0x08C4, 0x08C4, 0x08C4, 0x08C4, 0x08E4, 0x08E4, 0x08C4, 0x08C4, 0x08C4, 0x08C4, \
        0x08C4, 0x08C4, 0x08C4, 0x08C4, 0x08C4, 0x08C4, 0x08C4, 0x10E4, 0x10E4, 0x08C4, 0x08C4, 0x08C4, \
        0x08C4, 0x08C4, 0x08C4, 0x08C4, 0x08C4, 0x08C4, 0x08C4, 0x08C4, 0x08C4, 0x08C4, 0x08C4, 0x08C4, \
        0x08C4, 0x08C4, 0x08C4, 0x08C4, 0x08C4, 0x08C4, 0x08C4, 0x08C4, 0x08C4, 0x08C4, 0x08C4, 0x08C4, \
        0x08C4, 0x08C4, 0x08C4, 0x08C4, 0x08C4, 0x08C4, 0x08C4, 0x08C4, 0x08C4, 0x08C4, 0x08C4, 0x08C4, \
        0x08C4, 0x08C4, 0x08C4, 0x08C4, 0x08C4, 0x08C4, 0x08C4, 0x08C4, 0x08C4, 0x08C4, 0x08C4, 0x08C4, \
        0x08E4, 0x10E4, 0x08C4, 0x08C4, 0x08C4, 0x08C4, 0x08C4, 0x08C4, 0x08C4, 0x08C4, 0x08E4, 0x08E4, \
        0x08C4, 0x08C4, 0x08C4, 0x08C4, 0x08C4, 0x08C4, 0x08C4, 0x08C4, 0x08C4, 0x08C4, 0x08C4, 0x08C4, \
        0x08C4, 0x08C4, 0x08C4, 0x10E4, 0x10E4, 0x08C4, 0x08C4, 0x08C4, 0x08C4, 0x08C4, 0x08C4, 0x08C4, \
        0x08C4, 0x08C4, 0x08C4, 0x08C4, 0x08C4, 0x08C4, 0x08C4, 0x08C4, 0x08C4, 0x08C4, 0x08C4, 0x08C4, \
        0x08C4, 0x08C4, 0x08C4, 0x10E4, 0x1105, 0x1105, 0x10E4, 0x08C4, 0x08C4, 0x08C4, 0x08C4, 0x08C4, \
        0x08C4, 0x08C4, 0x08C4, 0x08C4, 0x08C4, 0x08C4, 0x08C4, 0x08C4, 0x08C4, 0x08C4, 0x08C4, 0x08C4, \
        0x08C4, 0x08C4, 0x08C4, 0x08C4, 0x08C4, 0x08C4, 0x08C4, 0x08C4, 0x08C4, 0x08C4, 0x08C4, 0x08C4, \
        0x08C4, 0x08C4, 0x08C4, 0x08C4, 0x08C4, 0x08C4, 0x08C4, 0x08C4, 0x08C4, 0x08C4, 0x08C4, 0x08C4, \
        0x08C4, 0x08C4, 0x08C4, 0x08C4, 0x08C4, 0x08C4, 0x08C4, 0x08C4, 0x08C4, 0x08C4, 0x08C4, 0x08C4, \
        0x10E4, 0x08E4, 0x08C4, 0x08C4, 0x08C4, 0x08C4, 0x08C4, 0x08C4, 0x08C4, 0x08C4, 0x08C4, 0x08C4, \
        0x08C4, 0x08C4, 0x08C4, 0x08C4, 0x08C4, 0x08C4, 0x08C4, 0x08C4, 0x08C4, 0x08C4, 0x08C4, 0x08C4, \
        0x08C4, 0x08C4, 0x08C4, 0x08C4, 0x08C4, 0x08C4, 0x08C4, 0x08C4, 0x08C4, 0x08C4, 0x08C4, 0x08C4, \
        0x08C4, 0x08C4, 0x08C4, 0x08C4, 0x08C4, 0x08C4, 0x08C4, 0x08C4, 0x08C4, 0x08C4, 0x08C4, 0x08C4, \
        0x08C4, 0x08C4, 0x08C4, 0x08C4, 0x08C4, 0x08C4, 0x08C4, 0x08C4, 0x08C4, 0x08C4, 0x08C4, 0x08C4, \
        0x08C4, 0x08C4, 0x08C4, 0x08C4, 0x08C4, 0x08C4, 0x08C4, 0x08C4, 0x08C4, 0x08C4, 0x08C4, 0x08C4, \
        0x08C4, 0x08C4, 0x08C4, 0x08C4, 0x08C4, 0x08C4, 0x08C4, 0x08C4, 0x08C4, 0x08C4, 0x08C4, 0x08C4, \
        0x08C4, 0x08C4, 0x08C4, 0x08C4, 0x08C4, 0x08C4, 0x08C4, 0x08C4, 0x08C4, 0x08C4, 0x08C4, 0x08C4, \
        0x08C4, 0x08C4, 0x08C4, 0x08C4, 0x08C4, 0x08C4, 0x10E4, 0x10E4, 0x08C4, 0x08C4, 0x08C4, 0x08C4, \
        0x08C4, 0x08C4, 0x08C4, 0x08C4, 0x08C4, 0x08C4, 0x08C4, 0x08E4, 0x08E4, 0x08C4, 0x08C4, 0x08C4, \
        0x08C4, 0x08C4, 0x08C4, 0x08C4, 0x08C4, 0x08C4, 0x08C4, 0x08C4, 0x08C4, 0x08C4, 0x10E4, 0x10E4, \
        0x08C4, 0x08C4, 0x08C4, 0x08C4, 0x08C4, 0x08C4, 0x08C4, 0x08C4, 0x08C4, 0x08C4, 0x08C4, 0x08C4, \
        0x08C4, 0x08C4, 0x08C4, 0x10E4, 0x08E4, 0x08C4, 0x08C4, 0x08C4, 0x08C4, 0x08C4, 0x08C4, 0x08C4, \
        0x08C4, 0x08C4, 0x08C4, 0x08C4, 0x08E4, 0x08E4, 0x08C4, 0x08C4, 0x08C4, 0x08C4, 0x08C4, 0x08C4, \
        0x08C4, 0x08C4, 0x08C4, 0x08C4, 0x08C4, 0x08C4, 0x08C4, 0x08C4, 0x08C4, 0x08C4, 0x08C4, 0x08C4, \
        0x08C4, 0x08C4, 0x08C4, 0x08C4, 0x08C4, 0x08C4, 0x08C4, 0x08C4, 0x08C4, 0x08C4, 0x08C4, 0x08C4, \
        0x08C4, 0x08C4, 0x08C4, 0x08C4, 0x08C4, 0x08C4, 0x08C4, 0x08C4, 0x08C4, 0x08C4, 0x08C4, 0x08C4, \
        0x08C4, 0x08C4, 0x08C4, 0x08C4, 0x08C4, 0x08C4, 0x08C4, 0x08C4, 0x08C4, 0x08E4, 0x1105, 0x08E4, \
        0x08C4, 0x08C4, 0x08C4, 0x08C4, 0x08C4, 0x08C4, 0x08C4, 0x08E4, 0x08E4, 0x08C4, 0x08C4, 0x08C4, \
        0x08C4, 0x08C4, 0x08C4, 0x08C4, 0x08C4, 0x08C4, 0x08C4, 0x08C4, 0x08C4, 0x08C4, 0x10E4, 0x08E4, \
        0x08C4, 0x08C4, 0x08C4, 0x08C4, 0x08C4, 0x08C4, 0x08C4, 0x08C4, 0x08C4, 0x08C4, 0x08C4, 0x08C4, \
        0x08C4, 0x08C4, 0x08C4, 0x08C4, 0x08C4, 0x08C4, 0x08C4, 0x08C4, 0x08C4, 0x08E4, 0x1104, 0x10E4, \
        0x08C4, 0x08C4, 0x08C4, 0x08C4, 0x08C4, 0x08C4, 0x08C4, 0x08C4, 0x08C4, 0x08C4, 0x08C4, 0x08C4, \
        0x08C4, 0x08C4, 0x08C4, 0x08C4, 0x08C4, 0x08C4, 0x08C4, 0x08C4, 0x08C4, 0x08C4, 0x08C4, 0x08C4, \
        0x08C4, 0x08C4, 0x08C4, 0x08C4, 0x08C4, 0x08C4, 0x08C4, 0x08C4, 0x08C4, 0x08C4, 0x08C4, 0x08C4, \
        0x08C4, 0x08C4, 0x08C4, 0x08C4, 0x08C4, 0x08C4, 0x08C4, 0x08C4, 0x08C4, 0x08C4, 0x08C4, 0x08C4, \
        0x08C4, 0x08C4, 0x08C4, 0x08C4, 0x08C4, 0x08C4, 0x08C4, 0x08E4, 0x08E4, 0x08C4, 0x08C4, 0x08C4, \
        0x08C4, 0x08C4, 0x08C4, 0x08C4, 0x08C4, 0x08C4, 0x08C4, 0x08C4, 0x08C4, 0x08C4, 0x08C4, 0x08C4, \
        0x08C4, 0x08C4, 0x08C4, 0x08C4, 0x08C4, 0x08C4, 0x08C4, 0x08C4, 0x08C4, 0x08C4, 0x08C4, 0x08C4, \
        0x08C4, 0x08C4, 0x08C4, 0x08C4, 0x08C4, 0x08C4, 0x08C4, 0x08C4, 0x08C4, 0x08C4, 0x08C4, 0x08C4, \
        0x08C4, 0x08C4, 0x08C4, 0x08C4, 0x08C4, 0x08C4, 0x08C4, 0x08C4, 0x08C4, 0x08C4, 0x08C4, 0x08C4, \
        0x08C4, 0x08C4, 0x08C4, 0x08C4, 0x08C4, 0x08C4, 0x08C4, 0x08C4, 0x08C4, 0x08C4, 0x08C4, 0x08C4, \
        0x08C4, 0x08C4, 0x08C4, 0x08C4, 0x08C4, 0x08C4, 0x08C4, 0x08C4, 0x08C4, 0x08C4, 0x08C4, 0x08C4, \
        0x08C4, 0x08C4, 0x08C4, 0x08C4, 0x08C4, 0x08C4, 0x08C4, 0x08C4, 0x08C4, 0x08C4, 0x08C4, 0x08C4, \
        0x08C4, 0x08C4, 0x08C4, 0x08C4, 0x08C4, 0x08C4, 0x08C4, 0x08C4, 0x08C4, 0x08C4, 0x08C4, 0x08C4, \
        0x08C4, 0x08C4, 0x10E4, 0x08E4, 0x08C4, 0x08C4, 0x08C4, 0x08C4, 0x08C4, 0x08C4, 0x08C4, 0x08C4, \
        0x08C4, 0x08C4, 0x08C4, 0x08C4, 0x08E4, 0x08C4, 0x08C4, 0x08C4, 0x08C4, 0x08C4, 0x08C4, 0x08C4, \
        0x08C4, 0x08C4, 0x08C4, 0x08C4, 0x08C4, 0x08C4, 0x08C4, 0x08E4, 0x10E4, 0x08C4, 0x08C4, 0x08C4, \
        0x08C4, 0x08C4, 0x08C4, 0x08C4, 0x08C4, 0x08C4, 0x08C4, 0x08C4, 0x08C4, 0x08C4, 0x08C4, 0x08C4, \
        0x10E4, 0x10E4, 0x08C4, 0x08C4, 0x08C4, 0x08C4, 0x08C4, 0x08C4, 0x08C4, 0x08C4, 0x08C4, 0x08C4, \
        0x08C4, 0x08E4, 0x08E4, 0x08C4, 0x08C4, 0x08C4, 0x08C4, 0x08C4, 0x08C4, 0x08C4, 0x08C4, 0x08C4, \
        0x08C4, 0x08C4, 0x08C4, 0x08C4, 0x08C4, 0x08C4, 0x08C4, 0x08C4, 0x08C4, 0x08C4, 0x08C4, 0x08C4, \
        0x08C4, 0x08C4, 0x08C4, 0x08C4, 0x08C4, 0x08C4, 0x08C4, 0x08C4, 0x08C4, 0x08C4, 0x08C4, 0x08C4, \
        0x08C4, 0x08C4, 0x08C4, 0x08C4, 0x08C4, 0x08C4, 0x08C4, 0x08C4, 0x08C4, 0x08C4, 0x08C4, 0x08C4, \
        0x08C4, 0x08C4, 0x08C4, 0x08C4, 0x08C4, 0x08C4, 0x08C4, 0x10E4, 0x08E4, 0x08C4, 0x08C4, 0x08C4, \
        0x08C4, 0x08C4, 0x08C4, 0x10E4, 0x10E4, 0x08C4, 0x08C4, 0x08C4, 0x08C4, 0x08C4, 0x08C4, 0x08C4, \
        0x08C4, 0x08C4, 0x08C4, 0x08C4, 0x08E4, 0x08E4, 0x08C4, 0x08C4, 0x08C4, 0x08C4, 0x08C4, 0x08C4, \
        0x08C4, 0x08C4, 0x08C4, 0x08C4, 0x08C4, 0x08C4, 0x08C4, 0x08C4, 0x08C4, 0x08C4, 0x08C4, 0x08C4, \
        0x08C4, 0x08E4, 0x08E4, 0x10E4, 0x10E4, 0x08E4, 0x08C4, 0x08C4, 0x08C4, 0x08C4, 0x08C4, 0x08C4, \
        0x08C4, 0x08C4, 0x08C4, 0x08C4, 0x08C4, 0x08C4, 0x08C4, 0x08C4, 0x08C4, 0x08C4, 0x08C4, 0x08C4, \
        0x08C4, 0x08C4, 0x08C4, 0x08C4, 0x08C4, 0x08C4, 0x08C4, 0x08C4, 0x08C4, 0x08C4, 0x08C4, 0x08C4, \
        0x08C4, 0x08C4, 0x08C4, 0x08C4, 0x08C4, 0x08C4, 0x08C4, 0x08C4, 0x08C4, 0x08C4, 0x08C4, 0x08C4, \
        0x08C4, 0x08C4, 0x08C4, 0x08C4, 0x08C4, 0x08C4, 0x08C4, 0x08C4, 0x08C4, 0x08C4, 0x08C4, 0x08C4, \
        0x08C4, 0x08C4, 0x08E4, 0x10E4, 0x08C4, 0x08C4, 0x08C4, 0x08C4, 0x08C4, 0x08C4, 0x08C4, 0x08C4, \
        0x08C4, 0x08C4, 0x08C4, 0x08C4, 0x08C4, 0x08C4, 0x08C4, 0x08C4, 0x08C4, 0x08C4, 0x08C4, 0x08C4, \
        0x08C4, 0x08C4, 0x08C4, 0x08C4, 0x08C4, 0x08C4, 0x08C4, 0x08C4, 0x08C4, 0x08C4, 0x08C4, 0x08C4, \
        0x08C4, 0x08C4, 0x08C4, 0x08C4, 0x08C4, 0x08C4, 0x08C4, 0x08C4, 0x08C4, 0x08C4, 0x08C4, 0x08C4, \
        0x08C4, 0x08C4, 0x08C4, 0x08C4, 0x08C4, 0x08C4, 0x08C4, 0x08C4, 0x08C4, 0x08C4, 0x08C4, 0x08C4, \
        0x08C4, 0x08C4, 0x08C4, 0x08C4, 0x08C4, 0x08C4, 0x08C4, 0x08C4, 0x08C4, 0x08C4, 0x08C4, 0x08C4, \
        0x08C4, 0x08C4, 0x08C4, 0x08C4, 0x08C4, 0x08C4, 0x08C4, 0x08C4, 0x08C4, 0x08C4, 0x08C4, 0x08C4, \
        0x08C4, 0x08C4, 0x08C4, 0x08C4, 0x08C4, 0x08C4, 0x08C4, 0x08C4, 0x08C4, 0x08C4, 0x08C4, 0x08C4, \
        0x08C4, 0x08C4, 0x08C4, 0x08C4, 0x08C4, 0x08C4, 0x08C4, 0x08C4, 0x08C4, 0x08C4, 0x08C4, 0x10E4, \
        0x08C4, 0x08C4, 0x08C4, 0x08C4, 0x08C4, 0x08C4, 0x08C4, 0x08C4, 0x08C4, 0x08C4, 0x08C4, 0x08C4, \
        0x08E4, 0x08E4, 0x08C4, 0x08C4, 0x08C4, 0x08C4, 0x08C4, 0x08C4, 0x08C4, 0x08C4, 0x08C4, 0x08C4, \
        0x08C4, 0x08C4, 0x08C4, 0x08C4, 0x10E4, 0x10E4, 0x08E4, 0x08C4, 0x08C4, 0x08C4, 0x08C4, 0x08C4, \
        0x08C4, 0x08C4, 0x08C4, 0x08C4, 0x08C4, 0x08C4, 0x08C4, 0x08C4, 0x08C4, 0x10E4, 0x10E4, 0x08E4, \
        0x08C4, 0x08C4, 0x08C4, 0x08C4, 0x08C4, 0x08C4, 0x08C4, 0x08C4, 0x08C4, 0x08C4, 0x08E4, 0x08E4, \
        0x08E4, 0x08C4, 0x08C4, 0x08C4, 0x08C4, 0x08C4, 0x08C4, 0x08C4, 0x08C4, 0x08C4, 0x08C4, 0x08C4, \
        0x08C4, 0x08C4, 0x08C4, 0x08C4, 0x08C4, 0x08C4, 0x08C4, 0x08C4, 0x08C4, 0x08C4, 0x08C4, 0x08C4, \
        0x08C4, 0x08C4, 0x08C4, 0x08C4, 0x08C4, 0x08C4, 0x08C4, 0x08C4, 0x08C4, 0x08C4, 0x08C4, 0x08C4, \
        0x08C4, 0x08C4, 0x08C4, 0x08C4, 0x08C4, 0x08C4, 0x08C4, 0x08C4, 0x08C4, 0x08C4, 0x08C4, 0x08C4, \
        0x08C4, 0x08C4, 0x08C4, 0x08C4, 0x08E4, 0x10E4, 0x08E4, 0x08E4, 0x08C4, 0x08C4, 0x08C4, 0x10E4, \
        0x10E4, 0x08C4, 0x08C4, 0x08C4, 0x08C4, 0x08C4, 0x08C4, 0x08C4, 0x08C4, 0x08C4, 0x08C4, 0x08E4, \
        0x08E4, 0x08C4, 0x08C4, 0x08C4, 0x08C4, 0x08C4, 0x08C4, 0x08C4, 0x08C4, 0x08C4, 0x08C4, 0x08C4, \
        0x08C4, 0x08C4, 0x08C4, 0x08C4, 0x08C4, 0x08C4, 0x08E4, 0x10E4, 0x08E4, 0x10E4, 0x08E4, 0x08C4, \
        0x08C4, 0x08C4, 0x08C4, 0x08C4, 0x08C4, 0x08C4, 0x08C4, 0x08C4, 0x08C4, 0x08C4, 0x08C4, 0x08C4, \
        0x08C4, 0x08C4, 0x08C4, 0x08C4, 0x08C4, 0x08C4, 0x08C4, 0x08C4, 0x08C4, 0x08C4, 0x08C4, 0x08C4, \
        0x08C4, 0x08C4, 0x08C4, 0x08C4, 0x08C4, 0x08C4, 0x08C4, 0x08C4, 0x08C4, 0x08C4, 0x08C4, 0x08C4, \
        0x08C4, 0x08C4, 0x08C4, 0x08C4, 0x08C4, 0x08C4, 0x08C4, 0x08C4, 0x08C4, 0x08C4, 0x08C4, 0x08C4, \
        0x08C4, 0x08C4, 0x08C4, 0x08C4, 0x08C4, 0x08C4, 0x08C4, 0x08C4, 0x08E4, 0x10E4, 0x08E4, 0x08C4, \
        0x08C4, 0x08C4, 0x08C4, 0x08C4, 0x08C4, 0x08C4, 0x08C4, 0x08C4, 0x08C4, 0x08C4, 0x08C4, 0x08C4, \
        0x08C4, 0x08C4, 0x08C4, 0x08C4, 0x08C4, 0x08C4, 0x08C4, 0x08C4, 0x08C4, 0x08C4, 0x08C4, 0x08C4, \
        0x08C4, 0x08C4, 0x08C4, 0x08C4, 0x08C4, 0x08C4, 0x08C4, 0x08C4, 0x08C4, 0x08C4, 0x08C4, 0x08C4, \
        0x08C4, 0x08C4, 0x08C4, 0x08C4, 0x08C4, 0x08C4, 0x08C4, 0x08C4, 0x08C4, 0x08C4, 0x08C4, 0x08C4, \
        0x08C4, 0x08C4, 0x08C4, 0x08C4, 0x08C4, 0x08C4, 0x08C4, 0x08C4, 0x08C4, 0x08C4, 0x08C4, 0x08C4, \
        0x08C4, 0x08C4, 0x08C4, 0x08C4, 0x08C4, 0x08C4, 0x08C4, 0x08C4, 0x08C4, 0x08C4, 0x08C4, 0x08C4, \
        0x08C4, 0x08C4, 0x08C4, 0x08C4, 0x08C4, 0x08C4, 0x08C4, 0x08C4, 0x08C4, 0x08C4, 0x08C4, 0x08C4, \
        0x08C4, 0x08C4, 0x08C4, 0x08C4, 0x08C4, 0x08C4, 0x08C4, 0x08C4, 0x08C4, 0x08C4, 0x08C4, 0x08C4, \
        0x08C4, 0x08C4, 0x08C4, 0x08C4, 0x08C4, 0x08C4, 0x08C4, 0x08C4, 0x08E4, 0x08C4, 0x08C4, 0x08C4, \
        0x08C4, 0x08C4, 0x08C4, 0x08C4, 0x08C4, 0x08C4, 0x08C4, 0x08C4, 0x08C4, 0x08E4, 0x08C4, 0x08C4, \
        0x08C4, 0x08C4, 0x08C4, 0x08C4, 0x08C4, 0x08C4, 0x08C4, 0x08C4, 0x08C4, 0x08C4, 0x08C4, 0x08C4, \
        0x08C4, 0x08E4, 0x10E4, 0x08E4, 0x08C4, 0x08C4, 0x08C4, 0x08C4, 0x08C4, 0x08C4, 0x08C4, 0x08C4, \
        0x08C4, 0x08C4, 0x08C4, 0x08C4, 0x08C4, 0x08C4, 0x10E4, 0x10E4, 0x08E4, 0x08C4, 0x08C4, 0x08C4, \
        0x08C4, 0x08C4, 0x08C4, 0x08C4, 0x08C4, 0x08C4, 0x08C4, 0x08E4, 0x08E4, 0x08E4, 0x08C4, 0x08C4, \
        0x08C4, 0x08C4, 0x08C4, 0x08C4, 0x08C4, 0x08C4, 0x08C4, 0x08C4, 0x08C4, 0x08C4, 0x08C4, 0x08C4, \
        0x08C4, 0x08C4, 0x08C4, 0x08C4, 0x08C4, 0x08C4, 0x08C4, 0x08C4, 0x08C4, 0x08C4, 0x08C4, 0x08C4, \
        0x08C4, 0x08C4, 0x08C4, 0x08C4, 0x08C4, 0x08C4, 0x08C4, 0x08C4, 0x08C4, 0x08C4, 0x08C4, 0x08C4, \
        0x08C4, 0x08C4, 0x08C4, 0x08C4, 0x08C4, 0x08C4, 0x08C4, 0x08C4, 0x08C4, 0x08C4, 0x08C4, 0x08C4, \
        0x08C4, 0x08C4, 0x08E4, 0x08E4, 0x08C4, 0x08C4, 0x08C4, 0x08E4, 0x10E4, 0x08C4, 0x08C4, 0x08C4, \
        0x08C4, 0x08C4, 0x08C4, 0x08C4, 0x08C4, 0x08C4, 0x08E4, 0x08E4, 0x08C4, 0x08C4, 0x08C4, 0x08C4, \
        0x08C4, 0x08C4, 0x08C4, 0x08C4, 0x08C4, 0x08C4, 0x08C4, 0x08C4, 0x08C4, 0x08C4, 0x08C4, 0x08C4, \
        0x08E4, 0x08E4, 0x10E4, 0x10E4, 0x08C4, 0x08C4, 0x08C4, 0x08C4, 0x08C4, 0x08C4, 0x08C4, 0x08C4, \
        0x08C4, 0x08C4, 0x08C4, 0x08C4, 0x08C4, 0x08C4, 0x08C4, 0x08C4, 0x08C4, 0x08C4, 0x08C4, 0x08C4, \
        0x08C4, 0x08C4, 0x08C4, 0x08C4, 0x08C4, 0x08C4, 0x08C4, 0x08C4, 0x08C4, 0x08C4, 0x08C4, 0x08C4, \
        0x08C4, 0x08C4, 0x08C4, 0x08C4, 0x08C4, 0x08C4, 0x08C4, 0x08C4, 0x08C4, 0x08C4, 0x08C4, 0x08C4, \
        0x08C4, 0x08C4, 0x08C4, 0x08C4, 0x08C4, 0x08C4, 0x08C4, 0x08C4, 0x08C4, 0x08C4, 0x08C4, 0x08C4, \
        0x08C4, 0x08C4, 0x08C4, 0x10E4, 0x10E4, 0x10E4, 0x08C4, 0x08C4, 0x08C4, 0x08C4, 0x08C4, 0x08C4, \
        0x08C4, 0x08C4, 0x08C4, 0x08C4, 0x08C4, 0x08C4, 0x08C4, 0x08C4, 0x08C4, 0x08C4, 0x08C4, 0x08C4, \
        0x08C4, 0x08C4, 0x08C4, 0x08C4, 0x08C4, 0x08C4, 0x08C4, 0x08C4, 0x08C4, 0x08C4, 0x08C4, 0x08C4, \
        0x08C4, 0x08C4, 0x08C4, 0x08C4, 0x08C4, 0x08C4, 0x08C4, 0x08C4, 0x08C4, 0x08C4, 0x08C4, 0x08C4, \
        0x08C4, 0x08C4, 0x08C4, 0x08C4, 0x08C4, 0x08C4, 0x08C4, 0x08C4, 0x08C4, 0x08C4, 0x08C4, 0x08C4, \
        0x08C4, 0x08C4, 0x08C4, 0x08C4, 0x08C4, 0x08C4, 0x08C4, 0x08C4, 0x08C4, 0x08C4, 0x08C4, 0x08C4, \
        0x08C4, 0x08C4, 0x08C4, 0x08C4, 0x08C4, 0x08C4, 0x08C4, 0x08C4, 0x08C4, 0x08C4, 0x08C4, 0x08C4, \
        0x08C4, 0x08C4, 0x08C4, 0x08C4, 0x08C4, 0x08C4, 0x08C4, 0x08C4, 0x08C4, 0x08C4, 0x08C4, 0x08C4, \
        0x08C4, 0x08C4, 0x08C4, 0x08C4, 0x08C4, 0x08C4, 0x08C4, 0x08C4, 0x08C4, 0x08C4, 0x08C4, 0x08C4, \
        0x08C4, 0x08C4, 0x08C4, 0x08C4, 0x08E4, 0x08E4, 0x08C4, 0x08C4, 0x08C4, 0x08C4, 0x08C4, 0x08C4, \
        0x08C4, 0x08C4, 0x08C4, 0x08C4, 0x08C4, 0x08E4, 0x08E4, 0x08C4, 0x08C4, 0x08C4, 0x08C4, 0x08C4, \
        0x08C4, 0x08C4, 0x08C4, 0x08C4, 0x08C4, 0x08C4, 0x08C4, 0x08C4, 0x08C4, 0x08C4, 0x08C4, 0x08E4, \
        0x08E4, 0x08C4, 0x08C4, 0x08C4, 0x08C4, 0x08C4, 0x08C4, 0x08C4, 0x08C4, 0x08C4, 0x08C4, 0x08C4, \
        0x08C4, 0x08C4, 0x08C4, 0x08C4, 0x08E4, 0x08E4, 0x08E4, 0x08C4, 0x08C4, 0x08C4, 0x08C4, 0x08C4, \
        0x08C4, 0x08C4, 0x08C4, 0x08C4, 0x08C4, 0x08C4, 0x08E4, 0x08E4, 0x08C4, 0x08C4, 0x08C4, 0x08C4, \
        0x08C4, 0x08C4, 0x08C4, 0x08C4, 0x08C4, 0x08C4, 0x08C4, 0x08C4, 0x08C4, 0x08C4, 0x08C4, 0x08C4, \
        0x08C4, 0x08C4, 0x08C4, 0x08C4, 0x08C4, 0x08C4, 0x08C4, 0x08C4, 0x08C4, 0x08C4, 0x08C4, 0x08C4, \
        0x08C4, 0x08C4, 0x08C4, 0x08C4, 0x08C4, 0x08C4, 0x08C4, 0x08C4, 0x08C4, 0x08C4, 0x08C4, 0x08C4, \
        0x08C4, 0x08C4, 0x08C4, 0x08C4, 0x08C4, 0x08C4, 0x08C4, 0x08C4, 0x08C4, 0x08C4, 0x08C4, 0x08C4, \
        0x08C4, 0x08C4, 0x08C4, 0x08E4, 0x08E4, 0x08C4, 0x08C4, 0x08C4, 0x08C4, 0x08C4, 0x08C4, 0x08C4, \
        0x08C4, 0x08C4, 0x08E4, 0x08C4, 0x08C4, 0x08C4, 0x08C4, 0x08C4, 0x08C4, 0x08C4, 0x08C4, 0x08C4, \
        0x08C4, 0x08C4, 0x08C4, 0x08C4, 0x08C4, 0x08C4, 0x08E4, 0x10E4, 0x08E4, 0x08C4, 0x08C4, 0x08C4, \
        0x08C4, 0x08C4, 0x08C4, 0x08C4, 0x08C4, 0x08C4, 0x08C4, 0x08C4, 0x08C4, 0x08C4, 0x08C4, 0x08C4, \
        0x08C4, 0x08C4, 0x08C4, 0x08C4, 0x08C4, 0x08C4, 0x08C4, 0x08C4, 0x08C4, 0x08C4, 0x08C4, 0x08C4, \
        0x08C4, 0x08C4, 0x08C4, 0x08C4, 0x08C4, 0x08C4, 0x08C4, 0x08C4, 0x08C4, 0x08C4, 0x08C4, 0x08C4, \
        0x08C4, 0x08C4, 0x08C4, 0x08C4, 0x08C4, 0x08C4, 0x08C4, 0x08C4, 0x08C4, 0x08C4, 0x08C4, 0x08C4, \
        0x08C4, 0x08C4, 0x08C4, 0x08C4, 0x08C4, 0x08C4, 0x08C4, 0x08C4, 0x08C4, 0x08C4, 0x10E4, 0x10E4, \
        0x08E4, 0x08C4, 0x08C4, 0x08C4, 0x08C4, 0x08C4, 0x08C4, 0x08C4, 0x08C4, 0x08C4, 0x08C4, 0x08C4, \
        0x08C4, 0x08C4, 0x08C4, 0x08C4, 0x08C4, 0x08C4, 0x08C4, 0x08C4, 0x08C4, 0x08C4, 0x08C4, 0x08C4, \
        0x08C4, 0x08C4, 0x08C4, 0x08C4, 0x08C4, 0x08C4, 0x08C4, 0x08C4, 0x08C4, 0x08C4, 0x08C4, 0x08C4, \
        0x08C4, 0x08C4, 0x08C4, 0x08C4, 0x08C4, 0x08C4, 0x08C4, 0x08C4, 0x08C4, 0x08C4, 0x08C4, 0x08C4, \
        0x08C4, 0x08C4, 0x08C4, 0x08C4, 0x08C4, 0x08C4, 0x08C4, 0x08C4, 0x08C4, 0x08C4, 0x08C4, 0x08C4, \
        0x08C4, 0x08C4, 0x08C4, 0x08C4, 0x08C4, 0x08C4, 0x08C4, 0x08C4, 0x08C4, 0x08C4, 0x08C4, 0x08C4, \
        0x08C4, 0x08C4, 0x08C4, 0x08C4, 0x08C4, 0x08C4, 0x08C4, 0x08C4, 0x08C4, 0x08C4, 0x08C4, 0x08C4, \
        0x08C4, 0x08C4, 0x08C4, 0x08C4, 0x08C4, 0x08C4, 0x08C4, 0x08C4, 0x08C4, 0x08C4, 0x08C4, 0x08C4, \
        0x08C4, 0x08C4, 0x08C4, 0x08C4, 0x08C4, 0x08C4, 0x08C4, 0x08C4, 0x08C4, 0x08C4, 0x08C4, 0x08C4, \
        0x08C4, 0x1105, 0x08C4, 0x08C4, 0x08C4, 0x08C4, 0x08C4, 0x08C4, 0x08C4, 0x08C4, 0x08C4, 0x08C4, \
        0x08C4, 0x08C4, 0x08E4, 0x08E4, 0x10C4, 0x08C4, 0x08C4, 0x08C4, 0x08C4, 0x08C4, 0x08C4, 0x08C4, \
        0x08C4, 0x08C4, 0x08C4, 0x08C4, 0x08C4, 0x08C4, 0x08C4, 0x08C4, 0x08E4, 0x10E4, 0x08C4, 0x08C4, \
        0x08C4, 0x08C4, 0x08C4, 0x08C4, 0x08C4, 0x08C4, 0x08C4, 0x08C4, 0x08C4, 0x08C4, 0x08C4, 0x08C4, \
        0x08C4, 0x08E4, 0x08E4, 0x08E4, 0x08C4, 0x08C4, 0x08C4, 0x08C4, 0x08C4, 0x08C4, 0x08C4, 0x08C4, \
        0x08C4, 0x08C4, 0x08C4, 0x08C4, 0x08E4, 0x08E4, 0x08C4, 0x08C4, 0x08C4, 0x08C4, 0x08C4, 0x08C4, \
        0x08C4, 0x08C4, 0x08C4, 0x08C4, 0x08C4, 0x08C4, 0x08C4, 0x08C4, 0x08C4, 0x08C4, 0x08C4, 0x08C4, \
        0x08C4, 0x08C4, 0x08C4, 0x08C4, 0x08C4, 0x08C4, 0x08C4, 0x08C4, 0x08C4, 0x08C4, 0x08C4, 0x08C4, \
        0x08C4, 0x08C4, 0x08C4, 0x08C4, 0x08C4, 0x08C4, 0x08C4, 0x08C4, 0x08C4, 0x08C4, 0x08C4, 0x08C4, \
        0x08C4, 0x08C4, 0x08C4, 0x08C4, 0x08C4, 0x08C4, 0x08C4, 0x08C4, 0x08C4, 0x08C4, 0x08C4, 0x08E4, \
        0x08E4, 0x08C4, 0x08C4, 0x08C4, 0x08C4, 0x08C4, 0x08C4, 0x08C4, 0x08C4, 0x10E4, 0x08C4, 0x08C4, \
        0x08C4, 0x08C3, 0x08C4, 0x08C4, 0x08C4, 0x08C4, 0x08C4, 0x08C4, 0x08C4, 0x08C4, 0x08C4, 0x08C4, \
        0x08E4, 0x10E4, 0x08E4, 0x08C4, 0x08C4, 0x08C4, 0x08C4, 0x08C4, 0x08C4, 0x08C4, 0x08C4, 0x08C4, \
        0x08C4, 0x08C4, 0x08C4, 0x08C4, 0x08C4, 0x08C4, 0x08C4, 0x08C4, 0x08C4, 0x08C4, 0x08C4, 0x08C4, \
        0x08C4, 0x08C4, 0x08C4, 0x08C4, 0x08C4, 0x08C4, 0x08C4, 0x08C4, 0x08C4, 0x08C4, 0x08C4, 0x08C4, \
        0x08C4, 0x08C4, 0x08C4, 0x08C4, 0x08C4, 0x08C4, 0x08C4, 0x08C4, 0x08C4, 0x08C4, 0x08C4, 0x08C4, \
        0x08C4, 0x08C4, 0x08C4, 0x08C4, 0x08C4, 0x08C4, 0x08C4, 0x08C4, 0x08C4, 0x08C4, 0x08C4, 0x08C4, \
        0x08C4, 0x08C4, 0x08C4, 0x08C4, 0x1104, 0x1104, 0x08E4, 0x08C4, 0x08C4, 0x08C4, 0x08C4, 0x08C4, \
        0x08C4, 0x08C4, 0x08C4, 0x08C4, 0x08C4, 0x08C4, 0x08C4, 0x08C4, 0x08C4, 0x08C4, 0x08C4, 0x08C4, \
        0x08C4, 0x08C4, 0x08C4, 0x08C4, 0x08C4, 0x08C4, 0x08C4, 0x08C4, 0x08C4, 0x08C4, 0x08C4, 0x08C4, \
        0x08C4, 0x08C4, 0x08C4, 0x08C4, 0x08C4, 0x08C4, 0x08C4, 0x08C4, 0x08C4, 0x08C4, 0x08C4, 0x08C4, \
        0x08C4, 0x08C4, 0x08C4, 0x08C4, 0x08C4, 0x08C4, 0x08C4, 0x08C4, 0x08C4, 0x08C4, 0x08C4, 0x08C4, \
        0x08C4, 0x08C4, 0x08C4, 0x08C4, 0x08C4, 0x08C4, 0x08C4, 0x08C4, 0x08C4, 0x08C4, 0x08C4, 0x08C4, \
        0x08C4, 0x08C4, 0x08C4, 0x08C4, 0x08C4, 0x08C4, 0x08C4, 0x08C4, 0x08C4, 0x08C4, 0x08C4, 0x08C4, \
        0x08C4, 0x08C4, 0x08C4, 0x08C4, 0x08C4, 0x08C4, 0x08C4, 0x08C4, 0x08C4, 0x08C4, 0x08C4, 0x08C4, \
        0x08C4, 0x08C4, 0x08C4, 0x08C4, 0x08C4, 0x08C4, 0x08C4, 0x08C4, 0x08C4, 0x08C4, 0x08C4, 0x08C4, \
        0x08C4, 0x08C4, 0x08C4, 0x08C4, 0x08C4, 0x08C4, 0x08C4, 0x08C4, 0x08C4, 0x08C4, 0x10E4, 0x08C4, \
        0x08C4, 0x08C4, 0x08C4, 0x08C4, 0x08C4, 0x08C4, 0x08C4, 0x08C4, 0x08C4, 0x08C4, 0x08C4, 0x08E4, \
        0x10E4, 0x08C4, 0x08C4, 0x08C4, 0x08C4, 0x08C4, 0x08C4, 0x08C4, 0x08C4, 0x08C4, 0x08C4, 0x08C4, \
        0x08C4, 0x08C4, 0x08C4, 0x08C4, 0x08C4, 0x08C4, 0x10E4, 0x08E4, 0x08C4, 0x08C4, 0x08C4, 0x08C4, \
        0x08C4, 0x08C4, 0x08C4, 0x08C4, 0x08C4, 0x08C4, 0x08C4, 0x08C4, 0x08C4, 0x08C4, 0x08C4, 0x08E4, \
        0x08E4, 0x08C4, 0x08C4, 0x08C4, 0x08C4, 0x08C4, 0x08C4, 0x08C4, 0x08C4, 0x08C4, 0x08C4, 0x08C4, \
        0x08C4, 0x08C4, 0x10E4, 0x10E4, 0x08E4, 0x08C4, 0x08C4, 0x08C4, 0x08C4, 0x08C4, 0x08C4, 0x08C4, \
        0x08C4, 0x08C4, 0x08C4, 0x08C4, 0x08C4, 0x08C4, 0x08C4, 0x08C4, 0x08C4, 0x08C4, 0x08C4, 0x08C4, \
        0x08C4, 0x08C4, 0x08C4, 0x08C4, 0x08C4, 0x08C4, 0x08C4, 0x08C4, 0x08C4, 0x08C4, 0x08C4, 0x08C4, \
        0x08C4, 0x08C4, 0x08C4, 0x08C4, 0x08C4, 0x08C4, 0x08C4, 0x08C4, 0x08C4, 0x08C4, 0x08C4, 0x08C4, \
        0x08C4, 0x08C4, 0x08C4, 0x08C4, 0x08C4, 0x08C4, 0x08C4, 0x08C4, 0x08E4, 0x08C4, 0x08C4, 0x08C4, \
        0x08C4, 0x08C4, 0x08C4, 0x08C4, 0x08E4, 0x08E4, 0x08C4, 0x08C4, 0x08C4, 0x08C3, 0x08C4, 0x08C4, \
        0x08C4, 0x08C4, 0x08C4, 0x08C4, 0x08C4, 0x08C4, 0x08C4, 0x1105, 0x08E4, 0x08C4, 0x08C4, 0x08C4, \
        0x08C4, 0x08C4, 0x08C4, 0x08C4, 0x08C4, 0x08C4, 0x08C4, 0x08C4, 0x08C4, 0x08C4, 0x08C4, 0x08C4, \
        0x08C4, 0x08C4, 0x08C4, 0x08C4, 0x08C4, 0x08C4, 0x08C4, 0x08C4, 0x08E4, 0x10E4, 0x1104, 0x1105, \
        0x1105, 0x1105, 0x1105, 0x1105, 0x1105, 0x1105, 0x1105, 0x1105, 0x1105, 0x1105, 0x1105, 0x1105, \
        0x1105, 0x1105, 0x10E4, 0x08E4, 0x08E4, 0x08E4, 0x08C4, 0x08C4, 0x08C4, 0x08C4, 0x08C4, 0x08C4, \
        0x08C4, 0x08C4, 0x08C4, 0x08C4, 0x08C4, 0x08C4, 0x08C4, 0x08C4, 0x10C4, 0x10E4, 0x1105, 0x1105, \
        0x08C4, 0x08C4, 0x08C4, 0x08C4, 0x08C4, 0x08C4, 0x08C4, 0x08C4, 0x08C4, 0x08C4, 0x08C4, 0x08C4, \
        0x08C4, 0x08C4, 0x08C4, 0x08C4, 0x08C4, 0x08C4, 0x08C4, 0x08C4, 0x08C4, 0x08C4, 0x08C4, 0x08C4, \
        0x08C4, 0x08C4, 0x08C4, 0x08C4, 0x08C4, 0x08C4, 0x08C4, 0x08C4, 0x08C4, 0x08C4, 0x08C4, 0x08C4, \
        0x08C4, 0x08C4, 0x08C4, 0x08C4, 0x08C4, 0x08C4, 0x08C4, 0x08C4, 0x08C4, 0x08C4, 0x08C4, 0x08C4, \
        0x08C4, 0x08C4, 0x08C4, 0x08C4, 0x08C4, 0x08C4, 0x08C4, 0x08C4, 0x08C4, 0x08C4, 0x08C4, 0x08C4, \
        0x08C4, 0x08C4, 0x08C4, 0x08C4, 0x08C4, 0x08C4, 0x08C4, 0x08C4, 0x08C4, 0x08C4, 0x08C4, 0x08C4, \
        0x08C4, 0x08C4, 0x08C4, 0x08C4, 0x08C4, 0x08C4, 0x08C4, 0x08C4, 0x08C4, 0x08C4, 0x08C4, 0x08C4, \
        0x08C4, 0x08C4, 0x08C4, 0x08C4, 0x08C4, 0x08C4, 0x08C4, 0x08C4, 0x08C4, 0x08C4, 0x08C4, 0x08C4, \
        0x08C4, 0x08C4, 0x08C4, 0x08C4, 0x08C4, 0x08C4, 0x08C4, 0x08C4, 0x08C4, 0x08C4, 0x08C4, 0x08C4, \
        0x08C4, 0x08C4, 0x08C4, 0x08C4, 0x08C4, 0x08C4, 0x10E4, 0x08E4, 0x08C4, 0x08C4, 0x08C4, 0x08C4, \
        0x08C4, 0x08C4, 0x08C4, 0x08C4, 0x08C4, 0x08C4, 0x08C4, 0x08C4, 0x10E4, 0x10E4, 0x08C4, 0x08C4, \
        0x08C4, 0x08C4, 0x08C4, 0x08C4, 0x08C4, 0x08C4, 0x08C4, 0x08C4, 0x08C4, 0x08C4, 0x08C4, 0x08C4, \
        0x08C4, 0x08C4, 0x08C4, 0x08E4, 0x1104, 0x08C4, 0x08C4, 0x08C4, 0x08C4, 0x08C4, 0x08C4, 0x08C4, \
        0x08C4, 0x08C4, 0x08C4, 0x08C4, 0x08C4, 0x08C4, 0x08C4, 0x08C4, 0x08C4, 0x10E4, 0x10E4, 0x08C4, \
        0x08C4, 0x08C4, 0x08C4, 0x08C4, 0x08C4, 0x08C4, 0x08C4, 0x08C4, 0x08C4, 0x08C4, 0x08C4, 0x08C4, \
        0x10E4, 0x1105, 0x10E4, 0x08C4, 0x08C4, 0x08C4, 0x08C4, 0x08C4, 0x08C4, 0x08C4, 0x08C4, 0x08C4, \
        0x08C4, 0x08C4, 0x08C4, 0x08C4, 0x08C4, 0x08C4, 0x08C4, 0x08C4, 0x08C4, 0x08C4, 0x08C4, 0x08C4, \
        0x08C4, 0x08C4, 0x08C4, 0x08C4, 0x08C4, 0x08C4, 0x08C4, 0x08C4, 0x08C4, 0x08C4, 0x08C4, 0x08C4, \
        0x08C4, 0x08C4, 0x08C4, 0x08C4, 0x08C4, 0x08C4, 0x08C4, 0x08C4, 0x08C4, 0x08C4, 0x08C4, 0x08C4, \
        0x08C4, 0x08C4, 0x08C4, 0x08E4, 0x08E4, 0x08C4, 0x08C4, 0x08C4, 0x08C4, 0x08C4, 0x08C4, 0x08C4, \
        0x10E4, 0x08C4, 0x08C3, 0x08C3, 0x08C4, 0x08C3, 0x08C4, 0x08C4, 0x08C4, 0x08C4, 0x08C4, 0x08C4, \
        0x08C4, 0x08E4, 0x10E4, 0x08E4, 0x08C4, 0x08C4, 0x08C4, 0x08C4, 0x08C4, 0x08C4, 0x08C4, 0x08C4, \
        0x08C4, 0x08C4, 0x08C4, 0x08C4, 0x08C4, 0x08C4, 0x08C4, 0x08C4, 0x08C4, 0x08C4, 0x08C4, 0x08E4, \
        0x10E4, 0x1105, 0x1105, 0x1105, 0x08E4, 0x08C4, 0x08C4, 0x08C4, 0x08C4, 0x08C4, 0x08C4, 0x08C4, \
        0x08C4, 0x08C4, 0x08C4, 0x08C4, 0x08C4, 0x08C4, 0x08C4, 0x08C4, 0x08C4, 0x08C4, 0x08C4, 0x08C4, \
        0x08C4, 0x10E4, 0x10E4, 0x1104, 0x10E5, 0x10E4, 0x10E4, 0x10E4, 0x10E4, 0x10E4, 0x10E4, 0x10E4, \
        0x10E4, 0x10E4, 0x1105, 0x1105, 0x10E5, 0x08E4, 0x08C4, 0x08C4, 0x08C4, 0x08C4, 0x08C4, 0x08C4, \
        0x08C4, 0x08C4, 0x08C4, 0x08C4, 0x08C4, 0x08C4, 0x08C4, 0x08C4, 0x08C4, 0x08C4, 0x08C4, 0x08C4, \
        0x08C4, 0x08C4, 0x08C4, 0x08C4, 0x08C4, 0x08C4, 0x08C4, 0x08C4, 0x08C4, 0x08C4, 0x08C4, 0x08C4, \
        0x08C4, 0x08C4, 0x08C4, 0x08C4, 0x08C4, 0x08C4, 0x08C4, 0x08C4, 0x08C4, 0x08C4, 0x08C4, 0x08C4, \
        0x08C4, 0x08C4, 0x08C4, 0x08C4, 0x08C4, 0x08C4, 0x08C4, 0x08C4, 0x08C4, 0x08C4, 0x08C4, 0x08C4, \
        0x08C4, 0x08C4, 0x08C4, 0x08C4, 0x08C4, 0x08C4, 0x08C4, 0x08C4, 0x08C4, 0x08C4, 0x08C4, 0x08C4, \
        0x08C4, 0x08C4, 0x08C4, 0x08C4, 0x08C4, 0x08C4, 0x08C4, 0x08C4, 0x08C4, 0x08C4, 0x08C4, 0x08C4, \
        0x08C4, 0x08C4, 0x08C4, 0x08C4, 0x08C4, 0x08C4, 0x08C4, 0x08C4, 0x08C4, 0x08C4, 0x08C4, 0x08C4, \
        0x08C4, 0x08C4, 0x08C4, 0x08C4, 0x08C4, 0x08C4, 0x08C4, 0x08C4, 0x08C4, 0x08C4, 0x08C4, 0x08C4, \
        0x08C4, 0x08C4, 0x08C4, 0x08C4, 0x08C4, 0x08C4, 0x08C4, 0x08C4, 0x08C4, 0x08C4, 0x08C4, 0x08C4, \
        0x08C4, 0x08C4, 0x08C4, 0x10E4, 0x08C4, 0x08C4, 0x08C4, 0x08C4, 0x08C4, 0x08C4, 0x08C4, 0x08C4, \
        0x08C4, 0x08C4, 0x08C4, 0x08C4, 0x08C4, 0x10E4, 0x10E4, 0x08C4, 0x08C4, 0x08C4, 0x08C4, 0x08C4, \
        0x08C4, 0x08C4, 0x08C4, 0x08C4, 0x08C4, 0x08C4, 0x08C4, 0x08C4, 0x08C4, 0x08C4, 0x08C4, 0x08C4, \
        0x08E4, 0x1104, 0x08E4, 0x08C4, 0x08C4, 0x08C4, 0x08C4, 0x08C4, 0x08C4, 0x08C4, 0x08C4, 0x08C4, \
        0x08C4, 0x08C4, 0x08C4, 0x08C4, 0x08C4, 0x08C4, 0x08E4, 0x10E4, 0x08E4, 0x08C4, 0x08C4, 0x08C4, \
        0x08C4, 0x08C4, 0x08C4, 0x08C4, 0x08C4, 0x08C4, 0x08C4, 0x08C4, 0x08C4, 0x08C4, 0x08E4, 0x1104, \
        0x1104, 0x10E4, 0x08C4, 0x08C4, 0x08C4, 0x08C4, 0x08C4, 0x08C4, 0x08C4, 0x08C4, 0x08C4, 0x08C4, \
        0x08C4, 0x08C4, 0x08C4, 0x08C4, 0x08C4, 0x08C4, 0x08C4, 0x08C4, 0x08C4, 0x08C4, 0x08C4, 0x08C4, \
        0x08C4, 0x08C4, 0x08C4, 0x08C4, 0x08C4, 0x08C4, 0x08C4, 0x08C4, 0x08C4, 0x08C4, 0x08C4, 0x08C4, \
        0x08C4, 0x08C4, 0x08C4, 0x08C4, 0x08C4, 0x08C4, 0x08C4, 0x08C4, 0x08C4, 0x08C4, 0x08C4, 0x08E4, \
        0x08E4, 0x08C4, 0x08C4, 0x08C4, 0x08C4, 0x08C4, 0x08C4, 0x08C4, 0x08E4, 0x08C4, 0x08C3, 0x08C4, \
        0x08C4, 0x08C4, 0x08C4, 0x08C4, 0x08C4, 0x08C4, 0x08C4, 0x08C4, 0x08E4, 0x10E4, 0x08C4, 0x08C4, \
        0x08C4, 0x08C4, 0x08C4, 0x08C4, 0x08C4, 0x08C4, 0x08C4, 0x08C4, 0x08C4, 0x08C4, 0x08C4, 0x08C4, \
        0x08C4, 0x08C4, 0x08C4, 0x08E4, 0x10E4, 0x10E5, 0x1105, 0x10E4, 0x08C4, 0x08C4, 0x08C4, 0x08C4, \
        0x08C4, 0x08C4, 0x08C4, 0x08C4, 0x08C4, 0x08C4, 0x08C4, 0x08C4, 0x08C4, 0x08C4, 0x08C4, 0x08C4, \
        0x08C4, 0x08C4, 0x08C4, 0x08C4, 0x08C4, 0x08C4, 0x08C4, 0x08C4, 0x08C4, 0x08C4, 0x08C4, 0x08C4, \
        0x08C4, 0x08C4, 0x08C4, 0x08C4, 0x08C4, 0x08C4, 0x08C4, 0x08C4, 0x08C4, 0x08C4, 0x08C4, 0x08C4, \
        0x08C4, 0x08C4, 0x08C4, 0x08C4, 0x08C4, 0x08C4, 0x08C4, 0x08C4, 0x08C4, 0x08C4, 0x08C4, 0x08C4, \
        0x08C4, 0x08C4, 0x08C4, 0x08C4, 0x08C4, 0x08C4, 0x08C4, 0x08C4, 0x08C4, 0x08C4, 0x08C4, 0x08C4, \
        0x08C4, 0x08C4, 0x08C4, 0x08C4, 0x08C4, 0x08C4, 0x08C4, 0x08C4, 0x08C4, 0x08C4, 0x08C4, 0x08C4, \
        0x08C4, 0x08C4, 0x08C4, 0x08C4, 0x08C4, 0x08C4, 0x08C4, 0x08C4, 0x08C4, 0x08C4, 0x08C4, 0x08C4, \
        0x08C4, 0x08C4, 0x08C4, 0x08C4, 0x08C4, 0x08C4, 0x08C4, 0x08C4, 0x08C4, 0x08C4, 0x08C4, 0x08C4, \
        0x08C4, 0x08C4, 0x08C4, 0x08C4, 0x08C4, 0x08C4, 0x08C4, 0x08C4, 0x08C4, 0x08C4, 0x08C4, 0x08C4, \
        0x08C4, 0x08C4, 0x08C4, 0x08C4, 0x08C4, 0x08C4, 0x08C4, 0x08C4, 0x08C4, 0x08C4, 0x08C4, 0x08C4, \
        0x08C4, 0x08C4, 0x08C4, 0x08C4, 0x08C4, 0x08C4, 0x08C4, 0x08C4, 0x08C4, 0x08C4, 0x08C4, 0x08C4, \
        0x08C4, 0x08C4, 0x08C4, 0x08C4, 0x08C4, 0x08C4, 0x08C4, 0x08C4, 0x08C4, 0x08C4, 0x08C4, 0x08C4, \
        0x08C4, 0x08C4, 0x08C4, 0x08C4, 0x08C4, 0x08C4, 0x08C4, 0x08C4, 0x08C4, 0x08C4, 0x08C4, 0x08C4, \
        0x08E4, 0x08C4, 0x08C4, 0x08C4, 0x08C4, 0x08C4, 0x08C4, 0x08C4, 0x08C4, 0x08C4, 0x08C4, 0x08C4, \
        0x08C4, 0x08C4, 0x08E4, 0x10E4, 0x08C4, 0x08C4, 0x08C4, 0x08C4, 0x08C4, 0x08C4, 0x08C4, 0x08C4, \
        0x08C4, 0x08C4, 0x08C4, 0x08C4, 0x08C4, 0x08C4, 0x08C4, 0x08C4, 0x08C4, 0x08C4, 0x08E4, 0x1104, \
        0x08E4, 0x08C4, 0x08C4, 0x08C4, 0x08C4, 0x08C4, 0x08C4, 0x08C4, 0x08C4, 0x08C4, 0x08C4, 0x08C4, \
        0x08C4, 0x08C4, 0x08C4, 0x08C4, 0x10E4, 0x10E4, 0x10E4, 0x08C4, 0x08C4, 0x08C4, 0x08C4, 0x08C4, \
        0x08C4, 0x08C4, 0x08C4, 0x08C4, 0x08C4, 0x08C4, 0x08C4, 0x08C4, 0x08C4, 0x08E4, 0x10E4, 0x1105, \
        0x10E4, 0x08E4, 0x08E4, 0x08E4, 0x08C4, 0x08C4, 0x08C4, 0x08C4, 0x08C4, 0x08C4, 0x08C4, 0x08C4, \
        0x08C4, 0x08C4, 0x08C4, 0x08C4, 0x08C4, 0x08C4, 0x08C4, 0x08C4, 0x08C4, 0x08C4, 0x08C4, 0x08C4, \
        0x08C4, 0x08C4, 0x08C4, 0x08C4, 0x08C4, 0x08C4, 0x08C4, 0x08C4, 0x08C4, 0x08C4, 0x08C4, 0x08C4, \
        0x08C4, 0x08C4, 0x08C4, 0x08C4, 0x08C3, 0x08C4, 0x08C4, 0x08E4, 0x08E4, 0x08C4, 0x08C4, 0x08C4, \
        0x08C4, 0x08C4, 0x08C4, 0x08E4, 0x08E4, 0x08C4, 0x08C4, 0x08C4, 0x08C4, 0x08C4, 0x08C4, 0x08C4, \
        0x08C4, 0x08C4, 0x08C4, 0x08E4, 0x10E4, 0x08C4, 0x08C4, 0x08C4, 0x08C4, 0x08C4, 0x08C4, 0x08C4, \
        0x08C4, 0x08C4, 0x08C4, 0x08C4, 0x08C4, 0x08C4, 0x08C4, 0x08C4, 0x10E4, 0x10E4, 0x10E4, 0x10E4, \
        0x08E4, 0x08C4, 0x08C4, 0x08C4, 0x08C4, 0x08C4, 0x08C4, 0x08C4, 0x08C4, 0x08C4, 0x08C4, 0x08C4, \
        0x08C4, 0x08C4, 0x08C4, 0x08C4, 0x08C4, 0x08C4, 0x08C4, 0x08C4, 0x08C4, 0x08C4, 0x08C4, 0x08C4, \
        0x08C4, 0x08C4, 0x08C4, 0x08C4, 0x08C4, 0x08C4, 0x08C4, 0x08C4, 0x08C4, 0x08C4, 0x08C4, 0x08C4, \
        0x08C4, 0x08C4, 0x08C4, 0x08C4, 0x08C4, 0x08C4, 0x08C4, 0x08C4, 0x08C4, 0x08C4, 0x08C4, 0x08C4, \
        0x08C4, 0x08C4, 0x08C4, 0x08C4, 0x08C4, 0x08C4, 0x08C4, 0x08C4, 0x08C4, 0x08C4, 0x08C4, 0x08C4, \
        0x08C4, 0x08C4, 0x08C4, 0x08C4, 0x08C4, 0x08C4, 0x08C4, 0x08C4, 0x08C4, 0x08C4, 0x08C4, 0x08C4, \
        0x08C4, 0x08C4, 0x08C4, 0x08C4, 0x08C4, 0x08C4, 0x08C4, 0x08C4, 0x08C4, 0x08C4, 0x08C4, 0x08C4, \
        0x08C4, 0x08C4, 0x08C4, 0x08C4, 0x08C4, 0x08C4, 0x08C4, 0x08C4, 0x08C4, 0x08C4, 0x08C4, 0x08C4, \
        0x08C4, 0x08C4, 0x08C4, 0x08C4, 0x08C4, 0x08C4, 0x08C4, 0x08C4, 0x08C4, 0x08C4, 0x08C4, 0x08C4, \
        0x08C4, 0x08C4, 0x08C4, 0x08C4, 0x08C4, 0x08C4, 0x08C4, 0x08C4, 0x08C4, 0x08C4, 0x08C4, 0x08C4, \
        0x08C4, 0x08C4, 0x08C4, 0x08C4, 0x08C4, 0x08C4, 0x08C4, 0x08C4, 0x08C4, 0x08C4, 0x08C4, 0x08C4, \
        0x08C4, 0x08C4, 0x08C4, 0x08C4, 0x08C4, 0x08C4, 0x08C4, 0x08C4, 0x08C4, 0x08C4, 0x08C4, 0x08C4, \
        0x08C4, 0x08C4, 0x08C4, 0x08C4, 0x08C4, 0x08C4, 0x08C4, 0x08C4, 0x08C4, 0x08C4, 0x08C4, 0x08C4, \
        0x08C4, 0x08C4, 0x08C4, 0x08C4, 0x08C4, 0x08C4, 0x08C4, 0x08C4, 0x08E4, 0x08C4, 0x08C4, 0x08C4, \
        0x08C4, 0x08C4, 0x08C4, 0x08C4, 0x08C4, 0x08C4, 0x08C4, 0x08C4, 0x08C4, 0x08C4, 0x08C4, 0x08E4, \
        0x10E4, 0x08E4, 0x08C4, 0x08C4, 0x08C4, 0x08C4, 0x08C4, 0x08C4, 0x08C4, 0x08C4, 0x08C4, 0x08C4, \
        0x08C4, 0x08C4, 0x08C4, 0x08C4, 0x08C4, 0x08C4, 0x08C4, 0x08C4, 0x10E4, 0x10E4, 0x08E4, 0x08E4, \
        0x08C4, 0x08C4, 0x08C4, 0x08C4, 0x08C4, 0x08C4, 0x08C4, 0x08C4, 0x08C4, 0x08C4, 0x08C4, 0x08C4, \
        0x08C4, 0x08E4, 0x10E4, 0x10E4, 0x08E4, 0x08C4, 0x08C4, 0x08C4, 0x08C4, 0x08C4, 0x08C4, 0x08C4, \
        0x08C4, 0x08C4, 0x08C4, 0x08C4, 0x08C4, 0x08C4, 0x08C4, 0x08C4, 0x08C4, 0x08E4, 0x10E4, 0x10E4, \
        0x10E4, 0x10E4, 0x10E4, 0x08E4, 0x10E4, 0x08E4, 0x08E4, 0x10E4, 0x08E4, 0x08E4, 0x08E4, 0x08E4, \
        0x08E4, 0x08E4, 0x08E4, 0x08E4, 0x08E4, 0x08C4, 0x08C4, 0x08C4, 0x08C4, 0x08C4, 0x08C4, 0x08C4, \
        0x08C4, 0x08C4, 0x08C4, 0x08C4, 0x08C4, 0x08C4, 0x08C4, 0x08C4, 0x08C4, 0x08C4, 0x08C4, 0x08C4, \
        0x08C4, 0x08C4, 0x08C4, 0x08E4, 0x08E4, 0x08C4, 0x08C4, 0x08C4, 0x08C4, 0x08C4, 0x08C4, 0x10E4, \
        0x08C4, 0x08C4, 0x08C4, 0x08C4, 0x08C4, 0x08C4, 0x08C4, 0x08C4, 0x08C4, 0x08C4, 0x08E4, 0x08E4, \
        0x08C4, 0x08C4, 0x08C4, 0x08C4, 0x08C4, 0x08C4, 0x08C4, 0x08C4, 0x08C4, 0x08C4, 0x08C4, 0x08C4, \
        0x08C4, 0x08C4, 0x08E4, 0x10E4, 0x10E4, 0x08E4, 0x08C4, 0x08C4, 0x08C4, 0x08C4, 0x08C4, 0x08C4, \
        0x08C4, 0x08C4, 0x08C4, 0x08C4, 0x08C4, 0x08C4, 0x08C4, 0x08C4, 0x08C4, 0x08C4, 0x08C4, 0x08C4, \
        0x08C4, 0x08C4, 0x08C4, 0x08C4, 0x08C4, 0x08C4, 0x08C4, 0x08C4, 0x08C4, 0x08C4, 0x08C4, 0x08C4, \
        0x08C4, 0x08C4, 0x08C4, 0x08C4, 0x08C4, 0x08C4, 0x08C4, 0x08C4, 0x08C4, 0x08C4, 0x08C4, 0x08C4, \
        0x08C4, 0x08C4, 0x08C4, 0x08C4, 0x08C4, 0x08C4, 0x08C4, 0x08C4, 0x08C4, 0x08C4, 0x08C4, 0x08C4, \
        0x08C4, 0x08C4, 0x08C4, 0x08C4, 0x08C4, 0x08C4, 0x08C4, 0x08C4, 0x08C4, 0x08C4, 0x08C4, 0x08C4, \
        0x08C4, 0x08C4, 0x08C4, 0x08C4, 0x08C4, 0x08C4, 0x08C4, 0x08C4, 0x08C4, 0x08C4, 0x08C4, 0x08C4, \
        0x08C4, 0x08C4, 0x08C4, 0x08C4, 0x08C4, 0x08C4, 0x08C4, 0x08C4, 0x08C4, 0x08C4, 0x08C4, 0x08C4, \
        0x08C4, 0x08C4, 0x08C4, 0x08C4, 0x08C4, 0x08C4, 0x08C4, 0x08C4, 0x08C4, 0x08C4, 0x08C4, 0x08C4, \
        0x08C4, 0x08C4, 0x08C4, 0x08C4, 0x08C4, 0x08C4, 0x08C4, 0x08C4, 0x08C4, 0x08C4, 0x08C4, 0x08C4, \
        0x08C4, 0x08C4, 0x08C4, 0x08C4, 0x08C4, 0x08C4, 0x08C4, 0x08C4, 0x08C4, 0x08C4, 0x08C4, 0x08C4, \
        0x08C4, 0x08C4, 0x08C4, 0x08C4, 0x08C4, 0x08C4, 0x08C4, 0x08C4, 0x08C4, 0x08C4, 0x08C4, 0x08C4, \
        0x08C4, 0x08C4, 0x08C4, 0x08C4, 0x08C4, 0x08C4, 0x08C4, 0x08C4, 0x08C4, 0x08C4, 0x08C4, 0x08C4, \
        0x08C4, 0x08C4, 0x08C4, 0x08C4, 0x08C4, 0x08C4, 0x08C4, 0x08C4, 0x08C4, 0x08C4, 0x08C4, 0x08C4, \
        0x08C4, 0x08C4, 0x08C4, 0x08C4, 0x08C4, 0x08E4, 0x08C4, 0x08C4, 0x08C4, 0x08C4, 0x08C4, 0x08C4, \
        0x08C4, 0x08C4, 0x08C4, 0x08C4, 0x08C4, 0x08C4, 0x08C4, 0x08C4, 0x08C4, 0x08E4, 0x08E4, 0x08C4, \
        0x08C4, 0x08C4, 0x08C4, 0x08C4, 0x08C4, 0x08C4, 0x08C4, 0x08C4, 0x08C4, 0x08C4, 0x08C4, 0x08C4, \
        0x08C4, 0x08C4, 0x08C4, 0x08C4, 0x08C4, 0x08C4, 0x08E4, 0x10E4, 0x08E4, 0x08E4, 0x08C4, 0x08C4, \
        0x08C4, 0x08C4, 0x08C4, 0x08C4, 0x08C4, 0x08C4, 0x08C4, 0x08C4, 0x08C4, 0x08C4, 0x08C4, 0x10E4, \
        0x10E4, 0x10E4, 0x08E4, 0x08C4, 0x08C4, 0x08C4, 0x08C4, 0x08C4, 0x08C4, 0x08C4, 0x08C4, 0x08C4, \
        0x08C4, 0x08C4, 0x08C4, 0x08C4, 0x08C4, 0x08C4, 0x08C4, 0x08C4, 0x08C4, 0x08C4, 0x08C4, 0x08E4, \
        0x08E4, 0x08E4, 0x08E4, 0x10E4, 0x10E4, 0x08E4, 0x08E4, 0x08E4, 0x08E4, 0x08E4, 0x08E4, 0x08E4, \
        0x08E4, 0x08E4, 0x08E4, 0x08E4, 0x08C4, 0x08C4, 0x08C4, 0x08C4, 0x08C4, 0x08C4, 0x08C4, 0x08C4, \
        0x08C4, 0x08C4, 0x08C4, 0x08C4, 0x08C4, 0x08C4, 0x08C4, 0x08C4, 0x08C4, 0x08C4, 0x08C4, 0x08E4, \
        0x08C4, 0x08C4, 0x08C4, 0x08C4, 0x08C4, 0x08C4, 0x08C4, 0x08E4, 0x08C4, 0x08C3, 0x08C3, 0x08C4, \
        0x08C4, 0x08C4, 0x08C4, 0x08C4, 0x08C4, 0x08E4, 0x08E4, 0x08C4, 0x08C4, 0x08C4, 0x08C4, 0x08C4, \
        0x08C4, 0x08C4, 0x08C4, 0x08C4, 0x08C4, 0x08C4, 0x08C4, 0x08C4, 0x08E4, 0x08E4, 0x08E4, 0x08E4, \
        0x08C4, 0x08C4, 0x08C4, 0x08C4, 0x08C4, 0x08C4, 0x08C4, 0x08C4, 0x08C4, 0x08C4, 0x08C4, 0x08C4, \
        0x08C4, 0x08C4, 0x08C4, 0x08C4, 0x08C4, 0x08C4, 0x08C4, 0x08C4, 0x08C4, 0x08C4, 0x08C4, 0x08C4, \
        0x08C4, 0x08C4, 0x08C4, 0x08C4, 0x08C4, 0x08C4, 0x08C4, 0x08C4, 0x08C4, 0x08C4, 0x08C4, 0x08C4, \
        0x08C4, 0x08C4, 0x08C4, 0x08C4, 0x08C4, 0x08C4, 0x08C4, 0x08C4, 0x08C4, 0x08C4, 0x08C4, 0x08C4, \
        0x08C4, 0x08C4, 0x08C4, 0x08C4, 0x08C4, 0x08C4, 0x08C4, 0x08C4, 0x08C4, 0x08C4, 0x08C4, 0x08C4, \
        0x08C4, 0x08C4, 0x08C4, 0x08C4, 0x08C4, 0x08C4, 0x08C4, 0x08C4, 0x08C4, 0x08C4, 0x08C4, 0x08C4, \
        0x08C4, 0x08C4, 0x08C4, 0x08C4, 0x08C4, 0x08C4, 0x08C4, 0x08C4, 0x08C4, 0x08C4, 0x08C4, 0x08C4, \
        0x08C4, 0x08C4, 0x08C4, 0x08C4, 0x08C4, 0x08C4, 0x08C4, 0x08C4, 0x08C4, 0x08C4, 0x08C4, 0x08C4, \
        0x08C4, 0x08C4, 0x08C4, 0x08C4, 0x08C4, 0x08C4, 0x08C4, 0x08C4, 0x08C4, 0x08C4, 0x08C4, 0x08C4, \
        0x08C4, 0x08C4, 0x08C4, 0x08C4, 0x08C4, 0x08C4, 0x08C4, 0x08C4, 0x08C4, 0x08C4, 0x08C4, 0x08C4, \
        0x08C4, 0x08C4, 0x08C4, 0x08C4, 0x08C4, 0x08C4, 0x08C4, 0x08C4, 0x08C4, 0x08C4, 0x08C4, 0x08C4, \
        0x08C4, 0x08C4, 0x08C4, 0x08C4, 0x08C4, 0x08C4, 0x08C4, 0x08C4, 0x08C4, 0x08C4, 0x08C4, 0x08C4, \
        0x08C4, 0x08C4, 0x08C4, 0x08C4, 0x08C4, 0x08C4, 0x08C4, 0x08C4, 0x08C4, 0x08C4, 0x08C4, 0x08C4, \
        0x08C4, 0x08C4, 0x08C4, 0x08C4, 0x08C4, 0x08C4, 0x08C4, 0x08C4, 0x08C4, 0x08C4, 0x08C4, 0x08C4, \
        0x08C4, 0x08E4, 0x10E4, 0x08C4, 0x08C4, 0x08C4, 0x08C4, 0x08C4, 0x08C4, 0x08C4, 0x08C4, 0x08C4, \
        0x08C4, 0x08C4, 0x08C4, 0x08C4, 0x08C4, 0x08C4, 0x08E4, 0x10E4, 0x10E4, 0x08C4, 0x08C4, 0x08C4, \
        0x08C4, 0x08C4, 0x08C4, 0x08C4, 0x08C4, 0x08C4, 0x08C4, 0x08C4, 0x08C4, 0x08C4, 0x08C4, 0x08C4, \
        0x08C4, 0x08C4, 0x08C4, 0x08C4, 0x08E4, 0x10E4, 0x10E4, 0x08C4, 0x08C4, 0x08C4, 0x08C4, 0x08C4, \
        0x08C4, 0x08C4, 0x08C4, 0x08C4, 0x08C4, 0x08C4, 0x08C4, 0x08C4, 0x08C4, 0x10E4, 0x08E4, 0x10E4, \
        0x08E4, 0x08C4, 0x08C4, 0x08C4, 0x08C4, 0x08C4, 0x08C4, 0x08C4, 0x08C4, 0x08C4, 0x08C4, 0x08C4, \
        0x08C4, 0x08C4, 0x08C4, 0x08C4, 0x08C4, 0x08C4, 0x08C4, 0x08C4, 0x08C4, 0x08C4, 0x08C4, 0x08C4, \
        0x08C4, 0x08C4, 0x08C4, 0x08C4, 0x08C4, 0x08C4, 0x08C4, 0x08C4, 0x08C4, 0x08C4, 0x08C4, 0x08E4, \
        0x08C4, 0x08E4, 0x08E4, 0x08C4, 0x08C4, 0x08C4, 0x08C4, 0x08C4, 0x08C4, 0x08C4, 0x08C4, 0x08C4, \
        0x08C4, 0x08C4, 0x08C4, 0x08C4, 0x08C4, 0x08C4, 0x08C4, 0x08E4, 0x08C4, 0x08C4, 0x08C4, 0x08C4, \
        0x08C4, 0x08C4, 0x08E4, 0x08E4, 0x08C4, 0x08C4, 0x08C3, 0x08C4, 0x08C4, 0x08C4, 0x08C4, 0x08C4, \
        0x08C4, 0x08E4, 0x08C4, 0x08C4, 0x08C4, 0x08C4, 0x08C4, 0x08C4, 0x08C4, 0x08C4, 0x08C4, 0x08C4, \
        0x08C4, 0x08C4, 0x08E4, 0x08E4, 0x08E4, 0x08C4, 0x08C4, 0x08C4, 0x08C4, 0x08C4, 0x08C4, 0x08C4, \
        0x08C4, 0x08C4, 0x08C4, 0x08C4, 0x08C4, 0x08C4, 0x08C4, 0x08C4, 0x08C4, 0x08C4, 0x08C4, 0x08C4, \
        0x08C4, 0x08C4, 0x08C4, 0x08C4, 0x08C4, 0x08C4, 0x08C4, 0x08C4, 0x08C4, 0x08C4, 0x08C4, 0x08C4, \
        0x08C4, 0x08C4, 0x08C4, 0x08C4, 0x08C4, 0x08C4, 0x08C4, 0x08C4, 0x08C4, 0x08C4, 0x08C4, 0x08C4, \
        0x08C4, 0x08C4, 0x08C4, 0x08C4, 0x08C4, 0x08C4, 0x08C4, 0x08C4, 0x08C4, 0x08C4, 0x08C4, 0x08C4, \
        0x08C4, 0x08C4, 0x08C4, 0x08C4, 0x08C4, 0x08C4, 0x08C4, 0x08C4, 0x08C4, 0x08C4, 0x08C4, 0x08C4, \
        0x08C4, 0x08C4, 0x08C4, 0x08C4, 0x08C4, 0x08C4, 0x08C4, 0x08C4, 0x08C4, 0x08C4, 0x08C4, 0x08C4, \
        0x08C4, 0x08C4, 0x08C4, 0x08C4, 0x08C4, 0x08C4, 0x08C4, 0x08C4, 0x08C4, 0x08C4, 0x08C4, 0x08C4, \
        0x08C4, 0x08C4, 0x08C4, 0x08C4, 0x08C4, 0x08C4, 0x08C4, 0x08C4, 0x08C4, 0x08C4, 0x08C4, 0x08C4, \
        0x08C4, 0x08C4, 0x08C4, 0x08C4, 0x08C4, 0x08C4, 0x08C4, 0x08C4, 0x08C4, 0x08C4, 0x08C4, 0x08C4, \
        0x08C4, 0x08C4, 0x08C4, 0x08C4, 0x08C4, 0x08C4, 0x08C4, 0x08C4, 0x08C4, 0x08C4, 0x08C4, 0x08C4, \
        0x08C4, 0x08C4, 0x08C4, 0x08C4, 0x08C4, 0x08C4, 0x08C4, 0x08C4, 0x08C4, 0x08C4, 0x08C4, 0x08C4, \
        0x08C4, 0x08C4, 0x08C4, 0x08C4, 0x08C4, 0x08C4, 0x08C4, 0x08C4, 0x08C4, 0x08C4, 0x08C4, 0x08C4, \
        0x08C4, 0x08C4, 0x08C4, 0x08C4, 0x08C4, 0x08C4, 0x08C4, 0x08C4, 0x08C4, 0x08C4, 0x08C4, 0x08C4, \
        0x08C4, 0x08C4, 0x08C4, 0x08C4, 0x08C4, 0x08C4, 0x08C4, 0x08C4, 0x08C4, 0x08C4, 0x08E4, 0x10E4, \
        0x08C4, 0x08C4, 0x08C4, 0x08C4, 0x08C4, 0x08C4, 0x08C4, 0x08C4, 0x08C4, 0x08C4, 0x08C4, 0x08C4, \
        0x08C4, 0x08C4, 0x08C4, 0x08E4, 0x08E4, 0x10E4, 0x10E4, 0x08C4, 0x08C4, 0x08C4, 0x08C4, 0x08C4, \
        0x08C4, 0x08C4, 0x08C4, 0x08C4, 0x08C4, 0x08C4, 0x08C4, 0x08C4, 0x08C4, 0x08C4, 0x08C4, 0x08C4, \
        0x08C4, 0x08C4, 0x08E4, 0x1105, 0x10E4, 0x08C4, 0x08C4, 0x08C4, 0x08C4, 0x08C4, 0x08C4, 0x08C4, \
        0x08C4, 0x08C4, 0x08C4, 0x08C4, 0x08C4, 0x08C4, 0x08C4, 0x08E4, 0x10E4, 0x10E4, 0x08E4, 0x08C4, \
        0x08C4, 0x08C4, 0x08C4, 0x08C4, 0x08C4, 0x08C4, 0x08C4, 0x08C4, 0x08C4, 0x08C4, 0x08C4, 0x08C4, \
        0x08C4, 0x08C4, 0x08C4, 0x08C4, 0x08C4, 0x08C4, 0x08C4, 0x08C4, 0x08C4, 0x08C4, 0x08C4, 0x08C4, \
        0x08C4, 0x08C4, 0x08C4, 0x08C4, 0x08C4, 0x08C4, 0x08C4, 0x08C4, 0x08C4, 0x08E4, 0x08E4, 0x08E4, \
        0x08C4, 0x08C4, 0x08C4, 0x08C4, 0x08C4, 0x08C4, 0x08C4, 0x08C4, 0x08C4, 0x08C4, 0x08C4, 0x08C4, \
        0x08C4, 0x08C4, 0x08E4, 0x08E4, 0x08C4, 0x08C4, 0x08C4, 0x08C4, 0x08C4, 0x08C4, 0x08E4, 0x08E4, \
        0x08C3, 0x08C4, 0x08C4, 0x08C3, 0x08C4, 0x08C4, 0x08C4, 0x08C4, 0x08E4, 0x08C4, 0x08C4, 0x08C4, \
        0x08C4, 0x08C4, 0x08C4, 0x08C4, 0x08C4, 0x08C4, 0x08C4, 0x08C4, 0x08C4, 0x08E4, 0x08E4, 0x08C4, \
        0x08C4, 0x08C4, 0x08C4, 0x08C4, 0x08C4, 0x08C4, 0x08C4, 0x08C4, 0x08C4, 0x08C4, 0x08C4, 0x08C4, \
        0x08C4, 0x08C4, 0x08C4, 0x08C4, 0x08C4, 0x08C4, 0x08C4, 0x08C4, 0x08C4, 0x08C4, 0x08C4, 0x08C4, \
        0x08C4, 0x08C4, 0x08C4, 0x08C4, 0x08C4, 0x08C4, 0x08C4, 0x08C4, 0x08C4, 0x08C4, 0x08C4, 0x08C4, \
        0x08C4, 0x08C4, 0x08C4, 0x08C4, 0x08C4, 0x08C4, 0x08C4, 0x08C4, 0x08C4, 0x08C4, 0x08C4, 0x08C4, \
        0x08C4, 0x08C4, 0x08C4, 0x08C4, 0x08C4, 0x08C4, 0x08C4, 0x08C4, 0x08C4, 0x08C4, 0x08C4, 0x08C4, \
        0x08C4, 0x08C4, 0x08C4, 0x08C4, 0x08C4, 0x08C4, 0x08C4, 0x08C4, 0x08C4, 0x08C4, 0x08C4, 0x08C4, \
        0x08C4, 0x08C4, 0x08C4, 0x08C4, 0x08C4, 0x08C4, 0x08C4, 0x08C4, 0x08C4, 0x08C4, 0x08C4, 0x08C4, \
        0x08C4, 0x08C4, 0x08C4, 0x08C4, 0x08C4, 0x08C4, 0x08C4, 0x08C4, 0x08C4, 0x08C4, 0x08C4, 0x08C4, \
        0x08C4, 0x08C4, 0x08C4, 0x08C4, 0x08C4, 0x08C4, 0x08C4, 0x08C4, 0x08C4, 0x08C4, 0x08C4, 0x08C4, \
        0x08C4, 0x08C4, 0x08C4, 0x08C4, 0x08C4, 0x08C4, 0x08C4, 0x08C4, 0x08C4, 0x08C4, 0x08C4, 0x08C4, \
        0x08C4, 0x08C4, 0x08C4, 0x08C4, 0x08C4, 0x08C4, 0x08C4, 0x08C4, 0x08C4, 0x08C4, 0x08C4, 0x08C4, \
        0x08C4, 0x08C4, 0x08C4, 0x08C4, 0x08C4, 0x08C4, 0x08C4, 0x08C4, 0x08C4, 0x08C4, 0x08C4, 0x08C4, \
        0x08C4, 0x08C4, 0x08C4, 0x08C4, 0x08C4, 0x08C4, 0x08C4, 0x08C4, 0x08C4, 0x08C4, 0x08C4, 0x08C4, \
        0x08C4, 0x08C4, 0x08C4, 0x08C4, 0x08C4, 0x08C4, 0x08C4, 0x08C4, 0x08C4, 0x08C4, 0x08C4, 0x08C4, \
        0x08C4, 0x08C4, 0x08C4, 0x08C4, 0x08C4, 0x08C4, 0x08C4, 0x10E4, 0x10E4, 0x08C4, 0x08C4, 0x08C4, \
        0x08C4, 0x08C4, 0x08C4, 0x08C4, 0x08C4, 0x08C4, 0x08C4, 0x08C4, 0x08C4, 0x08C4, 0x08C4, 0x08C4, \
        0x08C4, 0x08C4, 0x10E4, 0x10E4, 0x08E4, 0x08C4, 0x08C4, 0x08C4, 0x08C4, 0x08C4, 0x08C4, 0x08C4, \
        0x08C4, 0x08C4, 0x08C4, 0x08C4, 0x08C4, 0x08C4, 0x08C4, 0x08C4, 0x08C4, 0x08C4, 0x08C4, 0x08C4, \
        0x08E4, 0x1105, 0x10E4, 0x08C4, 0x08C4, 0x08C4, 0x08C4, 0x08C4, 0x08C4, 0x08C4, 0x08C4, 0x08C4, \
        0x08C4, 0x08C4, 0x08C4, 0x08C4, 0x08C4, 0x08C4, 0x10E4, 0x10E4, 0x08C4, 0x08C4, 0x08C4, 0x08C4, \
        0x08C4, 0x08C4, 0x08C4, 0x08C4, 0x08C4, 0x08C4, 0x08C4, 0x08C4, 0x08C4, 0x08C4, 0x08C4, 0x08C4, \
        0x08C4, 0x08C4, 0x08C4, 0x08C4, 0x08C4, 0x08C4, 0x08C4, 0x08C4, 0x08C4, 0x08C4, 0x08C4, 0x08C4, \
        0x08C4, 0x08C4, 0x08C4, 0x08C4, 0x08C4, 0x08C4, 0x08C4, 0x08C4, 0x10E4, 0x10E4, 0x08C4, 0x08C4, \
        0x08C4, 0x08C4, 0x08C4, 0x08C4, 0x08C4, 0x08C4, 0x08C4, 0x08C4, 0x08C4, 0x08C4, 0x08E4, 0x08C4, \
        0x08C4, 0x08C4, 0x08C4, 0x08C4, 0x08C4, 0x08C4, 0x08E4, 0x08E4, 0x08C4, 0x08C3, 0x08C3, 0x08C4, \
        0x08C4, 0x08C4, 0x08C4, 0x08E4, 0x08E4, 0x08C4, 0x08C4, 0x08C4, 0x08C4, 0x08C4, 0x08C4, 0x08C4, \
        0x08C4, 0x08C4, 0x08C4, 0x08C4, 0x10E4, 0x08E4, 0x08C4, 0x08C4, 0x08C4, 0x08C4, 0x08C4, 0x08C4, \
        0x08C4, 0x08C4, 0x08C4, 0x08C4, 0x08C4, 0x08C4, 0x08C4, 0x08C4, 0x08C4, 0x08C4, 0x08C4, 0x08C4, \
        0x08C4, 0x08C4, 0x08C4, 0x08C4, 0x08C4, 0x08C4, 0x08C4, 0x08C4, 0x08C4, 0x08C4, 0x08C4, 0x08C4, \
        0x08C4, 0x08C4, 0x08C4, 0x08C4, 0x08C4, 0x08C4, 0x08C4, 0x08C4, 0x08C4, 0x08C4, 0x08C4, 0x08C4, \
        0x08C4, 0x08C4, 0x08C4, 0x08C4, 0x08C4, 0x08C4, 0x08C4, 0x08C4, 0x08C4, 0x08C4, 0x08C4, 0x08C4, \
        0x08C4, 0x08C4, 0x08C4, 0x08C4, 0x08C4, 0x08C4, 0x08C4, 0x08C4, 0x08C4, 0x08C4, 0x08C4, 0x08C4, \
        0x08C4, 0x08C4, 0x08C4, 0x08C4, 0x08C4, 0x08C4, 0x08C4, 0x08C4, 0x08C4, 0x08C4, 0x08C4, 0x08C4, \
        0x08C4, 0x08C4, 0x08C4, 0x08C4, 0x08C4, 0x08C4, 0x08C4, 0x08C4, 0x08C4, 0x08C4, 0x08C4, 0x08C4, \
        0x08C4, 0x08C4, 0x08C4, 0x08C4, 0x08C4, 0x08C4, 0x08C4, 0x08C4, 0x08C4, 0x08C4, 0x08C4, 0x08C4, \
        0x08C4, 0x08C4, 0x08C4, 0x08C4, 0x08C4, 0x08C4, 0x08C4, 0x08C4, 0x08C4, 0x08C4, 0x08C4, 0x08C4, \
        0x08C4, 0x08C4, 0x08C4, 0x08C4, 0x08C4, 0x08C4, 0x08C4, 0x08C4, 0x08C4, 0x08C4, 0x08C4, 0x08C4, \
        0x08C4, 0x08C4, 0x08C4, 0x08C4, 0x08C4, 0x08C4, 0x08C4, 0x08C4, 0x08C4, 0x08C4, 0x08C4, 0x08C4, \
        0x08C4, 0x08C4, 0x08C4, 0x08C4, 0x08C4, 0x08C4, 0x08C4, 0x08C4, 0x08C4, 0x08C4, 0x08C4, 0x08C4, \
        0x08C4, 0x08C4, 0x08C4, 0x08C4, 0x08C4, 0x08C4, 0x08C4, 0x08C4, 0x08C4, 0x08C4, 0x08C4, 0x08C4, \
        0x08C4, 0x08C4, 0x08C4, 0x08C4, 0x08C4, 0x08C4, 0x08C4, 0x08C4, 0x08C4, 0x08C4, 0x08C4, 0x08C4, \
        0x08C4, 0x08C4, 0x08C4, 0x08C4, 0x08E4, 0x10E4, 0x08C4, 0x08C4, 0x08C4, 0x08C4, 0x08C4, 0x08C4, \
        0x08C4, 0x08C4, 0x08C4, 0x08C4, 0x08C4, 0x08C4, 0x08C4, 0x08C4, 0x08C4, 0x08C4, 0x08C4, 0x08C4, \
        0x10E4, 0x10E4, 0x10E4, 0x08C4, 0x08C4, 0x08C4, 0x08C4, 0x08C4, 0x08C4, 0x08C4, 0x08C4, 0x08C4, \
        0x08C4, 0x08C4, 0x08C4, 0x08C4, 0x08C4, 0x08C4, 0x08C4, 0x08C4, 0x08C4, 0x08C4, 0x08E4, 0x1105, \
        0x08E4, 0x08C4, 0x08C4, 0x08C4, 0x08C4, 0x08C4, 0x08C4, 0x08C4, 0x08C4, 0x08C4, 0x08C4, 0x08C4, \
        0x08C4, 0x08C4, 0x08C4, 0x08E4, 0x1105, 0x08E4, 0x08C4, 0x08C4, 0x08C4, 0x08C4, 0x08C4, 0x08C4, \
        0x08C4, 0x08C4, 0x08C4, 0x08C4, 0x08C4, 0x08C4, 0x08C4, 0x08C4, 0x08C4, 0x08C4, 0x08C4, 0x08C4, \
        0x08C4, 0x08C4, 0x08C4, 0x08C4, 0x08C4, 0x08C4, 0x08C4, 0x08C4, 0x08C4, 0x08C4, 0x08C4, 0x08C4, \
        0x08C4, 0x08C4, 0x08C4, 0x08C4, 0x08C4, 0x10E4, 0x10E4, 0x08C4, 0x08C4, 0x08C4, 0x08C4, 0x08C4, \
        0x08C4, 0x08C4, 0x08C4, 0x08C4, 0x08C4, 0x08C4, 0x08E4, 0x08C4, 0x08C4, 0x08C4, 0x08C4, 0x08C4, \
        0x08C4, 0x08C4, 0x08E4, 0x08E4, 0x08C3, 0x08C4, 0x08C4, 0x08C4, 0x08C4, 0x08C4, 0x08C4, 0x10E4, \
        0x08C4, 0x08C3, 0x08C4, 0x08C4, 0x08C4, 0x08C4, 0x08C4, 0x08C4, 0x08C4, 0x08C4, 0x08C4, 0x10E4, \
        0x08E4, 0x08C4, 0x08C4, 0x08C4, 0x08C4, 0x08C4, 0x08C4, 0x08C4, 0x08C4, 0x08C4, 0x08C4, 0x08C4, \
        0x08C4, 0x08C4, 0x08C4, 0x08C4, 0x08C4, 0x08C4, 0x08C4, 0x08C4, 0x08C4, 0x08C4, 0x08C4, 0x08C4, \
        0x08C4, 0x08C4, 0x08C4, 0x08C4, 0x08C4, 0x08C4, 0x08C4, 0x08C4, 0x08C4, 0x08C4, 0x08C4, 0x08C4, \
        0x08C4, 0x08C4, 0x08C4, 0x08C4, 0x08C4, 0x08C4, 0x08C4, 0x08C4, 0x08C4, 0x08C4, 0x08C4, 0x08C4, \
        0x08C4, 0x08C4, 0x08C4, 0x08C4, 0x08C4, 0x08C4, 0x08C4, 0x08C4, 0x08C4, 0x08C4, 0x08C4, 0x08C4, \
        0x08C4, 0x08C4, 0x08C4, 0x08C4, 0x08C4, 0x08C4, 0x08C4, 0x08C4, 0x08C4, 0x08C4, 0x08C4, 0x08C4, \
        0x08C4, 0x08C4, 0x08C4, 0x08C4, 0x08C4, 0x08C4, 0x08C4, 0x08C4, 0x08C4, 0x08C4, 0x08C4, 0x08C4, \
        0x08C4, 0x08C4, 0x08C4, 0x08C4, 0x08C4, 0x08C4, 0x08C4, 0x08C4, 0x08C4, 0x08C4, 0x08C4, 0x08C4, \
        0x08C4, 0x08C4, 0x08C4, 0x08C4, 0x08C4, 0x08C4, 0x08C4, 0x08C4, 0x08C4, 0x08C4, 0x08C4, 0x08C4, \
        0x08C4, 0x08C4, 0x08C4, 0x08C4, 0x08C4, 0x08C4, 0x08C4, 0x08C4, 0x08C4, 0x08C4, 0x08C4, 0x08C4, \
        0x08C4, 0x08C4, 0x08C4, 0x08C4, 0x08C4, 0x08C4, 0x08C4, 0x08C4, 0x08C4, 0x08C4, 0x08C4, 0x08C4, \
        0x08C4, 0x08C4, 0x08C4, 0x08C4, 0x08C4, 0x08C4, 0x08C4, 0x08C4, 0x08C4, 0x08C4, 0x08C4, 0x08C4, \
        0x08C4, 0x08C4, 0x08C4, 0x08C4, 0x08C4, 0x08C4, 0x08C4, 0x08C4, 0x08C4, 0x08C4, 0x08C4, 0x08C4, \
        0x08C4, 0x08C4, 0x08C4, 0x08C4, 0x08C4, 0x08C4, 0x08C4, 0x08C4, 0x08C4, 0x08C4, 0x08C4, 0x08C4, \
        0x08C4, 0x08C4, 0x08C4, 0x08C4, 0x08C4, 0x08C4, 0x08C4, 0x08C4, 0x08C4, 0x08C4, 0x08C4, 0x08C4, \
        0x08C4, 0x08E4, 0x10E4, 0x08C4, 0x08C4, 0x08C4, 0x08C4, 0x08C4, 0x08C4, 0x08C4, 0x08C4, 0x08C4, \
        0x08C4, 0x08C4, 0x08C4, 0x08C4, 0x08C4, 0x08C4, 0x08C4, 0x08C4, 0x08C4, 0x08C4, 0x08E4, 0x10E4, \
        0x10E4, 0x08E4, 0x08C4, 0x08C4, 0x08C4, 0x08C4, 0x08C4, 0x08C4, 0x08C4, 0x08C4, 0x08C4, 0x08C4, \
        0x08C4, 0x08C4, 0x08C4, 0x08C4, 0x08C4, 0x08C4, 0x08C4, 0x08C4, 0x08E4, 0x10E4, 0x08E4, 0x08C4, \
        0x08C4, 0x08C4, 0x08C4, 0x08C4, 0x08C4, 0x08C4, 0x08C4, 0x08C4, 0x08C4, 0x08C4, 0x08C4, 0x08C4, \
        0x08C4, 0x08E4, 0x1104, 0x08E4, 0x08C4, 0x08C4, 0x08C4, 0x08C4, 0x08C4, 0x08C4, 0x08C4, 0x08C4, \
        0x08C4, 0x08C4, 0x08C4, 0x08C4, 0x08C4, 0x08C4, 0x08C4, 0x08C4, 0x08C4, 0x08C4, 0x08C4, 0x08C4, \
        0x08C4, 0x08C4, 0x08C4, 0x08C4, 0x08C4, 0x08C4, 0x08C4, 0x08C4, 0x08C4, 0x08C4, 0x08C4, 0x08C4, \
        0x08C4, 0x08C4, 0x08C4, 0x10E4, 0x08C4, 0x08C4, 0x08C4, 0x08C4, 0x08C4, 0x08C4, 0x08C4, 0x08C4, \
        0x08C4, 0x10E4, 0x08C4, 0x08C4, 0x08C4, 0x08C4, 0x08C4, 0x08C4, 0x08C4, 0x08C4, 0x08E4, 0x08E4, \
        0x08C3, 0x08C3, 0x08C4, 0x08C4, 0x08C4, 0x08C4, 0x08E4, 0x08E4, 0x08C4, 0x08C3, 0x08C4, 0x08C3, \
        0x08C4, 0x08C4, 0x08C4, 0x08C4, 0x08C4, 0x08C4, 0x10E4, 0x08E4, 0x08C4, 0x08C4, 0x08C4, 0x08C4, \
        0x08C4, 0x08C4, 0x08C4, 0x08C4, 0x08C4, 0x08C4, 0x08C4, 0x08C4, 0x08C4, 0x08C4, 0x08C4, 0x08C4, \
        0x08C4, 0x08C4, 0x08C4, 0x08C4, 0x08C4, 0x08C4, 0x08C4, 0x08C4, 0x08C4, 0x08C4, 0x08C4, 0x08C4, \
        0x08C4, 0x08C4, 0x08C4, 0x08C4, 0x08C4, 0x08C4, 0x08C4, 0x08C4, 0x08C4, 0x08C4, 0x08C4, 0x08C4, \
        0x08C4, 0x08C4, 0x08C4, 0x08C4, 0x08C4, 0x08C4, 0x08C4, 0x08C4, 0x08C4, 0x08C4, 0x08C4, 0x08C4, \
        0x08C4, 0x08C4, 0x08C4, 0x08C4, 0x08C4, 0x08C4, 0x08C4, 0x08C4, 0x08C4, 0x08C4, 0x08C4, 0x08C4, \
        0x08C4, 0x08C4, 0x08C4, 0x08C4, 0x08C4, 0x08C4, 0x08C4, 0x08C4, 0x08C4, 0x08C4, 0x08C4, 0x08C4, \
        0x08C4, 0x08C4, 0x08C4, 0x08C4, 0x08C4, 0x08C4, 0x08C4, 0x08C4, 0x08C4, 0x08C4, 0x08C4, 0x08C4, \
        0x08C4, 0x08C4, 0x08C4, 0x08C4, 0x08C4, 0x08C4, 0x08C4, 0x08C4, 0x08C4, 0x08C4, 0x08C4, 0x08C4, \
        0x08C4, 0x08C4, 0x08C4, 0x08C4, 0x08C4, 0x08C4, 0x08C4, 0x08C4, 0x08C4, 0x08C4, 0x08C4, 0x08C4, \
        0x08C4, 0x08C4, 0x08C4, 0x08C4, 0x08C4, 0x08C4, 0x08C4, 0x08C4, 0x08C4, 0x08C4, 0x08C4, 0x08C4, \
        0x08C4, 0x08C4, 0x08C4, 0x08C4, 0x08C4, 0x08C4, 0x08C4, 0x08C4, 0x08C4, 0x08C4, 0x08C4, 0x08C4, \
        0x08C4, 0x08C4, 0x08C4, 0x08C4, 0x08C4, 0x08C4, 0x08C4, 0x08C4, 0x08C4, 0x08C4, 0x08C4, 0x08C4, \
        0x08C4, 0x08C4, 0x08C4, 0x08C4, 0x08C4, 0x08C4, 0x08C4, 0x08C4, 0x08C4, 0x08C4, 0x08C4, 0x08C4, \
        0x08C4, 0x08C4, 0x08C4, 0x08C4, 0x08C4, 0x08C4, 0x08C4, 0x08C4, 0x08C4, 0x08C4, 0x08C4, 0x08C4, \
        0x08C4, 0x08C4, 0x08C4, 0x08C4, 0x08C4, 0x08C4, 0x08C4, 0x08C4, 0x08C4, 0x08C4, 0x08E4, 0x10E4, \
        0x08C4, 0x08C4, 0x08C4, 0x08C4, 0x08C4, 0x08C4, 0x08C4, 0x08C4, 0x08C4, 0x08C4, 0x08C4, 0x08C4, \
        0x08C4, 0x08C4, 0x08C4, 0x08C4, 0x08C4, 0x08C4, 0x08C4, 0x08C4, 0x10C4, 0x10E4, 0x10E4, 0x08E4, \
        0x08E4, 0x08C4, 0x08C4, 0x08C4, 0x08C4, 0x08C4, 0x08C4, 0x08C4, 0x08C4, 0x08C4, 0x08C4, 0x08C4, \
        0x08C4, 0x08C4, 0x08C4, 0x08C4, 0x08C4, 0x08C4, 0x10E4, 0x1104, 0x10E4, 0x08E4, 0x08C4, 0x08C4, \
        0x08C4, 0x08C4, 0x08C4, 0x08C4, 0x08C4, 0x08C4, 0x08C4, 0x08C4, 0x08C4, 0x08C4, 0x08C4, 0x10E4, \
        0x10E4, 0x08E4, 0x08C4, 0x08C4, 0x08C4, 0x08C4, 0x08C4, 0x08C4, 0x08C4, 0x08C4, 0x08C4, 0x08C4, \
        0x08C4, 0x08C4, 0x08C4, 0x08C4, 0x08C4, 0x08C4, 0x08C4, 0x08C4, 0x08C4, 0x08C4, 0x08C4, 0x08C4, \
        0x08C4, 0x08C4, 0x08C4, 0x08C4, 0x08C4, 0x08C4, 0x08C4, 0x08C4, 0x08C4, 0x08C4, 0x08C4, 0x08C4, \
        0x10E4, 0x08E4, 0x08C4, 0x08C4, 0x08C4, 0x08C4, 0x08C4, 0x08C4, 0x10E4, 0x08E4, 0x08C4, 0x08C4, \
        0x08C4, 0x08C4, 0x08C4, 0x08C4, 0x08C4, 0x08C4, 0x08E4, 0x08E4, 0x08C4, 0x08C3, 0x08C3, 0x08C4, \
        0x08C4, 0x08C4, 0x10E4, 0x08E4, 0x08C4, 0x08C4, 0x08C4, 0x08C4, 0x08C4, 0x08C4, 0x08C4, 0x08C4, \
        0x08C4, 0x10E4, 0x08E4, 0x08C4, 0x08C4, 0x08C4, 0x08C4, 0x08C4, 0x08C4, 0x08C4, 0x08C4, 0x08C4, \
        0x08C4, 0x08C4, 0x08C4, 0x08C4, 0x08C4, 0x08C4, 0x08C4, 0x08C4, 0x08C4, 0x08C4, 0x08C4, 0x08E4, \
        0x08E4, 0x08E4, 0x08E4, 0x08C4, 0x08C4, 0x08C4, 0x08C4, 0x08C4, 0x08C4, 0x08C4, 0x08C4, 0x08C4, \
        0x08C4, 0x08C4, 0x08C4, 0x08C4, 0x08C4, 0x08C4, 0x08C4, 0x08C4, 0x08C4, 0x08C4, 0x08C4, 0x08C4, \
        0x08C4, 0x08C4, 0x08C4, 0x08C4, 0x08C4, 0x08C4, 0x08C4, 0x08C4, 0x08C4, 0x08C4, 0x08C4, 0x08C4, \
        0x08C4, 0x08C4, 0x08C4, 0x08C4, 0x08C4, 0x08C4, 0x08C4, 0x08C4, 0x08C4, 0x08C4, 0x08C4, 0x08C4, \
        0x08C4, 0x08C4, 0x08C4, 0x08C4, 0x08C4, 0x08C4, 0x08C4, 0x08C4, 0x08C4, 0x08C4, 0x08C4, 0x08C4, \
        0x08C4, 0x08C4, 0x08C4, 0x08C4, 0x08C4, 0x08C4, 0x08C4, 0x08C4, 0x08C4, 0x08C4, 0x08C4, 0x08C4, \
        0x08C4, 0x08C4, 0x08C4, 0x08C4, 0x08C4, 0x08C4, 0x08C4, 0x08C4, 0x08C4, 0x08C4, 0x08C4, 0x08C4, \
        0x08C4, 0x08C4, 0x08C4, 0x08C4, 0x08C4, 0x08C4, 0x08C4, 0x08C4, 0x08C4, 0x08C4, 0x08C4, 0x08C4, \
        0x08C4, 0x08C4, 0x08C4, 0x08C4, 0x08C4, 0x08C4, 0x08C4, 0x08C4, 0x08C4, 0x08C4, 0x08C4, 0x08C4, \
        0x08C4, 0x08C4, 0x08C4, 0x08C4, 0x08C4, 0x08C4, 0x08C4, 0x08C4, 0x08C4, 0x08C4, 0x08C4, 0x08C4, \
        0x08C4, 0x08C4, 0x08C4, 0x08C4, 0x08C4, 0x08C4, 0x08C4, 0x08C4, 0x08C4, 0x08C4, 0x08C4, 0x08C4, \
        0x08C4, 0x08C4, 0x08C4, 0x08C4, 0x08C4, 0x08C4, 0x08C4, 0x08C4, 0x08C4, 0x08C4, 0x08C4, 0x08C4, \
        0x08C4, 0x08C4, 0x08C4, 0x08C4, 0x08C4, 0x08C4, 0x08C4, 0x08C4, 0x08C4, 0x08C4, 0x08C4, 0x08C4, \
        0x08C4, 0x08C4, 0x08C4, 0x08C4, 0x08C4, 0x08C4, 0x08C4, 0x08E4, 0x10E4, 0x08E4, 0x08C4, 0x08C4, \
        0x08C4, 0x08C4, 0x08C4, 0x08C4, 0x08C4, 0x08C4, 0x08C4, 0x08C4, 0x08C4, 0x08C4, 0x08C4, 0x08C4, \
        0x08C4, 0x08C4, 0x08C4, 0x08C4, 0x08C4, 0x08C4, 0x08C4, 0x10E4, 0x10E4, 0x10E4, 0x10E4, 0x08E4, \
        0x08C4, 0x08C4, 0x08C4, 0x08C4, 0x08C4, 0x08C4, 0x08C4, 0x08C4, 0x08C4, 0x08C4, 0x08C4, 0x08C4, \
        0x08C4, 0x08C4, 0x08C4, 0x08C4, 0x10E4, 0x10E4, 0x08E4, 0x08C4, 0x08C4, 0x08C4, 0x08C4, 0x08C4, \
        0x08C4, 0x08C4, 0x08C4, 0x08C4, 0x08C4, 0x08C4, 0x08C4, 0x08C4, 0x08E4, 0x10E4, 0x10E4, 0x08E4, \
        0x08C4, 0x08C4, 0x08C4, 0x08C4, 0x08C4, 0x08C4, 0x08C4, 0x08C4, 0x08C4, 0x08C4, 0x08C4, 0x08C4, \
        0x08C4, 0x08C4, 0x08C4, 0x08C4, 0x08C4, 0x08C4, 0x08C4, 0x08C4, 0x08C4, 0x08C4, 0x08C4, 0x08C4, \
        0x08C4, 0x08C4, 0x08C4, 0x08C4, 0x08C4, 0x08C4, 0x08C4, 0x08C4, 0x08C4, 0x08E4, 0x08E4, 0x08C4, \
        0x08C4, 0x08C4, 0x08C4, 0x08C4, 0x10E4, 0x08C4, 0x08C4, 0x08C4, 0x08C4, 0x08C4, 0x08C4, 0x08C4, \
        0x08C4, 0x08C4, 0x10E4, 0x08E4, 0x08C4, 0x08C4, 0x08C4, 0x08C4, 0x08C4, 0x08C4, 0x08E4, 0x08E4, \
        0x08C4, 0x08C4, 0x08C4, 0x08C4, 0x08C4, 0x08C4, 0x08C4, 0x08C4, 0x08E4, 0x08E4, 0x08C4, 0x08C4, \
        0x08C4, 0x08C4, 0x08C4, 0x08C4, 0x08C4, 0x08C4, 0x08C4, 0x08C4, 0x08C4, 0x08C4, 0x08C4, 0x08C4, \
        0x08C4, 0x08C4, 0x08C4, 0x08E4, 0x10E4, 0x10E4, 0x08E4, 0x08E4, 0x08E4, 0x08E4, 0x10E4, 0x10E4, \
        0x10E4, 0x10E4, 0x10E4, 0x08C4, 0x08C4, 0x08C4, 0x08C4, 0x08C4, 0x08C4, 0x08C4, 0x08C4, 0x08C4, \
        0x08C4, 0x08C4, 0x08C4, 0x08C4, 0x08C4, 0x08C4, 0x08C4, 0x08C4, 0x08C4, 0x08C4, 0x08C4, 0x08C4, \
        0x08C4, 0x08C4, 0x08C4, 0x08C4, 0x08C4, 0x08C4, 0x08C4, 0x08C4, 0x08C4, 0x08C4, 0x08C4, 0x08C4, \
        0x08C4, 0x08C4, 0x08C4, 0x08C4, 0x08C4, 0x08C4, 0x08C4, 0x08C4, 0x08C4, 0x08C4, 0x08C4, 0x08C4, \
        0x08C4, 0x08C4, 0x08C4, 0x08C4, 0x08C4, 0x08C4, 0x08C4, 0x08C4, 0x08C4, 0x08C4, 0x08C4, 0x08C4, \
        0x08C4, 0x08C4, 0x08C4, 0x08C4, 0x08C4, 0x08C4, 0x08C4, 0x08C4, 0x08C4, 0x08C4, 0x08C4, 0x08C4, \
        0x08C4, 0x08C4, 0x08C4, 0x08C4, 0x08C4, 0x08C4, 0x08C4, 0x08C4, 0x08C4, 0x08C4, 0x08C4, 0x08C4, \
        0x08C4, 0x08C4, 0x08C4, 0x08C4, 0x08C4, 0x08C4, 0x08C4, 0x08C4, 0x08C4, 0x08C4, 0x08C4, 0x08C4, \
        0x08C4, 0x08C4, 0x08C4, 0x08C4, 0x08C4, 0x08C4, 0x08C4, 0x08C4, 0x08C4, 0x08C4, 0x08C4, 0x08C4, \
        0x08C4, 0x08C4, 0x08C4, 0x08C4, 0x08C4, 0x08C4, 0x08C4, 0x08C4, 0x08C4, 0x08C4, 0x08C4, 0x08C4, \
        0x08C4, 0x08C4, 0x08C4, 0x08C4, 0x08C4, 0x08C4, 0x08C4, 0x08C4, 0x08C4, 0x08C4, 0x08C4, 0x08C4, \
        0x08C4, 0x08C4, 0x08C4, 0x08C4, 0x08C4, 0x08C4, 0x08C4, 0x08C4, 0x08C4, 0x08C4, 0x08C4, 0x08C4, \
        0x08C4, 0x08C4, 0x08C4, 0x08C4, 0x08C4, 0x08C4, 0x08C4, 0x08C4, 0x08C4, 0x08C4, 0x08C4, 0x08C4, \
        0x08C4, 0x08C4, 0x08C4, 0x08C4, 0x08C4, 0x10E4, 0x10E4, 0x08E4, 0x08C4, 0x08C4, 0x08C4, 0x08C4, \
        0x08C4, 0x08C4, 0x08C4, 0x08C4, 0x08C4, 0x08C4, 0x08C4, 0x08C4, 0x08C4, 0x08C4, 0x08C4, 0x08C4, \
        0x08C4, 0x08C4, 0x08C4, 0x08C4, 0x08C4, 0x08E4, 0x10E4, 0x10E4, 0x10E4, 0x10E4, 0x08C4, 0x08C4, \
        0x08C4, 0x08C4, 0x08C4, 0x08C4, 0x08C4, 0x08C4, 0x08C4, 0x08C4, 0x08C4, 0x08C4, 0x08C4, 0x08C4, \
        0x08C4, 0x08C4, 0x08E4, 0x10E4, 0x08E4, 0x08C4, 0x08C4, 0x08C4, 0x08C4, 0x08C4, 0x08C4, 0x08C4, \
        0x08C4, 0x08C4, 0x08C4, 0x08C4, 0x08C4, 0x08C4, 0x10E4, 0x10E4, 0x10E4, 0x08E4, 0x08C4, 0x08C4, \
        0x08C4, 0x08C4, 0x08C4, 0x08C4, 0x08C4, 0x08C4, 0x08C4, 0x08C4, 0x08C4, 0x08C4, 0x08C4, 0x08C4, \
        0x08C4, 0x08C4, 0x08C4, 0x08C4, 0x08C4, 0x08C4, 0x08C4, 0x08C4, 0x08C4, 0x08C4, 0x08C4, 0x08C4, \
        0x08C4, 0x08C4, 0x08C4, 0x08C4, 0x08C4, 0x08C4, 0x08E4, 0x10E4, 0x08E4, 0x08C4, 0x08C4, 0x08C4, \
        0x08C4, 0x08C4, 0x08C4, 0x08C4, 0x08C4, 0x08C4, 0x08C4, 0x08C4, 0x08C4, 0x08C4, 0x08E4, 0x08E4, \
        0x08C4, 0x08C4, 0x08C4, 0x08C4, 0x08C4, 0x08C4, 0x10E4, 0x08C4, 0x08C4, 0x08C4, 0x08C4, 0x08C4, \
        0x08C4, 0x08C4, 0x08C4, 0x08C4, 0x10E4, 0x08C4, 0x08C4, 0x08C4, 0x08C4, 0x08C4, 0x08C4, 0x08C4, \
        0x08C4, 0x08C4, 0x08C4, 0x08C4, 0x08C4, 0x08C4, 0x08C4, 0x08C4, 0x08E4, 0x08E4, 0x08E4, 0x08E4, \
        0x08E4, 0x08E4, 0x08C4, 0x08C4, 0x08C4, 0x08C4, 0x08E4, 0x08E4, 0x10E4, 0x08C4, 0x08C4, 0x10E4, \
        0x10E4, 0x08E4, 0x08C4, 0x08C4, 0x08C4, 0x08C4, 0x08C4, 0x08C4, 0x08C4, 0x08C4, 0x08C4, 0x08C4, \
        0x08C4, 0x08C4, 0x08C4, 0x08C4, 0x08C4, 0x08C4, 0x08C4, 0x08C4, 0x08C4, 0x08C4, 0x08C4, 0x08C4, \
        0x08C4, 0x08C4, 0x08C4, 0x08C4, 0x08C4, 0x08C4, 0x08C4, 0x08C4, 0x08C4, 0x08C4, 0x08C4, 0x08C4, \
        0x08C4, 0x08C4, 0x08C4, 0x08C4, 0x08C4, 0x08C4, 0x08C4, 0x08C4, 0x08C4, 0x08C4, 0x08C4, 0x08C4, \
        0x08C4, 0x08C4, 0x08C4, 0x08C4, 0x08C4, 0x08C4, 0x08C4, 0x08C4, 0x08C4, 0x08C4, 0x08C4, 0x08C4, \
        0x08C4, 0x08C4, 0x08C4, 0x08C4, 0x08C4, 0x08C4, 0x08C4, 0x08C4, 0x08C4, 0x08C4, 0x08C4, 0x08C4, \
        0x08C4, 0x08C4, 0x08C4, 0x08C4, 0x08C4, 0x08C4, 0x08C4, 0x08C4, 0x08C4, 0x08C4, 0x08C4, 0x08C4, \
        0x08C4, 0x08C4, 0x08C4, 0x08C4, 0x08C4, 0x08C4, 0x08C4, 0x08C4, 0x08C4, 0x08C4, 0x08C4, 0x08C4, \
        0x08C4, 0x08C4, 0x08C4, 0x08C4, 0x08C4, 0x08C4, 0x08C4, 0x08C4, 0x08C4, 0x08C4, 0x08C4, 0x08C4, \
        0x08C4, 0x08C4, 0x08C4, 0x08C4, 0x08C4, 0x08C4, 0x08C4, 0x08C4, 0x08C4, 0x08C4, 0x08C4, 0x08C4, \
        0x08C4, 0x08C4, 0x08C4, 0x08C4, 0x08C4, 0x08C4, 0x08C4, 0x08C4, 0x08C4, 0x08C4, 0x08C4, 0x08C4, \
        0x08C4, 0x08C4, 0x08C4, 0x08C4, 0x08C4, 0x08C4, 0x08C4, 0x08C4, 0x08C4, 0x08C4, 0x08C4, 0x08C4, \
        0x08C4, 0x08C4, 0x08C4, 0x08C4, 0x08C4, 0x08C4, 0x08C4, 0x08C4, 0x08C4, 0x08C4, 0x08C4, 0x08C4, \
        0x08C4, 0x08C4, 0x08E4, 0x10E4, 0x10E4, 0x08C4, 0x08C4, 0x08C4, 0x08C4, 0x08C4, 0x08C4, 0x08C4, \
        0x08C4, 0x08C4, 0x08C4, 0x08C4, 0x08C4, 0x08C4, 0x08C4, 0x08C4, 0x08C4, 0x08C4, 0x08C4, 0x08C4, \
        0x08C4, 0x08C4, 0x08C4, 0x08C4, 0x10E4, 0x08E4, 0x10E4, 0x10E4, 0x08E4, 0x08C4, 0x08C4, 0x08C4, \
        0x08C4, 0x08C4, 0x08C4, 0x08C4, 0x08C4, 0x08C4, 0x08C4, 0x08C4, 0x08C4, 0x08C4, 0x08C4, 0x08C4, \
        0x08E4, 0x10E4, 0x08C4, 0x08C4, 0x08C4, 0x08C4, 0x08C4, 0x08C4, 0x08C4, 0x08C4, 0x08C4, 0x08C4, \
        0x08C4, 0x08C4, 0x08C4, 0x08C4, 0x10E4, 0x10E4, 0x08E4, 0x08C4, 0x08C4, 0x08C4, 0x08C4, 0x08C4, \
        0x08C4, 0x08C4, 0x08C4, 0x08C4, 0x08C4, 0x08C4, 0x08C4, 0x08C4, 0x08C4, 0x08C4, 0x08C4, 0x08C4, \
        0x08C4, 0x08C4, 0x08C4, 0x08C4, 0x08C4, 0x08C4, 0x08C4, 0x08C4, 0x08C4, 0x08C4, 0x08C4, 0x08C4, \
        0x08C4, 0x08C4, 0x08C4, 0x08E4, 0x10E4, 0x08E4, 0x08C4, 0x08C4, 0x08C4, 0x08C4, 0x08C4, 0x08C4, \
        0x08C4, 0x08C4, 0x08C4, 0x08C4, 0x08C4, 0x08C4, 0x08E4, 0x08E4, 0x08C4, 0x08C4, 0x08C4, 0x08C4, \
        0x08C4, 0x08E4, 0x10E4, 0x08C4, 0x08C4, 0x08C4, 0x08C4, 0x08C4, 0x08C4, 0x08C4, 0x08C4, 0x10E4, \
        0x08E4, 0x08C4, 0x08C4, 0x08C4, 0x08C4, 0x08C4, 0x08C4, 0x08C4, 0x08C4, 0x08C4, 0x08C4, 0x08C4, \
        0x08C4, 0x08C4, 0x08C4, 0x10E5, 0x08E4, 0x08C4, 0x08C4, 0x08C4, 0x08C4, 0x08C4, 0x08C4, 0x08C4, \
        0x08C4, 0x08C4, 0x08C4, 0x08C4, 0x08C4, 0x08C4, 0x08C4, 0x08C4, 0x08C4, 0x08E4, 0x10E4, 0x08E4, \
        0x08C4, 0x08C4, 0x08C4, 0x08C4, 0x08C4, 0x08C4, 0x08C4, 0x08C4, 0x08C4, 0x08C4, 0x08C4, 0x08C4, \
        0x08C4, 0x08C4, 0x08C4, 0x08C4, 0x08C4, 0x08C4, 0x08C4, 0x08C4, 0x08C4, 0x08C4, 0x08C4, 0x08C4, \
        0x08C4, 0x08C4, 0x08C4, 0x08C4, 0x08C4, 0x08C4, 0x08C4, 0x08C4, 0x08C4, 0x08C4, 0x08C4, 0x08C4, \
        0x08C4, 0x08C4, 0x08C4, 0x08C4, 0x08C4, 0x08C4, 0x08C4, 0x08C4, 0x08C4, 0x08C4, 0x08C4, 0x08C4, \
        0x08C4, 0x08C4, 0x08C4, 0x08C4, 0x08C4, 0x08C4, 0x08C4, 0x08C4, 0x08C4, 0x08C4, 0x08C4, 0x08C4, \
        0x08C4, 0x08C4, 0x08C4, 0x08C4, 0x08C4, 0x08C4, 0x08C4, 0x08C4, 0x08C4, 0x08C4, 0x08C4, 0x08C4, \
        0x08C4, 0x08C4, 0x08C4, 0x08C4, 0x08C4, 0x08C4, 0x08C4, 0x08C4, 0x08C4, 0x08C4, 0x08C4, 0x08C4, \
        0x08C4, 0x08C4, 0x08C4, 0x08C4, 0x08C4, 0x08C4, 0x08C4, 0x08C4, 0x08C4, 0x08C4, 0x08C4, 0x08C4, \
        0x08C4, 0x08C4, 0x08C4, 0x08C4, 0x08C4, 0x08C4, 0x08C4, 0x08C4, 0x08C4, 0x08C4, 0x08C4, 0x08C4, \
        0x08C4, 0x08C4, 0x08C4, 0x08C4, 0x08C4, 0x08C4, 0x08C4, 0x08C4, 0x08C4, 0x08C4, 0x08C4, 0x08C4, \
        0x08C4, 0x08C4, 0x08C4, 0x08C4, 0x08C4, 0x08C4, 0x08C4, 0x08C4, 0x08C4, 0x08C4, 0x08C4, 0x08C4, \
        0x08C4, 0x08C4, 0x08C4, 0x08C4, 0x08C4, 0x08C4, 0x08C4, 0x08C4, 0x08C4, 0x08C4, 0x08C4, 0x08C4, \
        0x08C4, 0x08C4, 0x08C4, 0x08C4, 0x08C4, 0x08C4, 0x08C4, 0x08C4, 0x08C4, 0x08C4, 0x08C4, 0x08C4, \
        0x08E4, 0x10E4, 0x08E4, 0x08C4, 0x08C4, 0x08C4, 0x08C4, 0x08C4, 0x08C4, 0x08C4, 0x08C4, 0x08C4, \
        0x08C4, 0x08C4, 0x08C4, 0x08C4, 0x08C4, 0x08C4, 0x08C4, 0x08C4, 0x08C4, 0x08C4, 0x08C4, 0x08C4, \
        0x08C4, 0x08C4, 0x08C4, 0x08E4, 0x10E4, 0x1105, 0x08E4, 0x08C4, 0x08C4, 0x08C4, 0x08C4, 0x08C4, \
        0x08C4, 0x08C4, 0x08C4, 0x08C4, 0x08C4, 0x08C4, 0x08C4, 0x08C4, 0x08C4, 0x08C4, 0x10E4, 0x10E4, \
        0x08C4, 0x08C4, 0x08C4, 0x08C4, 0x08C4, 0x08C4, 0x08C4, 0x08C4, 0x08C4, 0x08C4, 0x08C4, 0x08C4, \
        0x08C4, 0x08C4, 0x08E4, 0x1105, 0x08E4, 0x08C4, 0x08C4, 0x08C4, 0x08C4, 0x08C4, 0x08C4, 0x08C4, \
        0x08C4, 0x08C4, 0x08C4, 0x08C4, 0x08C4, 0x08C4, 0x08C4, 0x08C4, 0x08C4, 0x08C4, 0x08C4, 0x08C4, \
        0x08C4, 0x08C4, 0x08C4, 0x08C4, 0x08C4, 0x08C4, 0x08C4, 0x08C4, 0x08C4, 0x08C4, 0x08C4, 0x08C4, \
        0x08C4, 0x10E4, 0x10E4, 0x08C4, 0x08C4, 0x08C4, 0x08C4, 0x08C4, 0x08C4, 0x08C4, 0x08C4, 0x08C4, \
        0x08C4, 0x08C4, 0x08E4, 0x08C4, 0x08C4, 0x08C4, 0x08C4, 0x08C4, 0x08C4, 0x08E4, 0x10E4, 0x08C4, \
        0x08C4, 0x08C4, 0x08C4, 0x08C4, 0x08C4, 0x08C4, 0x08C4, 0x08E4, 0x08C4, 0x08C4, 0x08C4, 0x08C4, \
        0x08C4, 0x08C4, 0x08C4, 0x08C4, 0x08C4, 0x08C4, 0x08C4, 0x08C4, 0x08C4, 0x08E4, 0x10E4, 0x08E4, \
        0x08C4, 0x08C4, 0x08C4, 0x08C4, 0x08C4, 0x08C4, 0x08C4, 0x08C4, 0x08C4, 0x08C4, 0x08C4, 0x08C4, \
        0x08C4, 0x08C4, 0x08C4, 0x08C4, 0x08C4, 0x08C4, 0x08C4, 0x08E4, 0x10E4, 0x08E4, 0x08C4, 0x08C4, \
        0x08C4, 0x08C4, 0x08C4, 0x08C4, 0x08C4, 0x08C4, 0x08C4, 0x08C4, 0x08C4, 0x08C4, 0x08C4, 0x08C4, \
        0x08C4, 0x08C4, 0x08C4, 0x08C4, 0x08C4, 0x08C4, 0x08C4, 0x08C4, 0x08C4, 0x08C4, 0x08C4, 0x08C4, \
        0x08C4, 0x08C4, 0x08C4, 0x08C4, 0x08C4, 0x08C4, 0x08C4, 0x08C4, 0x08C4, 0x08C4, 0x08C4, 0x08C4, \
        0x08C4, 0x08C4, 0x08C4, 0x08C4, 0x08C4, 0x08C4, 0x08C4, 0x08C4, 0x08C4, 0x08C4, 0x08C4, 0x08C4, \
        0x08C4, 0x08C4, 0x08C4, 0x08C4, 0x08C4, 0x08C4, 0x08C4, 0x08C4, 0x08C4, 0x08C4, 0x08C4, 0x08C4, \
        0x08C4, 0x08C4, 0x08C4, 0x08C4, 0x08C4, 0x08C4, 0x08C4, 0x08C4, 0x08C4, 0x08C4, 0x08C4, 0x08C4, \
        0x08C4, 0x08C4, 0x08C4, 0x08C4, 0x08C4, 0x08C4, 0x08C4, 0x08C4, 0x08C4, 0x08C4, 0x08C4, 0x08C4, \
        0x08C4, 0x08C4, 0x08C4, 0x08C4, 0x08C4, 0x08C4, 0x08C4, 0x08C4, 0x08C4, 0x08C4, 0x08C4, 0x08C4, \
        0x08C4, 0x08C4, 0x08C4, 0x08C4, 0x08C4, 0x08C4, 0x08C4, 0x08C4, 0x08C4, 0x08C4, 0x08C4, 0x08C4, \
        0x08C4, 0x08C4, 0x08C4, 0x08C4, 0x08C4, 0x08C4, 0x08C4, 0x08C4, 0x08C4, 0x08C4, 0x08C4, 0x08C4, \
        0x08C4, 0x08C4, 0x08C4, 0x08C4, 0x08C4, 0x08C4, 0x08C4, 0x08C4, 0x08C4, 0x08C4, 0x08C4, 0x08C4, \
        0x08C4, 0x08C4, 0x08C4, 0x08C4, 0x08C4, 0x08C4, 0x08C4, 0x08C4, 0x08C4, 0x08C4, 0x08C4, 0x08C4, \
        0x08C4, 0x08C4, 0x08C4, 0x08C4, 0x08C4, 0x08C4, 0x08C4, 0x08C4, 0x08C4, 0x08C4, 0x08E4, 0x10E4, \
        0x08E4, 0x08C4, 0x08C4, 0x08C4, 0x08C4, 0x08C4, 0x08C4, 0x08C4, 0x08C4, 0x08C4, 0x08C4, 0x08C4, \
        0x08C4, 0x08C4, 0x08C4, 0x08C4, 0x08C4, 0x08C4, 0x08C4, 0x08C4, 0x08C4, 0x08C4, 0x08C4, 0x08C4, \
        0x08C4, 0x08C4, 0x10E4, 0x1105, 0x10E4, 0x08C4, 0x08C4, 0x08C4, 0x08C4, 0x08C4, 0x08C4, 0x08C4, \
        0x08C4, 0x08C4, 0x08C4, 0x08C4, 0x08C4, 0x08C4, 0x08C4, 0x08E4, 0x1104, 0x08E4, 0x08C4, 0x08C4, \
        0x08C4, 0x08C4, 0x08C4, 0x08C4, 0x08C4, 0x08C4, 0x08C4, 0x08C4, 0x08C4, 0x08C4, 0x08C4, 0x08C4, \
        0x10E4, 0x10E4, 0x08C4, 0x08C4, 0x08C4, 0x08C4, 0x08C4, 0x08C4, 0x08C4, 0x08C4, 0x08C4, 0x08C4, \
        0x08C4, 0x08C4, 0x08C4, 0x08C4, 0x08C4, 0x08C4, 0x08C4, 0x08C4, 0x08C4, 0x08C4, 0x08C4, 0x08C4, \
        0x08C4, 0x08C4, 0x08C4, 0x08C4, 0x08C4, 0x08C4, 0x08C4, 0x08C4, 0x08C4, 0x08C4, 0x08E4, 0x1105, \
        0x08C4, 0x08C4, 0x08C4, 0x08C4, 0x08C4, 0x08C4, 0x08C4, 0x08C4, 0x08C4, 0x08C4, 0x10E4, 0x08E4, \
        0x08C4, 0x08C4, 0x08C4, 0x08C4, 0x08C4, 0x08E4, 0x10E4, 0x08C4, 0x08C4, 0x08C4, 0x08C4, 0x08C4, \
        0x08C4, 0x08C4, 0x08E4, 0x08E4, 0x08C4, 0x08C4, 0x08C4, 0x08C4, 0x08C4, 0x08C4, 0x08C4, 0x08C4, \
        0x08C4, 0x08C4, 0x08C4, 0x08C4, 0x08E4, 0x08E4, 0x08C4, 0x08C4, 0x08C4, 0x08C4, 0x08C4, 0x08C4, \
        0x08C4, 0x08C4, 0x08C4, 0x08C4, 0x08C4, 0x08C4, 0x08C4, 0x08C4, 0x08C4, 0x08C4, 0x08C4, 0x08C4, \
        0x08C4, 0x08C4, 0x08C4, 0x08C4, 0x08C4, 0x10E4, 0x10E4, 0x08C4, 0x08C4, 0x08C4, 0x08C4, 0x08C4, \
        0x08C4, 0x08C4, 0x08C4, 0x08C4, 0x08C4, 0x08C4, 0x08C4, 0x08C4, 0x08C4, 0x08C4, 0x08C4, 0x08C4, \
        0x08C4, 0x08C4, 0x08C4, 0x08C4, 0x08C4, 0x08C4, 0x08C4, 0x08C4, 0x08C4, 0x08C4, 0x08C4, 0x08C4, \
        0x08C4, 0x08C4, 0x08C4, 0x08C4, 0x08C4, 0x08C4, 0x08C4, 0x08C4, 0x08C4, 0x08C4, 0x08C4, 0x08C4, \
        0x08C4, 0x08C4, 0x08C4, 0x08C4, 0x08C4, 0x08C4, 0x08C4, 0x08C4, 0x08C4, 0x08C4, 0x08C4, 0x08C4, \
        0x08C4, 0x08C4, 0x08C4, 0x08C4, 0x08C4, 0x08C4, 0x08C4, 0x08C4, 0x08C4, 0x08C4, 0x08C4, 0x08C4, \
        0x08C4, 0x08C4, 0x08C4, 0x08C4, 0x08C4, 0x08C4, 0x08C4, 0x08C4, 0x08C4, 0x08C4, 0x08C4, 0x08C4, \
        0x08C4, 0x08C4, 0x08C4, 0x08C4, 0x08C4, 0x08C4, 0x08C4, 0x08C4, 0x08C4, 0x08C4, 0x08C4, 0x08C4, \
        0x08C4, 0x08C4, 0x08C4, 0x08C4, 0x08C4, 0x08C4, 0x08C4, 0x08C4, 0x08C4, 0x08C4, 0x08C4, 0x08C4, \
        0x08C4, 0x08C4, 0x08C4, 0x08C4, 0x08C4, 0x08C4, 0x08C4, 0x08C4, 0x08C4, 0x08C4, 0x08C4, 0x08C4, \
        0x08C4, 0x08C4, 0x08C4, 0x08C4, 0x08C4, 0x08C4, 0x08C4, 0x08C4, 0x08C4, 0x08C4, 0x08C4, 0x08C4, \
        0x08C4, 0x08C4, 0x08C4, 0x08C4, 0x08C4, 0x08C4, 0x08C4, 0x08C4, 0x08C4, 0x08C4, 0x08C4, 0x08C4, \
        0x08C4, 0x08C4, 0x08C4, 0x08C4, 0x08C4, 0x08C4, 0x08C4, 0x08C4, 0x08C4, 0x08C4, 0x08C4, 0x08C4, \
        0x08C4, 0x08C4, 0x08C4, 0x08C4, 0x08C4, 0x08C4, 0x08C4, 0x08C4, 0x08E4, 0x10E4, 0x10E4, 0x08C4, \
        0x08C4, 0x08C4, 0x08C4, 0x08C4, 0x08C4, 0x08C4, 0x08C4, 0x08C4, 0x08C4, 0x08C4, 0x08C4, 0x08C4, \
        0x08C4, 0x08C4, 0x08C4, 0x08C4, 0x08C4, 0x08C4, 0x08C4, 0x08C4, 0x08C4, 0x08C4, 0x08C4, 0x08C4, \
        0x10E4, 0x1105, 0x10E4, 0x08C4, 0x08C4, 0x08C4, 0x08C4, 0x08C4, 0x08C4, 0x08C4, 0x08C4, 0x08C4, \
        0x08C4, 0x08C4, 0x08C4, 0x08C4, 0x08C4, 0x10E4, 0x10E4, 0x08C4, 0x08C4, 0x08C4, 0x08C4, 0x08C4, \
        0x08C4, 0x08C4, 0x08C4, 0x08C4, 0x08C4, 0x08C4, 0x08C4, 0x08C4, 0x08C4, 0x10E4, 0x1105, 0x10E4, \
        0x08C4, 0x08C4, 0x08C4, 0x08C4, 0x08C4, 0x08C4, 0x08C4, 0x08C4, 0x08C4, 0x08C4, 0x08C4, 0x08C4, \
        0x08C4, 0x08C4, 0x08C4, 0x08C4, 0x08C4, 0x08C4, 0x08C4, 0x08C4, 0x08C4, 0x08C4, 0x08C4, 0x08C4, \
        0x08C4, 0x08C4, 0x08C4, 0x08C4, 0x08C4, 0x08C4, 0x08C4, 0x08C4, 0x08C4, 0x08C4, 0x08C4, 0x08C4, \
        0x08C4, 0x08C4, 0x08C4, 0x08C4, 0x08C4, 0x08C4, 0x10E4, 0x08E4, 0x08C4, 0x08C4, 0x08C4, 0x08C4, \
        0x08C4, 0x08E4, 0x10E4, 0x08C4, 0x08C4, 0x08C4, 0x08C4, 0x08C4, 0x08C4, 0x08C4, 0x10E4, 0x08E4, \
        0x08C4, 0x08C4, 0x08C4, 0x08C4, 0x08C4, 0x08C4, 0x08C4, 0x08C4, 0x08C4, 0x08C4, 0x08C4, 0x08E4, \
        0x08E4, 0x08C4, 0x08C4, 0x08C4, 0x08C4, 0x08C4, 0x08C4, 0x08C4, 0x08C4, 0x08C4, 0x08C4, 0x08C4, \
        0x08C4, 0x08C4, 0x08C4, 0x08C4, 0x08C4, 0x08C4, 0x08C4, 0x08C4, 0x08C4, 0x08C4, 0x08C4, 0x08C4, \
        0x08C4, 0x08C4, 0x08C4, 0x1104, 0x08E4, 0x08E4, 0x08C4, 0x08C4, 0x08C4, 0x08C4, 0x08C4, 0x08C4, \
        0x08C4, 0x08C4, 0x08C4, 0x08C4, 0x08C4, 0x08C4, 0x08C4, 0x08C4, 0x08C4, 0x08C4, 0x08C4, 0x08C4, \
        0x08C4, 0x08C4, 0x08C4, 0x08C4, 0x08C4, 0x08C4, 0x08C4, 0x08C4, 0x08C4, 0x08C4, 0x08C4, 0x08C4, \
        0x08C4, 0x08C4, 0x08C4, 0x08C4, 0x08C4, 0x08C4, 0x08C4, 0x08C4, 0x08C4, 0x08C4, 0x08C4, 0x08C4, \
        0x08C4, 0x08C4, 0x08C4, 0x08C4, 0x08C4, 0x08C4, 0x08C4, 0x08C4, 0x08C4, 0x08C4, 0x08C4, 0x08C4, \
        0x08C4, 0x08C4, 0x08C4, 0x08C4, 0x08C4, 0x08C4, 0x08C4, 0x08C4, 0x08C4, 0x08C4, 0x08C4, 0x08C4, \
        0x08C4, 0x08C4, 0x08C4, 0x08C4, 0x08C4, 0x08C4, 0x08C4, 0x08C4, 0x08C4, 0x08C4, 0x08C4, 0x08C4, \
        0x08C4, 0x08C4, 0x08C4, 0x08C4, 0x08C4, 0x08C4, 0x08C4, 0x08C4, 0x08C4, 0x08C4, 0x08C4, 0x08C4, \
        0x08C4, 0x08C4, 0x08C4, 0x08C4, 0x08C4, 0x08C4, 0x08C4, 0x08C4, 0x08C4, 0x08C4, 0x08C4, 0x08C4, \
        0x08C4, 0x08C4, 0x08C4, 0x08C4, 0x08C4, 0x08C4, 0x08C4, 0x08C4, 0x08C4, 0x08C4, 0x08C4, 0x08C4, \
        0x08C4, 0x08C4, 0x08C4, 0x08C4, 0x08C4, 0x08C4, 0x08C4, 0x08C4, 0x08C4, 0x08C4, 0x08C4, 0x08C4, \
        0x08C4, 0x08C4, 0x08C4, 0x08C4, 0x08C4, 0x08C4, 0x08C4, 0x08C4, 0x08C4, 0x08C4, 0x08C4, 0x08C4, \
        0x08C4, 0x08C4, 0x08C4, 0x08C4, 0x08C4, 0x08C4, 0x08C4, 0x08C4, 0x08C4, 0x08C4, 0x08C4, 0x08C4, \
        0x08C4, 0x08C4, 0x08C4, 0x08C4, 0x08C4, 0x08C4, 0x08E4, 0x1104, 0x10E4, 0x08E4, 0x08C4, 0x08C4, \
        0x08C4, 0x08C4, 0x08C4, 0x08C4, 0x08C4, 0x08C4, 0x08C4, 0x08C4, 0x08C4, 0x08C4, 0x08C4, 0x08C4, \
        0x08C4, 0x08C4, 0x08C4, 0x08C4, 0x08C4, 0x08C4, 0x08C4, 0x08C4, 0x08C4, 0x08C4, 0x10E4, 0x10E4, \
        0x08E4, 0x08C4, 0x08C4, 0x08C4, 0x08C4, 0x08C4, 0x08C4, 0x08C4, 0x08C4, 0x08C4, 0x08C4, 0x08C4, \
        0x08C4, 0x08C4, 0x10E4, 0x10E4, 0x08C4, 0x08C4, 0x08C4, 0x08C4, 0x08C4, 0x08C4, 0x08C4, 0x08C4, \
        0x08C4, 0x08C4, 0x08C4, 0x08C4, 0x08C4, 0x08C4, 0x08C4, 0x10E4, 0x1105, 0x08E4, 0x08C4, 0x08C4, \
        0x08C4, 0x08C4, 0x08C4, 0x08C4, 0x08C4, 0x08C4, 0x08C4, 0x08C4, 0x08C4, 0x08C4, 0x08C4, 0x08C4, \
        0x08C4, 0x08C4, 0x08C4, 0x08C4, 0x08C4, 0x08C4, 0x08C4, 0x08C4, 0x08C4, 0x08C4, 0x08C4, 0x08C4, \
        0x08C4, 0x08C4, 0x08C4, 0x08C4, 0x08C4, 0x08C4, 0x08C4, 0x08C4, 0x08C4, 0x08C4, 0x08C4, 0x08C4, \
        0x08C4, 0x08C4, 0x10E4, 0x08E4, 0x08C4, 0x08C4, 0x08C4, 0x08C4, 0x08C4, 0x08E4, 0x10E4, 0x08C4, \
        0x08C4, 0x08C4, 0x08C4, 0x08C4, 0x08C4, 0x08C4, 0x08E4, 0x08E4, 0x08C4, 0x08C4, 0x08C4, 0x08C4, \
        0x08C4, 0x08C4, 0x08C4, 0x08C4, 0x08C4, 0x08C4, 0x08E4, 0x10E4, 0x08C4, 0x08C4, 0x08C4, 0x08C4, \
        0x08C4, 0x08C4, 0x08C4, 0x08C4, 0x08C4, 0x08C4, 0x08C4, 0x08C4, 0x08C4, 0x08C4, 0x08C4, 0x08C4, \
        0x08C4, 0x08C4, 0x08C4, 0x08C4, 0x08C4, 0x08C4, 0x08C4, 0x08C4, 0x08C4, 0x08C4, 0x08C4, 0x08C4, \
        0x10E4, 0x10E4, 0x08E4, 0x08C4, 0x08C4, 0x08C4, 0x08C4, 0x08C4, 0x08C4, 0x08C4, 0x08C4, 0x08C4, \
        0x08C4, 0x08C4, 0x08C4, 0x08C4, 0x08C4, 0x08C4, 0x08C4, 0x08C4, 0x08C4, 0x08C4, 0x08C4, 0x08C4, \
        0x08C4, 0x08C4, 0x08C4, 0x08C4, 0x08C4, 0x08C4, 0x08C4, 0x08C4, 0x08C4, 0x08C4, 0x08C4, 0x08C4, \
        0x08C4, 0x08C4, 0x08C4, 0x08C4, 0x08C4, 0x08C4, 0x08C4, 0x08C4, 0x08C4, 0x08C4, 0x08C4, 0x08C4, \
        0x08C4, 0x08C4, 0x08C4, 0x08C4, 0x08C4, 0x08C4, 0x08C4, 0x08C4, 0x08C4, 0x08C4, 0x08C4, 0x08C4, \
        0x08C4, 0x08C4, 0x08C4, 0x08C4, 0x08C4, 0x08C4, 0x08C4, 0x08C4, 0x08C4, 0x08C4, 0x08C4, 0x08C4, \
        0x08C4, 0x08C4, 0x08C4, 0x08C4, 0x08C4, 0x08C4, 0x08C4, 0x08C4, 0x08C4, 0x08C4, 0x08C4, 0x08C4, \
        0x08C4, 0x08C4, 0x08C4, 0x08C4, 0x08C4, 0x08C4, 0x08C4, 0x08C4, 0x08C4, 0x08C4, 0x08C4, 0x08C4, \
        0x08C4, 0x08C4, 0x08C4, 0x08C4, 0x08C4, 0x08C4, 0x08C4, 0x08C4, 0x08C4, 0x08C4, 0x08C4, 0x08C4, \
        0x08C4, 0x08C4, 0x08C4, 0x08C4, 0x08C4, 0x08C4, 0x08C4, 0x08C4, 0x08C4, 0x08C4, 0x08C4, 0x08C4, \
        0x08C4, 0x08C4, 0x08C4, 0x08C4, 0x08C4, 0x08C4, 0x08C4, 0x08C4, 0x08C4, 0x08C4, 0x08C4, 0x08C4, \
        0x08C4, 0x08C4, 0x08C4, 0x08C4, 0x08C4, 0x08C4, 0x08C4, 0x08C4, 0x08C4, 0x08C4, 0x08C4, 0x08C4, \
        0x08C4, 0x08C4, 0x08C4, 0x08C4, 0x08C4, 0x08C4, 0x08C4, 0x08C4, 0x08C4, 0x08C4, 0x08C4, 0x08C4, \
        0x08C4, 0x08C4, 0x08C4, 0x08C4, 0x08C4, 0x10E4, 0x10E4, 0x10E4, 0x10E4, 0x08E4, 0x08C4, 0x08C4, \
        0x08C4, 0x08C4, 0x08C4, 0x08C4, 0x08C4, 0x08C4, 0x08C4, 0x08C4, 0x08C4, 0x08C4, 0x08C4, 0x08C4, \
        0x08C4, 0x08C4, 0x08C4, 0x08C4, 0x08C4, 0x08C4, 0x08C4, 0x08E4, 0x10E4, 0x10E4, 0x08E4, 0x08C4, \
        0x08C4, 0x08C4, 0x08C4, 0x08C4, 0x08C4, 0x08C4, 0x08C4, 0x08C4, 0x08C4, 0x08C4, 0x08C4, 0x08E4, \
        0x10E4, 0x08E4, 0x08C4, 0x08C4, 0x08C4, 0x08C4, 0x08C4, 0x08C4, 0x08C4, 0x08C4, 0x08C4, 0x08C4, \
        0x08C4, 0x08C4, 0x08C4, 0x08C4, 0x08C4, 0x1105, 0x10E4, 0x08E4, 0x08C4, 0x08C4, 0x08C4, 0x08C4, \
        0x08C4, 0x08C4, 0x08C4, 0x08C4, 0x08C4, 0x08C4, 0x08C4, 0x08C4, 0x08C4, 0x08C4, 0x08C4, 0x08C4, \
        0x08C4, 0x08C4, 0x08C4, 0x08C4, 0x08C4, 0x08C4, 0x08C4, 0x08C4, 0x08C4, 0x08C4, 0x08C4, 0x08C4, \
        0x08C4, 0x08C4, 0x08C4, 0x08C4, 0x08C4, 0x08C4, 0x08C4, 0x08C4, 0x08C4, 0x08C4, 0x08E4, 0x08E4, \
        0x08C4, 0x08C4, 0x08C4, 0x08C4, 0x08C4, 0x08C4, 0x08E4, 0x08C4, 0x08C4, 0x08C4, 0x08C4, 0x08C4, \
        0x08C4, 0x08E4, 0x08E4, 0x08C4, 0x08C4, 0x08C4, 0x08C4, 0x08C4, 0x08C4, 0x08C4, 0x08C4, 0x08C4, \
        0x08C4, 0x08C4, 0x10E5, 0x08C4, 0x08C4, 0x08C4, 0x08C4, 0x08C4, 0x08C4, 0x08C4, 0x08C4, 0x08C4, \
        0x08C4, 0x08C4, 0x08C4, 0x08C4, 0x08C4, 0x08C4, 0x08C4, 0x08C4, 0x08C4, 0x08C4, 0x08C4, 0x08C4, \
        0x08C4, 0x08C4, 0x08C4, 0x08C4, 0x08C4, 0x08C4, 0x08C4, 0x08C4, 0x08C4, 0x08C4, 0x10E4, 0x08E4, \
        0x08C4, 0x08C4, 0x08C4, 0x08C4, 0x08C4, 0x08C4, 0x08C4, 0x08C4, 0x08C4, 0x08C4, 0x08C4, 0x08C4, \
        0x08C4, 0x08C4, 0x08C4, 0x08C4, 0x08C4, 0x08C4, 0x08C4, 0x08C4, 0x08C4, 0x08C4, 0x08C4, 0x08C4, \
        0x08C4, 0x08C4, 0x08C4, 0x08C4, 0x08C4, 0x08C4, 0x08C4, 0x08C4, 0x08C4, 0x08C4, 0x08C4, 0x08C4, \
        0x08C4, 0x08C4, 0x08C4, 0x08C4, 0x08C4, 0x08C4, 0x08C4, 0x08C4, 0x08C4, 0x08C4, 0x08C4, 0x08C4, \
        0x08C4, 0x08C4, 0x08C4, 0x08C4, 0x08C4, 0x08C4, 0x08C4, 0x08C4, 0x08C4, 0x08C4, 0x08C4, 0x08C4, \
        0x08C4, 0x08C4, 0x08C4, 0x08C4, 0x08C4, 0x08C4, 0x08C4, 0x08C4, 0x08C4, 0x08C4, 0x08C4, 0x08C4, \
        0x08C4, 0x08C4, 0x08C4, 0x08C4, 0x08C4, 0x08C4, 0x08C4, 0x08C4, 0x08C4, 0x08C4, 0x08C4, 0x08C4, \
        0x08C4, 0x08C4, 0x08C4, 0x08C4, 0x08C4, 0x08C4, 0x08C4, 0x08C4, 0x08C4, 0x08C4, 0x08C4, 0x08C4, \
        0x08C4, 0x08C4, 0x08C4, 0x08C4, 0x08C4, 0x08C4, 0x08C4, 0x08C4, 0x08C4, 0x08C4, 0x08C4, 0x08C4, \
        0x08C4, 0x08C4, 0x08C4, 0x08C4, 0x08C4, 0x08C4, 0x08C4, 0x08C4, 0x08C4, 0x08C4, 0x08C4, 0x08C4, \
        0x08C4, 0x08C4, 0x08C4, 0x08C4, 0x08C4, 0x08C4, 0x08C4, 0x08C4, 0x08C4, 0x08C4, 0x08C4, 0x08C4, \
        0x08C4, 0x08C4, 0x08C4, 0x08C4, 0x08C4, 0x08C4, 0x08C4, 0x08C4, 0x08C4, 0x08C4, 0x08C4, 0x08C4, \
        0x08C4, 0x08C4, 0x08C4, 0x08C4, 0x08C4, 0x08C4, 0x08C4, 0x08C4, 0x08C4, 0x08C4, 0x08C4, 0x08C4, \
        0x08C4, 0x08C4, 0x08C4, 0x08E4, 0x10E4, 0x08E4, 0x08E4, 0x10E4, 0x08C4, 0x08C4, 0x08C4, 0x08C4, \
        0x08C4, 0x08C4, 0x08C4, 0x08C4, 0x08C4, 0x08C4, 0x08C4, 0x08C4, 0x08C4, 0x08C4, 0x08C4, 0x08C4, \
        0x08C4, 0x08C4, 0x08C4, 0x08C4, 0x08C4, 0x08E4, 0x10E4, 0x08E4, 0x08C4, 0x08C4, 0x08C4, 0x08C4, \
        0x08C4, 0x08C4, 0x08C4, 0x08C4, 0x08C4, 0x08C4, 0x08C4, 0x08C4, 0x08C4, 0x10E4, 0x10E4, 0x10C4, \
        0x08C4, 0x08C4, 0x08C4, 0x08C4, 0x08C4, 0x08C4, 0x08C4, 0x08C4, 0x08C4, 0x08C4, 0x08C4, 0x08C4, \
        0x08C4, 0x08C4, 0x08C4, 0x10E4, 0x08E4, 0x08E4, 0x08C4, 0x08C4, 0x08C4, 0x08C4, 0x08C4, 0x08C4, \
        0x08C4, 0x08C4, 0x08C4, 0x08C4, 0x08C4, 0x08C4, 0x08C4, 0x08C4, 0x08C4, 0x08C4, 0x08C4, 0x08C4, \
        0x08C4, 0x08C4, 0x08C4, 0x08C4, 0x08C4, 0x08C4, 0x08C4, 0x08C4, 0x08C4, 0x08C4, 0x08C4, 0x08C4, \
        0x08C4, 0x08C4, 0x08C4, 0x08C4, 0x08C4, 0x08C4, 0x10E4, 0x08E4, 0x08C4, 0x08C4, 0x08C4, 0x08C4, \
        0x08C4, 0x08C4, 0x08E4, 0x08C4, 0x08C4, 0x08C4, 0x08C4, 0x08C4, 0x08C4, 0x08E4, 0x08E4, 0x08C4, \
        0x08C4, 0x08C4, 0x08C4, 0x08C4, 0x08C4, 0x08C4, 0x08C4, 0x08C4, 0x08C4, 0x10E4, 0x08C4, 0x08C4, \
        0x08C4, 0x08C4, 0x08C4, 0x08C4, 0x08C4, 0x08C4, 0x08C4, 0x08C4, 0x08C4, 0x08C4, 0x08C4, 0x08C4, \
        0x08C4, 0x08C4, 0x08C4, 0x08C4, 0x08C4, 0x08C4, 0x08C4, 0x08C4, 0x08C4, 0x08C4, 0x08C4, 0x08C4, \
        0x08C4, 0x08C4, 0x08C4, 0x08C4, 0x08C4, 0x08C4, 0x08C4, 0x10E4, 0x10E4, 0x08C4, 0x08C4, 0x08C4, \
        0x08C4, 0x08C4, 0x08C4, 0x08C4, 0x08C4, 0x08C4, 0x08C4, 0x08C4, 0x08C4, 0x08C4, 0x08C4, 0x08C4, \
        0x08C4, 0x08C4, 0x08C4, 0x08C4, 0x08C4, 0x08C4, 0x08C4, 0x08C4, 0x08C4, 0x08C4, 0x08C4, 0x08C4, \
        0x08C4, 0x08C4, 0x08C4, 0x08C4, 0x08C4, 0x08C4, 0x08C4, 0x08C4, 0x08C4, 0x08C4, 0x08C4, 0x08C4, \
        0x08C4, 0x08C4, 0x08C4, 0x08C4, 0x08C4, 0x08C4, 0x08C4, 0x08C4, 0x08C4, 0x08C4, 0x08C4, 0x08C4, \
        0x08C4, 0x08C4, 0x08C4, 0x08C4, 0x08C4, 0x08C4, 0x08C4, 0x08C4, 0x08C4, 0x08C4, 0x08C4, 0x08C4, \
        0x08C4, 0x08C4, 0x08C4, 0x08C4, 0x08C4, 0x08C4, 0x08C4, 0x08C4, 0x08C4, 0x08C4, 0x08C4, 0x08C4, \
        0x08C4, 0x08C4, 0x08C4, 0x08C4, 0x08C4, 0x08C4, 0x08C4, 0x08C4, 0x08C4, 0x08C4, 0x08C4, 0x08C4, \
        0x08C4, 0x08C4, 0x08C4, 0x08C4, 0x08C4, 0x08C4, 0x08C4, 0x08C4, 0x08C4, 0x08C4, 0x08C4, 0x08C4, \
        0x08C4, 0x08C4, 0x08C4, 0x08C4, 0x08C4, 0x08C4, 0x08C4, 0x08C4, 0x08C4, 0x08C4, 0x08C4, 0x08C4, \
        0x08C4, 0x08C4, 0x08C4, 0x08C4, 0x08C4, 0x08C4, 0x08C4, 0x08C4, 0x08C4, 0x08C4, 0x08C4, 0x08C4, \
        0x08C4, 0x08C4, 0x08C4, 0x08C4, 0x08C4, 0x08C4, 0x08C4, 0x08C4, 0x08C4, 0x08C4, 0x08C4, 0x08C4, \
        0x08C4, 0x08C4, 0x08C4, 0x08C4, 0x08C4, 0x08C4, 0x08C4, 0x08C4, 0x08C4, 0x08C4, 0x08C4, 0x08C4, \
        0x08C4, 0x08C4, 0x08C4, 0x08C4, 0x08C4, 0x08C4, 0x08C4, 0x08C4, 0x08C4, 0x08C4, 0x08C4, 0x08C4, \
        0x08C4, 0x08C4, 0x08E4, 0x08E4, 0x10E4, 0x10E4, 0x08E4, 0x08C4, 0x08C4, 0x08C4, 0x08C4, 0x08C4, \
        0x08C4, 0x08C4, 0x08C4, 0x08C4, 0x08C4, 0x08C4, 0x08C4, 0x08C4, 0x08C4, 0x08C4, 0x08C4, 0x08C4, \
        0x08C4, 0x08C4, 0x08C4, 0x08E4, 0x10E4, 0x08E4, 0x08C4, 0x08C4, 0x08C4, 0x08C4, 0x08C4, 0x08C4, \
        0x08C4, 0x08C4, 0x08C4, 0x08C4, 0x08C4, 0x08C4, 0x10E4, 0x10E4, 0x10E4, 0x08C4, 0x08C4, 0x08C4, \
        0x08C4, 0x08C4, 0x08C4, 0x08C4, 0x08C4, 0x08C4, 0x08C4, 0x08C4, 0x08C4, 0x08C4, 0x08C4, 0x08C4, \
        0x08C4, 0x08E4, 0x10E4, 0x08E4, 0x08C4, 0x08C4, 0x08C4, 0x08C4, 0x08C4, 0x08C4, 0x08C4, 0x08C4, \
        0x08C4, 0x08C4, 0x08C4, 0x08C4, 0x08C4, 0x08C4, 0x08C4, 0x08C4, 0x08C4, 0x08C4, 0x08C4, 0x08C4, \
        0x08C4, 0x08C4, 0x08C4, 0x08C4, 0x08C4, 0x08C4, 0x08C4, 0x08C4, 0x08C4, 0x08C4, 0x08C4, 0x08C4, \
        0x08C4, 0x08C4, 0x10E4, 0x08C4, 0x08C4, 0x08C4, 0x08C4, 0x08C4, 0x08C4, 0x08C4, 0x08E4, 0x08C4, \
        0x08C4, 0x08C4, 0x08C4, 0x08C4, 0x08C4, 0x08E4, 0x08E4, 0x08C4, 0x08C4, 0x08C4, 0x08C4, 0x08C4, \
        0x08C4, 0x08C4, 0x08C4, 0x08C4, 0x08E4, 0x08E4, 0x08C4, 0x08C4, 0x08C4, 0x08C4, 0x08C4, 0x08C4, \
        0x08C4, 0x08C4, 0x08C4, 0x08C4, 0x08C4, 0x08C4, 0x08C4, 0x08C4, 0x08C4, 0x08C4, 0x08C4, 0x08C4, \
        0x08C4, 0x08C4, 0x08C4, 0x08C4, 0x08C4, 0x08C4, 0x08C4, 0x08C4, 0x08C4, 0x08C4, 0x08C4, 0x08C4, \
        0x08C4, 0x08C4, 0x08C4, 0x08C4, 0x08E4, 0x08E4, 0x08C4, 0x08C4, 0x08C4, 0x08C4, 0x08C4, 0x08C4, \
        0x08C4, 0x08C4, 0x08C4, 0x08C4, 0x08C4, 0x08C4, 0x08C4, 0x08C4, 0x08C4, 0x08C4, 0x08C4, 0x08C4, \
        0x08C4, 0x08C4, 0x08C4, 0x08C4, 0x08C4, 0x08C4, 0x08C4, 0x08C4, 0x08C4, 0x08C4, 0x08C4, 0x08C4, \
        0x08C4, 0x08C4, 0x08C4, 0x08C4, 0x08C4, 0x08C4, 0x08C4, 0x08C4, 0x08C4, 0x08C4, 0x08C4, 0x08C4, \
        0x08C4, 0x08C4, 0x08C4, 0x08C4, 0x08C4, 0x08C4, 0x08C4, 0x08C4, 0x08C4, 0x08C4, 0x08C4, 0x08C4, \
        0x08C4, 0x08C4, 0x08C4, 0x08C4, 0x08C4, 0x08C4, 0x08C4, 0x08C4, 0x08C4, 0x08C4, 0x08C4, 0x08C4, \
        0x08C4, 0x08C4, 0x08C4, 0x08C4, 0x08C4, 0x08C4, 0x08C4, 0x08C4, 0x08C4, 0x08C4, 0x08C4, 0x08C4, \
        0x08C4, 0x08C4, 0x08C4, 0x08C4, 0x08C4, 0x08C4, 0x08C4, 0x08C4, 0x08C4, 0x08C4, 0x08C4, 0x08C4, \
        0x08C4, 0x08C4, 0x08C4, 0x08C4, 0x08C4, 0x08C4, 0x08C4, 0x08C4, 0x08C4, 0x08C4, 0x08C4, 0x08C4, \
        0x08C4, 0x08C4, 0x08C4, 0x08C4, 0x08C4, 0x08C4, 0x08C4, 0x08C4, 0x08C4, 0x08C4, 0x08C4, 0x08C4, \
        0x08C4, 0x08C4, 0x08C4, 0x08C4, 0x08C4, 0x08C4, 0x08C4, 0x08C4, 0x08C4, 0x08C4, 0x08C4, 0x08C4, \
        0x08C4, 0x08C4, 0x08C4, 0x08C4, 0x08C4, 0x08C4, 0x08C4, 0x08C4, 0x08C4, 0x08C4, 0x08C4, 0x08C4, \
        0x08C4, 0x08C4, 0x08C4, 0x08C4, 0x08C4, 0x08C4, 0x08C4, 0x08C4, 0x08C4, 0x08C4, 0x08C4, 0x08C4, \
        0x08C4, 0x08C4, 0x08C4, 0x08C4, 0x08C4, 0x08C4, 0x08C4, 0x08C4, 0x08C4, 0x08C4, 0x08C4, 0x08C4, \
        0x08C4, 0x08E4, 0x10E4, 0x10E4, 0x08E4, 0x08C4, 0x08C4, 0x08C4, 0x08C4, 0x08C4, 0x08C4, 0x08C4, \
        0x08C4, 0x08C4, 0x08C4, 0x08C4, 0x08C4, 0x08C4, 0x08C4, 0x08C4, 0x08C4, 0x08C4, 0x08C4, 0x08C4, \
        0x08E4, 0x10E4, 0x10E4, 0x08C4, 0x08C4, 0x08C4, 0x08C4, 0x08C4, 0x08C4, 0x08C4, 0x08C4, 0x08C4, \
        0x08C4, 0x08C4, 0x08C4, 0x10E4, 0x10E4, 0x10E4, 0x08C4, 0x08C4, 0x08C4, 0x08C4, 0x08C4, 0x08C4, \
        0x08C4, 0x08C4, 0x08C4, 0x08C4, 0x08C4, 0x08C4, 0x08C4, 0x08C4, 0x08C4, 0x08C4, 0x08E4, 0x08C4, \
        0x08E4, 0x08E4, 0x08C4, 0x08C4, 0x08C4, 0x08C4, 0x08C4, 0x08C4, 0x08C4, 0x08C4, 0x08C4, 0x08C4, \
        0x08C4, 0x08C4, 0x08C4, 0x08C4, 0x08C4, 0x08C4, 0x08C4, 0x08C4, 0x08C4, 0x08C4, 0x08C4, 0x08C4, \
        0x08C4, 0x08C4, 0x08C4, 0x08C4, 0x08C4, 0x08C4, 0x08C4, 0x08C4, 0x08C4, 0x08E4, 0x10E4, 0x08C4, \
        0x08C4, 0x08C4, 0x08C4, 0x08C4, 0x08C4, 0x08C4, 0x08E4, 0x08C4, 0x08C4, 0x08C4, 0x08C4, 0x08C4, \
        0x08C4, 0x08E4, 0x10E4, 0x08C4, 0x08C4, 0x08C4, 0x08C4, 0x08C4, 0x08C4, 0x08C4, 0x08C4, 0x08C4, \
        0x08E5, 0x08C4, 0x08C4, 0x08C4, 0x08C4, 0x08C4, 0x08C4, 0x08C4, 0x08C4, 0x08C4, 0x08C4, 0x08C4, \
        0x08C4, 0x08C4, 0x08C4, 0x08C4, 0x08C4, 0x08C4, 0x08C4, 0x08C4, 0x08C4, 0x08C4, 0x08C4, 0x08C4, \
        0x08C4, 0x08C4, 0x08C4, 0x08C4, 0x08C4, 0x08C4, 0x08C4, 0x08C4, 0x08C4, 0x08C4, 0x08C4, 0x08C4, \
        0x08C4, 0x08E4, 0x10E4, 0x08C4, 0x08C4, 0x08C4, 0x08C4, 0x08C4, 0x08C4, 0x08C4, 0x08C4, 0x08C4, \
        0x08C4, 0x08C4, 0x08C4, 0x08C4, 0x08C4, 0x08C4, 0x08C4, 0x08C4, 0x08C4, 0x08C4, 0x08C4, 0x08C4, \
        0x08C4, 0x08C4, 0x08C4, 0x08C4, 0x08C4, 0x08C4, 0x08C4, 0x08C4, 0x08C4, 0x08C4, 0x08C4, 0x08C4, \
        0x08C4, 0x08C4, 0x08C4, 0x08C4, 0x08C4, 0x08C4, 0x08C4, 0x08C4, 0x08C4, 0x08C4, 0x08C4, 0x08C4, \
        0x08C4, 0x08C4, 0x08C4, 0x08C4, 0x08C4, 0x08C4, 0x08C4, 0x08C4, 0x08C4, 0x08C4, 0x08C4, 0x08C4, \
        0x08C4, 0x08C4, 0x08C4, 0x08C4, 0x08C4, 0x08C4, 0x08C4, 0x08C4, 0x08C4, 0x08C4, 0x08C4, 0x08C4, \
        0x08C4, 0x08C4, 0x08C4, 0x08C4, 0x08C4, 0x08C4, 0x08C4, 0x08C4, 0x08C4, 0x08C4, 0x08C4, 0x08C4, \
        0x08C4, 0x08C4, 0x08C4, 0x08C4, 0x08C4, 0x08C4, 0x08C4, 0x08C4, 0x08C4, 0x08C4, 0x08C4, 0x08C4, \
        0x08C4, 0x08C4, 0x08C4, 0x08C4, 0x08C4, 0x08C4, 0x08C4, 0x08C4, 0x08C4, 0x08C4, 0x08C4, 0x08C4, \
        0x08C4, 0x08C4, 0x08C4, 0x08C4, 0x08C4, 0x08C4, 0x08C4, 0x08C4, 0x08C4, 0x08C4, 0x08C4, 0x08C4, \
        0x08C4, 0x08C4, 0x08C4, 0x08C4, 0x08C4, 0x08C4, 0x08C4, 0x08C4, 0x08C4, 0x08C4, 0x08C4, 0x08C4, \
        0x08C4, 0x08C4, 0x08C4, 0x08C4, 0x08C4, 0x08C4, 0x08C4, 0x08C4, 0x08C4, 0x08C4, 0x08C4, 0x08C4, \
        0x08C4, 0x08C4, 0x08C4, 0x08C4, 0x08C4, 0x08C4, 0x08C4, 0x08C4, 0x08C4, 0x08C4, 0x08C4, 0x08C4, \
        0x08C4, 0x08C4, 0x08C4, 0x08C4, 0x08C4, 0x08C4, 0x08C4, 0x08C4, 0x08C4, 0x08C4, 0x08C4, 0x08C4, \
        0x10E4, 0x10E4, 0x08C4, 0x08C4, 0x08C4, 0x08C4, 0x08C4, 0x08C4, 0x08C4, 0x08C4, 0x08C4, 0x08C4, \
        0x08C4, 0x08C4, 0x08C4, 0x08C4, 0x08C4, 0x08C4, 0x08C4, 0x08C4, 0x08C4, 0x08C4, 0x08E4, 0x08E4, \
        0x08C4, 0x08C4, 0x08C4, 0x08C4, 0x08C4, 0x08C4, 0x08C4, 0x08C4, 0x08C4, 0x08C4, 0x08C4, 0x08C4, \
        0x08C4, 0x10E4, 0x10E4, 0x08C4, 0x08C4, 0x08C4, 0x08C4, 0x08C4, 0x08C4, 0x08C4, 0x08C4, 0x08C4, \
        0x08C4, 0x08C4, 0x08C4, 0x08C4, 0x08C4, 0x08C4, 0x08C4, 0x08C4, 0x08C4, 0x08C4, 0x1105, 0x08E4, \
        0x08C4, 0x08C4, 0x08C4, 0x08C4, 0x08C4, 0x08C4, 0x08C4, 0x08C4, 0x08C4, 0x08C4, 0x08C4, 0x08C4, \
        0x08C4, 0x08C4, 0x08C4, 0x08C4, 0x08C4, 0x08C4, 0x08C4, 0x08C4, 0x08C4, 0x08C4, 0x08C4, 0x08C4, \
        0x08C4, 0x08C4, 0x08C4, 0x08C4, 0x08C4, 0x08C4, 0x08E4, 0x08C4, 0x08C4, 0x08C4, 0x08C4, 0x08C4, \
        0x08C4, 0x08E4, 0x08E4, 0x08C4, 0x08C4, 0x08C4, 0x08C4, 0x08C4, 0x08C4, 0x08E4, 0x08E4, 0x08C4, \
        0x08C4, 0x08C4, 0x08C4, 0x08C4, 0x08C4, 0x08C4, 0x08C4, 0x08C4, 0x08E4, 0x08C4, 0x08C4, 0x08C3, \
        0x08C4, 0x08C4, 0x08C4, 0x08C4, 0x08C4, 0x08C4, 0x08C4, 0x08C4, 0x08C4, 0x08C4, 0x08C4, 0x08C4, \
        0x08C4, 0x08C4, 0x08C4, 0x08C4, 0x08C4, 0x08C4, 0x08C4, 0x08C4, 0x08C4, 0x08C4, 0x08C4, 0x08C4, \
        0x08C4, 0x08C4, 0x08C4, 0x08C4, 0x08C4, 0x08C4, 0x08C4, 0x08C4, 0x08C4, 0x08C4, 0x10E4, 0x10E4, \
        0x08C4, 0x08C4, 0x08C4, 0x08C4, 0x08C4, 0x08C4, 0x08C4, 0x08C4, 0x08C4, 0x08C4, 0x08C4, 0x08C4, \
        0x08C4, 0x08C4, 0x08C4, 0x08C4, 0x08C4, 0x08C4, 0x08C4, 0x08C4, 0x08C4, 0x08C4, 0x08C4, 0x08C4, \
        0x08C4, 0x08C4, 0x08C4, 0x08C4, 0x08C4, 0x08C4, 0x08C4, 0x08C4, 0x08C4, 0x08C4, 0x08C4, 0x08C4, \
        0x08C4, 0x08C4, 0x08C4, 0x08C4, 0x08C4, 0x08C4, 0x08C4, 0x08C4, 0x08C4, 0x08C4, 0x08C4, 0x08C4, \
        0x08C4, 0x08C4, 0x08C4, 0x08C4, 0x08C4, 0x08C4, 0x08C4, 0x08C4, 0x08C4, 0x08C4, 0x08C4, 0x08C4, \
        0x08C4, 0x08C4, 0x08C4, 0x08C4, 0x08C4, 0x08C4, 0x08C4, 0x08C4, 0x08C4, 0x08C4, 0x08C4, 0x08C4, \
        0x08C4, 0x08C4, 0x08C4, 0x08C4, 0x08C4, 0x08C4, 0x08C4, 0x08C4, 0x08C4, 0x08C4, 0x08C4, 0x08C4, \
        0x08C4, 0x08C4, 0x08C4, 0x08C4, 0x08C4, 0x08C4, 0x08C4, 0x08C4, 0x08C4, 0x08C4, 0x08C4, 0x08C4, \
        0x08C4, 0x08C4, 0x08C4, 0x08C4, 0x08C4, 0x08C4, 0x08C4, 0x08C4, 0x08C4, 0x08C4, 0x08C4, 0x08C4, \
        0x08C4, 0x08C4, 0x08C4, 0x08C4, 0x08C4, 0x08C4, 0x08C4, 0x08C4, 0x08C4, 0x08C4, 0x08C4, 0x08C4, \
        0x08C4, 0x08C4, 0x08C4, 0x08C4, 0x08C4, 0x08C4, 0x08C4, 0x08C4, 0x08C4, 0x08C4, 0x08C4, 0x08C4, \
        0x08C4, 0x08C4, 0x08C4, 0x08C4, 0x08C4, 0x08C4, 0x08C4, 0x08C4, 0x08C4, 0x08C4, 0x08C4, 0x08C4, \
        0x08C4, 0x08C4, 0x08C4, 0x08C4, 0x08C4, 0x08C4, 0x08C4, 0x08C4, 0x08C4, 0x08C4, 0x08C4, 0x08C4, \
        0x08C4, 0x08C4, 0x08C4, 0x08C4, 0x08C4, 0x08C4, 0x08C4, 0x08C4, 0x08C4, 0x08C4, 0x10E4, 0x10E4, \
        0x08C4, 0x08C4, 0x08C4, 0x08C4, 0x08C4, 0x08C4, 0x08C4, 0x08C4, 0x08C4, 0x08C4, 0x08C4, 0x08C4, \
        0x08C4, 0x08C4, 0x08C4, 0x08C4, 0x08C4, 0x08C4, 0x08C4, 0x10E4, 0x10E4, 0x08C4, 0x08C4, 0x08C4, \
        0x08C4, 0x08C4, 0x08C4, 0x08C4, 0x08C4, 0x08C4, 0x08C4, 0x08C4, 0x08C4, 0x08C4, 0x10E4, 0x10E4, \
        0x08C4, 0x08C4, 0x08C4, 0x08C4, 0x08C4, 0x08C4, 0x08C4, 0x08C4, 0x08C4, 0x08C4, 0x08C4, 0x08C4, \
        0x08C4, 0x08C4, 0x08C4, 0x08C4, 0x08C4, 0x08C4, 0x08C4, 0x08E4, 0x1105, 0x08E4, 0x08C4, 0x08C4, \
        0x08C4, 0x08C4, 0x08C4, 0x08C4, 0x08C4, 0x08C4, 0x08C4, 0x08C4, 0x08C4, 0x08C4, 0x08C4, 0x08C4, \
        0x08C4, 0x08C4, 0x08C4, 0x08C4, 0x08C4, 0x08C4, 0x08C4, 0x08C4, 0x08C4, 0x08C4, 0x08C4, 0x08C4, \
        0x08C4, 0x10E4, 0x08C4, 0x08C4, 0x08C4, 0x08C4, 0x08C4, 0x08C4, 0x08C4, 0x08E4, 0x08E4, 0x08C4, \
        0x08C4, 0x08C4, 0x08C4, 0x08C4, 0x08C4, 0x08E4, 0x10E4, 0x08C4, 0x08C4, 0x08C4, 0x08C4, 0x08C4, \
        0x08C4, 0x08C4, 0x08C4, 0x08E4, 0x08C4, 0x08C4, 0x08C4, 0x08C4, 0x08C4, 0x08C4, 0x08C4, 0x08C4, \
        0x08C4, 0x08C4, 0x08C4, 0x08C4, 0x08C4, 0x08C4, 0x08C4, 0x08C4, 0x08C4, 0x08C4, 0x08C4, 0x08C4, \
        0x08C4, 0x08C4, 0x08C4, 0x08C4, 0x08C4, 0x08C4, 0x08C4, 0x08C4, 0x08C4, 0x08C4, 0x08C4, 0x08C4, \
        0x08C4, 0x08C4, 0x08C4, 0x08C4, 0x08C4, 0x08C4, 0x08C4, 0x10E4, 0x08E4, 0x08C4, 0x08C4, 0x08C4, \
        0x08C4, 0x08C4, 0x08C4, 0x08C4, 0x08C4, 0x08C4, 0x08C4, 0x08C4, 0x08C4, 0x08C4, 0x08C4, 0x08C4, \
        0x08C4, 0x08C4, 0x08C4, 0x08C4, 0x08C4, 0x08C4, 0x08C4, 0x08C4, 0x08C4, 0x08C4, 0x08C4, 0x08C4, \
        0x08C4, 0x08C4, 0x08C4, 0x08C4, 0x08C4, 0x08C4, 0x08C4, 0x08C4, 0x08C4, 0x08C4, 0x08C4, 0x08C4, \
        0x08C4, 0x08C4, 0x08C4, 0x08C4, 0x08C4, 0x08C4, 0x08C4, 0x08C4, 0x08C4, 0x08C4, 0x08C4, 0x08C4, \
        0x08C4, 0x08C4, 0x08C4, 0x08C4, 0x08C4, 0x08C4, 0x08C4, 0x08C4, 0x08C4, 0x08C4, 0x08C4, 0x08C4, \
        0x08C4, 0x08C4, 0x08C4, 0x08C4, 0x08C4, 0x08C4, 0x08C4, 0x08C4, 0x08C4, 0x08C4, 0x08C4, 0x08C4, \
        0x08C4, 0x08C4, 0x08C4, 0x08C4, 0x08C4, 0x08C4, 0x08C4, 0x08C4, 0x08C4, 0x08C4, 0x08C4, 0x08C4, \
        0x08C4, 0x08C4, 0x08C4, 0x08C4, 0x08C4, 0x08C4, 0x08C4, 0x08C4, 0x08C4, 0x08C4, 0x08C4, 0x08C4, \
        0x08C4, 0x08C4, 0x08C4, 0x08C4, 0x08C4, 0x08C4, 0x08C4, 0x08C4, 0x08C4, 0x08C4, 0x08C4, 0x08C4, \
        0x08C4, 0x08C4, 0x08C4, 0x08C4, 0x08C4, 0x08C4, 0x08C4, 0x08C4, 0x08C4, 0x08C4, 0x08C4, 0x08C4, \
        0x08C4, 0x08C4, 0x08C4, 0x08C4, 0x08C4, 0x08C4, 0x08C4, 0x08C4, 0x08C4, 0x08C4, 0x08C4, 0x08C4, \
        0x08C4, 0x08C4, 0x08C4, 0x08C4, 0x08C4, 0x08C4, 0x08C4, 0x08C4, 0x08C4, 0x08C4, 0x08C4, 0x08C4, \
        0x08C4, 0x08C4, 0x08C4, 0x08C4, 0x08C4, 0x08C4, 0x08C4, 0x08C4, 0x08C4, 0x08C4, 0x08C4, 0x08C4, \
        0x08C4, 0x08C4, 0x08C4, 0x08C4, 0x08C4, 0x08C4, 0x08C4, 0x08C4, 0x10E4, 0x10E4, 0x08C4, 0x08C4, \
        0x08C4, 0x08C4, 0x08C4, 0x08C4, 0x08C4, 0x08C4, 0x08C4, 0x08C4, 0x08C4, 0x08C4, 0x08C4, 0x08C4, \
        0x08C4, 0x08C4, 0x08C4, 0x08C4, 0x08C4, 0x10E4, 0x08E4, 0x08C4, 0x08C4, 0x08C4, 0x08C4, 0x08C4, \
        0x08C4, 0x08C4, 0x08C4, 0x08C4, 0x08C4, 0x08C4, 0x08C4, 0x08E4, 0x08E4, 0x08C4, 0x08C4, 0x08C4, \
        0x08C4, 0x08C4, 0x08C4, 0x08C4, 0x08C4, 0x08C4, 0x08C4, 0x08C4, 0x08C4, 0x08C4, 0x08C4, 0x08C4, \
        0x08C4, 0x08C4, 0x08C4, 0x08C4, 0x08C4, 0x10E4, 0x1104, 0x08E4, 0x08C4, 0x08C4, 0x08C4, 0x08C4, \
        0x08C4, 0x08C4, 0x08C4, 0x08C4, 0x08C4, 0x08C4, 0x08C4, 0x08C4, 0x08C4, 0x08C4, 0x08C4, 0x08C4, \
        0x08C4, 0x08C4, 0x08C4, 0x08C4, 0x08C4, 0x08C4, 0x08C4, 0x08C4, 0x08C4, 0x10E4, 0x08C4, 0x08C4, \
        0x08C4, 0x08C4, 0x08C4, 0x08C4, 0x08C4, 0x08E4, 0x08E4, 0x08C4, 0x08C4, 0x08C4, 0x08C4, 0x08C4, \
        0x08C4, 0x10E4, 0x10E4, 0x08C4, 0x08C4, 0x08C4, 0x08C4, 0x08C4, 0x08C4, 0x08C4, 0x08C4, 0x08E4, \
        0x08C4, 0x08C4, 0x08C4, 0x08C4, 0x08C4, 0x08C4, 0x08C4, 0x08C4, 0x08C4, 0x08C4, 0x08C4, 0x08C4, \
        0x08C4, 0x08C4, 0x08C4, 0x08C4, 0x08C4, 0x08C4, 0x08C4, 0x08C4, 0x08C4, 0x08C4, 0x08C4, 0x08C4, \
        0x08C4, 0x08C4, 0x08C4, 0x08C4, 0x08C4, 0x08C4, 0x08C4, 0x08C4, 0x08C4, 0x08C4, 0x08C4, 0x08C4, \
        0x08C4, 0x08C4, 0x08C4, 0x08C4, 0x10E4, 0x08E4, 0x08C4, 0x08C4, 0x08C4, 0x08C4, 0x08C4, 0x08C4, \
        0x08C4, 0x08C4, 0x08C4, 0x08C4, 0x08C4, 0x08C4, 0x08C4, 0x08C4, 0x08C4, 0x08C4, 0x08C4, 0x08C4, \
        0x08C4, 0x08C4, 0x08C4, 0x08C4, 0x08C4, 0x08C4, 0x08C4, 0x08C4, 0x08C4, 0x08C4, 0x08C4, 0x08C4, \
        0x08C4, 0x08C4, 0x08C4, 0x08C4, 0x08C4, 0x08C4, 0x08C4, 0x08C4, 0x08C4, 0x08C4, 0x08C4, 0x08C4, \
        0x08C4, 0x08C4, 0x08C4, 0x08C4, 0x08C4, 0x08C4, 0x08C4, 0x08C4, 0x08C4, 0x08C4, 0x08C4, 0x08C4, \
        0x08C4, 0x08C4, 0x08C4, 0x08C4, 0x08C4, 0x08C4, 0x08C4, 0x08C4, 0x08C4, 0x08C4, 0x08C4, 0x08C4, \
        0x08C4, 0x08C4, 0x08C4, 0x08C4, 0x08C4, 0x08C4, 0x08C4, 0x08C4, 0x08C4, 0x08C4, 0x08C4, 0x08C4, \
        0x08C4, 0x08C4, 0x08C4, 0x08C4, 0x08C4, 0x08C4, 0x08C4, 0x08C4, 0x08C4, 0x08C4, 0x08C4, 0x08C4, \
        0x08C4, 0x08C4, 0x08C4, 0x08C4, 0x08C4, 0x08C4, 0x08C4, 0x08C4, 0x08C4, 0x08C4, 0x08C4, 0x08C4, \
        0x08C4, 0x08C4, 0x08C4, 0x08C4, 0x08C4, 0x08C4, 0x08C4, 0x08C4, 0x08C4, 0x08C4, 0x08C4, 0x08C4, \
        0x08C4, 0x08C4, 0x08C4, 0x08C4, 0x08C4, 0x08C4, 0x08C4, 0x08C4, 0x08C4, 0x08C4, 0x08C4, 0x08C4, \
        0x08C4, 0x08C4, 0x08C4, 0x08C4, 0x08C4, 0x08C4, 0x08C4, 0x08C4, 0x08C4, 0x08C4, 0x08C4, 0x08C4, \
        0x08C4, 0x08C4, 0x08C4, 0x08C4, 0x08C4, 0x08C4, 0x08C4, 0x08C4, 0x08C4, 0x08C4, 0x08C4, 0x08C4, \
        0x08C4, 0x08C4, 0x08C4, 0x08C4, 0x08C4, 0x08C4, 0x08C4, 0x08C4, 0x08C4, 0x08C4, 0x08C4, 0x08C4, \
        0x08C4, 0x08C4, 0x08C4, 0x08C4, 0x08C4, 0x08E4, 0x10E4, 0x08E4, 0x08C4, 0x08C4, 0x08C4, 0x08C4, \
        0x08C4, 0x08C4, 0x08C4, 0x08C4, 0x08C4, 0x08C4, 0x08C4, 0x08C4, 0x08C4, 0x08C4, 0x08C4, 0x08C4, \
        0x08C4, 0x08C4, 0x1104, 0x10E4, 0x08C4, 0x08C4, 0x08C4, 0x08C4, 0x08C4, 0x08C4, 0x08C4, 0x08C4, \
        0x08C4, 0x08C4, 0x08C4, 0x08C4, 0x10E4, 0x10E4, 0x08E4, 0x08C4, 0x08C4, 0x08C4, 0x08C4, 0x08C4, \
        0x08C4, 0x08C4, 0x08C4, 0x08C4, 0x08C4, 0x08C4, 0x08C4, 0x08C4, 0x08C4, 0x08C4, 0x08C4, 0x08C4, \
        0x08C4, 0x08C4, 0x08E4, 0x1105, 0x08E4, 0x08E4, 0x08C4, 0x08C4, 0x08C4, 0x08C4, 0x08C4, 0x08C4, \
        0x08C4, 0x08C4, 0x08C4, 0x08C4, 0x08C4, 0x08C4, 0x08C4, 0x08C4, 0x08C4, 0x08C4, 0x08C4, 0x08C4, \
        0x08C4, 0x08C4, 0x08C4, 0x08C4, 0x08E4, 0x08C4, 0x08C4, 0x08C4, 0x08C4, 0x08C4, 0x08C4, 0x08C4, \
        0x08C4, 0x08E4, 0x08E4, 0x08C4, 0x08C4, 0x08C4, 0x08C4, 0x08C4, 0x08C4, 0x08E4, 0x08E4, 0x08C4, \
        0x08C4, 0x08C4, 0x08C4, 0x08C4, 0x08C4, 0x08C4, 0x08C4, 0x08E4, 0x08C4, 0x08C4, 0x08C4, 0x08C4, \
        0x08C4, 0x08C4, 0x08C4, 0x08C4, 0x08C4, 0x08C4, 0x08C4, 0x08C4, 0x08C4, 0x08C4, 0x08C4, 0x08C4, \
        0x08C4, 0x08C4, 0x08C4, 0x08C4, 0x08C4, 0x08C4, 0x08C4, 0x08C4, 0x08C4, 0x08C4, 0x08C4, 0x08C4, \
        0x08C4, 0x08C4, 0x08C4, 0x08C4, 0x08C4, 0x08C4, 0x08C4, 0x08C4, 0x08C4, 0x08C4, 0x08C4, 0x08C4, \
        0x08C4, 0x10E4, 0x08E4, 0x08C4, 0x08C4, 0x08C4, 0x08C4, 0x08C4, 0x08C4, 0x08C4, 0x08C4, 0x08C4, \
        0x08C4, 0x08C4, 0x08C4, 0x08C4, 0x08C4, 0x08C4, 0x08C4, 0x08C4, 0x08C4, 0x08C4, 0x08C4, 0x08C4, \
        0x08C4, 0x08C4, 0x08C4, 0x08C4, 0x08C4, 0x08C4, 0x08C4, 0x08C4, 0x08C4, 0x08C4, 0x08C4, 0x08C4, \
        0x08C4, 0x08C4, 0x08C4, 0x08C4, 0x08C4, 0x08C4, 0x08C4, 0x08C4, 0x08C4, 0x08C4, 0x08C4, 0x08C4, \
        0x08C4, 0x08C4, 0x08C4, 0x08C4, 0x08C4, 0x08C4, 0x08C4, 0x08C4, 0x08C4, 0x08C4, 0x08C4, 0x08C4, \
        0x08C4, 0x08C4, 0x08C4, 0x08C4, 0x08C4, 0x08C4, 0x08C4, 0x08C4, 0x08C4, 0x08C4, 0x08C4, 0x08C4, \
        0x08C4, 0x08C4, 0x08C4, 0x08C4, 0x08C4, 0x08C4, 0x08C4, 0x08C4, 0x08C4, 0x08C4, 0x08C4, 0x08C4, \
        0x08C4, 0x08C4, 0x08C4, 0x08C4, 0x08C4, 0x08C4, 0x08C4, 0x08C4, 0x08C4, 0x08C4, 0x08C4, 0x08C4, \
        0x08C4, 0x08C4, 0x08C4, 0x08C4, 0x08C4, 0x08C4, 0x08C4, 0x08C4, 0x08C4, 0x08C4, 0x08C4, 0x08C4, \
        0x08C4, 0x08C4, 0x08C4, 0x08C4, 0x08C4, 0x08C4, 0x08C4, 0x08C4, 0x08C4, 0x08C4, 0x08C4, 0x08C4, \
        0x08C4, 0x08C4, 0x08C4, 0x08C4, 0x08C4, 0x08C4, 0x08C4, 0x08C4, 0x08C4, 0x08C4, 0x08C4, 0x08C4, \
        0x08C4, 0x08C4, 0x08C4, 0x08C4, 0x08C4, 0x08C4, 0x08C4, 0x08C4, 0x08C4, 0x08C4, 0x08C4, 0x08C4, \
        0x08C4, 0x08C4, 0x08C4, 0x08C4, 0x08C4, 0x08C4, 0x08C4, 0x08C4, 0x08C4, 0x08C4, 0x08C4, 0x08C4, \
        0x08C4, 0x08C4, 0x08C4, 0x08C4, 0x08C4, 0x08C4, 0x08C4, 0x08C4, 0x08C4, 0x08C4, 0x08C4, 0x08C4, \
        0x08C4, 0x08C4, 0x08C4, 0x08E4, 0x10E4, 0x10C4, 0x08C4, 0x08C4, 0x08C4, 0x08C4, 0x08C4, 0x08C4, \
        0x08C4, 0x08C4, 0x08C4, 0x08C4, 0x08C4, 0x08C4, 0x08C4, 0x08C4, 0x08C4, 0x08C4, 0x08C4, 0x10E4, \
        0x10E4, 0x08C4, 0x08C4, 0x08C4, 0x08C4, 0x08C4, 0x08C4, 0x08C4, 0x08C4, 0x08C4, 0x08C4, 0x08C4, \
        0x08C4, 0x08C4, 0x08E4, 0x08E4, 0x08C4, 0x08C4, 0x08C4, 0x08C4, 0x08C4, 0x08C4, 0x08C4, 0x08C4, \
        0x08C4, 0x08C4, 0x08C4, 0x08C4, 0x08C4, 0x08C4, 0x08C4, 0x08C4, 0x08C4, 0x08C4, 0x08C4, 0x08C4, \
        0x08E4, 0x10E4, 0x08E4, 0x08C4, 0x08C4, 0x08C4, 0x08C4, 0x08C4, 0x08C4, 0x08C4, 0x08C4, 0x08C4, \
        0x08C4, 0x08C4, 0x08C4, 0x08C4, 0x08C4, 0x08C4, 0x08C4, 0x08C4, 0x08C4, 0x08C4, 0x08E4, 0x10E4, \
        0x08C4, 0x08C4, 0x08C4, 0x08C4, 0x08C4, 0x08C4, 0x08C4, 0x08C4, 0x08C4, 0x08E4, 0x08E4, 0x08C4, \
        0x08C4, 0x08C4, 0x08C4, 0x08C4, 0x08C4, 0x10E4, 0x08E4, 0x08C4, 0x08C4, 0x08C4, 0x08C4, 0x08C4, \
        0x08C4, 0x08C4, 0x08E4, 0x08E4, 0x08C3, 0x08C3, 0x08C4, 0x08C4, 0x08C4, 0x08C4, 0x08C4, 0x08C4, \
        0x08C4, 0x08C4, 0x08C4, 0x08C4, 0x08C4, 0x08C4, 0x08C4, 0x08C4, 0x08C4, 0x08C4, 0x08C4, 0x08C4, \
        0x08C4, 0x08C4, 0x08C4, 0x08C4, 0x08C4, 0x08C4, 0x08C4, 0x08C4, 0x08C4, 0x08C4, 0x08C4, 0x08C4, \
        0x08C4, 0x08C4, 0x08C4, 0x08C4, 0x08C4, 0x08C4, 0x08C4, 0x08C4, 0x08C4, 0x08C4, 0x10E4, 0x08E4, \
        0x08C4, 0x08C4, 0x08C4, 0x08C4, 0x08C4, 0x08C4, 0x08C4, 0x08C4, 0x08C4, 0x08C4, 0x08C4, 0x08C4, \
        0x08C4, 0x08C4, 0x08C4, 0x08C4, 0x08C4, 0x08C4, 0x08C4, 0x08C4, 0x08C4, 0x08C4, 0x08C4, 0x08C4, \
        0x08C4, 0x08C4, 0x08C4, 0x08C4, 0x08C4, 0x08C4, 0x08C4, 0x08C4, 0x08C4, 0x08C4, 0x08C4, 0x08C4, \
        0x08C4, 0x08C4, 0x08C4, 0x08C4, 0x08C4, 0x08C4, 0x08C4, 0x08C4, 0x08C4, 0x08C4, 0x08C4, 0x08C4, \
        0x08C4, 0x08C4, 0x08C4, 0x08C4, 0x08C4, 0x08C4, 0x08C4, 0x08C4, 0x08C4, 0x08C4, 0x08C4, 0x08C4, \
        0x08C4, 0x08C4, 0x08C4, 0x08C4, 0x08C4, 0x08C4, 0x08C4, 0x08C4, 0x08C4, 0x08C4, 0x08C4, 0x08C4, \
        0x08C4, 0x08C4, 0x08C4, 0x08C4, 0x08C4, 0x08C4, 0x08C4, 0x08C4, 0x08C4, 0x08C4, 0x08C4, 0x08C4, \
        0x08C4, 0x08C4, 0x08C4, 0x08C4, 0x08C4, 0x08C4, 0x08C4, 0x08C4, 0x08C4, 0x08C4, 0x08C4, 0x08C4, \
        0x08C4, 0x08C4, 0x08C4, 0x08C4, 0x08C4, 0x08C4, 0x08C4, 0x08C4, 0x08C4, 0x08C4, 0x08C4, 0x08C4, \
        0x08C4, 0x08C4, 0x08C4, 0x08C4, 0x08C4, 0x08C4, 0x08C4, 0x08C4, 0x08C4, 0x08C4, 0x08C4, 0x08C4, \
        0x08C4, 0x08C4, 0x08C4, 0x08C4, 0x08C4, 0x08C4, 0x08C4, 0x08C4, 0x08C4, 0x08C4, 0x08C4, 0x08C4, \
        0x08C4, 0x08C4, 0x08C4, 0x08C4, 0x08C4, 0x08C4, 0x08C4, 0x08C4, 0x08C4, 0x08C4, 0x08C4, 0x08C4, \
        0x08C4, 0x08C4, 0x08C4, 0x08C4, 0x08C4, 0x08C4, 0x08C4, 0x08C4, 0x08C4, 0x08C4, 0x08C4, 0x08C4, \
        0x08C4, 0x08C4, 0x08C4, 0x08C4, 0x08C4, 0x08C4, 0x08C4, 0x08C4, 0x08C4, 0x08C4, 0x08C4, 0x08C4, \
        0x08E4, 0x10E4, 0x10E4, 0x08C4, 0x08C4, 0x08C4, 0x08C4, 0x08C4, 0x08C4, 0x08C4, 0x08C4, 0x08C4, \
        0x08C4, 0x08C4, 0x08C4, 0x08C4, 0x08C4, 0x08C4, 0x08C4, 0x08C4, 0x10E4, 0x10E4, 0x08C4, 0x08C4, \
        0x08C4, 0x08C4, 0x08C4, 0x08C4, 0x08C4, 0x08C4, 0x08C4, 0x08C4, 0x08C4, 0x08C4, 0x08C4, 0x08E4, \
        0x08E4, 0x08C4, 0x08C4, 0x08C4, 0x08C4, 0x08C4, 0x08C4, 0x08C4, 0x08C4, 0x08C4, 0x08C4, 0x08C4, \
        0x08C4, 0x08C4, 0x08C4, 0x08C4, 0x08C4, 0x08C4, 0x08C4, 0x08C4, 0x08C4, 0x08C4, 0x10E4, 0x10E4, \
        0x08E4, 0x08C4, 0x08C4, 0x08C4, 0x08C4, 0x08C4, 0x08C4, 0x08C4, 0x08C4, 0x08C4, 0x08C4, 0x08C4, \
        0x08C4, 0x08C4, 0x08C4, 0x08C4, 0x08C4, 0x08E4, 0x08E4, 0x08C4, 0x08C4, 0x08C4, 0x08C4, 0x08C4, \
        0x08C4, 0x08C4, 0x08C4, 0x08C4, 0x08C4, 0x08E4, 0x08E4, 0x08C4, 0x08C4, 0x08C4, 0x08C4, 0x08C4, \
        0x08C4, 0x10E4, 0x08E4, 0x08C4, 0x08C4, 0x08C4, 0x08C4, 0x08C4, 0x08C4, 0x08C4, 0x08E4, 0x08C4, \
        0x08C4, 0x08C3, 0x08C4, 0x08C4, 0x08C4, 0x08C4, 0x08C4, 0x08C4, 0x08C4, 0x08C4, 0x08C4, 0x08C4, \
        0x08C4, 0x08C4, 0x08C4, 0x08C4, 0x08C4, 0x08C4, 0x08C4, 0x08C4, 0x08C4, 0x08C4, 0x08C4, 0x08C4, \
        0x08C4, 0x08C4, 0x08C4, 0x08C4, 0x08C4, 0x08C4, 0x08C4, 0x08C4, 0x08C4, 0x08C4, 0x08C4, 0x08C4, \
        0x08C4, 0x08C4, 0x08C4, 0x08C4, 0x08C4, 0x08C4, 0x08E4, 0x10E4, 0x10E4, 0x08C4, 0x08C4, 0x08C4, \
        0x08C4, 0x08C4, 0x08C4, 0x08C4, 0x08C4, 0x08C4, 0x08C4, 0x08C4, 0x08C4, 0x08C4, 0x08C4, 0x08C4, \
        0x08C4, 0x08C4, 0x08C4, 0x08C4, 0x08C4, 0x08C4, 0x08C4, 0x08C4, 0x08C4, 0x08C4, 0x08C4, 0x08C4, \
        0x08C4, 0x08C4, 0x08C4, 0x08C4, 0x08C4, 0x08C4, 0x08C4, 0x08C4, 0x08C4, 0x08C4, 0x08C4, 0x08C4, \
        0x08C4, 0x08C4, 0x08C4, 0x08C4, 0x08C4, 0x08C4, 0x08C4, 0x08C4, 0x08C4, 0x08C4, 0x08C4, 0x08C4, \
        0x08C4, 0x08C4, 0x08C4, 0x08C4, 0x08C4, 0x08C4, 0x08C4, 0x08C4, 0x08C4, 0x08C4, 0x08C4, 0x08C4, \
        0x08C4, 0x08C4, 0x08C4, 0x08C4, 0x08C4, 0x08C4, 0x08C4, 0x08C4, 0x08C4, 0x08C4, 0x08C4, 0x08C4, \
        0x08C4, 0x08C4, 0x08C4, 0x08C4, 0x08C4, 0x08C4, 0x08C4, 0x08C4, 0x08C4, 0x08C4, 0x08C4, 0x08C4, \
        0x08C4, 0x08C4, 0x08C4, 0x08C4, 0x08C4, 0x08C4, 0x08C4, 0x08C4, 0x08C4, 0x08C4, 0x08C4, 0x08C4, \
        0x08C4, 0x08C4, 0x08C4, 0x08C4, 0x08C4, 0x08C4, 0x08C4, 0x08C4, 0x08C4, 0x08C4, 0x08C4, 0x08C4, \
        0x08C4, 0x08C4, 0x08C4, 0x08C4, 0x08C4, 0x08C4, 0x08C4, 0x08C4, 0x08C4, 0x08C4, 0x08C4, 0x08C4, \
        0x08C4, 0x08C4, 0x08C4, 0x08C4, 0x08C4, 0x08C4, 0x08C4, 0x08C4, 0x08C4, 0x08C4, 0x08C4, 0x08C4, \
        0x08C4, 0x08C4, 0x08C4, 0x08C4, 0x08C4, 0x08C4, 0x08C4, 0x08C4, 0x08C4, 0x08C4, 0x08C4, 0x08C4, \
        0x08C4, 0x08C4, 0x08C4, 0x08C4, 0x08C4, 0x08C4, 0x08C4, 0x08C4, 0x08C4, 0x08C4, 0x08C4, 0x08C4, \
        0x08C4, 0x08C4, 0x08C4, 0x08C4, 0x08C4, 0x08C4, 0x08C4, 0x08C4, 0x08C4, 0x08C4, 0x08E4, 0x10E4, \
        0x08C4, 0x08C4, 0x08C4, 0x08C4, 0x08C4, 0x08C4, 0x08C4, 0x08C4, 0x08C4, 0x08C4, 0x08C4, 0x08C4, \
        0x08C4, 0x08C4, 0x08C4, 0x08C4, 0x08C4, 0x10E4, 0x10E4, 0x08C4, 0x08C4, 0x08C4, 0x08C4, 0x08C4, \
        0x08C4, 0x08C4, 0x08C4, 0x08C4, 0x08C4, 0x08C4, 0x08C4, 0x08C4, 0x10E4, 0x10E4, 0x08C4, 0x08C4, \
        0x08C4, 0x08C4, 0x08C4, 0x08C4, 0x08C4, 0x08C4, 0x08C4, 0x08C4, 0x08C4, 0x08C4, 0x08C4, 0x08C4, \
        0x08C4, 0x08C4, 0x08C4, 0x08C4, 0x08C4, 0x08C4, 0x08C4, 0x08E4, 0x10E4, 0x10E4, 0x08C4, 0x08C4, \
        0x08C4, 0x08C4, 0x08C4, 0x08C4, 0x08C4, 0x08C4, 0x08C4, 0x08C4, 0x1104, 0x0904, 0x08E4, 0x08E4, \
        0x08E4, 0x08C4, 0x08C4, 0x08C4, 0x08C4, 0x08C4, 0x08C4, 0x08C4, 0x08C4, 0x08C4, 0x08C4, 0x08C4, \
        0x08C4, 0x08E4, 0x08C4, 0x08C4, 0x08C4, 0x08C4, 0x08C4, 0x08C4, 0x08C4, 0x10E4, 0x08C4, 0x08C4, \
        0x08C4, 0x08C4, 0x08C4, 0x08C4, 0x08C4, 0x08C4, 0x08E4, 0x08C4, 0x08C4, 0x08C4, 0x08C4, 0x08C4, \
        0x08C4, 0x08C4, 0x08C4, 0x08C4, 0x08C4, 0x08C4, 0x08C4, 0x08C4, 0x08C4, 0x08C4, 0x08C4, 0x08C4, \
        0x08C4, 0x08C4, 0x08C4, 0x08C4, 0x08C4, 0x08C4, 0x08C4, 0x08C4, 0x08C4, 0x08C4, 0x08C4, 0x08C4, \
        0x08C4, 0x08C4, 0x08C4, 0x08C4, 0x08C4, 0x08C4, 0x08C4, 0x08C4, 0x08C4, 0x08C4, 0x08C4, 0x08C4, \
        0x08C4, 0x08C4, 0x08C4, 0x10E4, 0x10E4, 0x08E4, 0x08C4, 0x08C4, 0x08C4, 0x08C4, 0x08C4, 0x08C4, \
        0x08C4, 0x08C4, 0x08C4, 0x08C4, 0x08C4, 0x08C4, 0x08C4, 0x08C4, 0x08C4, 0x08C4, 0x08C4, 0x08C4, \
        0x08C4, 0x08C4, 0x08C4, 0x08C4, 0x08C4, 0x08C4, 0x08C4, 0x08C4, 0x08C4, 0x08C4, 0x08C4, 0x08C4, \
        0x08C4, 0x08C4, 0x08C4, 0x08C4, 0x08C4, 0x08C4, 0x08C4, 0x08C4, 0x08C4, 0x08C4, 0x08C4, 0x08C4, \
        0x08C4, 0x08C4, 0x08C4, 0x08C4, 0x08C4, 0x08C4, 0x08C4, 0x08C4, 0x08C4, 0x08C4, 0x08C4, 0x08C4, \
        0x08C4, 0x08C4, 0x08C4, 0x08C4, 0x08C4, 0x08C4, 0x08C4, 0x08C4, 0x08C4, 0x08C4, 0x08C4, 0x08C4, \
        0x08C4, 0x08C4, 0x08C4, 0x08C4, 0x08C4, 0x08C4, 0x08C4, 0x08C4, 0x08C4, 0x08C4, 0x08C4, 0x08C4, \
        0x08C4, 0x08C4, 0x08C4, 0x08C4, 0x08C4, 0x08C4, 0x08C4, 0x08C4, 0x08C4, 0x08C4, 0x08C4, 0x08C4, \
        0x08C4, 0x08C4, 0x08C4, 0x08C4, 0x08C4, 0x08C4, 0x08C4, 0x08C4, 0x08C4, 0x08C4, 0x08C4, 0x08C4, \
        0x08C4, 0x08C4, 0x08C4, 0x08C4, 0x08C4, 0x08C4, 0x08C4, 0x08C4, 0x08C4, 0x08C4, 0x08C4, 0x08C4, \
        0x08C4, 0x08C4, 0x08C4, 0x08C4, 0x08C4, 0x08C4, 0x08C4, 0x08C4, 0x08C4, 0x08C4, 0x08C4, 0x08C4, \
        0x08C4, 0x08C4, 0x08C4, 0x08C4, 0x08C4, 0x08C4, 0x08C4, 0x08C4, 0x08C4, 0x08C4, 0x08C4, 0x08C4, \
        0x08C4, 0x08C4, 0x08C4, 0x08C4, 0x08C4, 0x08C4, 0x08C4, 0x08C4, 0x08C4, 0x08C4, 0x08C4, 0x08C4, \
        0x08C4, 0x08C4, 0x08C4, 0x08C4, 0x08C4, 0x08C4, 0x08C4, 0x08C4, 0x08C4, 0x08C4, 0x08C4, 0x08C4, \
        0x08C4, 0x08C4, 0x08C4, 0x08C4, 0x08C4, 0x08C4, 0x08C4, 0x08E4, 0x10E4, 0x08C4, 0x08C4, 0x08C4, \
        0x08C4, 0x08C4, 0x08C4, 0x08C4, 0x08C4, 0x08C4, 0x08C4, 0x08C4, 0x08C4, 0x08C4, 0x08C4, 0x08C4, \
        0x08C4, 0x08C4, 0x10E4, 0x10E4, 0x08C4, 0x08C4, 0x08C4, 0x08C4, 0x08C4, 0x08C4, 0x08C4, 0x08C4, \
        0x08C4, 0x08C4, 0x08C4, 0x08C4, 0x08C4, 0x10E4, 0x10E4, 0x08C4, 0x08C4, 0x08C4, 0x08C4, 0x08C4, \
        0x08C4, 0x08C4, 0x08C4, 0x08C4, 0x08C4, 0x08C4, 0x08C4, 0x08C4, 0x08C4, 0x08C4, 0x08C4, 0x08C4, \
        0x08C4, 0x08C4, 0x08C4, 0x08C4, 0x08C4, 0x08E4, 0x10E4, 0x08C4, 0x08C4, 0x08C4, 0x08C4, 0x08C4, \
        0x08C4, 0x08C4, 0x08C4, 0x08C4, 0x08C4, 0x08C4, 0x08C4, 0x08C4, 0x08C4, 0x08C4, 0x08C4, 0x08C4, \
        0x08C4, 0x08C4, 0x08C4, 0x08C4, 0x08C4, 0x08C4, 0x08C4, 0x08C4, 0x08E4, 0x08E4, 0x08C4, 0x08C4, \
        0x08C4, 0x08C4, 0x08C4, 0x08C4, 0x08C4, 0x08E4, 0x08C4, 0x08C4, 0x08C4, 0x08C4, 0x08C4, 0x08C4, \
        0x08C4, 0x08C4, 0x08E4, 0x08C4, 0x08C4, 0x08C4, 0x08C4, 0x08C4, 0x08C4, 0x08C4, 0x08C4, 0x08C4, \
        0x08C4, 0x08C4, 0x08C4, 0x08C4, 0x08C4, 0x08C4, 0x10E4, 0x1105, 0x1105, 0x08E4, 0x08E4, 0x08E4, \
        0x1104, 0x10E4, 0x08C4, 0x08C4, 0x08C4, 0x08C4, 0x08C4, 0x08C4, 0x08C4, 0x08C4, 0x08C4, 0x08C4, \
        0x08C4, 0x08C4, 0x08C4, 0x08C4, 0x08C4, 0x08C4, 0x08C4, 0x08C4, 0x08C4, 0x08C4, 0x08C4, 0x08C4, \
        0x10E4, 0x10E4, 0x08E4, 0x08C4, 0x08C4, 0x08C4, 0x08C4, 0x08C4, 0x08C4, 0x08C4, 0x08C4, 0x08C4, \
        0x08C4, 0x08C4, 0x08C4, 0x08C4, 0x08C4, 0x08C4, 0x08C4, 0x08C4, 0x08C4, 0x08C4, 0x08C4, 0x08C4, \
        0x08C4, 0x08C4, 0x08C4, 0x08C4, 0x08C4, 0x08C4, 0x08C4, 0x08C4, 0x08C4, 0x08C4, 0x08C4, 0x08C4, \
        0x08C4, 0x08C4, 0x08C4, 0x08C4, 0x08C4, 0x08C4, 0x08C4, 0x08C4, 0x08C4, 0x08C4, 0x08C4, 0x08C4, \
        0x08C4, 0x08C4, 0x08C4, 0x08C4, 0x08C4, 0x08C4, 0x08C4, 0x08C4, 0x08C4, 0x08C4, 0x08C4, 0x08C4, \
        0x08C4, 0x08C4, 0x08C4, 0x08C4, 0x08C4, 0x08C4, 0x08C4, 0x08C4, 0x08C4, 0x08C4, 0x08C4, 0x08C4, \
        0x08C4, 0x08C4, 0x08C4, 0x08C4, 0x08C4, 0x08C4, 0x08C4, 0x08C4, 0x08C4, 0x08C4, 0x08C4, 0x08C4, \
        0x08C4, 0x08C4, 0x08C4, 0x08C4, 0x08C4, 0x08C4, 0x08C4, 0x08C4, 0x08C4, 0x08C4, 0x08C4, 0x08C4, \
        0x08C4, 0x08C4, 0x08C4, 0x08C4, 0x08C4, 0x08C4, 0x08C4, 0x08C4, 0x08C4, 0x08C4, 0x08C4, 0x08C4, \
        0x08C4, 0x08C4, 0x08C4, 0x08C4, 0x08C4, 0x08C4, 0x08C4, 0x08C4, 0x08C4, 0x08C4, 0x08C4, 0x08C4, \
        0x08C4, 0x08C4, 0x08C4, 0x08C4, 0x08C4, 0x08C4, 0x08C4, 0x08C4, 0x08C4, 0x08C4, 0x08C4, 0x08C4, \
        0x08C4, 0x08C4, 0x08C4, 0x08C4, 0x08C4, 0x08C4, 0x08C4, 0x08C4, 0x08C4, 0x08C4, 0x08C4, 0x08C4, \
        0x08C4, 0x08C4, 0x08C4, 0x08C4, 0x08C4, 0x08C4, 0x08C4, 0x08C4, 0x08C4, 0x08C4, 0x08C4, 0x08C4, \
        0x08C4, 0x08C4, 0x08C4, 0x08C4, 0x08C4, 0x08C4, 0x08C4, 0x08C4, 0x08C4, 0x08C4, 0x08C4, 0x08C4, \
        0x08C4, 0x08C4, 0x08C4, 0x08C4, 0x08C4, 0x10E4, 0x08C4, 0x08C4, 0x08C4, 0x08C4, 0x08C4, 0x08C4, \
        0x08C4, 0x08C4, 0x08C4, 0x08C4, 0x08C4, 0x08C4, 0x08C4, 0x08C4, 0x08C4, 0x08C4, 0x08C4, 0x10E4, \
        0x08E4, 0x08C4, 0x08C4, 0x08C4, 0x08C4, 0x08C4, 0x08C4, 0x08C4, 0x08C4, 0x08C4, 0x08C4, 0x08C4, \
        0x08C4, 0x08C4, 0x08E4, 0x10E4, 0x08C4, 0x08C4, 0x08C4, 0x08C4, 0x08C4, 0x08C4, 0x08C4, 0x08C4, \
        0x08C4, 0x08C4, 0x08C4, 0x08C4, 0x08C4, 0x08C4, 0x08C4, 0x08C4, 0x08C4, 0x08C4, 0x08C4, 0x08C4, \
        0x08C4, 0x08C4, 0x08C4, 0x10E5, 0x08E4, 0x08C4, 0x08C4, 0x08C4, 0x08C4, 0x08C4, 0x08C4, 0x08C4, \
        0x08C4, 0x08C4, 0x08C4, 0x08C4, 0x08C4, 0x08C4, 0x08C4, 0x08C4, 0x08C4, 0x08C4, 0x08C4, 0x08C4, \
        0x08C4, 0x08C4, 0x08C4, 0x08C4, 0x1105, 0x08C4, 0x08C4, 0x08C4, 0x08C4, 0x08C4, 0x08C4, 0x08C4, \
        0x08C4, 0x08E4, 0x08C4, 0x08C3, 0x08C4, 0x08C4, 0x08C4, 0x08C4, 0x08C4, 0x08E4, 0x08E4, 0x08C4, \
        0x08C4, 0x08C4, 0x08C4, 0x08C4, 0x08C4, 0x08C4, 0x08C4, 0x08C4, 0x08C4, 0x08C4, 0x08C4, 0x08C4, \
        0x10E4, 0x08E5, 0x08C4, 0x08C4, 0x08C4, 0x08C4, 0x08C4, 0x08C4, 0x08C4, 0x08C4, 0x08E4, 0x1104, \
        0x08E4, 0x08C4, 0x08C4, 0x08C4, 0x08C4, 0x08C4, 0x08C4, 0x08C4, 0x08C4, 0x08C4, 0x08C4, 0x08C4, \
        0x08C4, 0x08C4, 0x08C4, 0x08C4, 0x08C4, 0x08C4, 0x08C4, 0x08C4, 0x08C4, 0x10E4, 0x10E4, 0x08C4, \
        0x08C4, 0x08C4, 0x08C4, 0x08C4, 0x08C4, 0x08C4, 0x08C4, 0x08C4, 0x08C4, 0x08C4, 0x08C4, 0x08C4, \
        0x08C4, 0x08C4, 0x08C4, 0x08C4, 0x08C4, 0x08C4, 0x08C4, 0x08C4, 0x08C4, 0x08C4, 0x08C4, 0x08C4, \
        0x08C4, 0x08C4, 0x08C4, 0x08C4, 0x08C4, 0x08C4, 0x08C4, 0x08C4, 0x08C4, 0x08C4, 0x08C4, 0x08C4, \
        0x08C4, 0x08C4, 0x08C4, 0x08C4, 0x08C4, 0x08C4, 0x08C4, 0x08C4, 0x08C4, 0x08C4, 0x08C4, 0x08C4, \
        0x08C4, 0x08C4, 0x08C4, 0x08C4, 0x08C4, 0x08C4, 0x08C4, 0x08C4, 0x08C4, 0x08C4, 0x08C4, 0x08C4, \
        0x08C4, 0x08C4, 0x08C4, 0x08C4, 0x08C4, 0x08C4, 0x08C4, 0x08C4, 0x08C4, 0x08C4, 0x08C4, 0x08C4, \
        0x08C4, 0x08C4, 0x08C4, 0x08C4, 0x08C4, 0x08C4, 0x08C4, 0x08C4, 0x08C4, 0x08C4, 0x08C4, 0x08C4, \
        0x08C4, 0x08C4, 0x08C4, 0x08C4, 0x08C4, 0x08C4, 0x08C4, 0x08C4, 0x08C4, 0x08C4, 0x08C4, 0x08C4, \
        0x08C4, 0x08C4, 0x08C4, 0x08C4, 0x08C4, 0x08C4, 0x08C4, 0x08C4, 0x08C4, 0x08C4, 0x08C4, 0x08C4, \
        0x08C4, 0x08C4, 0x08C4, 0x08C4, 0x08C4, 0x08C4, 0x08C4, 0x08C4, 0x08C4, 0x08C4, 0x08C4, 0x08C4, \
        0x08C4, 0x08C4, 0x08C4, 0x08C4, 0x08C4, 0x08C4, 0x08C4, 0x08C4, 0x08C4, 0x08C4, 0x08C4, 0x08C4, \
        0x08C4, 0x08C4, 0x08C4, 0x08C4, 0x08C4, 0x08C4, 0x08C4, 0x08C4, 0x08C4, 0x08C4, 0x08C4, 0x08C4, \
        0x08C4, 0x08C4, 0x08C4, 0x08C4, 0x08C4, 0x08C4, 0x08C4, 0x08C4, 0x08C4, 0x08C4, 0x08C4, 0x08C4, \
        0x08C4, 0x08C4, 0x08C4, 0x08C4, 0x08C4, 0x08C4, 0x08C4, 0x08C4, 0x08C4, 0x08C4, 0x08C4, 0x08C4, \
        0x08C4, 0x08E4, 0x08E4, 0x08C4, 0x08C4, 0x08C4, 0x08C4, 0x08C4, 0x08C4, 0x08C4, 0x08C4, 0x08C4, \
        0x08C4, 0x08C4, 0x08C4, 0x08C4, 0x08C4, 0x08C4, 0x08C4, 0x08C4, 0x1104, 0x08E4, 0x08C4, 0x08C4, \
        0x08C4, 0x08C4, 0x08C4, 0x08C4, 0x08C4, 0x08C4, 0x08C4, 0x08C4, 0x08C4, 0x08C4, 0x08C4, 0x08E4, \
        0x08E4, 0x08C4, 0x08C4, 0x08C4, 0x08C4, 0x08C4, 0x08C4, 0x08C4, 0x08C4, 0x08C4, 0x08C4, 0x08C4, \
        0x08C4, 0x08C4, 0x08C4, 0x08C4, 0x08C4, 0x08C4, 0x08C4, 0x08C4, 0x08C4, 0x08C4, 0x08C4, 0x08C4, \
        0x08C4, 0x1105, 0x1105, 0x08E4, 0x08C4, 0x08C4, 0x08C4, 0x08C4, 0x08C4, 0x08C4, 0x08C4, 0x08C4, \
        0x08C4, 0x08C4, 0x08C4, 0x08C4, 0x08C4, 0x08C4, 0x08C4, 0x08C4, 0x08C4, 0x08C4, 0x08C4, 0x08E4, \
        0x08E4, 0x08C4, 0x08C4, 0x08C4, 0x08C4, 0x08C4, 0x08C4, 0x08C4, 0x08C4, 0x08E4, 0x08C4, 0x08C4, \
        0x08C4, 0x08C4, 0x08C4, 0x08C4, 0x08C4, 0x08C4, 0x08E4, 0x08C4, 0x08C4, 0x08C4, 0x08C4, 0x08C4, \
        0x08C4, 0x08C4, 0x08C4, 0x08C4, 0x08C4, 0x08C4, 0x08C4, 0x08E4, 0x08E4, 0x08C4, 0x08C4, 0x08C4, \
        0x08C4, 0x08C4, 0x08C4, 0x08C4, 0x08C4, 0x08C4, 0x08C4, 0x08C4, 0x10E4, 0x1104, 0x08C4, 0x08C4, \
        0x08C4, 0x08C4, 0x08C4, 0x08C4, 0x08C4, 0x08C4, 0x08C4, 0x08C4, 0x08C4, 0x08C4, 0x08C4, 0x08C4, \
        0x08C4, 0x08C4, 0x08C4, 0x08C4, 0x08C4, 0x08C4, 0x08E4, 0x10E4, 0x08C4, 0x08C4, 0x08C4, 0x08C4, \
        0x08C4, 0x08C4, 0x08C4, 0x08C4, 0x08C4, 0x08C4, 0x08C4, 0x08C4, 0x08C4, 0x08C4, 0x08C4, 0x08C4, \
        0x08C4, 0x08C4, 0x08C4, 0x08C4, 0x08C4, 0x08C4, 0x08C4, 0x08C4, 0x08C4, 0x08C4, 0x08C4, 0x08C4, \
        0x08C4, 0x08C4, 0x08C4, 0x08C4, 0x08C4, 0x08C4, 0x08C4, 0x08C4, 0x08C4, 0x08C4, 0x08C4, 0x08C4, \
        0x08C4, 0x08C4, 0x08C4, 0x08C4, 0x08C4, 0x08C4, 0x08C4, 0x08C4, 0x08C4, 0x08C4, 0x08C4, 0x08C4, \
        0x08C4, 0x08C4, 0x08C4, 0x08C4, 0x08C4, 0x08C4, 0x08C4, 0x08C4, 0x08C4, 0x08C4, 0x08C4, 0x08C4, \
        0x08C4, 0x08C4, 0x08C4, 0x08C4, 0x08C4, 0x08C4, 0x08C4, 0x08C4, 0x08C4, 0x08C4, 0x08C4, 0x08C4, \
        0x08C4, 0x08C4, 0x08C4, 0x08C4, 0x08C4, 0x08C4, 0x08C4, 0x08C4, 0x08C4, 0x08C4, 0x08C4, 0x08C4, \
        0x08C4, 0x08C4, 0x08C4, 0x08C4, 0x08C4, 0x08C4, 0x08C4, 0x08C4, 0x08C4, 0x08C4, 0x08C4, 0x08C4, \
        0x08C4, 0x08C4, 0x08C4, 0x08C4, 0x08C4, 0x08C4, 0x08C4, 0x08C4, 0x08C4, 0x08C4, 0x08C4, 0x08C4, \
        0x08C4, 0x08C4, 0x08C4, 0x08C4, 0x08C4, 0x08C4, 0x08C4, 0x08C4, 0x08C4, 0x08C4, 0x08C4, 0x08C4, \
        0x08C4, 0x08C4, 0x08C4, 0x08C4, 0x08C4, 0x08C4, 0x08C4, 0x08C4, 0x08C4, 0x08C4, 0x08C4, 0x08C4, \
        0x08C4, 0x08C4, 0x08C4, 0x08C4, 0x08C4, 0x08C4, 0x08C4, 0x08C4, 0x08C4, 0x08C4, 0x08C4, 0x08C4, \
        0x08C4, 0x08C4, 0x08C4, 0x08C4, 0x08C4, 0x08C4, 0x08C4, 0x08C4, 0x08C4, 0x08C4, 0x08C4, 0x08C4, \
        0x08C4, 0x08C4, 0x08C4, 0x08C4, 0x08C4, 0x08C4, 0x08C4, 0x08C4, 0x08C4, 0x08C4, 0x08E4, 0x08E4, \
        0x08C4, 0x08C4, 0x08C4, 0x08C4, 0x08C4, 0x08C4, 0x08C4, 0x08C4, 0x08C4, 0x08C4, 0x08C4, 0x08C4, \
        0x08C4, 0x08C4, 0x08C4, 0x08C4, 0x08C4, 0x1105, 0x08C4, 0x08C4, 0x08C4, 0x08C4, 0x08C4, 0x08C4, \
        0x08C4, 0x08C4, 0x08C4, 0x08C4, 0x08C4, 0x08C4, 0x08C4, 0x08C4, 0x08E4, 0x08E4, 0x08C4, 0x08C4, \
        0x08C4, 0x08C4, 0x08C4, 0x08C4, 0x08C4, 0x08C4, 0x08C4, 0x08C4, 0x08C4, 0x08C4, 0x08C4, 0x08C4, \
        0x08C4, 0x08C4, 0x08C4, 0x08C4, 0x08C4, 0x08C4, 0x08C4, 0x08C4, 0x08C4, 0x08C4, 0x08C4, 0x08E4, \
        0x1105, 0x1104, 0x08E4, 0x08E4, 0x08C4, 0x08C4, 0x08C4, 0x08C4, 0x08C4, 0x08C4, 0x08C4, 0x08C4, \
        0x08C4, 0x08C4, 0x08C4, 0x08C4, 0x08C4, 0x08C4, 0x10E4, 0x10E4, 0x08C4, 0x08C4, 0x08C4, 0x08C4, \
        0x08C4, 0x08C4, 0x08C4, 0x08C4, 0x08E4, 0x08E4, 0x08C4, 0x08C4, 0x08C4, 0x08C4, 0x08C4, 0x08C4, \
        0x08C4, 0x08E4, 0x08E4, 0x08C4, 0x08C4, 0x08C4, 0x08C4, 0x08C4, 0x08C4, 0x08C4, 0x08C4, 0x08C4, \
        0x08C4, 0x08E4, 0x10E4, 0x08C4, 0x08C4, 0x08C4, 0x08C4, 0x08C4, 0x08C4, 0x08C4, 0x08C4, 0x08C4, \
        0x08C4, 0x08C4, 0x08C4, 0x08C4, 0x08C4, 0x08C4, 0x10E4, 0x08E4, 0x08C4, 0x08C4, 0x08C4, 0x08C4, \
        0x08C4, 0x08C4, 0x08C4, 0x08C4, 0x08C4, 0x08C4, 0x08C4, 0x08C4, 0x08C4, 0x08C4, 0x08C4, 0x08C4, \
        0x08C4, 0x08C4, 0x08C4, 0x08E4, 0x08E4, 0x08C4, 0x08C4, 0x08C4, 0x08C4, 0x08C4, 0x08C4, 0x08C4, \
        0x08C4, 0x08C4, 0x08C4, 0x08C4, 0x08C4, 0x08C4, 0x08C4, 0x08C4, 0x08C4, 0x08C4, 0x08C4, 0x08C4, \
        0x08C4, 0x08C4, 0x08C4, 0x08C4, 0x08C4, 0x08C4, 0x08C4, 0x08C4, 0x08C4, 0x08C4, 0x08C4, 0x08C4, \
        0x08C4, 0x08C4, 0x08C4, 0x08C4, 0x08C4, 0x08C4, 0x08C4, 0x08C4, 0x08C4, 0x08C4, 0x08C4, 0x08C4, \
        0x08C4, 0x08C4, 0x08C4, 0x08C4, 0x08C4, 0x08C4, 0x08C4, 0x08C4, 0x08C4, 0x08C4, 0x08C4, 0x08C4, \
        0x08C4, 0x08C4, 0x08C4, 0x08C4, 0x08C4, 0x08C4, 0x08C4, 0x08C4, 0x08C4, 0x08C4, 0x08C4, 0x08C4, \
        0x08C4, 0x08C4, 0x08C4, 0x08C4, 0x08C4, 0x08C4, 0x08C4, 0x08C4, 0x08C4, 0x08C4, 0x08C4, 0x08C4, \
        0x08C4, 0x08C4, 0x08C4, 0x08C4, 0x08C4, 0x08C4, 0x08C4, 0x08C4, 0x08C4, 0x08C4, 0x08C4, 0x08C4, \
        0x08C4, 0x08C4, 0x08C4, 0x08C4, 0x08C4, 0x08C4, 0x08C4, 0x08C4, 0x08C4, 0x08C4, 0x08C4, 0x08C4, \
        0x08C4, 0x08C4, 0x08C4, 0x08C4, 0x08C4, 0x08C4, 0x08C4, 0x08C4, 0x08C4, 0x08C4, 0x08C4, 0x08C4, \
        0x08C4, 0x08C4, 0x08C4, 0x08C4, 0x08C4, 0x08C4, 0x08C4, 0x08C4, 0x08C4, 0x08C4, 0x08C4, 0x08C4, \
        0x08C4, 0x08C4, 0x08C4, 0x08C4, 0x08C4, 0x08C4, 0x08C4, 0x08C4, 0x08C4, 0x08C4, 0x08C4, 0x08C4, \
        0x08C4, 0x08C4, 0x08C4, 0x08C4, 0x08C4, 0x08C4, 0x08C4, 0x08C4, 0x08C4, 0x08C4, 0x08C4, 0x08C4, \
        0x08C4, 0x08C4, 0x08C4, 0x08C4, 0x08C4, 0x08C4, 0x08C4, 0x08C4, 0x08C4, 0x08C4, 0x08C4, 0x08C4, \
        0x08C4, 0x08C4, 0x08C4, 0x08C4, 0x08C4, 0x08C4, 0x08C4, 0x10E4, 0x08E4, 0x08C4, 0x08C4, 0x08C4, \
        0x08C4, 0x08C4, 0x08C4, 0x08C4, 0x08C4, 0x08C4, 0x08C4, 0x08C4, 0x08C4, 0x08C4, 0x08C4, 0x08C4, \
        0x08C4, 0x08C4, 0x1105, 0x08C4, 0x08C4, 0x08C4, 0x08C4, 0x08C4, 0x08C4, 0x08C4, 0x08C4, 0x08C4, \
        0x08C4, 0x08C4, 0x08C4, 0x08C4, 0x08C4, 0x08E4, 0x08E4, 0x08C4, 0x08C4, 0x08C4, 0x08C4, 0x08C4, \
        0x08C4, 0x08C4, 0x08C4, 0x08C4, 0x08C4, 0x08C4, 0x08C4, 0x08C4, 0x08C4, 0x08C4, 0x08C4, 0x08C4, \
        0x08C4, 0x08C4, 0x08C4, 0x08C4, 0x08C4, 0x08C4, 0x08C4, 0x08C4, 0x08C4, 0x08C4, 0x08C4, 0x08E4, \
        0x08C4, 0x08C4, 0x08C4, 0x08C4, 0x08C4, 0x08C4, 0x08C4, 0x08C4, 0x08C4, 0x08C4, 0x08C4, 0x08C4, \
        0x08C4, 0x08E4, 0x10E4, 0x08C4, 0x08C4, 0x08C4, 0x08C4, 0x08C4, 0x08C4, 0x08C4, 0x08C4, 0x08C4, \
        0x10E4, 0x08C4, 0x08C4, 0x08C4, 0x08C4, 0x08C4, 0x08C4, 0x08C4, 0x08C4, 0x08E4, 0x08C4, 0x08C4, \
        0x08C4, 0x08C4, 0x08C4, 0x08C4, 0x08C4, 0x08C4, 0x08C4, 0x08C4, 0x08E4, 0x10E4, 0x08C4, 0x08C4, \
        0x08C4, 0x08C4, 0x08C4, 0x08C4, 0x08C4, 0x08C4, 0x08C4, 0x08C4, 0x08C4, 0x08C4, 0x08C4, 0x08C4, \
        0x08C4, 0x08C4, 0x08C4, 0x08E4, 0x08E4, 0x08E4, 0x08C4, 0x08C4, 0x08C4, 0x08C4, 0x08C4, 0x08C4, \
        0x08C4, 0x08C4, 0x08C4, 0x08C4, 0x08C4, 0x08C4, 0x08C4, 0x08C4, 0x08C4, 0x08C4, 0x08C4, 0x08C4, \
        0x08E4, 0x10E4, 0x08E4, 0x08C4, 0x08C4, 0x08C4, 0x08C4, 0x08C4, 0x08C4, 0x08C4, 0x08C4, 0x08C4, \
        0x08C4, 0x08C4, 0x08C4, 0x08C4, 0x08C4, 0x08C4, 0x08C4, 0x08C4, 0x08C4, 0x08C4, 0x08C4, 0x08C4, \
        0x08C4, 0x08C4, 0x08C4, 0x08C4, 0x08C4, 0x08C4, 0x08C4, 0x08C4, 0x08C4, 0x08C4, 0x08C4, 0x08C4, \
        0x08C4, 0x08C4, 0x08C4, 0x08C4, 0x08C4, 0x08C4, 0x08C4, 0x08C4, 0x08C4, 0x08C4, 0x08C4, 0x08C4, \
        0x08C4, 0x08C4, 0x08C4, 0x08C4, 0x08C4, 0x08C4, 0x08C4, 0x08C4, 0x08C4, 0x08C4, 0x08C4, 0x08C4, \
        0x08C4, 0x08C4, 0x08C4, 0x08C4, 0x08C4, 0x08C4, 0x08C4, 0x08C4, 0x08C4, 0x08C4, 0x08C4, 0x08C4, \
        0x08C4, 0x08C4, 0x08C4, 0x08C4, 0x08C4, 0x08C4, 0x08C4, 0x08C4, 0x08C4, 0x08C4, 0x08C4, 0x08C4, \
        0x08C4, 0x08C4, 0x08C4, 0x08C4, 0x08C4, 0x08C4, 0x08C4, 0x08C4, 0x08C4, 0x08C4, 0x08C4, 0x08C4, \
        0x08C4, 0x08C4, 0x08C4, 0x08C4, 0x08C4, 0x08C4, 0x08C4, 0x08C4, 0x08C4, 0x08C4, 0x08C4, 0x08C4, \
        0x08C4, 0x08C4, 0x08C4, 0x08C4, 0x08C4, 0x08C4, 0x08C4, 0x08C4, 0x08C4, 0x08C4, 0x08C4, 0x08C4, \
        0x08C4, 0x08C4, 0x08C4, 0x08C4, 0x08C4, 0x08C4, 0x08C4, 0x08C4, 0x08C4, 0x08C4, 0x08C4, 0x08C4, \
        0x08C4, 0x08C4, 0x08C4, 0x08C4, 0x08C4, 0x08C4, 0x08C4, 0x08C4, 0x08C4, 0x08C4, 0x08C4, 0x08C4, \
        0x08C4, 0x08C4, 0x08C4, 0x08C4, 0x08C4, 0x08C4, 0x08C4, 0x08C4, 0x08C4, 0x08C4, 0x08C4, 0x08C4, \
        0x08C4, 0x08C4, 0x08C4, 0x08C4, 0x08C4, 0x08C4, 0x08C4, 0x08C4, 0x08C4, 0x08C4, 0x08C4, 0x08C4, \
        0x08C4, 0x08C4, 0x08C4, 0x08E4, 0x10E4, 0x08C4, 0x08C4, 0x08C4, 0x08C4, 0x08C4, 0x08C4, 0x08C4, \
        0x08C4, 0x08C4, 0x08C4, 0x08C4, 0x08C4, 0x08C4, 0x08C4, 0x08C4, 0x08C4, 0x08C4, 0x10E4, 0x10E4, \
        0x08C4, 0x08C4, 0x08C4, 0x08C4, 0x08C4, 0x08C4, 0x08C4, 0x08C4, 0x08C4, 0x08C4, 0x08C4, 0x08C4, \
        0x08C4, 0x08C4, 0x08E4, 0x08E4, 0x08C4, 0x08C4, 0x08C4, 0x08C4, 0x08C4, 0x08C4, 0x08C4, 0x08C4, \
        0x08C4, 0x08C4, 0x08C4, 0x08C4, 0x08C4, 0x08C4, 0x08C4, 0x08C4, 0x08C4, 0x08C4, 0x08C4, 0x08C4, \
        0x08C4, 0x08C4, 0x08C4, 0x08C4, 0x08C4, 0x08C4, 0x08C4, 0x08C4, 0x08C4, 0x08C4, 0x08C4, 0x08C4, \
        0x08C4, 0x08C4, 0x08C4, 0x08C4, 0x08C4, 0x08C4, 0x08C4, 0x08C4, 0x08E4, 0x08E4, 0x08C4, 0x08C4, \
        0x08C4, 0x08C4, 0x08C4, 0x08C4, 0x08C4, 0x08C4, 0x08C4, 0x08C4, 0x08E4, 0x08C4, 0x08C4, 0x08C4, \
        0x08C4, 0x08C4, 0x08C4, 0x08C4, 0x08E4, 0x08E4, 0x08C4, 0x08C4, 0x08C4, 0x08C4, 0x08C4, 0x08C4, \
        0x08C4, 0x08C4, 0x08C4, 0x08C4, 0x08E4, 0x08C4, 0x08C4, 0x08C4, 0x08C4, 0x08C4, 0x08C4, 0x08C4, \
        0x08C4, 0x08C4, 0x08C4, 0x08C4, 0x08C4, 0x08C4, 0x08C4, 0x08C4, 0x08C4, 0x08C4, 0x08C4, 0x08C4, \
        0x08C4, 0x10E4, 0x08E4, 0x08C4, 0x08C4, 0x08C4, 0x08C4, 0x08C4, 0x08C4, 0x08C4, 0x08C4, 0x08C4, \
        0x08C4, 0x08C4, 0x08C4, 0x08C4, 0x08C4, 0x08C4, 0x08C4, 0x08C4, 0x08C4, 0x08C4, 0x10E4, 0x08E4, \
        0x08C4, 0x08C4, 0x08C4, 0x08C4, 0x08C4, 0x08C4, 0x08C4, 0x08C4, 0x08C4, 0x08C4, 0x08C4, 0x08C4, \
        0x08C4, 0x08C4, 0x08C4, 0x08C4, 0x08C4, 0x08C4, 0x08C4, 0x08C4, 0x08C4, 0x08C4, 0x08C4, 0x08C4, \
        0x08C4, 0x08C4, 0x08C4, 0x08C4, 0x08C4, 0x08C4, 0x08C4, 0x08C4, 0x08C4, 0x08C4, 0x08C4, 0x08C4, \
        0x08C4, 0x08C4, 0x08C4, 0x08C4, 0x08C4, 0x08C4, 0x08C4, 0x08C4, 0x08C4, 0x08C4, 0x08C4, 0x08C4, \
        0x08C4, 0x08C4, 0x08C4, 0x08C4, 0x08C4, 0x08C4, 0x08C4, 0x08C4, 0x08C4, 0x08C4, 0x08C4, 0x08C4, \
        0x08C4, 0x08C4, 0x08C4, 0x08C4, 0x08C4, 0x08C4, 0x08C4, 0x08C4, 0x08C4, 0x08C4, 0x08C4, 0x08C4, \
        0x08C4, 0x08C4, 0x08C4, 0x08C4, 0x08C4, 0x08C4, 0x08C4, 0x08C4, 0x08C4, 0x08C4, 0x08C4, 0x08C4, \
        0x08C4, 0x08C4, 0x08C4, 0x08C4, 0x08C4, 0x08C4, 0x08C4, 0x08C4, 0x08C4, 0x08C4, 0x08C4, 0x08C4, \
        0x08C4, 0x08C4, 0x08C4, 0x08C4, 0x08C4, 0x08C4, 0x08C4, 0x08C4, 0x08C4, 0x08C4, 0x08C4, 0x08C4, \
        0x08C4, 0x08C4, 0x08C4, 0x08C4, 0x08C4, 0x08C4, 0x08C4, 0x08C4, 0x08C4, 0x08C4, 0x08C4, 0x08C4, \
        0x08C4, 0x08C4, 0x08C4, 0x08C4, 0x08C4, 0x08C4, 0x08C4, 0x08C4, 0x08C4, 0x08C4, 0x08C4, 0x08C4, \
        0x08C4, 0x08C4, 0x08C4, 0x08C4, 0x08C4, 0x08C4, 0x08C4, 0x08C4, 0x08C4, 0x08C4, 0x08C4, 0x08C4, \
        0x08C4, 0x08C4, 0x08C4, 0x08C4, 0x08C4, 0x08C4, 0x08C4, 0x08C4, 0x08C4, 0x08C4, 0x08C4, 0x08C4, \
        0x08C4, 0x08C4, 0x08C4, 0x08C4, 0x08C4, 0x08C4, 0x08C4, 0x08C4, 0x08C4, 0x08C4, 0x08C4, 0x08C4, \
        0x10E4, 0x08E4, 0x08C4, 0x08C4, 0x08C4, 0x08C4, 0x08C4, 0x08C4, 0x08C4, 0x08C4, 0x08C4, 0x08C4, \
        0x08C4, 0x08C4, 0x08C4, 0x08C4, 0x08C4, 0x08C4, 0x08C4, 0x10E4, 0x10E4, 0x08C4, 0x08C4, 0x08C4, \
        0x08C4, 0x08C4, 0x08C4, 0x08C4, 0x08C4, 0x08C4, 0x08C4, 0x08C4, 0x08C4, 0x08C4, 0x08C4, 0x08E4, \
        0x08E4, 0x08C4, 0x08C4, 0x08C4, 0x08C4, 0x08C4, 0x08C4, 0x08C4, 0x08C4, 0x08C4, 0x08C4, 0x08C4, \
        0x08C4, 0x08C4, 0x08C4, 0x08C4, 0x08C4, 0x08C4, 0x08C4, 0x08C4, 0x08C4, 0x08C4, 0x08C4, 0x08C4, \
        0x08C4, 0x08C4, 0x08C4, 0x08C4, 0x08C4, 0x08C4, 0x08C4, 0x08C4, 0x08C4, 0x08C4, 0x08C4, 0x08C4, \
        0x08C4, 0x08C4, 0x08E4, 0x08E4, 0x08E4, 0x08C4, 0x08C4, 0x08C4, 0x08C4, 0x08C4, 0x08C4, 0x08C4, \
        0x08C4, 0x08C4, 0x08C4, 0x08E4, 0x08C4, 0x08C4, 0x08C4, 0x08C4, 0x08C4, 0x08C4, 0x08C4, 0x08C4, \
        0x08E4, 0x08E4, 0x08C4, 0x08C4, 0x08C4, 0x08C4, 0x08C4, 0x08C4, 0x08C4, 0x08C4, 0x08C4, 0x10E4, \
        0x08E4, 0x08C4, 0x08C4, 0x08C4, 0x08C4, 0x08C4, 0x08C4, 0x08C4, 0x08C4, 0x08C4, 0x08C4, 0x08C4, \
        0x08C4, 0x08C4, 0x08C4, 0x08C4, 0x08C4, 0x08C4, 0x08C4, 0x08C4, 0x08C4, 0x08C4, 0x08E4, 0x10E4, \
        0x08C4, 0x08C4, 0x08C4, 0x08C4, 0x08C4, 0x08C4, 0x08C4, 0x08C4, 0x08C4, 0x08C4, 0x08C4, 0x08C4, \
        0x08C4, 0x08C4, 0x08C4, 0x08C4, 0x08C4, 0x08C4, 0x08E4, 0x10E4, 0x08E4, 0x08C4, 0x08C4, 0x08C4, \
        0x08C4, 0x08C4, 0x08C4, 0x08C4, 0x08C4, 0x08C4, 0x08C4, 0x08C4, 0x08C4, 0x08C4, 0x08C4, 0x08C4, \
        0x08C4, 0x08C4, 0x08C4, 0x08C4, 0x08C4, 0x08C4, 0x08C4, 0x08C4, 0x08C4, 0x08C4, 0x08C4, 0x08C4, \
        0x08C4, 0x08C4, 0x08C4, 0x08C4, 0x08C4, 0x08C4, 0x08C4, 0x08C4, 0x08C4, 0x08C4, 0x08C4, 0x08C4, \
        0x08C4, 0x08C4, 0x08C4, 0x08C4, 0x08C4, 0x08C4, 0x08C4, 0x08C4, 0x08C4, 0x08C4, 0x08C4, 0x08C4, \
        0x08C4, 0x08C4, 0x08C4, 0x08C4, 0x08C4, 0x08C4, 0x08C4, 0x08C4, 0x08C4, 0x08C4, 0x08C4, 0x08C4, \
        0x08C4, 0x08C4, 0x08C4, 0x08C4, 0x08C4, 0x08C4, 0x08C4, 0x08C4, 0x08C4, 0x08C4, 0x08C4, 0x08C4, \
        0x08C4, 0x08C4, 0x08C4, 0x08C4, 0x08C4, 0x08C4, 0x08C4, 0x08C4, 0x08C4, 0x08C4, 0x08C4, 0x08C4, \
        0x08C4, 0x08C4, 0x08C4, 0x08C4, 0x08C4, 0x08C4, 0x08C4, 0x08C4, 0x08C4, 0x08C4, 0x08C4, 0x08C4, \
        0x08C4, 0x08C4, 0x08C4, 0x08C4, 0x08C4, 0x08C4, 0x08C4, 0x08C4, 0x08C4, 0x08C4, 0x08C4, 0x08C4, \
        0x08C4, 0x08C4, 0x08C4, 0x08C4, 0x08C4, 0x08C4, 0x08C4, 0x08C4, 0x08C4, 0x08C4, 0x08C4, 0x08C4, \
        0x08C4, 0x08C4, 0x08C4, 0x08C4, 0x08C4, 0x08C4, 0x08C4, 0x08C4, 0x08C4, 0x08C4, 0x08C4, 0x08C4, \
        0x08C4, 0x08C4, 0x08C4, 0x08C4, 0x08C4, 0x08C4, 0x08C4, 0x08C4, 0x08C4, 0x08C4, 0x08C4, 0x08C4, \
        0x08C4, 0x08C4, 0x08C4, 0x08C4, 0x08C4, 0x08C4, 0x08C4, 0x08C4, 0x08C4, 0x08C4, 0x08C4, 0x08C4, \
        0x08C4, 0x08C4, 0x08C4, 0x08C4, 0x08C4, 0x08C4, 0x08C4, 0x08C4, 0x08C4, 0x08E4, 0x08C4, 0x08C4, \
        0x08C4, 0x08C4, 0x08C4, 0x08C4, 0x08C4, 0x08C4, 0x08C4, 0x08C4, 0x08C4, 0x08C4, 0x08C4, 0x08C4, \
        0x08C4, 0x08C4, 0x08C4, 0x08C4, 0x10E4, 0x08C4, 0x08C4, 0x08C4, 0x08C4, 0x08C4, 0x08C4, 0x08C4, \
        0x08C4, 0x08C4, 0x08C4, 0x08C4, 0x08C4, 0x08C4, 0x08C4, 0x08C4, 0x08E4, 0x08E4, 0x08C4, 0x08C4, \
        0x08C4, 0x08C4, 0x08C4, 0x08C4, 0x08C4, 0x08C4, 0x08C4, 0x08C4, 0x08C4, 0x08C4, 0x08C4, 0x08C4, \
        0x08C4, 0x08C4, 0x08C4, 0x08C4, 0x08C4, 0x08C4, 0x08C4, 0x08C4, 0x08C4, 0x08C4, 0x08C4, 0x08C4, \
        0x08E4, 0x08E4, 0x08E4, 0x08C4, 0x08C4, 0x08C4, 0x08C4, 0x08E4, 0x08E4, 0x08E4, 0x08C4, 0x08C4, \
        0x08C4, 0x08C4, 0x08C4, 0x08C4, 0x08C4, 0x08C4, 0x08C4, 0x08C4, 0x08C4, 0x08C4, 0x08E4, 0x10E4, \
        0x08C4, 0x08C4, 0x08C4, 0x08C4, 0x08C4, 0x08C4, 0x08C4, 0x08C4, 0x08E4, 0x08C4, 0x08C4, 0x08C3, \
        0x08C4, 0x08C4, 0x08C4, 0x08C4, 0x08C4, 0x08C4, 0x10E4, 0x10E4, 0x08C4, 0x08C4, 0x08C4, 0x08C4, \
        0x08C4, 0x08C4, 0x08C4, 0x08C4, 0x08C4, 0x08C4, 0x08C4, 0x08C4, 0x08C4, 0x08C4, 0x08C4, 0x08C4, \
        0x08C4, 0x08C4, 0x08C4, 0x08C4, 0x08C4, 0x08C4, 0x08C4, 0x10E4, 0x10E4, 0x08C4, 0x08C4, 0x08C4, \
        0x08C4, 0x08C4, 0x08C4, 0x08C4, 0x08C4, 0x08C4, 0x08C4, 0x08C4, 0x08C4, 0x08C4, 0x08C4, 0x08C4, \
        0x08C4, 0x08C4, 0x08C4, 0x08C4, 0x1104, 0x08E4, 0x08C4, 0x08C4, 0x08C4, 0x08C4, 0x08C4, 0x08C4, \
        0x08C4, 0x08C4, 0x08C4, 0x08C4, 0x08C4, 0x08C4, 0x08C4, 0x08C4, 0x08C4, 0x08C4, 0x08C4, 0x08C4, \
        0x08C4, 0x08C4, 0x08C4, 0x08C4, 0x08C4, 0x08C4, 0x08C4, 0x08C4, 0x08C4, 0x08C4, 0x08C4, 0x08C4, \
        0x08C4, 0x08C4, 0x08C4, 0x08C4, 0x08C4, 0x08C4, 0x08C4, 0x08C4, 0x08C4, 0x08C4, 0x08C4, 0x08C4, \
        0x08C4, 0x08C4, 0x08C4, 0x08C4, 0x08C4, 0x08C4, 0x08C4, 0x08C4, 0x08C4, 0x08C4, 0x08C4, 0x08C4, \
        0x08C4, 0x08C4, 0x08C4, 0x08C4, 0x08C4, 0x08C4, 0x08C4, 0x08C4, 0x08C4, 0x08C4, 0x08C4, 0x08C4, \
        0x08C4, 0x08C4, 0x08C4, 0x08C4, 0x08C4, 0x08C4, 0x08C4, 0x08C4, 0x08C4, 0x08C4, 0x08C4, 0x08C4, \
        0x08C4, 0x08C4, 0x08C4, 0x08C4, 0x08C4, 0x08C4, 0x08C4, 0x08C4, 0x08C4, 0x08C4, 0x08C4, 0x08C4, \
        0x08C4, 0x08C4, 0x08C4, 0x08C4, 0x08C4, 0x08C4, 0x08C4, 0x08C4, 0x08C4, 0x08C4, 0x08C4, 0x08C4, \
        0x08C4, 0x08C4, 0x08C4, 0x08C4, 0x08C4, 0x08C4, 0x08C4, 0x08C4, 0x08C4, 0x08C4, 0x08C4, 0x08C4, \
        0x08C4, 0x08C4, 0x08C4, 0x08C4, 0x08C4, 0x08C4, 0x08C4, 0x08C4, 0x08C4, 0x08C4, 0x08C4, 0x08C4, \
        0x08C4, 0x08C4, 0x08C4, 0x08C4, 0x08C4, 0x08C4, 0x08C4, 0x08C4, 0x08C4, 0x08C4, 0x08C4, 0x08C4, \
        0x08C4, 0x08C4, 0x08C4, 0x08C4, 0x08C4, 0x08C4, 0x08C4, 0x08C4, 0x08C4, 0x08C4, 0x08C4, 0x08C4, \
        0x08C4, 0x08C4, 0x08C4, 0x08C4, 0x08C4, 0x08C4, 0x08C4, 0x08C4, 0x08C4, 0x08C4, 0x08C4, 0x08C4, \
        0x08C4, 0x08C4, 0x08C4, 0x08C4, 0x08C4, 0x08C4, 0x1105, 0x08C4, 0x08C4, 0x08C4, 0x08C4, 0x08C4, \
        0x08C4, 0x08C4, 0x08C4, 0x08C4, 0x08C4, 0x08C4, 0x08C4, 0x08C4, 0x08C4, 0x08C4, 0x08C4, 0x08C4, \
        0x08E4, 0x10E4, 0x08C4, 0x08C4, 0x08C4, 0x08C4, 0x08C4, 0x08C4, 0x08C4, 0x08C4, 0x08C4, 0x08C4, \
        0x08C4, 0x08C4, 0x08C4, 0x08C4, 0x08C4, 0x10E4, 0x08E4, 0x08C4, 0x08C4, 0x08C4, 0x08C4, 0x08C4, \
        0x08C4, 0x08C4, 0x08C4, 0x08C4, 0x08C4, 0x08C4, 0x08C4, 0x08C4, 0x08C4, 0x08C4, 0x08C4, 0x08C4, \
        0x08C4, 0x08C4, 0x08C4, 0x08C4, 0x08C4, 0x08C4, 0x08C4, 0x08C4, 0x08C4, 0x08C4, 0x08E4, 0x1104, \
        0x1105, 0x1105, 0x08E4, 0x08C4, 0x08C4, 0x08C4, 0x08C4, 0x08C4, 0x08C4, 0x08C4, 0x08C4, 0x08C4, \
        0x08C4, 0x08C4, 0x08C4, 0x08C4, 0x08C4, 0x08C4, 0x1105, 0x08C4, 0x08C4, 0x08C4, 0x08C4, 0x08C4, \
        0x08C4, 0x08C4, 0x08C4, 0x08C4, 0x1105, 0x08C4, 0x08C4, 0x08C4, 0x08C4, 0x08C4, 0x08C4, 0x08C4, \
        0x08C4, 0x08C4, 0x10E4, 0x08C4, 0x08C4, 0x08C4, 0x08C4, 0x08C4, 0x08C4, 0x08C4, 0x08C4, 0x08C4, \
        0x08C4, 0x08C4, 0x08C4, 0x08C4, 0x08C4, 0x08C4, 0x08C4, 0x08C4, 0x08C4, 0x08C4, 0x08C4, 0x08C4, \
        0x08C4, 0x08C4, 0x08C4, 0x08C4, 0x08E4, 0x10E4, 0x08C4, 0x08C4, 0x08C4, 0x08C4, 0x08C4, 0x08C4, \
        0x08C4, 0x08C4, 0x08C4, 0x08C4, 0x08C4, 0x08C4, 0x08C4, 0x08C4, 0x08C4, 0x08C4, 0x08C4, 0x08C4, \
        0x08C4, 0x1105, 0x08C4, 0x08C4, 0x08C4, 0x08C4, 0x08C4, 0x08C4, 0x08C4, 0x08C4, 0x08C4, 0x08C4, \
        0x08C4, 0x08C4, 0x08C4, 0x08C4, 0x08C4, 0x08C4, 0x08C4, 0x08C4, 0x08C4, 0x08C4, 0x08C4, 0x08C4, \
        0x08C4, 0x08C4, 0x08C4, 0x08C4, 0x08C4, 0x08C4, 0x08C4, 0x08C4, 0x08C4, 0x08C4, 0x08C4, 0x08C4, \
        0x08C4, 0x08C4, 0x08C4, 0x08C4, 0x08C4, 0x08C4, 0x08C4, 0x08C4, 0x08C4, 0x08C4, 0x08C4, 0x08C4, \
        0x08C4, 0x08C4, 0x08C4, 0x08C4, 0x08C4, 0x08C4, 0x08C4, 0x08C4, 0x08C4, 0x08C4, 0x08C4, 0x08C4, \
        0x08C4, 0x08C4, 0x08C4, 0x08C4, 0x08C4, 0x08C4, 0x08C4, 0x08C4, 0x08C4, 0x08C4, 0x08C4, 0x08C4, \
        0x08C4, 0x08C4, 0x08C4, 0x08C4, 0x08C4, 0x08C4, 0x08C4, 0x08C4, 0x08C4, 0x08C4, 0x08C4, 0x08C4, \
        0x08C4, 0x08C4, 0x08C4, 0x08C4, 0x08C4, 0x08C4, 0x08C4, 0x08C4, 0x08C4, 0x08C4, 0x08C4, 0x08C4, \
        0x08C4, 0x08C4, 0x08C4, 0x08C4, 0x08C4, 0x08C4, 0x08C4, 0x08C4, 0x08C4, 0x08C4, 0x08C4, 0x08C4, \
        0x08C4, 0x08C4, 0x08C4, 0x08C4, 0x08C4, 0x08C4, 0x08C4, 0x08C4, 0x08C4, 0x08C4, 0x08C4, 0x08C4, \
        0x08C4, 0x08C4, 0x08C4, 0x08C4, 0x08C4, 0x08C4, 0x08C4, 0x08C4, 0x08C4, 0x08C4, 0x08C4, 0x08C4, \
        0x08C4, 0x08C4, 0x08C4, 0x08C4, 0x08C4, 0x08C4, 0x08C4, 0x08C4, 0x08C4, 0x08C4, 0x08C4, 0x08C4, \
        0x08C4, 0x08C4, 0x08C4, 0x08C4, 0x08C4, 0x08C4, 0x08C4, 0x08C4, 0x08C4, 0x08C4, 0x08C4, 0x08C4, \
        0x08C4, 0x08C4, 0x08C4, 0x08C4, 0x08C4, 0x08C4, 0x08C4, 0x08C4, 0x08C4, 0x08C4, 0x08C4, 0x08C4, \
        0x08C4, 0x08C4, 0x1105, 0x08C4, 0x08C4, 0x08C4, 0x08C4, 0x08C4, 0x08C4, 0x08C4, 0x08C4, 0x08C4, \
        0x08C4, 0x08C4, 0x08C4, 0x08C4, 0x08C4, 0x08C4, 0x08C4, 0x08C4, 0x08C4, 0x10E4, 0x08E4, 0x08C4, \
        0x08C4, 0x08C4, 0x08C4, 0x08C4, 0x08C4, 0x08C4, 0x08C4, 0x08C4, 0x08C4, 0x08C4, 0x08C4, 0x08C4, \
        0x08C4, 0x08C4, 0x1105, 0x08E4, 0x08C4, 0x08C4, 0x08C4, 0x08C4, 0x08C4, 0x08C4, 0x08C4, 0x08C4, \
        0x08C4, 0x08C4, 0x08C4, 0x08C4, 0x08C4, 0x08C4, 0x08C4, 0x08C4, 0x08C4, 0x08C4, 0x08C4, 0x08C4, \
        0x08C4, 0x08C4, 0x08C4, 0x08C4, 0x08C4, 0x08C4, 0x08C4, 0x08C4, 0x08C4, 0x08C4, 0x08C4, 0x08C4, \
        0x08C4, 0x08C4, 0x08C4, 0x08C4, 0x08C4, 0x08C4, 0x08C4, 0x08C4, 0x08C4, 0x08C4, 0x08C4, 0x08C4, \
        0x08C4, 0x10E4, 0x08E4, 0x08C4, 0x08C4, 0x08C4, 0x08C4, 0x08C4, 0x08C4, 0x08C4, 0x08C4, 0x08E4, \
        0x08C4, 0x08C4, 0x08C4, 0x08C4, 0x08C4, 0x08C4, 0x08C4, 0x08C4, 0x08C4, 0x08E4, 0x08E4, 0x08C4, \
        0x08C4, 0x08C4, 0x08C4, 0x08C4, 0x08C4, 0x08C4, 0x08C4, 0x08C4, 0x08E4, 0x08E4, 0x10E4, 0x10E4, \
        0x08E4, 0x08E4, 0x08E4, 0x08C4, 0x08C4, 0x08C4, 0x08C4, 0x08C4, 0x08C4, 0x08C4, 0x08C4, 0x08C4, \
        0x08C4, 0x10E4, 0x08E4, 0x08C4, 0x08C4, 0x08C4, 0x08C4, 0x08C4, 0x08C4, 0x08C4, 0x08C4, 0x08C4, \
        0x08C4, 0x08C4, 0x08C4, 0x08C4, 0x08C4, 0x08C4, 0x08C4, 0x08C4, 0x08C4, 0x08C4, 0x1105, 0x08C4, \
        0x08C4, 0x08C4, 0x08C4, 0x08C4, 0x08C4, 0x08C4, 0x08C4, 0x08C4, 0x08C4, 0x08C4, 0x08C4, 0x08C4, \
        0x08C4, 0x08C4, 0x08C4, 0x08C4, 0x08C4, 0x08C4, 0x08C4, 0x08C4, 0x08C4, 0x08C4, 0x08C4, 0x08C4, \
        0x08C4, 0x08C4, 0x08C4, 0x08C4, 0x08C4, 0x08C4, 0x08C4, 0x08C4, 0x08C4, 0x08C4, 0x08C4, 0x08C4, \
        0x08C4, 0x08C4, 0x08C4, 0x08C4, 0x08C4, 0x08C4, 0x08C4, 0x08C4, 0x08C4, 0x08C4, 0x08C4, 0x08C4, \
        0x08C4, 0x08C4, 0x08C4, 0x08C4, 0x08C4, 0x08C4, 0x08C4, 0x08C4, 0x08C4, 0x08C4, 0x08C4, 0x08C4, \
        0x08C4, 0x08C4, 0x08C4, 0x08C4, 0x08C4, 0x08C4, 0x08C4, 0x08C4, 0x08C4, 0x08C4, 0x08C4, 0x08C4, \
        0x08C4, 0x08C4, 0x08C4, 0x08C4, 0x08C4, 0x08C4, 0x08C4, 0x08C4, 0x08C4, 0x08C4, 0x08C4, 0x08C4, \
        0x08C4, 0x08C4, 0x08C4, 0x08C4, 0x08C4, 0x08C4, 0x08C4, 0x08C4, 0x08C4, 0x08C4, 0x08C4, 0x08C4, \
        0x08C4, 0x08C4, 0x08C4, 0x08C4, 0x08C4, 0x08C4, 0x08C4, 0x08C4, 0x08C4, 0x08C4, 0x08C4, 0x08C4, \
        0x08C4, 0x08C4, 0x08C4, 0x08C4, 0x08C4, 0x08C4, 0x08C4, 0x08C4, 0x08C4, 0x08C4, 0x08C4, 0x08C4, \
        0x08C4, 0x08C4, 0x08C4, 0x08C4, 0x08C4, 0x08C4, 0x08C4, 0x08C4, 0x08C4, 0x08C4, 0x08C4, 0x08C4, \
        0x08C4, 0x08C4, 0x08C4, 0x08C4, 0x08C4, 0x08C4, 0x08C4, 0x08C4, 0x08C4, 0x08C4, 0x08C4, 0x08C4, \
        0x08C4, 0x08C4, 0x08C4, 0x08C4, 0x08C4, 0x08C4, 0x08C4, 0x08C4, 0x08C4, 0x08C4, 0x08C4, 0x08C4, \
        0x08C4, 0x08C4, 0x08C4, 0x08C4, 0x08C4, 0x08C4, 0x08C4, 0x08C4, 0x08C4, 0x08C4, 0x08C4, 0x1105, \
        0x08C4, 0x08C4, 0x08C4, 0x08C4, 0x08C4, 0x08C4, 0x08C4, 0x08C4, 0x08C4, 0x08C4, 0x08C4, 0x08C4, \
        0x08C4, 0x08C4, 0x08C4, 0x08C4, 0x08C4, 0x10E4, 0x10E4, 0x08C4, 0x08C4, 0x08C4, 0x08C4, 0x08C4, \
        0x08C4, 0x08C4, 0x08C4, 0x08C4, 0x08C4, 0x08C4, 0x08C4, 0x08C4, 0x08C4, 0x08C4, 0x08C4, 0x1104, \
        0x10E4, 0x08C4, 0x08C4, 0x08C4, 0x08C4, 0x08C4, 0x08C4, 0x08C4, 0x08C4, 0x08C4, 0x08C4, 0x08C4, \
        0x08C4, 0x08C4, 0x08C4, 0x08C4, 0x08C4, 0x08C4, 0x08C4, 0x08C4, 0x08C4, 0x08C4, 0x08C4, 0x08C4, \
        0x08C4, 0x08C4, 0x08C4, 0x08C4, 0x08C4, 0x08C4, 0x08C4, 0x08C4, 0x08C4, 0x08C4, 0x08C4, 0x08C4, \
        0x08C4, 0x08C4, 0x08C4, 0x08C4, 0x08C4, 0x08C4, 0x08C4, 0x08C4, 0x08E4, 0x08E4, 0x08C4, 0x08C4, \
        0x08C4, 0x08C4, 0x08C4, 0x08C4, 0x08C4, 0x08C4, 0x08C4, 0x10E4, 0x08C4, 0x08C4, 0x08C4, 0x08C4, \
        0x08C4, 0x08C4, 0x08C4, 0x08C4, 0x08C4, 0x08E4, 0x08E4, 0x08C4, 0x08C4, 0x08C4, 0x08C4, 0x08C4, \
        0x08C4, 0x08C4, 0x08E4, 0x10E4, 0x10E4, 0x08C4, 0x08C4, 0x08C4, 0x08C4, 0x10E4, 0x1105, 0x10E4, \
        0x08E4, 0x08C4, 0x08C4, 0x08C4, 0x08C4, 0x08C4, 0x08C4, 0x08C4, 0x08C4, 0x08C4, 0x08E4, 0x08E4, \
        0x08C4, 0x08C4, 0x08C4, 0x08C4, 0x08C4, 0x08C4, 0x08C4, 0x08C4, 0x08C4, 0x08C4, 0x08C4, 0x08C4, \
        0x08C4, 0x08C4, 0x08C4, 0x08C4, 0x08C4, 0x08C4, 0x08C4, 0x1105, 0x08C4, 0x08C4, 0x08C4, 0x08C4, \
        0x08C4, 0x08C4, 0x08C4, 0x08C4, 0x08C4, 0x08C4, 0x08C4, 0x08C4, 0x08C4, 0x08C4, 0x08C4, 0x08C4, \
        0x08C4, 0x08C4, 0x08C4, 0x08C4, 0x08C4, 0x08C4, 0x08C4, 0x08C4, 0x08C4, 0x08C4, 0x08C4, 0x08C4, \
        0x08C4, 0x08C4, 0x08C4, 0x08C4, 0x08C4, 0x08C4, 0x08C4, 0x08C4, 0x08C4, 0x08C4, 0x08C4, 0x08C4, \
        0x08C4, 0x08C4, 0x08C4, 0x08C4, 0x08C4, 0x08C4, 0x08C4, 0x08C4, 0x08C4, 0x08C4, 0x08C4, 0x08C4, \
        0x08C4, 0x08C4, 0x08C4, 0x08C4, 0x08C4, 0x08C4, 0x08C4, 0x08C4, 0x08C4, 0x08C4, 0x08C4, 0x08C4, \
        0x08C4, 0x08C4, 0x08C4, 0x08C4, 0x08C4, 0x08C4, 0x08C4, 0x08C4, 0x08C4, 0x08C4, 0x08C4, 0x08C4, \
        0x08C4, 0x08C4, 0x08C4, 0x08C4, 0x08C4, 0x08C4, 0x08C4, 0x08C4, 0x08C4, 0x08C4, 0x08C4, 0x08C4, \
        0x08C4, 0x08C4, 0x08C4, 0x08C4, 0x08C4, 0x08C4, 0x08C4, 0x08C4, 0x08C4, 0x08C4, 0x08C4, 0x08C4, \
        0x08C4, 0x08C4, 0x08C4, 0x08C4, 0x08C4, 0x08C4, 0x08C4, 0x08C4, 0x08C4, 0x08C4, 0x08C4, 0x08C4, \
        0x08C4, 0x08C4, 0x08C4, 0x08C4, 0x08C4, 0x08C4, 0x08C4, 0x08C4, 0x08C4, 0x08C4, 0x08C4, 0x08C4, \
        0x08C4, 0x08C4, 0x08C4, 0x08C4, 0x08C4, 0x08C4, 0x08C4, 0x08C4, 0x08C4, 0x08C4, 0x08C4, 0x08C4, \
        0x08C4, 0x08C4, 0x08C4, 0x08C4, 0x08C4, 0x08C4, 0x08C4, 0x08C4, 0x08C4, 0x08C4, 0x08C4, 0x08C4, \
        0x08C4, 0x08C4, 0x08C4, 0x08C4, 0x08C4, 0x08C4, 0x08C4, 0x08C4, 0x08C4, 0x08C4, 0x08C4, 0x08C4, \
        0x08C4, 0x08C4, 0x08C4, 0x08C4, 0x08C4, 0x08C4, 0x08C4, 0x1105, 0x08C4, 0x08C4, 0x08C4, 0x08C4, \
        0x08C4, 0x08C4, 0x08C4, 0x08C4, 0x08C4, 0x08C4, 0x08C4, 0x08C4, 0x08C4, 0x08C4, 0x08C4, 0x08C4, \
        0x08C4, 0x08C4, 0x10E4, 0x08C4, 0x08C4, 0x08C4, 0x08C4, 0x08C4, 0x08C4, 0x08C4, 0x08C4, 0x08C4, \
        0x08C4, 0x08C4, 0x08C4, 0x08C4, 0x08C4, 0x08C4, 0x08C4, 0x08C4, 0x08E4, 0x08E4, 0x08C4, 0x08C4, \
        0x08C4, 0x08C4, 0x08C4, 0x08C4, 0x08C4, 0x08C4, 0x08C4, 0x08C4, 0x08C4, 0x08C4, 0x08C4, 0x08C4, \
        0x08C4, 0x08C4, 0x08C4, 0x08C4, 0x08C4, 0x08C4, 0x08C4, 0x08C4, 0x08C4, 0x08C4, 0x08C4, 0x08C4, \
        0x08C4, 0x08C4, 0x08C4, 0x08C4, 0x08C4, 0x08C4, 0x08C4, 0x08C4, 0x08C4, 0x08C4, 0x08C4, 0x08C4, \
        0x08C4, 0x08C4, 0x08C4, 0x08E4, 0x08E4, 0x08C4, 0x08C4, 0x08C4, 0x08C4, 0x08C4, 0x08C4, 0x08C4, \
        0x08C4, 0x08C4, 0x08E4, 0x08E4, 0x08C4, 0x08C4, 0x08C4, 0x08C4, 0x08C4, 0x08C4, 0x08C4, 0x08C4, \
        0x08C4, 0x08E4, 0x08C4, 0x08C4, 0x08C4, 0x08C4, 0x08C4, 0x08C4, 0x08C4, 0x08E4, 0x08E4, 0x08C4, \
        0x08C4, 0x08C4, 0x08C4, 0x08C4, 0x08C4, 0x08C4, 0x08C4, 0x10E4, 0x08E4, 0x10E4, 0x08C4, 0x08C4, \
        0x08C4, 0x08C4, 0x08C4, 0x08C4, 0x08C4, 0x08C4, 0x08C4, 0x08E4, 0x08E4, 0x08C4, 0x08C4, 0x08C4, \
        0x08C4, 0x08C4, 0x08C4, 0x08C4, 0x08C4, 0x08C4, 0x08C4, 0x08C4, 0x08C4, 0x08C4, 0x08C4, 0x08C4, \
        0x08C4, 0x08C4, 0x08C4, 0x08C4, 0x10E4, 0x08C4, 0x08C4, 0x08C4, 0x08C4, 0x08C4, 0x08C4, 0x08C4, \
        0x08C4, 0x08C4, 0x08C4, 0x08C4, 0x08C4, 0x08C4, 0x08C4, 0x08C4, 0x08C4, 0x08C4, 0x08C4, 0x08C4, \
        0x08C4, 0x08C4, 0x08C4, 0x08C4, 0x08C4, 0x08C4, 0x08C4, 0x08C4, 0x08C4, 0x08C4, 0x08C4, 0x08C4, \
        0x08C4, 0x08C4, 0x08C4, 0x08C4, 0x08C4, 0x08C4, 0x08C4, 0x08C4, 0x08C4, 0x08C4, 0x08C4, 0x08C4, \
        0x08C4, 0x08C4, 0x08C4, 0x08C4, 0x08C4, 0x08C4, 0x08C4, 0x08C4, 0x08C4, 0x08C4, 0x08C4, 0x08C4, \
        0x08C4, 0x08C4, 0x08C4, 0x08C4, 0x08C4, 0x08C4, 0x08C4, 0x08C4, 0x08C4, 0x08C4, 0x08C4, 0x08C4, \
        0x08C4, 0x08C4, 0x08C4, 0x08C4, 0x08C4, 0x08C4, 0x08C4, 0x08C4, 0x08C4, 0x08C4, 0x08C4, 0x08C4, \
        0x08C4, 0x08C4, 0x08C4, 0x08C4, 0x08C4, 0x08C4, 0x08C4, 0x08C4, 0x08C4, 0x08C4, 0x08C4, 0x08C4, \
        0x08C4, 0x08C4, 0x08C4, 0x08C4, 0x08C4, 0x08C4, 0x08C4, 0x08C4, 0x08C4, 0x08C4, 0x08C4, 0x08C4, \
        0x08C4, 0x08C4, 0x08C4, 0x08C4, 0x08C4, 0x08C4, 0x08C4, 0x08C4, 0x08C4, 0x08C4, 0x08C4, 0x08C4, \
        0x08C4, 0x08C4, 0x08C4, 0x08C4, 0x08C4, 0x08C4, 0x08C4, 0x08C4, 0x08C4, 0x08C4, 0x08C4, 0x08C4, \
        0x08C4, 0x08C4, 0x08C4, 0x08C4, 0x08C4, 0x08C4, 0x08C4, 0x08C4, 0x08C4, 0x08C4, 0x08C4, 0x08C4, \
        0x08C4, 0x08C4, 0x08C4, 0x08C4, 0x08C4, 0x08C4, 0x08C4, 0x08C4, 0x08C4, 0x08C4, 0x08C4, 0x08C4, \
        0x08C4, 0x08C4, 0x08C4, 0x08C4, 0x08C4, 0x08C4, 0x08C4, 0x08C4, 0x08C4, 0x08C4, 0x08C4, 0x08C4, \
        0x08C4, 0x08C4, 0x08C4, 0x08E4, 0x08C4, 0x08C4, 0x08C4, 0x08C4, 0x08C4, 0x08C4, 0x08C4, 0x08C4, \
        0x08C4, 0x08C4, 0x08C4, 0x08C4, 0x08C4, 0x08C4, 0x08C4, 0x08C4, 0x08C4, 0x08C4, 0x10E4, 0x08E4, \
        0x08C4, 0x08C4, 0x08C4, 0x08C4, 0x08C4, 0x08C4, 0x08C4, 0x08C4, 0x08C4, 0x08C4, 0x08C4, 0x08C4, \
        0x08C4, 0x08C4, 0x08C4, 0x08C4, 0x08C4, 0x08C4, 0x10E4, 0x08E4, 0x08C4, 0x08C4, 0x08C4, 0x08C4, \
        0x08C4, 0x08C4, 0x08C4, 0x08C4, 0x08C4, 0x08C4, 0x08C4, 0x08C4, 0x08C4, 0x08C4, 0x08C4, 0x08C4, \
        0x08C4, 0x08C4, 0x08C4, 0x08C4, 0x08C4, 0x08C4, 0x08C4, 0x08C4, 0x08C4, 0x08C4, 0x08C4, 0x08C4, \
        0x08C4, 0x08C4, 0x08C4, 0x08C4, 0x08C4, 0x08C4, 0x08C4, 0x08C4, 0x08C4, 0x08E4, 0x10E4, 0x08E4, \
        0x08C4, 0x08C4, 0x08C4, 0x08C4, 0x08C4, 0x08C4, 0x08C4, 0x08C4, 0x08C4, 0x08C4, 0x08E4, 0x08C4, \
        0x08C4, 0x08C4, 0x08C4, 0x08C4, 0x08C4, 0x08C4, 0x08C4, 0x08C4, 0x08E4, 0x08E4, 0x08C4, 0x08C4, \
        0x08C4, 0x08C4, 0x08C4, 0x08C4, 0x08E4, 0x08E4, 0x08C4, 0x08C4, 0x08C4, 0x08C4, 0x08C4, 0x08C4, \
        0x08C4, 0x08C4, 0x08C4, 0x08C4, 0x08C4, 0x10E4, 0x08E4, 0x08E4, 0x08C4, 0x08C4, 0x08C4, 0x08C4, \
        0x08C4, 0x08C4, 0x08C4, 0x08C4, 0x08E4, 0x10E4, 0x08C4, 0x08C4, 0x08C4, 0x08C4, 0x08C4, 0x08C4, \
        0x08C4, 0x08C4, 0x08C4, 0x08C4, 0x08C4, 0x08C4, 0x08C4, 0x08C4, 0x08C4, 0x08C4, 0x08C4, 0x08C4, \
        0x08E4, 0x10E4, 0x08C4, 0x08C4, 0x08C4, 0x08C4, 0x08C4, 0x08C4, 0x08C4, 0x08C4, 0x08C4, 0x08C4, \
        0x08C4, 0x08C4, 0x08C4, 0x08C4, 0x08C4, 0x08C4, 0x08C4, 0x08C4, 0x08C4, 0x08C4, 0x08C4, 0x08C4, \
        0x08C4, 0x08C4, 0x08C4, 0x08C4, 0x08C4, 0x08C4, 0x08C4, 0x08C4, 0x08C4, 0x08C4, 0x08C4, 0x08C4, \
        0x08C4, 0x08C4, 0x08C4, 0x08C4, 0x08C4, 0x08C4, 0x08C4, 0x08C4, 0x08C4, 0x08C4, 0x08C4, 0x08C4, \
        0x08C4, 0x08C4, 0x08C4, 0x08C4, 0x08C4, 0x08C4, 0x08C4, 0x08C4, 0x08C4, 0x08C4, 0x08C4, 0x08C4, \
        0x08C4, 0x08C4, 0x08C4, 0x08C4, 0x08C4, 0x08C4, 0x08C4, 0x08C4, 0x08C4, 0x08C4, 0x08C4, 0x08C4, \
        0x08C4, 0x08C4, 0x08C4, 0x08C4, 0x08C4, 0x08C4, 0x08C4, 0x08C4, 0x08C4, 0x08C4, 0x08C4, 0x08C4, \
        0x08C4, 0x08C4, 0x08C4, 0x08C4, 0x08C4, 0x08C4, 0x08C4, 0x08C4, 0x08C4, 0x08C4, 0x08C4, 0x08C4, \
        0x08C4, 0x08C4, 0x08C4, 0x08C4, 0x08C4, 0x08C4, 0x08C4, 0x08C4, 0x08C4, 0x08C4, 0x08C4, 0x08C4, \
        0x08C4, 0x08C4, 0x08C4, 0x08C4, 0x08C4, 0x08C4, 0x08C4, 0x08C4, 0x08C4, 0x08C4, 0x08C4, 0x08C4, \
        0x08C4, 0x08C4, 0x08C4, 0x08C4, 0x08C4, 0x08C4, 0x08C4, 0x08C4, 0x08C4, 0x08C4, 0x08C4, 0x08C4, \
        0x08C4, 0x08C4, 0x08C4, 0x08C4, 0x08C4, 0x08C4, 0x08C4, 0x08C4, 0x08C4, 0x08C4, 0x08C4, 0x08C4, \
        0x08C4, 0x08C4, 0x08C4, 0x08C4, 0x08C4, 0x08C4, 0x08C4, 0x08C4, 0x08C4, 0x08C4, 0x08C4, 0x08C4, \
        0x08C4, 0x08C4, 0x08C4, 0x08C4, 0x08C4, 0x08C4, 0x08C4, 0x08C4, 0x08C4, 0x08C4, 0x08C4, 0x08C4, \
        0x10E4, 0x08C4, 0x08C4, 0x08C4, 0x08C4, 0x08C4, 0x08C4, 0x08C4, 0x08C4, 0x08C4, 0x08C4, 0x08C4, \
        0x08C4, 0x08C4, 0x08C4, 0x08C4, 0x08C4, 0x08C4, 0x08C4, 0x10E4, 0x08C4, 0x08C4, 0x08C4, 0x08C4, \
        0x08C4, 0x08C4, 0x08C4, 0x08C4, 0x08C4, 0x08C4, 0x08C4, 0x08C4, 0x08C4, 0x08C4, 0x08C4, 0x08C4, \
        0x08C4, 0x08C4, 0x08C4, 0x08E4, 0x08E4, 0x10E4, 0x08E4, 0x08C4, 0x08C4, 0x08C4, 0x08C4, 0x08C4, \
        0x08C4, 0x08C4, 0x08C4, 0x08C4, 0x08C4, 0x08C4, 0x08C4, 0x08C4, 0x08C4, 0x08C4, 0x08C4, 0x08C4, \
        0x08C4, 0x08C4, 0x08C4, 0x08C4, 0x08C4, 0x08C4, 0x08C4, 0x08C4, 0x08C4, 0x08C4, 0x08C4, 0x08C4, \
        0x08C4, 0x08C4, 0x08C4, 0x08C4, 0x10E4, 0x10E4, 0x08C4, 0x08C4, 0x08C4, 0x08C4, 0x08C4, 0x08C4, \
        0x08C4, 0x08C4, 0x08C4, 0x08C4, 0x08C4, 0x10E4, 0x08C4, 0x08C3, 0x08C4, 0x08C4, 0x08C4, 0x08C4, \
        0x08C4, 0x08C4, 0x08C4, 0x08C4, 0x08E4, 0x08C4, 0x08C4, 0x08C4, 0x08C4, 0x08C4, 0x08C4, 0x08C4, \
        0x08E4, 0x08C4, 0x08C4, 0x08C4, 0x08C4, 0x08C4, 0x08C4, 0x08C4, 0x08C4, 0x08C4, 0x08C4, 0x08C4, \
        0x08C4, 0x08C4, 0x10E4, 0x08E4, 0x08C4, 0x08C4, 0x08C4, 0x08C4, 0x08C4, 0x08C4, 0x08C4, 0x08C4, \
        0x08C4, 0x08E4, 0x10E4, 0x08C4, 0x08C4, 0x08C4, 0x08C4, 0x08C4, 0x08C4, 0x08C4, 0x08C4, 0x08C4, \
        0x08C4, 0x08C4, 0x08C4, 0x08C4, 0x08C4, 0x08C4, 0x08C4, 0x08C4, 0x08C4, 0x08E4, 0x08E4, 0x08C4, \
        0x08C4, 0x08C4, 0x08C4, 0x08C4, 0x08C4, 0x08C4, 0x08C4, 0x08C4, 0x08C4, 0x08C4, 0x08C4, 0x08C4, \
        0x08C4, 0x08C4, 0x08C4, 0x08C4, 0x08C4, 0x08C4, 0x08C4, 0x08C4, 0x08C4, 0x08C4, 0x08C4, 0x08C4, \
        0x08C4, 0x08C4, 0x08C4, 0x08C4, 0x08C4, 0x08C4, 0x08C4, 0x08C4, 0x08C4, 0x08C4, 0x08C4, 0x08C4, \
        0x08C4, 0x08C4, 0x08C4, 0x08C4, 0x08C4, 0x08C4, 0x08C4, 0x08C4, 0x08C4, 0x08C4, 0x08C4, 0x08C4, \
        0x08C4, 0x08C4, 0x08C4, 0x08C4, 0x08C4, 0x08C4, 0x08C4, 0x08C4, 0x08C4, 0x08C4, 0x08C4, 0x08C4, \
        0x08C4, 0x08C4, 0x08C4, 0x08C4, 0x08C4, 0x08C4, 0x08C4, 0x08C4, 0x08C4, 0x08C4, 0x08C4, 0x08C4, \
        0x08C4, 0x08C4, 0x08C4, 0x08C4, 0x08C4, 0x08C4, 0x08C4, 0x08C4, 0x08C4, 0x08C4, 0x08C4, 0x08C4, \
        0x08C4, 0x08C4, 0x08C4, 0x08C4, 0x08C4, 0x08C4, 0x08C4, 0x08C4, 0x08C4, 0x08C4, 0x08C4, 0x08C4, \
        0x08C4, 0x08C4, 0x08C4, 0x08C4, 0x08C4, 0x08C4, 0x08C4, 0x08C4, 0x08C4, 0x08C4, 0x08C4, 0x08C4, \
        0x08C4, 0x08C4, 0x08C4, 0x08C4, 0x08C4, 0x08C4, 0x08C4, 0x08C4, 0x08C4, 0x08C4, 0x08C4, 0x08C4, \
        0x08C4, 0x08C4, 0x08C4, 0x08C4, 0x08C4, 0x08C4, 0x08C4, 0x08C4, 0x08C4, 0x08C4, 0x08C4, 0x08C4, \
        0x08C4, 0x08C4, 0x08C4, 0x08C4, 0x08C4, 0x08C4, 0x08C4, 0x08C4, 0x08C4, 0x08C4, 0x08C4, 0x08C4, \
        0x08C4, 0x08C4, 0x08C4, 0x08C4, 0x08C4, 0x08C4, 0x08C4, 0x08C4, 0x08C4, 0x08C4, 0x08C4, 0x08C4, \
        0x08C4, 0x08C4, 0x08C4, 0x08C4, 0x08C4, 0x08C4, 0x08C4, 0x08C4, 0x08E5, 0x08C4, 0x08C4, 0x08C4, \
        0x08C4, 0x08C4, 0x08C4, 0x08C4, 0x08C4, 0x08C4, 0x08C4, 0x08C4, 0x08C4, 0x08C4, 0x08C4, 0x08C4, \
        0x08C4, 0x08C4, 0x08C4, 0x10E4, 0x08E4, 0x08C4, 0x08C4, 0x08C4, 0x08C4, 0x08C4, 0x08C4, 0x08C4, \
        0x08C4, 0x08C4, 0x08C4, 0x08C4, 0x08C4, 0x08C4, 0x08C4, 0x08C4, 0x08C4, 0x08C4, 0x08C4, 0x08C4, \
        0x08C4, 0x08E4, 0x08E4, 0x10E4, 0x10E4, 0x08E4, 0x08C4, 0x08C4, 0x08C4, 0x08C4, 0x08C4, 0x08C4, \
        0x08C4, 0x08C4, 0x08C4, 0x08C4, 0x08E4, 0x10E4, 0x08E4, 0x1104, 0x08C4, 0x08C4, 0x08C4, 0x08C4, \
        0x08C4, 0x08C4, 0x08C4, 0x08C4, 0x08C4, 0x10C4, 0x08C4, 0x08C4, 0x08C4, 0x08C4, 0x08E4, 0x10E4, \
        0x08C4, 0x08C4, 0x08C4, 0x08C4, 0x08C4, 0x08C4, 0x08C4, 0x08C4, 0x08C4, 0x08C4, 0x08C4, 0x08C4, \
        0x10E4, 0x08C4, 0x08C4, 0x08C3, 0x08C4, 0x08C4, 0x08C4, 0x08C4, 0x08C4, 0x08C4, 0x08C4, 0x08C4, \
        0x08E4, 0x08C4, 0x08C4, 0x08C4, 0x08C4, 0x08C4, 0x08C4, 0x08E4, 0x08C4, 0x08C4, 0x08C4, 0x08C4, \
        0x08C4, 0x08C4, 0x08C4, 0x08C4, 0x08C4, 0x08C4, 0x08C4, 0x08C4, 0x08C4, 0x08C4, 0x08C4, 0x10E4, \
        0x08E4, 0x08C4, 0x08C4, 0x08C4, 0x08C4, 0x08C4, 0x08C4, 0x08C4, 0x08C4, 0x08C4, 0x08E4, 0x10E4, \
        0x08C4, 0x08C4, 0x08C4, 0x08C4, 0x08C4, 0x08C4, 0x08C4, 0x08C4, 0x08C4, 0x08C4, 0x08C4, 0x08C4, \
        0x08C4, 0x08C4, 0x08C4, 0x08C4, 0x08C4, 0x08C4, 0x10E4, 0x10E4, 0x08C4, 0x08C4, 0x08C4, 0x08C4, \
        0x08C4, 0x08C4, 0x08C4, 0x08C4, 0x08C4, 0x08C4, 0x08C4, 0x08C4, 0x08C4, 0x08C4, 0x08C4, 0x08C4, \
        0x08C4, 0x08C4, 0x08C4, 0x08C4, 0x08C4, 0x08C4, 0x08C4, 0x08C4, 0x08C4, 0x08C4, 0x08C4, 0x08C4, \
        0x08C4, 0x08C4, 0x08C4, 0x08C4, 0x08C4, 0x08C4, 0x08C4, 0x08C4, 0x08C4, 0x08C4, 0x08C4, 0x08C4, \
        0x08C4, 0x08C4, 0x08C4, 0x08C4, 0x08C4, 0x08C4, 0x08C4, 0x08C4, 0x08C4, 0x08C4, 0x08C4, 0x08C4, \
        0x08C4, 0x08C4, 0x08C4, 0x08C4, 0x08C4, 0x08C4, 0x08C4, 0x08C4, 0x08C4, 0x08C4, 0x08C4, 0x08C4, \
        0x08C4, 0x08C4, 0x08C4, 0x08C4, 0x08C4, 0x08C4, 0x08C4, 0x08C4, 0x08C4, 0x08C4, 0x08C4, 0x08C4, \
        0x08C4, 0x08C4, 0x08C4, 0x08C4, 0x08C4, 0x08C4, 0x08C4, 0x08C4, 0x08C4, 0x08C4, 0x08C4, 0x08C4, \
        0x08C4, 0x08C4, 0x08C4, 0x08C4, 0x08C4, 0x08C4, 0x08C4, 0x08C4, 0x08C4, 0x08C4, 0x08C4, 0x08C4, \
        0x08C4, 0x08C4, 0x08C4, 0x08C4, 0x08C4, 0x08C4, 0x08C4, 0x08C4, 0x08C4, 0x08C4, 0x08C4, 0x08C4, \
        0x08C4, 0x08C4, 0x08C4, 0x08C4, 0x08C4, 0x08C4, 0x08C4, 0x08C4, 0x08C4, 0x08C4, 0x08C4, 0x08C4, \
        0x08C4, 0x08C4, 0x08C4, 0x08C4, 0x08C4, 0x08C4, 0x08C4, 0x08C4, 0x08C4, 0x08C4, 0x08C4, 0x08C4, \
        0x08C4, 0x08C4, 0x08C4, 0x08C4, 0x08C4, 0x08C4, 0x08C4, 0x08C4, 0x08C4, 0x08C4, 0x08C4, 0x08C4, \
        0x08C4, 0x08C4, 0x08C4, 0x08C4, 0x08C4, 0x08C4, 0x08C4, 0x08C4, 0x08C4, 0x08C4, 0x08C4, 0x08C4, \
        0x08C4, 0x08C4, 0x08C4, 0x08C4, 0x10E5, 0x08C4, 0x08C4, 0x08C4, 0x08C4, 0x08C4, 0x08C4, 0x08C4, \
        0x08C4, 0x08C4, 0x08C4, 0x08C4, 0x08C4, 0x08C4, 0x08C4, 0x08C4, 0x08C4, 0x08C4, 0x08C4, 0x08C4, \
        0x10E4, 0x08C4, 0x08C4, 0x08C4, 0x08C4, 0x08C4, 0x08C4, 0x08C4, 0x08C4, 0x08C4, 0x08C4, 0x08C4, \
        0x08C4, 0x08C4, 0x08C4, 0x08C4, 0x08C4, 0x08C4, 0x08C4, 0x08C4, 0x08C4, 0x08C4, 0x08C4, 0x08C4, \
        0x08C4, 0x08C4, 0x10E4, 0x1104, 0x1105, 0x1105, 0x1105, 0x1105, 0x1105, 0x1105, 0x1105, 0x08E4, \
        0x08C4, 0x08C4, 0x08E4, 0x08C4, 0x08E4, 0x08C4, 0x08C4, 0x08C4, 0x08C4, 0x08C4, 0x08C4, 0x08C4, \
        0x08C4, 0x08C4, 0x08E4, 0x08E4, 0x1105, 0x08E4, 0x08C4, 0x08C4, 0x08C4, 0x08C4, 0x08C4, 0x08C4, \
        0x08C4, 0x08C4, 0x08C4, 0x08C4, 0x08C4, 0x08C4, 0x08C4, 0x08E4, 0x08E4, 0x08C4, 0x08C4, 0x08C4, \
        0x08C4, 0x08C4, 0x08C4, 0x08C4, 0x08C4, 0x08C4, 0x08C4, 0x10E4, 0x08E4, 0x08C4, 0x08C4, 0x08C4, \
        0x08C4, 0x08C4, 0x08C4, 0x10E4, 0x08C4, 0x08C4, 0x08C4, 0x08C4, 0x08C4, 0x08C4, 0x08C4, 0x08C4, \
        0x08C4, 0x08C4, 0x08C4, 0x08C4, 0x08C4, 0x08C4, 0x08C4, 0x08C4, 0x10E4, 0x08E4, 0x08C4, 0x08C4, \
        0x08C4, 0x08C4, 0x08C4, 0x08C4, 0x08C4, 0x08C4, 0x08C4, 0x08E4, 0x10E4, 0x08C4, 0x08C4, 0x08C4, \
        0x08C4, 0x08C4, 0x08C4, 0x08C4, 0x08C4, 0x08C4, 0x08C4, 0x08C4, 0x08C4, 0x08C4, 0x08C4, 0x08C4, \
        0x08C4, 0x08C4, 0x08E4, 0x08E4, 0x08C4, 0x08C4, 0x08C4, 0x08C4, 0x08C4, 0x08C4, 0x08C4, 0x08C4, \
        0x08C4, 0x08C4, 0x08C4, 0x08C4, 0x08C4, 0x08C4, 0x08C4, 0x08C4, 0x08C4, 0x08C4, 0x08C4, 0x08C4, \
        0x08C4, 0x08C4, 0x08C4, 0x08C4, 0x08C4, 0x08C4, 0x08C4, 0x08C4, 0x08C4, 0x08C4, 0x08C4, 0x08C4, \
        0x08C4, 0x08C4, 0x08C4, 0x08C4, 0x08C4, 0x08C4, 0x08C4, 0x08C4, 0x08C4, 0x08C4, 0x08C4, 0x08C4, \
        0x08C4, 0x08C4, 0x08C4, 0x08C4, 0x08C4, 0x08C4, 0x08C4, 0x08C4, 0x08C4, 0x08C4, 0x08C4, 0x08C4, \
        0x08C4, 0x08C4, 0x08C4, 0x08C4, 0x08C4, 0x08C4, 0x08C4, 0x08C4, 0x08C4, 0x08C4, 0x08C4, 0x08C4, \
        0x08C4, 0x08C4, 0x08C4, 0x08C4, 0x08C4, 0x08C4, 0x08C4, 0x08C4, 0x08C4, 0x08C4, 0x08C4, 0x08C4, \
        0x08C4, 0x08C4, 0x08C4, 0x08C4, 0x08C4, 0x08C4, 0x08C4, 0x08C4, 0x08C4, 0x08C4, 0x08C4, 0x08C4, \
        0x08C4, 0x08C4, 0x08C4, 0x08C4, 0x08C4, 0x08C4, 0x08C4, 0x08C4, 0x08C4, 0x08C4, 0x08C4, 0x08C4, \
        0x08C4, 0x08C4, 0x08C4, 0x08C4, 0x08C4, 0x08C4, 0x08C4, 0x08C4, 0x08C4, 0x08C4, 0x08C4, 0x08C4, \
        0x08C4, 0x08C4, 0x08C4, 0x08C4, 0x08C4, 0x08C4, 0x08C4, 0x08C4, 0x08C4, 0x08C4, 0x08C4, 0x08C4, \
        0x08C4, 0x08C4, 0x08C4, 0x08C4, 0x08C4, 0x08C4, 0x08C4, 0x08C4, 0x08C4, 0x08C4, 0x08C4, 0x08C4, \
        0x08C4, 0x08C4, 0x08C4, 0x08C4, 0x08C4, 0x08C4, 0x08C4, 0x08C4, 0x08C4, 0x08C4, 0x08C4, 0x08C4, \
        0x08C4, 0x08C4, 0x08C4, 0x08C4, 0x08C4, 0x08C4, 0x08C4, 0x08C4, 0x08C4, 0x08C4, 0x08C4, 0x08C4, \
        0x10E4, 0x08C4, 0x08C4, 0x08C4, 0x08C4, 0x08C4, 0x08C4, 0x08C4, 0x08C4, 0x08C4, 0x08C4, 0x08C4, \
        0x08C4, 0x08C4, 0x08C4, 0x08C4, 0x08C4, 0x08C4, 0x08C4, 0x08C4, 0x1105, 0x08C4, 0x08C4, 0x08C4, \
        0x08C4, 0x08C4, 0x08C4, 0x08C4, 0x08C4, 0x08C4, 0x08C4, 0x08C4, 0x08C4, 0x08C4, 0x08C4, 0x08C4, \
        0x08C4, 0x08C4, 0x08C4, 0x08C4, 0x08C4, 0x08C4, 0x08C4, 0x08C4, 0x08C4, 0x08C4, 0x08C4, 0x08C4, \
        0x08C4, 0x08C4, 0x08C4, 0x08C4, 0x08C4, 0x08C4, 0x08C4, 0x08C4, 0x08C4, 0x08C4, 0x08C4, 0x08C4, \
        0x08C4, 0x08C4, 0x08E4, 0x1105, 0x1105, 0x1105, 0x1105, 0x1105, 0x1105, 0x1105, 0x10E4, 0x08C4, \
        0x08C4, 0x08C4, 0x08C4, 0x08C4, 0x08C4, 0x08C4, 0x08C4, 0x08C4, 0x08C4, 0x08C4, 0x08C4, 0x08C4, \
        0x08C4, 0x08C4, 0x08E4, 0x10E4, 0x08C4, 0x08C4, 0x08C4, 0x08C4, 0x08C4, 0x08C4, 0x08C4, 0x08C4, \
        0x08C4, 0x08C4, 0x08C4, 0x08E4, 0x08C4, 0x08C4, 0x08C4, 0x08C4, 0x08C4, 0x08C4, 0x08E4, 0x08C4, \
        0x08C4, 0x08C4, 0x08C4, 0x08C4, 0x08C4, 0x08C4, 0x08C4, 0x08C4, 0x08C4, 0x08C4, 0x08C4, 0x08C4, \
        0x08C4, 0x08C4, 0x08C4, 0x08C4, 0x08C4, 0x08E4, 0x08E4, 0x08C4, 0x08C4, 0x08C4, 0x08C4, 0x08C4, \
        0x08C4, 0x08C4, 0x08C4, 0x08C4, 0x10E4, 0x10E4, 0x08C4, 0x08C4, 0x08C4, 0x08C4, 0x08C4, 0x08C4, \
        0x08C4, 0x08C4, 0x08C4, 0x08C4, 0x08C4, 0x08C4, 0x08C4, 0x08C4, 0x08C4, 0x08C4, 0x08C4, 0x10E4, \
        0x08E4, 0x08C4, 0x08C4, 0x08C4, 0x08C4, 0x08C4, 0x08C4, 0x08C4, 0x08C4, 0x08C4, 0x08C4, 0x08C4, \
        0x08C4, 0x08C4, 0x08C4, 0x08C4, 0x08C4, 0x08C4, 0x08C4, 0x08C4, 0x08C4, 0x08C4, 0x08C4, 0x08C4, \
        0x08C4, 0x08C4, 0x08C4, 0x08C4, 0x08C4, 0x08C4, 0x08C4, 0x08C4, 0x08C4, 0x08C4, 0x08C4, 0x08C4, \
        0x08C4, 0x08C4, 0x08C4, 0x08C4, 0x08C4, 0x08C4, 0x08C4, 0x08C4, 0x08C4, 0x08C4, 0x08C4, 0x08C4, \
        0x08C4, 0x08C4, 0x08C4, 0x08C4, 0x08C4, 0x08C4, 0x08C4, 0x08C4, 0x08C4, 0x08C4, 0x08C4, 0x08C4, \
        0x08C4, 0x08C4, 0x08C4, 0x08C4, 0x08C4, 0x08C4, 0x08C4, 0x08C4, 0x08C4, 0x08C4, 0x08C4, 0x08C4, \
        0x08C4, 0x08C4, 0x08C4, 0x08C4, 0x08C4, 0x08C4, 0x08C4, 0x08C4, 0x08C4, 0x08C4, 0x08C4, 0x08C4, \
        0x08C4, 0x08C4, 0x08C4, 0x08C4, 0x08C4, 0x08C4, 0x08C4, 0x08C4, 0x08C4, 0x08C4, 0x08C4, 0x08C4, \
        0x08C4, 0x08C4, 0x08C4, 0x08C4, 0x08C4, 0x08C4, 0x08C4, 0x08C4, 0x08C4, 0x08C4, 0x08C4, 0x08C4, \
        0x08C4, 0x08C4, 0x08C4, 0x08C4, 0x08C4, 0x08C4, 0x08C4, 0x08C4, 0x08C4, 0x08C4, 0x08C4, 0x08C4, \
        0x08C4, 0x08C4, 0x08C4, 0x08C4, 0x08C4, 0x08C4, 0x08C4, 0x08C4, 0x08C4, 0x08C4, 0x08C4, 0x08C4, \
        0x08C4, 0x08C4, 0x08C4, 0x08C4, 0x08C4, 0x08C4, 0x08C4, 0x08C4, 0x08C4, 0x08C4, 0x08C4, 0x08C4, \
        0x08C4, 0x08C4, 0x08C4, 0x08C4, 0x08C4, 0x08C4, 0x08C4, 0x08C4, 0x08C4, 0x08C4, 0x08C4, 0x08C4, \
        0x08C4, 0x08C4, 0x08C4, 0x08C4, 0x08C4, 0x08C4, 0x08C4, 0x08C4, 0x1104, 0x08C4, 0x08C4, 0x08C4, \
        0x08C4, 0x08C4, 0x08C4, 0x08C4, 0x08C4, 0x08C4, 0x08C4, 0x08C4, 0x08C4, 0x08C4, 0x08C4, 0x08C4, \
        0x08C4, 0x08C4, 0x08C4, 0x08C4, 0x08C4, 0x1105, 0x08C4, 0x08C4, 0x08C4, 0x08C4, 0x08C4, 0x08C4, \
        0x08C4, 0x08C4, 0x08C4, 0x08C4, 0x08C4, 0x08C4, 0x08C4, 0x08C4, 0x08C4, 0x08C4, 0x08C4, 0x08C4, \
        0x08C4, 0x08C4, 0x08C4, 0x08C4, 0x08C4, 0x08C4, 0x08C4, 0x08C4, 0x08C4, 0x08C4, 0x08C4, 0x08C4, \
        0x08C4, 0x08C4, 0x08C4, 0x08C4, 0x08C4, 0x08C4, 0x08C4, 0x08C4, 0x08C4, 0x08C4, 0x08C4, 0x08C4, \
        0x08C4, 0x08C4, 0x08C4, 0x08C4, 0x08C4, 0x08C4, 0x08C4, 0x08C4, 0x08C4, 0x08C4, 0x08C4, 0x08C4, \
        0x08C4, 0x08C4, 0x08C4, 0x08C4, 0x08C4, 0x08C4, 0x08C4, 0x08C4, 0x08C4, 0x08E4, 0x10E4, 0x08E4, \
        0x08C4, 0x08C4, 0x08C4, 0x08C4, 0x08C4, 0x08C4, 0x08C4, 0x08C4, 0x08C4, 0x08C4, 0x08E4, 0x08E4, \
        0x08C4, 0x08C4, 0x08C4, 0x08C4, 0x08C4, 0x08C4, 0x1105, 0x08C4, 0x08C4, 0x08C4, 0x08C4, 0x08C4, \
        0x08C4, 0x08C4, 0x08C4, 0x08C4, 0x08C4, 0x08C4, 0x08C4, 0x08C4, 0x08C4, 0x08C4, 0x08C4, 0x08C4, \
        0x08C4, 0x08C4, 0x08E4, 0x08C4, 0x08C4, 0x08C4, 0x08C4, 0x08C4, 0x08C4, 0x08C4, 0x08C4, 0x08C4, \
        0x08C4, 0x10E4, 0x08E4, 0x08C4, 0x08C4, 0x08C4, 0x08C4, 0x08C4, 0x08C4, 0x08C4, 0x08C4, 0x08C4, \
        0x08C4, 0x08C4, 0x08C4, 0x08C4, 0x08C4, 0x08C4, 0x08C4, 0x08C4, 0x08E4, 0x08C4, 0x08C4, 0x08C4, \
        0x08C4, 0x08C4, 0x08C4, 0x08C4, 0x08C4, 0x08C4, 0x08C4, 0x08C4, 0x08C4, 0x08C4, 0x08C4, 0x08C4, \
        0x08C4, 0x08C4, 0x08C4, 0x08C4, 0x08C4, 0x08C4, 0x08C4, 0x08C4, 0x08C4, 0x08C4, 0x08C4, 0x08C4, \
        0x08C4, 0x08C4, 0x08C4, 0x08C4, 0x08C4, 0x08C4, 0x08C4, 0x08C4, 0x08C4, 0x08C4, 0x08C4, 0x08C4, \
        0x08C4, 0x08C4, 0x08C4, 0x08C4, 0x08C4, 0x08C4, 0x08C4, 0x08C4, 0x08C4, 0x08C4, 0x08C4, 0x08C4, \
        0x08C4, 0x08C4, 0x08C4, 0x08C4, 0x08C4, 0x08C4, 0x08C4, 0x08C4, 0x08C4, 0x08C4, 0x08C4, 0x08C4, \
        0x08C4, 0x08C4, 0x08C4, 0x08C4, 0x08C4, 0x08C4, 0x08C4, 0x08C4, 0x08C4, 0x08C4, 0x08C4, 0x08C4, \
        0x08C4, 0x08C4, 0x08C4, 0x08C4, 0x08C4, 0x08C4, 0x08C4, 0x08C4, 0x08C4, 0x08C4, 0x08C4, 0x08C4, \
        0x08C4, 0x08C4, 0x08C4, 0x08C4, 0x08C4, 0x08C4, 0x08C4, 0x08C4, 0x08C4, 0x08C4, 0x08C4, 0x08C4, \
        0x08C4, 0x08C4, 0x08C4, 0x08C4, 0x08C4, 0x08C4, 0x08C4, 0x08C4, 0x08C4, 0x08C4, 0x08C4, 0x08C4, \
        0x08C4, 0x08C4, 0x08C4, 0x08C4, 0x08C4, 0x08C4, 0x08C4, 0x08C4, 0x08C4, 0x08C4, 0x08C4, 0x08C4, \
        0x08C4, 0x08C4, 0x08C4, 0x08C4, 0x08C4, 0x08C4, 0x08C4, 0x08C4, 0x08C4, 0x08C4, 0x08C4, 0x08C4, \
        0x08C4, 0x08C4, 0x08C4, 0x08C4, 0x08C4, 0x08C4, 0x08C4, 0x08C4, 0x08C4, 0x08C4, 0x08C4, 0x08C4, \
        0x08C4, 0x08C4, 0x08C4, 0x08C4, 0x08C4, 0x08C4, 0x08C4, 0x08C4, 0x08C4, 0x08C4, 0x08C4, 0x08C4, \
        0x08C4, 0x08C4, 0x08C4, 0x08C4, 0x1105, 0x08C4, 0x08C4, 0x08C4, 0x08C4, 0x08C4, 0x08C4, 0x08C4, \
        0x08C4, 0x08C4, 0x08C4, 0x08C4, 0x08C4, 0x08C4, 0x08C4, 0x08C4, 0x08C4, 0x08C4, 0x08C4, 0x08C4, \
        0x08C4, 0x08E4, 0x08E4, 0x08C4, 0x08C4, 0x08C4, 0x08C4, 0x08C4, 0x08C4, 0x08C4, 0x08C4, 0x08C4, \
        0x08C4, 0x08C4, 0x08C4, 0x08C4, 0x08C4, 0x08C4, 0x08C4, 0x08C4, 0x08C4, 0x08C4, 0x08C4, 0x08C4, \
        0x08C4, 0x08C4, 0x08C4, 0x08C4, 0x08C4, 0x08C4, 0x08C4, 0x08C4, 0x08C4, 0x08C4, 0x08C4, 0x08C4, \
        0x08C4, 0x08C4, 0x08C4, 0x08C4, 0x08C4, 0x08C4, 0x08C4, 0x08C4, 0x08C4, 0x08C4, 0x08C4, 0x08C4, \
        0x08C4, 0x08C4, 0x08C4, 0x08C4, 0x08C4, 0x08C4, 0x08C4, 0x08C4, 0x08C4, 0x08C4, 0x08C4, 0x08C4, \
        0x08C4, 0x08C4, 0x08C4, 0x08C4, 0x08E4, 0x10E4, 0x08E4, 0x08C4, 0x08C4, 0x08C4, 0x08C4, 0x08C4, \
        0x08C4, 0x08C4, 0x08C4, 0x08C4, 0x08C4, 0x08C4, 0x1105, 0x08C4, 0x08C4, 0x08C4, 0x08C4, 0x08C4, \
        0x08C4, 0x10E4, 0x10E4, 0x08C4, 0x08C4, 0x08C4, 0x08C4, 0x08C4, 0x08C4, 0x08C4, 0x08C4, 0x08C4, \
        0x08C4, 0x08C4, 0x08C4, 0x08C4, 0x08C4, 0x08C4, 0x08C4, 0x08C4, 0x08C4, 0x08C4, 0x08E4, 0x08E4, \
        0x08C4, 0x08C4, 0x08C4, 0x08C4, 0x08C4, 0x08C4, 0x08C4, 0x08C4, 0x08C4, 0x08C4, 0x08E4, 0x08E4, \
        0x08C4, 0x08C4, 0x08C4, 0x08C4, 0x08C4, 0x08C4, 0x08C4, 0x08C4, 0x08C4, 0x08C4, 0x08C4, 0x08C4, \
        0x08C4, 0x08C4, 0x08C4, 0x08C4, 0x08E4, 0x08C4, 0x08C4, 0x08C4, 0x08C4, 0x08C4, 0x08C4, 0x08C4, \
        0x08C4, 0x08C4, 0x08C4, 0x08C4, 0x08C4, 0x08C4, 0x08C4, 0x08C4, 0x08C4, 0x08C4, 0x08C4, 0x08C4, \
        0x08C4, 0x08C4, 0x08C4, 0x08C4, 0x08C4, 0x08C4, 0x08C4, 0x08C4, 0x08C4, 0x08C4, 0x08C4, 0x08C4, \
        0x08C4, 0x08C4, 0x08C4, 0x08C4, 0x08C4, 0x08C4, 0x08C4, 0x08C4, 0x08C4, 0x08C4, 0x08C4, 0x08C4, \
        0x08C4, 0x08C4, 0x08C4, 0x08C4, 0x08C4, 0x08C4, 0x08C4, 0x08C4, 0x08C4, 0x08C4, 0x08C4, 0x08C4, \
        0x08C4, 0x08C4, 0x08C4, 0x08C4, 0x08C4, 0x08C4, 0x08C4, 0x08C4, 0x08C4, 0x08C4, 0x08C4, 0x08C4, \
        0x08C4, 0x08C4, 0x08C4, 0x08C4, 0x08C4, 0x08C4, 0x08C4, 0x08C4, 0x08C4, 0x08C4, 0x08C4, 0x08C4, \
        0x08C4, 0x08C4, 0x08C4, 0x08C4, 0x08C4, 0x08C4, 0x08C4, 0x08C4, 0x08C4, 0x08C4, 0x08C4, 0x08C4, \
        0x08C4, 0x08C4, 0x08C4, 0x08C4, 0x08C4, 0x08C4, 0x08C4, 0x08C4, 0x08C4, 0x08C4, 0x08C4, 0x08C4, \
        0x08C4, 0x08C4, 0x08C4, 0x08C4, 0x08C4, 0x08C4, 0x08C4, 0x08C4, 0x08C4, 0x08C4, 0x08C4, 0x08C4, \
        0x08C4, 0x08C4, 0x08C4, 0x08C4, 0x08C4, 0x08C4, 0x08C4, 0x08C4, 0x08C4, 0x08C4, 0x08C4, 0x08C4, \
        0x08C4, 0x08C4, 0x08C4, 0x08C4, 0x08C4, 0x08C4, 0x08C4, 0x08C4, 0x08C4, 0x08C4, 0x08C4, 0x08C4, \
        0x08C4, 0x08C4, 0x08C4, 0x08C4, 0x08C4, 0x08C4, 0x08C4, 0x08C4, 0x08C4, 0x08C4, 0x08C4, 0x08C4, \
        0x08C4, 0x08C4, 0x08C4, 0x08C4, 0x08C4, 0x08C4, 0x08C4, 0x08C4, 0x08C4, 0x08C4, 0x08C4, 0x08C4, \
        0x1105, 0x08C4, 0x08C4, 0x08C4, 0x08C4, 0x08C4, 0x08C4, 0x08C4, 0x08C4, 0x08C4, 0x08C4, 0x08C4, \
        0x08C4, 0x08C4, 0x08C4, 0x08C4, 0x08C4, 0x08C4, 0x08C4, 0x08C4, 0x08C4, 0x08C4, 0x10E4, 0x10E4, \
        0x08C4, 0x08C4, 0x08C4, 0x08C4, 0x08C4, 0x08C4, 0x08C4, 0x08C4, 0x08C4, 0x08C4, 0x08C4, 0x08C4, \
        0x08C4, 0x08C4, 0x08C4, 0x08C4, 0x08C4, 0x08C4, 0x08C4, 0x08C4, 0x08C4, 0x08C4, 0x08C4, 0x08C4, \
        0x08C4, 0x08C4, 0x08C4, 0x08C4, 0x08C4, 0x08C4, 0x08C4, 0x08C4, 0x08C4, 0x08C4, 0x08C4, 0x08C4, \
        0x08C4, 0x08C4, 0x08C4, 0x08C4, 0x08C4, 0x08C4, 0x08C4, 0x08C4, 0x08C4, 0x08C4, 0x08C4, 0x08C4, \
        0x08C4, 0x08C4, 0x08C4, 0x08C4, 0x08C4, 0x08C4, 0x08C4, 0x08C4, 0x08C4, 0x08C4, 0x08C4, 0x10E4, \
        0x08E4, 0x08E4, 0x08C4, 0x08C4, 0x08C4, 0x08C4, 0x08C4, 0x08C4, 0x08C4, 0x08C4, 0x08C4, 0x08C4, \
        0x08C4, 0x10E4, 0x08E4, 0x08C4, 0x08C4, 0x08C4, 0x08C4, 0x08C4, 0x08C4, 0x1105, 0x08C4, 0x08C4, \
        0x08C4, 0x08C4, 0x08C4, 0x08C4, 0x08C4, 0x08C4, 0x08C4, 0x08C4, 0x08C4, 0x08C4, 0x08C4, 0x08C4, \
        0x08C4, 0x08C4, 0x08C4, 0x08C4, 0x08C4, 0x08C4, 0x08C4, 0x10E4, 0x08C4, 0x08C4, 0x08C4, 0x08C4, \
        0x08C4, 0x08C4, 0x08C4, 0x08C4, 0x08C4, 0x08C4, 0x08E4, 0x10E4, 0x08C4, 0x08C4, 0x08C4, 0x08C4, \
        0x08C4, 0x08C4, 0x08C4, 0x08C4, 0x08C4, 0x08C4, 0x08C4, 0x08C4, 0x08C4, 0x08C4, 0x08C4, 0x08C4, \
        0x08C4, 0x08E4, 0x08C4, 0x08C4, 0x08C4, 0x08C4, 0x08C4, 0x08C4, 0x08C4, 0x08C4, 0x08C4, 0x08C4, \
        0x08C4, 0x08C4, 0x08C4, 0x08C4, 0x08C4, 0x08C4, 0x08C4, 0x08C4, 0x08C4, 0x08C4, 0x08C4, 0x08C4, \
        0x08C4, 0x08C4, 0x08C4, 0x08C4, 0x08C4, 0x08C4, 0x08C4, 0x08C4, 0x08C4, 0x08C4, 0x08C4, 0x08C4, \
        0x08C4, 0x08C4, 0x08C4, 0x08C4, 0x08C4, 0x08C4, 0x08C4, 0x08C4, 0x08C4, 0x08C4, 0x08C4, 0x08C4, \
        0x08C4, 0x08C4, 0x08C4, 0x08C4, 0x08C4, 0x08C4, 0x08C4, 0x08C4, 0x08C4, 0x08C4, 0x08C4, 0x08C4, \
        0x08C4, 0x08C4, 0x08C4, 0x08C4, 0x08C4, 0x08C4, 0x08C4, 0x08C4, 0x08C4, 0x08C4, 0x08C4, 0x08C4, \
        0x08C4, 0x08C4, 0x08C4, 0x08C4, 0x08C4, 0x08C4, 0x08C4, 0x08C4, 0x08C4, 0x08C4, 0x08C4, 0x08C4, \
        0x08C4, 0x08C4, 0x08C4, 0x08C4, 0x08C4, 0x08C4, 0x08C4, 0x08C4, 0x08C4, 0x08C4, 0x08C4, 0x08C4, \
        0x08C4, 0x08C4, 0x08C4, 0x08C4, 0x08C4, 0x08C4, 0x08C4, 0x08C4, 0x08C4, 0x08C4, 0x08C4, 0x08C4, \
        0x08C4, 0x08C4, 0x08C4, 0x08C4, 0x08C4, 0x08C4, 0x08C4, 0x08C4, 0x08C4, 0x08C4, 0x08C4, 0x08C4, \
        0x08C4, 0x08C4, 0x08C4, 0x08C4, 0x08C4, 0x08C4, 0x08C4, 0x08C4, 0x08C4, 0x08C4, 0x08C4, 0x08C4, \
        0x08C4, 0x08C4, 0x08C4, 0x08C4, 0x08C4, 0x08C4, 0x08C4, 0x08C4, 0x08C4, 0x08C4, 0x08C4, 0x08C4, \
        0x08C4, 0x08C4, 0x08C4, 0x08C4, 0x08C4, 0x08C4, 0x08C4, 0x08C4, 0x08C4, 0x08C4, 0x08C4, 0x08C4, \
        0x08C4, 0x08C4, 0x08C4, 0x08C4, 0x08C4, 0x08C4, 0x08C4, 0x08C4, 0x10E4, 0x08C4, 0x08C4, 0x08C4, \
        0x08C4, 0x08C4, 0x08C4, 0x08C4, 0x08C4, 0x08C4, 0x08C4, 0x08C4, 0x08C4, 0x08C4, 0x08C4, 0x08C4, \
        0x08C4, 0x08C4, 0x08C4, 0x08C4, 0x08C4, 0x08C4, 0x08C4, 0x10E4, 0x08E4, 0x08C4, 0x08C4, 0x08C4, \
        0x08C4, 0x08C4, 0x08C4, 0x08C4, 0x08C4, 0x08C4, 0x08C4, 0x08C4, 0x08C4, 0x08C4, 0x08C4, 0x08C4, \
        0x08C4, 0x08C4, 0x08C4, 0x08C4, 0x08C4, 0x08C4, 0x08C4, 0x08C4, 0x08C4, 0x08C4, 0x08C4, 0x08C4, \
        0x08C4, 0x08C4, 0x08C4, 0x08C4, 0x08C4, 0x08C4, 0x08C4, 0x08C4, 0x08C4, 0x08C4, 0x08C4, 0x08C4, \
        0x08C4, 0x08C4, 0x08C4, 0x08C4, 0x08C4, 0x08C4, 0x08C4, 0x08C4, 0x08C4, 0x08C4, 0x08C4, 0x08C4, \
        0x08C4, 0x08C4, 0x08C4, 0x08C4, 0x08C4, 0x08E4, 0x10E4, 0x08E4, 0x08C4, 0x08C4, 0x08C4, 0x08C4, \
        0x08C4, 0x08C4, 0x08C4, 0x08C4, 0x08C4, 0x08C4, 0x08C4, 0x08C4, 0x08C4, 0x1105, 0x08C4, 0x08C4, \
        0x08C4, 0x08C4, 0x08C4, 0x08C4, 0x08C4, 0x1105, 0x08C4, 0x08C4, 0x08C4, 0x08C4, 0x08C4, 0x08C4, \
        0x08C4, 0x08C4, 0x08C4, 0x08C4, 0x08C4, 0x08C4, 0x08C4, 0x08C4, 0x08C4, 0x08C4, 0x08C4, 0x08C4, \
        0x08C4, 0x08C4, 0x08C4, 0x08E4, 0x08C4, 0x08C4, 0x08C4, 0x08C4, 0x08C4, 0x08C4, 0x08C4, 0x08C4, \
        0x08C4, 0x08C4, 0x08C4, 0x08E4, 0x08E4, 0x08C4, 0x08C4, 0x08C4, 0x08C4, 0x08C4, 0x08C4, 0x08C4, \
        0x08C4, 0x08C4, 0x08C4, 0x08C4, 0x08C4, 0x08C4, 0x08C4, 0x08C4, 0x08C4, 0x10E4, 0x08C4, 0x08C4, \
        0x08C4, 0x08C4, 0x08C4, 0x08C4, 0x08C4, 0x08C4, 0x08C4, 0x08C4, 0x08C4, 0x08C4, 0x08C4, 0x08C4, \
        0x08C4, 0x08C4, 0x08C4, 0x08C4, 0x08C4, 0x08C4, 0x08C4, 0x08C4, 0x08C4, 0x08C4, 0x08C4, 0x08C4, \
        0x08C4, 0x08C4, 0x08C4, 0x08C4, 0x08C4, 0x08C4, 0x08C4, 0x08C4, 0x08C4, 0x08C4, 0x08C4, 0x08C4, \
        0x08C4, 0x08C4, 0x08C4, 0x08C4, 0x08C4, 0x08C4, 0x08C4, 0x08C4, 0x08C4, 0x08C4, 0x08C4, 0x08C4, \
        0x08C4, 0x08C4, 0x08C4, 0x08C4, 0x08C4, 0x08C4, 0x08C4, 0x08C4, 0x08C4, 0x08C4, 0x08C4, 0x08C4, \
        0x08C4, 0x08C4, 0x08C4, 0x08C4, 0x08C4, 0x08C4, 0x08C4, 0x08C4, 0x08C4, 0x08C4, 0x08C4, 0x08C4, \
        0x08C4, 0x08C4, 0x08C4, 0x08C4, 0x08C4, 0x08C4, 0x08C4, 0x08C4, 0x08C4, 0x08C4, 0x08C4, 0x08C4, \
        0x08C4, 0x08C4, 0x08C4, 0x08C4, 0x08C4, 0x08C4, 0x08C4, 0x08C4, 0x08C4, 0x08C4, 0x08C4, 0x08C4, \
        0x08C4, 0x08C4, 0x08C4, 0x08C4, 0x08C4, 0x08C4, 0x08C4, 0x08C4, 0x08C4, 0x08C4, 0x08C4, 0x08C4, \
        0x08C4, 0x08C4, 0x08C4, 0x08C4, 0x08C4, 0x08C4, 0x08C4, 0x08C4, 0x08C4, 0x08C4, 0x08C4, 0x08C4, \
        0x08C4, 0x08C4, 0x08C4, 0x08C4, 0x08C4, 0x08C4, 0x08C4, 0x08C4, 0x08C4, 0x08C4, 0x08C4, 0x08C4, \
        0x08C4, 0x08C4, 0x08C4, 0x08C4, 0x08C4, 0x08C4, 0x08C4, 0x08C4, 0x08C4, 0x08C4, 0x08C4, 0x08C4, \
        0x08C4, 0x08C4, 0x08C4, 0x08C4, 0x08C4, 0x08C4, 0x08C4, 0x08C4, 0x08C4, 0x08C4, 0x08C4, 0x08C4, \
        0x08C4, 0x08C4, 0x08C4, 0x10E4, 0x08E4, 0x08C4, 0x08C4, 0x08C4, 0x08C4, 0x08C4, 0x08C4, 0x08C4, \
        0x08C4, 0x08C4, 0x08C4, 0x08C4, 0x08C4, 0x08C4, 0x08C4, 0x08C4, 0x08C4, 0x08C4, 0x08C4, 0x08C4, \
        0x08C4, 0x08C4, 0x08C4, 0x08C4, 0x10E4, 0x10E4, 0x08E4, 0x08C4, 0x08C4, 0x08C4, 0x08C4, 0x08C4, \
        0x08C4, 0x08C4, 0x08C4, 0x08C4, 0x08C4, 0x08C4, 0x08C4, 0x08C4, 0x08C4, 0x08C4, 0x08C4, 0x08C4, \
        0x08C4, 0x08C4, 0x08C4, 0x08C4, 0x08C4, 0x08C4, 0x08C4, 0x08C4, 0x08C4, 0x08C4, 0x08C4, 0x08C4, \
        0x08C4, 0x08C4, 0x08C4, 0x08C4, 0x08C4, 0x08C4, 0x08C4, 0x08C4, 0x08C4, 0x08C4, 0x08C4, 0x08C4, \
        0x08C4, 0x08C4, 0x08C4, 0x08C4, 0x08C4, 0x08C4, 0x08C4, 0x08C4, 0x08C4, 0x08C4, 0x08C4, 0x08C4, \
        0x10E5, 0x10E4, 0x08E4, 0x08C4, 0x08C4, 0x08C4, 0x08C4, 0x08C4, 0x08C4, 0x08C4, 0x08C4, 0x08C4, \
        0x08C4, 0x08C4, 0x08C4, 0x08C4, 0x08E4, 0x08E4, 0x08C4, 0x08C4, 0x08C4, 0x08C4, 0x08C4, 0x08C4, \
        0x08E4, 0x08E4, 0x08C4, 0x08C4, 0x08C4, 0x08C4, 0x08C4, 0x08C4, 0x08C4, 0x08C4, 0x08C4, 0x08C4, \
        0x08C4, 0x08C4, 0x08C4, 0x08C4, 0x08C4, 0x08C4, 0x08C4, 0x08C4, 0x08C4, 0x08C4, 0x08C4, 0x08E4, \
        0x10E4, 0x08C4, 0x08C4, 0x08C4, 0x08C4, 0x08C4, 0x08C4, 0x08C4, 0x08C4, 0x08C4, 0x08C4, 0x08E4, \
        0x10E4, 0x08C4, 0x08C4, 0x08C4, 0x08C4, 0x08C4, 0x08C4, 0x08C4, 0x08C4, 0x08C4, 0x08C4, 0x08C4, \
        0x08C4, 0x08C4, 0x08C4, 0x08C4, 0x08C4, 0x08C4, 0x08E4, 0x08C4, 0x08C4, 0x08C4, 0x08C4, 0x08C4, \
        0x08C4, 0x08C4, 0x08C4, 0x08C4, 0x08C4, 0x08C4, 0x08C4, 0x08C4, 0x08C4, 0x08C4, 0x08C4, 0x08C4, \
        0x08C4, 0x08C4, 0x08C4, 0x08C4, 0x08C4, 0x08C4, 0x08C4, 0x08C4, 0x08C4, 0x08C4, 0x08C4, 0x08C4, \
        0x08C4, 0x08C4, 0x08C4, 0x10E4, 0x1104, 0x1125, 0x1125, 0x1105, 0x10E4, 0x08C4, 0x08C4, 0x08C4, \
        0x08C4, 0x08C4, 0x08C4, 0x08C4, 0x08C4, 0x08C4, 0x08C4, 0x08C4, 0x08C4, 0x08C4, 0x08C4, 0x08C4, \
        0x08C4, 0x08C4, 0x08C4, 0x08C4, 0x08C4, 0x08C4, 0x08C4, 0x08C4, 0x08C4, 0x08C4, 0x08C4, 0x08C4, \
        0x08C4, 0x08C4, 0x08C4, 0x08C4, 0x08C4, 0x08C4, 0x08C4, 0x08C4, 0x08C4, 0x08C4, 0x08C4, 0x08C4, \
        0x08C4, 0x08C4, 0x08C4, 0x08C4, 0x08C4, 0x08C4, 0x08C4, 0x08C4, 0x08E4, 0x1104, 0x1125, 0x1125, \
        0x1105, 0x10E4, 0x08C4, 0x08C4, 0x08C4, 0x08C4, 0x08C4, 0x08C4, 0x08C4, 0x08C4, 0x08C4, 0x08C4, \
        0x08C4, 0x08C4, 0x08C4, 0x08C4, 0x08C4, 0x08C4, 0x08C4, 0x08C4, 0x08C4, 0x08C4, 0x08C4, 0x08C4, \
        0x08C4, 0x08C4, 0x08C4, 0x08C4, 0x08C4, 0x08C4, 0x08C4, 0x08C4, 0x08C4, 0x08C4, 0x08C4, 0x08C4, \
        0x08C4, 0x08C4, 0x08C4, 0x08C4, 0x08C4, 0x08C4, 0x08C4, 0x08C4, 0x08C4, 0x08C4, 0x08C4, 0x08C4, \
        0x08C4, 0x08C4, 0x08C4, 0x08C4, 0x08C4, 0x08C4, 0x08C4, 0x08C4, 0x08C4, 0x08C4, 0x08C4, 0x08C4, \
        0x08C4, 0x08C4, 0x08C4, 0x08C4, 0x08C4, 0x08C4, 0x08C4, 0x08C4, 0x08C4, 0x08C4, 0x08C4, 0x1105, \
        0x08C4, 0x08C4, 0x08C4, 0x08C4, 0x08C4, 0x08C4, 0x08C4, 0x08C4, 0x08C4, 0x08C4, 0x08C4, 0x08C4, \
        0x08C4, 0x08C4, 0x08C4, 0x08C4, 0x08C4, 0x08C4, 0x08C4, 0x08C4, 0x08C4, 0x08C4, 0x08C4, 0x08C4, \
        0x08C4, 0x08E4, 0x10E4, 0x08E4, 0x08C4, 0x08C4, 0x08C4, 0x08C4, 0x08C4, 0x08C4, 0x08C4, 0x08C4, \
        0x08C4, 0x08C4, 0x08C4, 0x08C4, 0x08C4, 0x08C4, 0x08C4, 0x08C4, 0x08C4, 0x08C4, 0x08C4, 0x08C4, \
        0x08C4, 0x08C4, 0x08C4, 0x08C4, 0x08C4, 0x08C4, 0x08C4, 0x08C4, 0x08C4, 0x08C4, 0x08C4, 0x08C4, \
        0x08C4, 0x08C4, 0x08C4, 0x08C4, 0x08C4, 0x08C4, 0x08C4, 0x08C4, 0x08C4, 0x08C4, 0x08C4, 0x08C4, \
        0x08C4, 0x08C4, 0x08C4, 0x08C4, 0x08C4, 0x08C4, 0x10E4, 0x1105, 0x08E4, 0x08C4, 0x08C4, 0x08C4, \
        0x08C4, 0x08C4, 0x08C4, 0x08C4, 0x08C4, 0x08C4, 0x08C4, 0x08C4, 0x08C4, 0x08C4, 0x08C4, 0x08C4, \
        0x1104, 0x08C4, 0x08C4, 0x08C4, 0x08C4, 0x08C4, 0x08C4, 0x08C4, 0x1104, 0x08C4, 0x08C4, 0x08C4, \
        0x08C4, 0x08C4, 0x08C4, 0x08C4, 0x08C4, 0x08C4, 0x08C4, 0x08C4, 0x08C4, 0x08C4, 0x08C4, 0x08C4, \
        0x08C4, 0x08C4, 0x08C4, 0x08C4, 0x08C4, 0x08C4, 0x08C4, 0x08C4, 0x1105, 0x08C4, 0x08C4, 0x08C4, \
        0x08C4, 0x08C4, 0x08C4, 0x08C4, 0x08C4, 0x08C4, 0x08C4, 0x08C4, 0x10E4, 0x08C4, 0x08C4, 0x08C4, \
        0x08C4, 0x08C4, 0x08C4, 0x08C4, 0x08C4, 0x08C4, 0x08C4, 0x08C4, 0x08C4, 0x08C4, 0x08C4, 0x08C4, \
        0x08C4, 0x08C4, 0x10E4, 0x08C4, 0x08C4, 0x08C4, 0x08C4, 0x08C4, 0x08C4, 0x08C4, 0x08C4, 0x08C4, \
        0x08C4, 0x08C4, 0x08C4, 0x08C4, 0x08C4, 0x08C4, 0x08C4, 0x08C4, 0x08C4, 0x08C4, 0x08C4, 0x08C4, \
        0x08C4, 0x08C4, 0x08C4, 0x08C4, 0x08C4, 0x08C4, 0x08C4, 0x08C4, 0x08C4, 0x08C4, 0x1105, 0x1966, \
        0x1966, 0x1966, 0x1966, 0x1966, 0x1146, 0x1125, 0x08C4, 0x08C4, 0x08C4, 0x08C4, 0x08C4, 0x08C4, \
        0x08C4, 0x08C4, 0x08C4, 0x08C4, 0x08C4, 0x08C4, 0x08C4, 0x08C4, 0x08C4, 0x08C4, 0x08C4, 0x08C4, \
        0x08C4, 0x08C4, 0x08C4, 0x08C4, 0x08C4, 0x08C4, 0x08C4, 0x08C4, 0x08C4, 0x08C4, 0x08C4, 0x08C4, \
        0x08C4, 0x08C4, 0x08C4, 0x08C4, 0x08C4, 0x08C4, 0x08C4, 0x08C4, 0x08C4, 0x08C4, 0x08C4, 0x08C4, \
        0x08C4, 0x08C4, 0x08C4, 0x1104, 0x1946, 0x1966, 0x1966, 0x1966, 0x1946, 0x1146, 0x1125, 0x08C4, \
        0x08C4, 0x08C4, 0x08C4, 0x08C4, 0x08C4, 0x08C4, 0x08C4, 0x08C4, 0x08C4, 0x08C4, 0x08C4, 0x08C4, \
        0x08C4, 0x08C4, 0x08C4, 0x08C4, 0x08C4, 0x08C4, 0x08C4, 0x08C4, 0x08C4, 0x08C4, 0x08C4, 0x08C4, \
        0x08C4, 0x08C4, 0x08C4, 0x08C4, 0x08C4, 0x08C4, 0x08C4, 0x08C4, 0x08C4, 0x08C4, 0x08C4, 0x08C4, \
        0x08C4, 0x08C4, 0x08C4, 0x08C4, 0x08C4, 0x08C4, 0x08C4, 0x08C4, 0x08C4, 0x08C4, 0x08C4, 0x08C4, \
        0x08C4, 0x08C4, 0x08C4, 0x08C4, 0x08C4, 0x08C4, 0x08C4, 0x08C4, 0x08C4, 0x08C4, 0x08C4, 0x08C4, \
        0x08C4, 0x08C4, 0x08C4, 0x08C4, 0x08C4, 0x08C4, 0x08C4, 0x10E5, 0x08C4, 0x08C4, 0x08C4, 0x08C4, \
        0x08C4, 0x08C4, 0x08C4, 0x08C4, 0x08C4, 0x08C4, 0x08C4, 0x08C4, 0x08C4, 0x08C4, 0x08C4, 0x08C4, \
        0x08C4, 0x08C4, 0x08C4, 0x08C4, 0x08C4, 0x08C4, 0x08C4, 0x08C4, 0x08C4, 0x08C4, 0x08C4, 0x10E4, \
        0x10E4, 0x08C4, 0x08C4, 0x08C4, 0x08C4, 0x08C4, 0x08C4, 0x08C4, 0x08C4, 0x08C4, 0x08C4, 0x08C4, \
        0x08C4, 0x08C4, 0x08C4, 0x08C4, 0x08C4, 0x08C4, 0x08C4, 0x08C4, 0x08C4, 0x08C4, 0x08C4, 0x08C4, \
        0x08C4, 0x08C4, 0x08C4, 0x08C4, 0x08C4, 0x08C4, 0x08C4, 0x08C4, 0x08C4, 0x08C4, 0x08C4, 0x08C4, \
        0x08C4, 0x08C4, 0x08C4, 0x08C4, 0x08C4, 0x08C4, 0x08C4, 0x08C4, 0x08C4, 0x08C4, 0x08C4, 0x08E4, \
        0x0905, 0x1105, 0x08C4, 0x08C4, 0x08C4, 0x08C4, 0x08C4, 0x08C4, 0x08C4, 0x08C4, 0x08C4, 0x08C4, \
        0x08C4, 0x08C4, 0x08C4, 0x08C4, 0x08C4, 0x08C4, 0x08C4, 0x08E4, 0x08E4, 0x08C4, 0x08C4, 0x08C4, \
        0x08C4, 0x08C4, 0x08C4, 0x08C4, 0x10E5, 0x08C4, 0x08C4, 0x08C4, 0x08C4, 0x08C4, 0x08C4, 0x08C4, \
        0x08C4, 0x08C4, 0x08C4, 0x08C4, 0x08C4, 0x08C4, 0x08C4, 0x08C4, 0x08C4, 0x08C4, 0x08C4, 0x08C4, \
        0x08C4, 0x08C4, 0x08C4, 0x08C4, 0x1105, 0x08C4, 0x08C4, 0x08C4, 0x08C4, 0x08C4, 0x08C4, 0x08C4, \
        0x08C4, 0x08C4, 0x08C4, 0x08C4, 0x08E4, 0x08E4, 0x08C4, 0x08C4, 0x08C4, 0x08C4, 0x08C4, 0x08C4, \
        0x08C4, 0x08C4, 0x08C4, 0x08C4, 0x08C4, 0x08C4, 0x08C4, 0x08C4, 0x08C4, 0x08C4, 0x1104, 0x08C4, \
        0x08C4, 0x08C4, 0x08C4, 0x08C4, 0x08C4, 0x08C4, 0x08C4, 0x08C4, 0x08C4, 0x08C4, 0x08C4, 0x08C4, \
        0x08C4, 0x08C4, 0x08C4, 0x08C4, 0x08C4, 0x08C4, 0x08C4, 0x08C4, 0x08C4, 0x08C4, 0x08C4, 0x08C4, \
        0x08C4, 0x08C4, 0x08C4, 0x08C4, 0x08C4, 0x10E4, 0x1986, 0x1966, 0x1966, 0x1966, 0x1966, 0x1966, \
        0x1966, 0x1966, 0x1146, 0x10E4, 0x08C4, 0x08C4, 0x08C4, 0x08C4, 0x08C4, 0x08C4, 0x08C4, 0x08C4, \
        0x08C4, 0x08C4, 0x08C4, 0x08C4, 0x08C4, 0x08C4, 0x08C4, 0x08C4, 0x08C4, 0x08C4, 0x08C4, 0x08C4, \
        0x08C4, 0x08C4, 0x08C4, 0x08C4, 0x08C4, 0x08C4, 0x08C4, 0x08C4, 0x08C4, 0x08C4, 0x08C4, 0x08C4, \
        0x08C4, 0x08C4, 0x08C4, 0x08C4, 0x08C4, 0x08C4, 0x08C4, 0x08C4, 0x08C4, 0x08C4, 0x10E4, 0x1966, \
        0x1966, 0x1966, 0x1966, 0x1966, 0x1966, 0x1966, 0x1966, 0x1146, 0x08C4, 0x08C4, 0x08C4, 0x08C4, \
        0x08C4, 0x08C4, 0x08C4, 0x08C4, 0x08C4, 0x08C4, 0x08C4, 0x08C4, 0x08C4, 0x08C4, 0x08C4, 0x08C4, \
        0x08C4, 0x08C4, 0x08C4, 0x08C4, 0x08C4, 0x08C4, 0x08C4, 0x08C4, 0x08C4, 0x08C4, 0x08C4, 0x08C4, \
        0x08C4, 0x08C4, 0x08C4, 0x08C4, 0x08C4, 0x08C4, 0x08C4, 0x08C4, 0x08C4, 0x08C4, 0x08C4, 0x08C4, \
        0x08C4, 0x08C4, 0x08C4, 0x08C4, 0x08C4, 0x08C4, 0x08C4, 0x08C4, 0x08C4, 0x08C4, 0x08C4, 0x08C4, \
        0x08C4, 0x08C4, 0x08C4, 0x08C4, 0x08C4, 0x08C4, 0x08C4, 0x08C4, 0x08C4, 0x08C4, 0x08C4, 0x08C4, \
        0x08C4, 0x08C4, 0x1104, 0x08C4, 0x08C4, 0x08C4, 0x08C4, 0x08C4, 0x08C4, 0x08C4, 0x08C4, 0x08C4, \
        0x08C4, 0x08C4, 0x08C4, 0x08C4, 0x08C4, 0x08C4, 0x08C4, 0x08C4, 0x08C4, 0x08C4, 0x08C4, 0x08C4, \
        0x08C4, 0x08C4, 0x08C4, 0x08C4, 0x08C4, 0x08C4, 0x08C4, 0x08C4, 0x08C4, 0x1105, 0x1105, 0x08E4, \
        0x08C4, 0x08C4, 0x08C4, 0x08C4, 0x08C4, 0x08C4, 0x08C4, 0x08C4, 0x08C4, 0x08C4, 0x08C4, 0x08C4, \
        0x08C4, 0x08C4, 0x08C4, 0x08C4, 0x08C4, 0x08C4, 0x08C4, 0x08C4, 0x08C4, 0x08C4, 0x08C4, 0x08C4, \
        0x08C4, 0x08C4, 0x08C4, 0x08C4, 0x08E4, 0x08E4, 0x08C4, 0x08C4, 0x08E4, 0x08E4, 0x08C4, 0x08C4, \
        0x08C4, 0x08E4, 0x08C4, 0x08C4, 0x08E4, 0x1105, 0x1105, 0x08C4, 0x08C4, 0x08C4, 0x08C4, 0x08C4, \
        0x08C4, 0x08C4, 0x08C4, 0x08C4, 0x08C4, 0x08C4, 0x08C4, 0x08C4, 0x08C4, 0x08C4, 0x08C4, 0x08C4, \
        0x08C4, 0x08C4, 0x08C4, 0x10E4, 0x08C4, 0x08C4, 0x08C4, 0x08C4, 0x08C4, 0x08C4, 0x08C4, 0x08C4, \
        0x10E4, 0x08C4, 0x08C4, 0x08C4, 0x08C4, 0x08C4, 0x08C4, 0x08C4, 0x08C4, 0x08C4, 0x08C4, 0x08C4, \
        0x08C4, 0x08C4, 0x08C4, 0x08C4, 0x08C4, 0x08C4, 0x08C4, 0x08C4, 0x08C4, 0x08C4, 0x08C4, 0x08C4, \
        0x1105, 0x08C4, 0x08C4, 0x08C4, 0x08C4, 0x08C4, 0x08C4, 0x08C4, 0x08C4, 0x08C4, 0x08C4, 0x08C4, \
        0x08C4, 0x08E4, 0x08C4, 0x08C4, 0x08C4, 0x08C4, 0x08C4, 0x08C4, 0x08C4, 0x08C4, 0x08C4, 0x08C4, \
        0x08C4, 0x08C4, 0x08C4, 0x08C4, 0x08C4, 0x08C4, 0x10E5, 0x08C4, 0x08C4, 0x08C4, 0x08C4, 0x08C4, \
        0x08C4, 0x08C4, 0x08C4, 0x08C4, 0x08C4, 0x08C4, 0x08C4, 0x08C4, 0x08C4, 0x08C4, 0x08C4, 0x08C4, \
        0x08C4, 0x08C4, 0x08C4, 0x08C4, 0x08C4, 0x08C4, 0x08C4, 0x08C4, 0x08C4, 0x08C4, 0x08C4, 0x08C4, \
        0x10E4, 0x1966, 0x1966, 0x1966, 0x1966, 0x1966, 0x1966, 0x1966, 0x1966, 0x1966, 0x1966, 0x1966, \
        0x1105, 0x08C4, 0x08C4, 0x08C4, 0x08C4, 0x08C4, 0x08C4, 0x08C4, 0x08C4, 0x08C4, 0x08C4, 0x08C4, \
        0x08C4, 0x08C4, 0x08C4, 0x08C4, 0x08C4, 0x08C4, 0x08C4, 0x08C4, 0x08C4, 0x08C4, 0x08C4, 0x08C4, \
        0x08C4, 0x08C4, 0x08C4, 0x08C4, 0x08C4, 0x08C4, 0x08C4, 0x08C4, 0x08C4, 0x08C4, 0x08C4, 0x08C4, \
        0x08C4, 0x08C4, 0x08C4, 0x08C4, 0x08C4, 0x1104, 0x1966, 0x1966, 0x1966, 0x1966, 0x1966, 0x1966, \
        0x1966, 0x1966, 0x1966, 0x1966, 0x1125, 0x08C4, 0x08C4, 0x08C4, 0x08C4, 0x08C4, 0x08C4, 0x08C4, \
        0x08C4, 0x08C4, 0x08C4, 0x08C4, 0x08C4, 0x08C4, 0x08C4, 0x08C4, 0x08C4, 0x08C4, 0x08C4, 0x08C4, \
        0x08C4, 0x08C4, 0x08C4, 0x08C4, 0x08C4, 0x08C4, 0x08C4, 0x08C4, 0x08C4, 0x08C4, 0x08C4, 0x08C4, \
        0x08C4, 0x08C4, 0x08C4, 0x08C4, 0x08C4, 0x08C4, 0x08C4, 0x08C4, 0x08C4, 0x08C4, 0x08C4, 0x08C4, \
        0x08C4, 0x08C4, 0x08C4, 0x08C4, 0x08C4, 0x08C4, 0x08C4, 0x08C4, 0x08C4, 0x08C4, 0x08C4, 0x08C4, \
        0x08C4, 0x08C4, 0x08C4, 0x08C4, 0x08C4, 0x08C4, 0x08C4, 0x08C4, 0x08C4, 0x08C4, 0x10E4, 0x08C4, \
        0x08C4, 0x08C4, 0x08C4, 0x08C4, 0x08C4, 0x08C4, 0x08C4, 0x08C4, 0x08C4, 0x08C4, 0x08C4, 0x08C4, \
        0x08C4, 0x08C4, 0x08C4, 0x08C4, 0x08C4, 0x08C4, 0x08C4, 0x08C4, 0x08C4, 0x08C4, 0x08C4, 0x08C4, \
        0x08C4, 0x08C4, 0x08C4, 0x08C4, 0x08C4, 0x08C4, 0x08C4, 0x10E4, 0x1105, 0x08E4, 0x08C4, 0x08C4, \
        0x08C4, 0x08C4, 0x08C4, 0x08C4, 0x08C4, 0x08C4, 0x08C4, 0x08C4, 0x08C4, 0x08C4, 0x08C4, 0x08C4, \
        0x08C4, 0x08C4, 0x08C4, 0x08C4, 0x08C4, 0x08C4, 0x08C4, 0x08C4, 0x08E4, 0x10E4, 0x1105, 0x1105, \
        0x08C4, 0x08C4, 0x08E4, 0x08E4, 0x1105, 0x1105, 0x1105, 0x1105, 0x1105, 0x10E4, 0x08E4, 0x08C4, \
        0x08C4, 0x08C4, 0x08C4, 0x08C4, 0x08C4, 0x08C4, 0x08C4, 0x08C4, 0x08C4, 0x08C4, 0x08C4, 0x08C4, \
        0x08C4, 0x08C4, 0x08C4, 0x08C4, 0x08C4, 0x08C4, 0x08C4, 0x08C4, 0x08C4, 0x08C4, 0x10E4, 0x08E4, \
        0x08C4, 0x08C4, 0x08C4, 0x08C4, 0x08C4, 0x08C4, 0x08C4, 0x10E4, 0x08E4, 0x08C4, 0x08C4, 0x08C4, \
        0x08C4, 0x08C4, 0x08C4, 0x08C4, 0x08C4, 0x08C4, 0x08C4, 0x08C4, 0x08C4, 0x08C4, 0x08C4, 0x08C4, \
        0x08C4, 0x08C4, 0x08C4, 0x08C4, 0x08C4, 0x08C4, 0x08C4, 0x08C4, 0x1105, 0x08C4, 0x08C4, 0x08C4, \
        0x08C4, 0x08C4, 0x08C4, 0x08C4, 0x08C4, 0x08C4, 0x08C4, 0x08C4, 0x08C4, 0x08E4, 0x08C4, 0x08C4, \
        0x08C4, 0x08C4, 0x08C4, 0x08C4, 0x08C4, 0x08C4, 0x08C4, 0x08C4, 0x08C4, 0x08C4, 0x08C4, 0x08C4, \
        0x08C4, 0x08C4, 0x10E4, 0x08C4, 0x08C4, 0x08C4, 0x08C4, 0x08C4, 0x08C4, 0x08C4, 0x08C4, 0x08C4, \
        0x08C4, 0x08C4, 0x08C4, 0x08C4, 0x08C4, 0x08C4, 0x08C4, 0x08C4, 0x08C4, 0x08C4, 0x08C4, 0x08C4, \
        0x08C4, 0x08C4, 0x08C4, 0x08C4, 0x08C4, 0x08C4, 0x08C4, 0x10E4, 0x1146, 0x1966, 0x1966, 0x1966, \
        0x1966, 0x1966, 0x1966, 0x1966, 0x1966, 0x1966, 0x1966, 0x1966, 0x1966, 0x1125, 0x08E4, 0x08C4, \
        0x08C4, 0x08C4, 0x08C4, 0x08C4, 0x08C4, 0x08C4, 0x08C4, 0x08C4, 0x08C4, 0x08C4, 0x08C4, 0x08C4, \
        0x08C4, 0x08C4, 0x08C4, 0x08C4, 0x08C4, 0x08C4, 0x08C4, 0x08C4, 0x08C4, 0x08C4, 0x08C4, 0x08C4, \
        0x08C4, 0x08C4, 0x08C4, 0x08C4, 0x08C4, 0x08C4, 0x08C4, 0x08C4, 0x08C4, 0x08C4, 0x08C4, 0x08C4, \
        0x1104, 0x1946, 0x1966, 0x1966, 0x1966, 0x1966, 0x1966, 0x1966, 0x1966, 0x1966, 0x1966, 0x1966, \
        0x1966, 0x1125, 0x08C4, 0x08C4, 0x08C4, 0x08C4, 0x08C4, 0x08C4, 0x08C4, 0x08C4, 0x08C4, 0x08C4, \
        0x08C4, 0x08C4, 0x08C4, 0x08C4, 0x08C4, 0x08C4, 0x08C4, 0x08C4, 0x08C4, 0x08C4, 0x08C4, 0x08C4, \
        0x08C4, 0x08C4, 0x08C4, 0x08C4, 0x08C4, 0x08C4, 0x08C4, 0x08C4, 0x08C4, 0x08C4, 0x08C4, 0x08C4, \
        0x08C4, 0x08C4, 0x08C4, 0x08C4, 0x08C4, 0x08C4, 0x08C4, 0x08C4, 0x08C4, 0x08C4, 0x08C4, 0x08C4, \
        0x08C4, 0x08C4, 0x08C4, 0x08C4, 0x08C4, 0x08C4, 0x08C4, 0x08C4, 0x08C4, 0x08C4, 0x08C4, 0x08C4, \
        0x08C4, 0x08C4, 0x08C4, 0x08C4, 0x08C4, 0x10E4, 0x08C4, 0x08C4, 0x08C4, 0x08C4, 0x08C4, 0x08C4, \
        0x08C4, 0x08C4, 0x08C4, 0x08C4, 0x08C4, 0x08C4, 0x08C4, 0x08C4, 0x08C4, 0x08C4, 0x08C4, 0x08C4, \
        0x08C4, 0x08C4, 0x08C4, 0x08C4, 0x08C4, 0x08C4, 0x08C4, 0x08C4, 0x08C4, 0x08C4, 0x08C4, 0x08C4, \
        0x08C4, 0x08C4, 0x08C4, 0x08C4, 0x08C4, 0x08C4, 0x08E4, 0x1105, 0x10E4, 0x08E4, 0x08E4, 0x08E4, \
        0x08E4, 0x08E4, 0x08C4, 0x08C4, 0x08C4, 0x08C4, 0x08C4, 0x08C4, 0x08C4, 0x08E4, 0x08E4, 0x08E4, \
        0x10E4, 0x08E4, 0x08E4, 0x10E4, 0x1105, 0x08E4, 0x08C4, 0x08C4, 0x08C4, 0x08C4, 0x08C4, 0x08C4, \
        0x08C4, 0x08C4, 0x08C4, 0x08C4, 0x08C4, 0x08C4, 0x08C4, 0x08C4, 0x08C4, 0x08C4, 0x08C4, 0x08C4, \
        0x08C4, 0x08C4, 0x08C4, 0x08C4, 0x08C4, 0x08C4, 0x08C4, 0x08C4, 0x08C4, 0x08C4, 0x08C4, 0x08C4, \
        0x08C4, 0x08C4, 0x08C4, 0x08C4, 0x08C4, 0x08E4, 0x08E4, 0x08C4, 0x08C4, 0x08C4, 0x08C4, 0x08C4, \
        0x08C4, 0x08C4, 0x08C4, 0x1104, 0x08C4, 0x08C4, 0x08C4, 0x08C4, 0x08C4, 0x08C4, 0x08C4, 0x08C4, \
        0x08C4, 0x08C4, 0x08C4, 0x08C4, 0x08C4, 0x08C4, 0x08C4, 0x08C4, 0x08C4, 0x08C4, 0x08C4, 0x08C4, \
        0x08C4, 0x08C4, 0x08C4, 0x08E4, 0x10E4, 0x08C4, 0x08C4, 0x08C4, 0x08C4, 0x08C4, 0x08C4, 0x08C4, \
        0x08C4, 0x08C4, 0x08C4, 0x08C4, 0x08C4, 0x10E4, 0x08C4, 0x08C4, 0x08C4, 0x08C4, 0x08C4, 0x08C4, \
        0x08C4, 0x08C4, 0x08C4, 0x08C4, 0x08C4, 0x08C4, 0x08C4, 0x08C4, 0x08C4, 0x08C4, 0x1104, 0x08C4, \
        0x08C4, 0x08C4, 0x08C4, 0x08C4, 0x08C4, 0x08C4, 0x08C4, 0x08C4, 0x08C4, 0x08C4, 0x08C4, 0x08C4, \
        0x08C4, 0x08C4, 0x08C4, 0x08C4, 0x08C4, 0x08C4, 0x08C4, 0x08C4, 0x08C4, 0x08C4, 0x08C4, 0x08C4, \
        0x08C4, 0x08C4, 0x10E4, 0x1125, 0x1966, 0x1966, 0x1986, 0x1966, 0x1966, 0x1966, 0x1966, 0x1966, \
        0x1966, 0x1986, 0x1966, 0x1966, 0x1966, 0x1966, 0x1125, 0x08E4, 0x08C4, 0x08C4, 0x08C4, 0x08C4, \
        0x08C4, 0x08C4, 0x08C4, 0x08C4, 0x08C4, 0x08C4, 0x08C4, 0x08C4, 0x08C4, 0x08C4, 0x08C4, 0x08C4, \
        0x08C4, 0x08C4, 0x08C4, 0x08C4, 0x08C4, 0x08C4, 0x08C4, 0x08C4, 0x08C4, 0x08C4, 0x08C4, 0x08C4, \
        0x08C4, 0x08C4, 0x08C4, 0x08C4, 0x08C4, 0x08C4, 0x08C4, 0x10E4, 0x1146, 0x1966, 0x1966, 0x1966, \
        0x1966, 0x1966, 0x1966, 0x1966, 0x1966, 0x1966, 0x1966, 0x1966, 0x1966, 0x1946, 0x1105, 0x08C4, \
        0x08C4, 0x08C4, 0x08C4, 0x08C4, 0x08C4, 0x08C4, 0x08C4, 0x08C4, 0x08C4, 0x08C4, 0x08C4, 0x08C4, \
        0x08C4, 0x08C4, 0x08C4, 0x08C4, 0x08C4, 0x08C4, 0x08C4, 0x08C4, 0x08C4, 0x08C4, 0x08C4, 0x08C4, \
        0x08C4, 0x08C4, 0x08C4, 0x08C4, 0x08C4, 0x08C4, 0x08C4, 0x08C4, 0x08C4, 0x08C4, 0x08C4, 0x08C4, \
        0x08C4, 0x08C4, 0x08C4, 0x08C4, 0x08C4, 0x08C4, 0x08C4, 0x08C4, 0x08C4, 0x08C4, 0x08C4, 0x08C4, \
        0x08C4, 0x08C4, 0x08C4, 0x08C4, 0x08C4, 0x08C4, 0x08C4, 0x08C4, 0x08C4, 0x08C4, 0x08C4, 0x08C4, \
        0x08E4, 0x08E4, 0x08C4, 0x08C4, 0x08C4, 0x08C4, 0x08C4, 0x08C4, 0x08C4, 0x08C4, 0x08C4, 0x08C4, \
        0x08C4, 0x08C4, 0x08C4, 0x08C4, 0x08C4, 0x08C4, 0x08C4, 0x08C4, 0x08C4, 0x08C4, 0x08C4, 0x08C4, \
        0x08C4, 0x08C4, 0x08C4, 0x08C4, 0x08C4, 0x08C4, 0x08C4, 0x08C4, 0x08C4, 0x08C4, 0x08C4, 0x08C4, \
        0x08C4, 0x08C4, 0x08C4, 0x08C4, 0x08C4, 0x08C4, 0x08E4, 0x1104, 0x1104, 0x10E4, 0x08E4, 0x08E4, \
        0x08E4, 0x08E4, 0x08E4, 0x08E4, 0x08E4, 0x10E4, 0x1104, 0x1105, 0x10E4, 0x08E4, 0x08C4, 0x08C4, \
        0x08C4, 0x08C4, 0x08C4, 0x08C4, 0x08C4, 0x08C4, 0x08C4, 0x08C4, 0x08C4, 0x08C4, 0x08C4, 0x08C4, \
        0x08C4, 0x08C4, 0x08C4, 0x08C4, 0x08C4, 0x08C4, 0x08C4, 0x08C4, 0x08C4, 0x08C4, 0x08C4, 0x08C4, \
        0x08C4, 0x08C4, 0x08C4, 0x08C4, 0x08C4, 0x08C4, 0x08C4, 0x08C4, 0x08C4, 0x08C4, 0x08C4, 0x08C4, \
        0x08E4, 0x08E4, 0x08C4, 0x08C4, 0x08C4, 0x08C4, 0x08C4, 0x08C4, 0x08C4, 0x08C4, 0x08C4, 0x10E4, \
        0x08C4, 0x08C4, 0x08C4, 0x08C4, 0x08C4, 0x08C4, 0x08C4, 0x08C4, 0x08C4, 0x08C4, 0x08C4, 0x08C4, \
        0x08C4, 0x08C4, 0x08C4, 0x08C4, 0x08C4, 0x08C4, 0x08C4, 0x08C4, 0x08C4, 0x08C4, 0x08C4, 0x10E4, \
        0x08C4, 0x08C4, 0x08C4, 0x08C4, 0x08C4, 0x08C4, 0x08C4, 0x08C4, 0x08C4, 0x08C4, 0x08C4, 0x08C4, \
        0x08C4, 0x10E4, 0x08C4, 0x08C4, 0x08C4, 0x08C4, 0x08C4, 0x08C4, 0x08C4, 0x08C4, 0x08C4, 0x08C4, \
        0x08C4, 0x08C4, 0x08C4, 0x08C4, 0x08C4, 0x08C4, 0x1104, 0x08C4, 0x08C4, 0x08C4, 0x08C4, 0x08C4, \
        0x08C4, 0x08C4, 0x08C4, 0x08C4, 0x08C4, 0x08C4, 0x08C4, 0x08C4, 0x08C4, 0x08C4, 0x08C4, 0x08C4, \
        0x08C4, 0x08C4, 0x08C4, 0x08C4, 0x08C4, 0x08C4, 0x08C4, 0x08C4, 0x08C4, 0x08E4, 0x1125, 0x1966, \
        0x1966, 0x1966, 0x1966, 0x1966, 0x1966, 0x1966, 0x1966, 0x1966, 0x1966, 0x1966, 0x1966, 0x1966, \
        0x1966, 0x1966, 0x1966, 0x1145, 0x08C4, 0x08C4, 0x08C4, 0x08C4, 0x08C4, 0x08C4, 0x08C4, 0x08C4, \
        0x08C4, 0x08C4, 0x08C4, 0x08C4, 0x08C4, 0x08C4, 0x08C4, 0x08C4, 0x08C4, 0x08C4, 0x08C4, 0x08C4, \
        0x08C4, 0x08C4, 0x08C4, 0x08C4, 0x08C4, 0x08C4, 0x08C4, 0x08C4, 0x08C4, 0x08C4, 0x08C4, 0x08C4, \
        0x08C4, 0x08C4, 0x10E4, 0x1145, 0x1966, 0x1966, 0x1966, 0x1966, 0x1966, 0x1966, 0x1966, 0x1966, \
        0x1966, 0x1966, 0x1966, 0x1966, 0x1966, 0x1966, 0x1146, 0x1105, 0x08C4, 0x08C4, 0x08C4, 0x08C4, \
        0x08C4, 0x08C4, 0x08C4, 0x08C4, 0x08C4, 0x08C4, 0x08C4, 0x08C4, 0x08C4, 0x08C4, 0x08C4, 0x08C4, \
        0x08C4, 0x08C4, 0x08C4, 0x08C4, 0x08C4, 0x08C4, 0x08C4, 0x08C4, 0x08C4, 0x08C4, 0x08C4, 0x08C4, \
        0x08C4, 0x08C4, 0x08C4, 0x08C4, 0x08C4, 0x08C4, 0x08C4, 0x08C4, 0x08C4, 0x08C4, 0x08C4, 0x08C4, \
        0x08C4, 0x08C4, 0x08C4, 0x08C4, 0x08C4, 0x08C4, 0x08C4, 0x08C4, 0x08C4, 0x08C4, 0x08C4, 0x08C4, \
        0x08C4, 0x08C4, 0x08C4, 0x08C4, 0x08C4, 0x08C4, 0x08C4, 0x08E4, 0x08E4, 0x08C4, 0x08C4, 0x08C4, \
        0x08C4, 0x08C4, 0x08C4, 0x08C4, 0x08C4, 0x08C4, 0x08C4, 0x08C4, 0x08C4, 0x08C4, 0x08C4, 0x08C4, \
        0x08C4, 0x08C4, 0x08C4, 0x08C4, 0x08C4, 0x08C4, 0x08C4, 0x08C4, 0x08C4, 0x08C4, 0x08C4, 0x08C4, \
        0x08C4, 0x08C4, 0x08C4, 0x08C4, 0x08C4, 0x08C4, 0x08C4, 0x08C4, 0x08C4, 0x08C4, 0x08C4, 0x08C4, \
        0x08C4, 0x08C4, 0x08C4, 0x08C4, 0x08C4, 0x08C4, 0x08C4, 0x08C4, 0x08C4, 0x08C4, 0x08C4, 0x08C4, \
        0x08C4, 0x08C4, 0x08C4, 0x08C4, 0x08C4, 0x08C4, 0x08C4, 0x08C4, 0x08C4, 0x08C4, 0x08C4, 0x08C4, \
        0x08C4, 0x08C4, 0x08C4, 0x08C4, 0x08C4, 0x08C4, 0x08C4, 0x08C4, 0x08C4, 0x08C4, 0x08C4, 0x08C4, \
        0x08C4, 0x08C4, 0x08C4, 0x08C4, 0x08C4, 0x08C4, 0x08C4, 0x08C4, 0x08C4, 0x08C4, 0x08C4, 0x08C4, \
        0x08C4, 0x08C4, 0x08C4, 0x08C4, 0x08C4, 0x08C4, 0x08C4, 0x08C4, 0x10E4, 0x08C4, 0x08C4, 0x08C4, \
        0x08C4, 0x08C4, 0x08C4, 0x08C4, 0x08C4, 0x08C4, 0x10E4, 0x08E4, 0x08C4, 0x08C4, 0x08C4, 0x08C4, \
        0x08C4, 0x08C4, 0x08C4, 0x08C4, 0x08C4, 0x08C4, 0x08C4, 0x08C4, 0x08C4, 0x08C4, 0x08C4, 0x08C4, \
        0x08C4, 0x08C4, 0x08C4, 0x08C4, 0x08C4, 0x08C4, 0x08E4, 0x08E4, 0x08C4, 0x08C4, 0x08C4, 0x08C4, \
        0x08C4, 0x08C4, 0x08C4, 0x08C4, 0x08C4, 0x08C4, 0x08C4, 0x08C4, 0x08C4, 0x08E4, 0x08C4, 0x08C4, \
        0x08C4, 0x08C4, 0x08C4, 0x08C4, 0x08C4, 0x08C4, 0x08C4, 0x08C4, 0x08C4, 0x08C4, 0x08C4, 0x08C4, \
        0x08C4, 0x08C4, 0x1104, 0x08C4, 0x08C4, 0x08C4, 0x08C4, 0x08C4, 0x08C4, 0x08C4, 0x08C4, 0x08C4, \
        0x08C4, 0x08C4, 0x08C4, 0x08C4, 0x08C4, 0x08C4, 0x08C4, 0x08C4, 0x08C4, 0x08C4, 0x08C4, 0x08C4, \
        0x08C4, 0x08C4, 0x08C4, 0x08C4, 0x08C4, 0x1105, 0x1966, 0x1966, 0x1966, 0x1966, 0x1966, 0x1966, \
        0x1966, 0x1966, 0x1966, 0x1966, 0x1966, 0x1966, 0x1966, 0x1966, 0x1966, 0x1966, 0x1966, 0x1966, \
        0x1125, 0x08C4, 0x08C4, 0x08C4, 0x08C4, 0x08C4, 0x08C4, 0x08C4, 0x08C4, 0x08C4, 0x08C4, 0x08C4, \
        0x08C4, 0x08C4, 0x08C4, 0x08C4, 0x08C4, 0x08C4, 0x08C4, 0x08C4, 0x08C4, 0x08C4, 0x08C4, 0x08C4, \
        0x08C4, 0x08C4, 0x08C4, 0x08C4, 0x08C4, 0x08C4, 0x08C4, 0x08C4, 0x10C4, 0x10E4, 0x1125, 0x1966, \
        0x1966, 0x1966, 0x1966, 0x1966, 0x1966, 0x1966, 0x1966, 0x1966, 0x1966, 0x1966, 0x1966, 0x1966, \
        0x1966, 0x1966, 0x1966, 0x1946, 0x10E4, 0x08C4, 0x08C4, 0x08C4, 0x08C4, 0x08C4, 0x08C4, 0x08C4, \
        0x08C4, 0x08C4, 0x08C4, 0x08C4, 0x08C4, 0x08C4, 0x08C4, 0x08C4, 0x08C4, 0x08C4, 0x08C4, 0x08C4, \
        0x08C4, 0x08C4, 0x08C4, 0x08C4, 0x08C4, 0x08C4, 0x08C4, 0x08C4, 0x08C4, 0x08C4, 0x08C4, 0x08C4, \
        0x08C4, 0x08C4, 0x08C4, 0x08C4, 0x08C4, 0x08C4, 0x08C4, 0x08C4, 0x08C4, 0x08C4, 0x08C4, 0x08C4, \
        0x08C4, 0x08C4, 0x08C4, 0x08C4, 0x08C4, 0x08C4, 0x08C4, 0x08C4, 0x08C4, 0x08C4, 0x08C4, 0x08C4, \
        0x08C4, 0x08C4, 0x08C4, 0x08E4, 0x08E4, 0x08C4, 0x08C4, 0x08C4, 0x08C4, 0x08C4, 0x08C4, 0x08C4, \
        0x08C4, 0x08C4, 0x08C4, 0x08C4, 0x08C4, 0x08C4, 0x08C4, 0x08C4, 0x08C4, 0x08C4, 0x08C4, 0x08C4, \
        0x08C4, 0x08C4, 0x08C4, 0x08C4, 0x08C4, 0x08C4, 0x08C4, 0x08C4, 0x08C4, 0x08C4, 0x08C4, 0x08C4, \
        0x08C4, 0x08C4, 0x08C4, 0x08C4, 0x08C4, 0x08C4, 0x08C4, 0x08C4, 0x08C4, 0x08C4, 0x08C4, 0x08C4, \
        0x08C4, 0x08C4, 0x08C4, 0x08C4, 0x08C4, 0x08C4, 0x08C4, 0x08C4, 0x08C4, 0x08C4, 0x08C4, 0x08C4, \
        0x08C4, 0x08C4, 0x08C4, 0x08C4, 0x08C4, 0x08C4, 0x08C4, 0x08C4, 0x08C4, 0x08C4, 0x08C4, 0x08C4, \
        0x08C4, 0x08C4, 0x08C4, 0x08C4, 0x08C4, 0x08C4, 0x08C4, 0x08C4, 0x08C4, 0x08C4, 0x08C4, 0x08C4, \
        0x08C4, 0x08C4, 0x08C4, 0x08C4, 0x08C4, 0x08C4, 0x08C4, 0x08C4, 0x08C4, 0x08C4, 0x08C4, 0x08C4, \
        0x08C4, 0x08C4, 0x08C4, 0x1105, 0x08C4, 0x08C4, 0x08C4, 0x08C4, 0x08C4, 0x08C4, 0x08C4, 0x08C4, \
        0x08C4, 0x08C4, 0x10E4, 0x08E4, 0x08C4, 0x08C4, 0x08C4, 0x08C4, 0x08C4, 0x08C4, 0x08C4, 0x08C4, \
        0x08C4, 0x08C4, 0x08C4, 0x08C4, 0x08C4, 0x08C4, 0x08C4, 0x08C4, 0x08C4, 0x08C4, 0x08C4, 0x08C4, \
        0x08C4, 0x08C4, 0x10E4, 0x08C4, 0x08C4, 0x08C4, 0x08C4, 0x08C4, 0x08C4, 0x08C4, 0x08C4, 0x08C4, \
        0x08C4, 0x08C4, 0x08C4, 0x08C4, 0x10E4, 0x08C4, 0x08C4, 0x08C4, 0x08C4, 0x08C4, 0x08C4, 0x08C4, \
        0x08C4, 0x08C4, 0x08C4, 0x08C4, 0x08C4, 0x08C4, 0x08C4, 0x08C4, 0x08C4, 0x08C4, 0x1105, 0x08C4, \
        0x08C4, 0x08C4, 0x08C4, 0x08C4, 0x08C4, 0x08C4, 0x08C4, 0x08C4, 0x08C4, 0x08C4, 0x08C4, 0x08C4, \
        0x08C4, 0x08C4, 0x08C4, 0x08C4, 0x08C4, 0x08C4, 0x08C4, 0x08C4, 0x08C4, 0x08C4, 0x08C4, 0x08C4, \
        0x1104, 0x1946, 0x1966, 0x1966, 0x1966, 0x1966, 0x1966, 0x1966, 0x1966, 0x1966, 0x1966, 0x1966, \
        0x1966, 0x1966, 0x1966, 0x1966, 0x1966, 0x1966, 0x1966, 0x1966, 0x1146, 0x08C4, 0x08C4, 0x08C4, \
        0x08C4, 0x08C4, 0x08C4, 0x08C4, 0x08C4, 0x08C4, 0x08C4, 0x08C4, 0x08C4, 0x08C4, 0x08C4, 0x08C4, \
        0x08C4, 0x08C4, 0x08C4, 0x08C4, 0x08C4, 0x08C4, 0x08C4, 0x08C4, 0x08C4, 0x08C4, 0x08C4, 0x08C4, \
        0x08C4, 0x08C4, 0x08C4, 0x08C4, 0x10E4, 0x1125, 0x1966, 0x1966, 0x1966, 0x1966, 0x1966, 0x1966, \
        0x1966, 0x1966, 0x1966, 0x1966, 0x1966, 0x1966, 0x1966, 0x1966, 0x1966, 0x1966, 0x1966, 0x1966, \
        0x1146, 0x08E4, 0x08C4, 0x08C4, 0x08C4, 0x08C4, 0x08C4, 0x08C4, 0x08C4, 0x08C4, 0x08C4, 0x08C4, \
        0x08C4, 0x08C4, 0x08C4, 0x08C4, 0x08C4, 0x08C4, 0x08C4, 0x08C4, 0x08C4, 0x08C4, 0x08C4, 0x08C4, \
        0x08C4, 0x08C4, 0x08C4, 0x08C4, 0x08C4, 0x08C4, 0x08C4, 0x08C4, 0x08C4, 0x08C4, 0x08C4, 0x08C4, \
        0x08C4, 0x08C4, 0x08C4, 0x08C4, 0x08C4, 0x08C4, 0x08C4, 0x08C4, 0x08C4, 0x08C4, 0x08C4, 0x08C4, \
        0x08C4, 0x08C4, 0x08C4, 0x08C4, 0x08C4, 0x08C4, 0x08C4, 0x08C4, 0x08C4, 0x08C4, 0x08E4, 0x08E4, \
        0x08C4, 0x08C4, 0x08C4, 0x08C4, 0x08C4, 0x08C4, 0x08C4, 0x08C4, 0x08C4, 0x08C4, 0x08C4, 0x08C4, \
        0x08C4, 0x08C4, 0x08C4, 0x08C4, 0x08C4, 0x08C4, 0x08C4, 0x08C4, 0x08C4, 0x08C4, 0x08C4, 0x08C4, \
        0x08C4, 0x08C4, 0x08C4, 0x08C4, 0x08C4, 0x08C4, 0x08C4, 0x08C4, 0x08C4, 0x08C4, 0x08C4, 0x08C4, \
        0x08C4, 0x08C4, 0x08C4, 0x08C4, 0x08C4, 0x08C4, 0x08C4, 0x08C4, 0x08C4, 0x08C4, 0x08C4, 0x08C4, \
        0x08C4, 0x08C4, 0x08C4, 0x08C4, 0x08C4, 0x08C4, 0x08C4, 0x08C4, 0x08C4, 0x08C4, 0x08C4, 0x08C4, \
        0x08C4, 0x08C4, 0x08C4, 0x08C4, 0x08C4, 0x08C4, 0x08C4, 0x08C4, 0x08C4, 0x08C4, 0x08C4, 0x08C4, \
        0x08C4, 0x08C4, 0x08C4, 0x08C4, 0x08C4, 0x08C4, 0x08C4, 0x08C4, 0x08C4, 0x08C4, 0x08C4, 0x08C4, \
        0x08C4, 0x08C4, 0x08C4, 0x08C4, 0x08C4, 0x08C4, 0x08C4, 0x08C4, 0x08C4, 0x08C4, 0x1105, 0x08E4, \
        0x08C4, 0x08C4, 0x08C4, 0x08C4, 0x08C4, 0x08C4, 0x08C4, 0x08C4, 0x08C4, 0x08C4, 0x08E4, 0x08C4, \
        0x08C4, 0x08C4, 0x08C4, 0x08C4, 0x08C4, 0x08C4, 0x08C4, 0x08C4, 0x08C4, 0x08C4, 0x08C4, 0x08C4, \
        0x08C4, 0x08C4, 0x08C4, 0x08C4, 0x08C4, 0x08C4, 0x08C4, 0x08C4, 0x08C4, 0x10E4, 0x08E4, 0x08C4, \
        0x08C4, 0x08C4, 0x08C4, 0x08C4, 0x08C4, 0x08C4, 0x08C4, 0x08C4, 0x08C4, 0x08C4, 0x08C4, 0x08C4, \
        0x10E4, 0x08C4, 0x08C4, 0x08C4, 0x08C4, 0x08C4, 0x08C4, 0x08C4, 0x08C4, 0x08C4, 0x08C4, 0x08C4, \
        0x08C4, 0x08C4, 0x08C4, 0x08C4, 0x08C4, 0x08C4, 0x08E4, 0x08C4, 0x08C4, 0x08C4, 0x08C4, 0x08C4, \
        0x08C4, 0x08C4, 0x08C4, 0x08C4, 0x08C4, 0x08C4, 0x08C4, 0x08C4, 0x08C4, 0x08C4, 0x08C4, 0x08C4, \
        0x08C4, 0x08C4, 0x08C4, 0x08C4, 0x08C4, 0x08C4, 0x08C4, 0x10E4, 0x1146, 0x1966, 0x1966, 0x1966, \
        0x1966, 0x1966, 0x1966, 0x1966, 0x1966, 0x1966, 0x1966, 0x1966, 0x1966, 0x1966, 0x1966, 0x1966, \
        0x1966, 0x1966, 0x1966, 0x1966, 0x1146, 0x08C4, 0x08C4, 0x08C4, 0x08C4, 0x08C4, 0x08C4, 0x08C4, \
        0x08C4, 0x08C4, 0x08C4, 0x08C4, 0x08C4, 0x08C4, 0x08C4, 0x08C4, 0x08C4, 0x08C4, 0x08C4, 0x08C4, \
        0x08C4, 0x08C4, 0x08C4, 0x08C4, 0x08C4, 0x08C4, 0x08C4, 0x08C4, 0x08C4, 0x08C4, 0x08C4, 0x08C4, \
        0x1125, 0x1966, 0x1966, 0x1966, 0x1966, 0x1966, 0x1966, 0x1966, 0x1966, 0x1966, 0x1966, 0x1966, \
        0x1966, 0x1966, 0x1966, 0x1966, 0x1966, 0x1966, 0x1966, 0x1966, 0x1966, 0x1145, 0x08C4, 0x08C4, \
        0x08C4, 0x08C4, 0x08C4, 0x08C4, 0x08C4, 0x08C4, 0x08C4, 0x08C4, 0x08C4, 0x08C4, 0x08C4, 0x08C4, \
        0x08C4, 0x08C4, 0x08C4, 0x08C4, 0x08C4, 0x08C4, 0x08C4, 0x08C4, 0x08C4, 0x08C4, 0x08C4, 0x08C4, \
        0x08C4, 0x08C4, 0x08C4, 0x08C4, 0x08C4, 0x08C4, 0x08C4, 0x08C4, 0x08C4, 0x08C4, 0x08C4, 0x08C4, \
        0x08C4, 0x08C4, 0x08C4, 0x08C4, 0x08C4, 0x08C4, 0x08C4, 0x08C4, 0x08C4, 0x08C4, 0x08C4, 0x08C4, \
        0x08C4, 0x08C4, 0x08C4, 0x08C4, 0x08C4, 0x08E4, 0x08E4, 0x08C4, 0x08C4, 0x08C4, 0x08C4, 0x08C4, \
        0x08C4, 0x08C4, 0x08C4, 0x08C4, 0x08C4, 0x08C4, 0x08C4, 0x08C4, 0x08C4, 0x08C4, 0x08C4, 0x08C4, \
        0x08C4, 0x08C4, 0x08C4, 0x08C4, 0x08C4, 0x08C4, 0x08C4, 0x08C4, 0x08C4, 0x08C4, 0x08C4, 0x08C4, \
        0x08C4, 0x08C4, 0x08C4, 0x08C4, 0x08C4, 0x08C4, 0x08C4, 0x08C4, 0x08C4, 0x08C4, 0x08C4, 0x08C4, \
        0x08C4, 0x08C4, 0x08C4, 0x08C4, 0x08C4, 0x08C4, 0x08C4, 0x08C4, 0x08C4, 0x08C4, 0x08C4, 0x08C4, \
        0x08C4, 0x08C4, 0x08C4, 0x08C4, 0x08C4, 0x08C4, 0x08C4, 0x08C4, 0x08C4, 0x08C4, 0x08C4, 0x08C4, \
        0x08C4, 0x08C4, 0x08C4, 0x08C4, 0x08C4, 0x08C4, 0x08C4, 0x08C4, 0x08C4, 0x08C4, 0x08C4, 0x08C4, \
        0x08C4, 0x08C4, 0x08C4, 0x08C4, 0x08C4, 0x08C4, 0x08C4, 0x08C4, 0x08C4, 0x08C4, 0x08C4, 0x08C4, \
        0x08C4, 0x08C4, 0x08C4, 0x08C4, 0x08C4, 0x1105, 0x08C4, 0x08C4, 0x08C4, 0x08C3, 0x08C4, 0x08C4, \
        0x08C4, 0x08C4, 0x08C4, 0x08C4, 0x08C4, 0x08E4, 0x08E4, 0x08C4, 0x08C4, 0x08C4, 0x08C4, 0x08C4, \
        0x08C4, 0x08C4, 0x08C4, 0x08C4, 0x08C4, 0x08C4, 0x08C4, 0x08C4, 0x08C4, 0x08C4, 0x08C4, 0x08C4, \
        0x08C4, 0x08C4, 0x08C4, 0x08C4, 0x10E4, 0x10E4, 0x08C4, 0x08C4, 0x08C4, 0x08C4, 0x08C4, 0x08C4, \
        0x08C4, 0x08C4, 0x08C4, 0x08C4, 0x08C4, 0x08C4, 0x08C4, 0x08C4, 0x08E4, 0x08C4, 0x08C4, 0x08C4, \
        0x08C4, 0x08C4, 0x08C4, 0x08C4, 0x08C4, 0x08C4, 0x08C4, 0x08C4, 0x08C4, 0x08C4, 0x08C4, 0x08C4, \
        0x08C4, 0x10E4, 0x08C4, 0x08C4, 0x08C4, 0x08C4, 0x08C4, 0x08C4, 0x08C4, 0x08C4, 0x08C4, 0x08C4, \
        0x08C4, 0x08C4, 0x08C4, 0x08C4, 0x08C4, 0x08C4, 0x08C4, 0x08C4, 0x08C4, 0x08C4, 0x08C4, 0x08C4, \
        0x08C4, 0x08C4, 0x10C4, 0x1145, 0x1966, 0x1966, 0x1966, 0x1966, 0x1966, 0x1966, 0x1966, 0x1966, \
        0x1966, 0x1966, 0x1966, 0x1966, 0x1966, 0x1966, 0x1966, 0x1966, 0x1966, 0x1966, 0x1966, 0x1966, \
        0x1146, 0x08C4, 0x08C4, 0x08C4, 0x08C4, 0x08C4, 0x08C4, 0x08C4, 0x08C4, 0x08C4, 0x08C4, 0x08C4, \
        0x08C4, 0x08C4, 0x08C4, 0x08C4, 0x08C4, 0x08C4, 0x08C4, 0x08C4, 0x08C4, 0x08C4, 0x08C4, 0x08C4, \
        0x08C4, 0x08C4, 0x08C4, 0x08C4, 0x08C4, 0x08C4, 0x08C4, 0x1105, 0x1966, 0x1966, 0x1966, 0x1966, \
        0x1966, 0x1966, 0x1966, 0x1966, 0x1966, 0x1966, 0x1966, 0x1966, 0x1966, 0x1966, 0x1966, 0x1966, \
        0x1966, 0x1966, 0x1966, 0x1966, 0x1966, 0x1966, 0x1125, 0x08C4, 0x08C4, 0x08C4, 0x08C4, 0x08C4, \
        0x08C4, 0x08C4, 0x08C4, 0x08C4, 0x08C4, 0x08C4, 0x08C4, 0x08C4, 0x08C4, 0x08C4, 0x08C4, 0x08C4, \
        0x08C4, 0x08C4, 0x08C4, 0x08C4, 0x08C4, 0x08C4, 0x08C4, 0x08C4, 0x08C4, 0x08C4, 0x08C4, 0x08C4, \
        0x08C4, 0x08C4, 0x08C4, 0x08C4, 0x08C4, 0x08C4, 0x08C4, 0x08C4, 0x08C4, 0x08C4, 0x08C4, 0x08C4, \
        0x08C4, 0x08C4, 0x08C4, 0x08C4, 0x08C4, 0x08C4, 0x08C4, 0x08C4, 0x08C4, 0x08C4, 0x08C4, 0x08C4, \
        0x10E4, 0x08E4, 0x08C4, 0x08C4, 0x08C4, 0x08C4, 0x08C4, 0x08C4, 0x08C4, 0x08C4, 0x08C4, 0x08C4, \
        0x08C4, 0x08C4, 0x08C4, 0x08C4, 0x08C4, 0x08C4, 0x08C4, 0x08C4, 0x08C4, 0x08C4, 0x08C4, 0x08C4, \
        0x08C4, 0x08C4, 0x08C4, 0x08C4, 0x08C4, 0x08C4, 0x08C4, 0x08C4, 0x08C4, 0x08C4, 0x08C4, 0x08C4, \
        0x08C4, 0x08C4, 0x08C4, 0x08C4, 0x08C4, 0x08C4, 0x08C4, 0x08C4, 0x08C4, 0x08C4, 0x08C4, 0x08C4, \
        0x08C4, 0x08C4, 0x08C4, 0x08C4, 0x08C4, 0x08C4, 0x08C4, 0x08C4, 0x08C4, 0x08C4, 0x08C4, 0x08C4, \
        0x08C4, 0x08C4, 0x08C4, 0x08C4, 0x08C4, 0x08C4, 0x08C4, 0x08C4, 0x08C4, 0x08C4, 0x08C4, 0x08C4, \
        0x08C4, 0x08C4, 0x08C4, 0x08C4, 0x08C4, 0x08C4, 0x08C4, 0x08C4, 0x08C4, 0x08C4, 0x08C4, 0x08C4, \
        0x08C4, 0x08C4, 0x08C4, 0x08C4, 0x08C4, 0x08C4, 0x08C4, 0x08C4, 0x08C4, 0x08C4, 0x08C4, 0x08C4, \
        0x08E4, 0x08C4, 0x08C4, 0x08C4, 0x08C4, 0x08C3, 0x08C4, 0x08C4, 0x08C4, 0x08C4, 0x08C4, 0x08C4, \
        0x08C4, 0x08E4, 0x08E4, 0x08C4, 0x08C4, 0x08C4, 0x08C4, 0x08C4, 0x08C4, 0x08C4, 0x08C4, 0x08C4, \
        0x08C4, 0x08C4, 0x08C4, 0x08C4, 0x08C4, 0x08C4, 0x08C4, 0x08C4, 0x08C4, 0x08C4, 0x08C4, 0x10E4, \
        0x10E4, 0x08C4, 0x08C4, 0x08C4, 0x08C4, 0x08C4, 0x08C4, 0x08C4, 0x08C4, 0x08C4, 0x08C4, 0x08C4, \
        0x08C4, 0x08C4, 0x08C4, 0x08E4, 0x08E4, 0x08C4, 0x08C4, 0x08C4, 0x08C4, 0x08C4, 0x08C4, 0x08C4, \
        0x08C4, 0x08C4, 0x08C4, 0x08C4, 0x08C4, 0x08C4, 0x08C4, 0x08C4, 0x08C4, 0x10E4, 0x08C4, 0x08C4, \
        0x08C4, 0x08C4, 0x08C4, 0x08C4, 0x08C4, 0x08C4, 0x08C4, 0x08C4, 0x08C4, 0x08C4, 0x08C4, 0x08C4, \
        0x08C4, 0x08C4, 0x08C4, 0x08C4, 0x08C4, 0x08C4, 0x08C4, 0x08C4, 0x08C4, 0x08C4, 0x1125, 0x1966, \
        0x1966, 0x1966, 0x1966, 0x1966, 0x1966, 0x1966, 0x1966, 0x1966, 0x1966, 0x1966, 0x1966, 0x1966, \
        0x1966, 0x1966, 0x1966, 0x1966, 0x1966, 0x1966, 0x1966, 0x1966, 0x1105, 0x08C4, 0x08C4, 0x08C4, \
        0x08C4, 0x08C4, 0x08C4, 0x08C4, 0x08C4, 0x08C4, 0x08C4, 0x08C4, 0x08C4, 0x08C4, 0x08C4, 0x08C4, \
        0x08C4, 0x08C4, 0x08C4, 0x08C4, 0x08C4, 0x08C4, 0x08C4, 0x08C4, 0x08C4, 0x08C4, 0x08C4, 0x08C4, \
        0x08C4, 0x08C4, 0x1104, 0x1966, 0x1966, 0x1966, 0x1966, 0x1966, 0x1966, 0x1966, 0x1966, 0x1966, \
        0x1966, 0x1966, 0x1966, 0x1966, 0x1966, 0x1966, 0x1966, 0x1966, 0x1966, 0x1966, 0x1966, 0x1966, \
        0x1966, 0x1966, 0x1966, 0x1105, 0x08C4, 0x08C4, 0x08C4, 0x08C4, 0x08C4, 0x08C4, 0x08C4, 0x08C4, \
        0x08C4, 0x08C4, 0x08C4, 0x08C4, 0x08C4, 0x08C4, 0x08C4, 0x08C4, 0x08C4, 0x08C4, 0x08C4, 0x08C4, \
        0x08C4, 0x08C4, 0x08C4, 0x08C4, 0x08C4, 0x08C4, 0x08C4, 0x08C4, 0x08C4, 0x08C4, 0x08C4, 0x08C4, \
        0x08C4, 0x08C4, 0x08C4, 0x08C4, 0x08C4, 0x08C4, 0x08C4, 0x08C4, 0x08C4, 0x08C4, 0x08C4, 0x08C4, \
        0x08C4, 0x08C4, 0x08C4, 0x08C4, 0x08C4, 0x08C4, 0x08C4, 0x10E4, 0x08E4, 0x08C4, 0x08C4, 0x08C4, \
        0x08C4, 0x08C4, 0x08C4, 0x08C4, 0x08C4, 0x08C4, 0x08C4, 0x08C4, 0x08C4, 0x08C4, 0x08C4, 0x08C4, \
        0x08C4, 0x08C4, 0x08C4, 0x08C4, 0x08C4, 0x08C4, 0x08C4, 0x08C4, 0x08C4, 0x08C4, 0x08C4, 0x08C4, \
        0x08C4, 0x08C4, 0x08C4, 0x08C4, 0x08C4, 0x08C4, 0x08C4, 0x08C4, 0x08C4, 0x08C4, 0x08C4, 0x08C4, \
        0x08C4, 0x08C4, 0x08C4, 0x08C4, 0x08C4, 0x08C4, 0x08C4, 0x08C4, 0x08C4, 0x08C4, 0x08C4, 0x08C4, \
        0x08C4, 0x08C4, 0x08C4, 0x08C4, 0x08C4, 0x08C4, 0x08C4, 0x08C4, 0x08C4, 0x08C4, 0x08C4, 0x08C4, \
        0x08C4, 0x08C4, 0x08C4, 0x08C4, 0x08C4, 0x08C4, 0x08C4, 0x08C4, 0x08C4, 0x08C4, 0x08C4, 0x08C4, \
        0x08C4, 0x08C4, 0x08C4, 0x08C4, 0x08C4, 0x08C4, 0x08C4, 0x08C4, 0x08C4, 0x08C4, 0x08C4, 0x08C4, \
        0x08C4, 0x08C4, 0x08C4, 0x08C4, 0x08C4, 0x08E4, 0x08E4, 0x08E4, 0x08C4, 0x08C4, 0x08C4, 0x08C4, \
        0x08C4, 0x08C3, 0x08C4, 0x08C4, 0x08C4, 0x08C4, 0x08C4, 0x08C4, 0x08E4, 0x08E4, 0x08C4, 0x08C4, \
        0x08C4, 0x08C4, 0x08C4, 0x08C4, 0x08C4, 0x08C4, 0x08C4, 0x08C4, 0x08C4, 0x08C4, 0x08C4, 0x08C4, \
        0x08C4, 0x08C4, 0x08C4, 0x08C4, 0x08C4, 0x08E4, 0x10E4, 0x08E4, 0x08C4, 0x08C4, 0x08C4, 0x08C4, \
        0x08C4, 0x08C4, 0x08C4, 0x08C4, 0x08C4, 0x08C4, 0x08C4, 0x08C4, 0x08C4, 0x08C4, 0x08E4, 0x08E4, \
        0x08C4, 0x08C4, 0x08C4, 0x08C4, 0x08C4, 0x08C4, 0x08C4, 0x08C4, 0x08C4, 0x08C4, 0x08C4, 0x08C4, \
        0x08C4, 0x08C4, 0x08C4, 0x08C4, 0x10E4, 0x08E4, 0x08C4, 0x08C4, 0x08C4, 0x08C4, 0x08C4, 0x08C4, \
        0x08C4, 0x08C4, 0x08C4, 0x08C4, 0x08C4, 0x08C4, 0x08C4, 0x08C4, 0x08C4, 0x08C4, 0x08C4, 0x08C4, \
        0x08C4, 0x08C4, 0x08C4, 0x08C4, 0x08C4, 0x1105, 0x1966, 0x1966, 0x1966, 0x1966, 0x1966, 0x1966, \
        0x1966, 0x1966, 0x1966, 0x1966, 0x1966, 0x1966, 0x1966, 0x1966, 0x1966, 0x1966, 0x1966, 0x1966, \
        0x1966, 0x1966, 0x1966, 0x1125, 0x08C4, 0x08C4, 0x08C4, 0x08C4, 0x08C4, 0x08C4, 0x08C4, 0x08C4, \
        0x08C4, 0x08C4, 0x08C4, 0x08C4, 0x08C4, 0x08C4, 0x08C4, 0x08C4, 0x08C4, 0x08C4, 0x08C4, 0x08C4, \
        0x08C4, 0x08C4, 0x08C4, 0x08C4, 0x08C4, 0x08C4, 0x08C4, 0x08C4, 0x08C4, 0x10E4, 0x1946, 0x1966, \
        0x1966, 0x1966, 0x1966, 0x1966, 0x1966, 0x1966, 0x1966, 0x1966, 0x1966, 0x1966, 0x1966, 0x1966, \
        0x1966, 0x1966, 0x1966, 0x1966, 0x1966, 0x1966, 0x1966, 0x1966, 0x1966, 0x1966, 0x1966, 0x1966, \
        0x1104, 0x08C4, 0x08C4, 0x08C4, 0x08C4, 0x08C4, 0x08C4, 0x08C4, 0x08C4, 0x08C4, 0x08C4, 0x08C4, \
        0x08C4, 0x08C4, 0x08C4, 0x08C4, 0x08C4, 0x08C4, 0x08C4, 0x08C4, 0x08C4, 0x08C4, 0x08C4, 0x08C4, \
        0x08C4, 0x08C4, 0x08C4, 0x08C4, 0x08C4, 0x08C4, 0x08C4, 0x08C4, 0x08C4, 0x08C4, 0x08C4, 0x08C4, \
        0x08C4, 0x08C4, 0x08C4, 0x08C4, 0x08C4, 0x08C4, 0x08C4, 0x08C4, 0x08C4, 0x08C4, 0x08C4, 0x08C4, \
        0x08C4, 0x08E4, 0x10E4, 0x08C4, 0x08C4, 0x08C4, 0x08C4, 0x08C4, 0x08C4, 0x08C4, 0x08C4, 0x08C4, \
        0x08C4, 0x08C4, 0x08C4, 0x08C4, 0x08C4, 0x08C4, 0x08C4, 0x08C4, 0x08C4, 0x08C4, 0x08C4, 0x08C4, \
        0x08C4, 0x08C4, 0x08C4, 0x08C4, 0x08C4, 0x08C4, 0x08C4, 0x08C4, 0x08C4, 0x08C4, 0x08C4, 0x08C4, \
        0x08C4, 0x08C4, 0x08C4, 0x08C4, 0x08C4, 0x08C4, 0x08C4, 0x08C4, 0x08C4, 0x08C4, 0x08C4, 0x08C4, \
        0x08C4, 0x08C4, 0x08C4, 0x08C4, 0x08C4, 0x08C4, 0x08C4, 0x08C4, 0x08C4, 0x08C4, 0x08C4, 0x08C4, \
        0x08C4, 0x08C4, 0x08C4, 0x08C4, 0x08C4, 0x08C4, 0x08C4, 0x08C4, 0x08C4, 0x08C4, 0x08C4, 0x08E4, \
        0x08C4, 0x08C4, 0x08C4, 0x08C4, 0x08C4, 0x08C4, 0x08C4, 0x08C4, 0x08C4, 0x08C4, 0x08C4, 0x08C4, \
        0x08C4, 0x08C4, 0x08C4, 0x08C4, 0x08C4, 0x08C4, 0x08C4, 0x08C4, 0x08C4, 0x08C4, 0x08C4, 0x08E4, \
        0x10E4, 0x10E4, 0x08E4, 0x08C4, 0x08C4, 0x08C4, 0x08C4, 0x08C4, 0x08C4, 0x08C4, 0x08C4, 0x08C4, \
        0x08C4, 0x08C4, 0x08C4, 0x08C4, 0x08E4, 0x08E4, 0x08C4, 0x08C4, 0x08C4, 0x08C4, 0x08C4, 0x08C4, \
        0x08C4, 0x08C4, 0x08C4, 0x08C4, 0x08C4, 0x08C4, 0x08C4, 0x08C4, 0x08C4, 0x08C4, 0x08C4, 0x08C4, \
        0x10E4, 0x10E4, 0x08C4, 0x08C4, 0x08C4, 0x08C4, 0x08C4, 0x08C4, 0x08C4, 0x08C4, 0x08C4, 0x08C4, \
        0x08C4, 0x08C4, 0x08C4, 0x08C4, 0x08C4, 0x08C4, 0x10E4, 0x08E4, 0x08C4, 0x08C4, 0x08C4, 0x08C4, \
        0x08C4, 0x08C4, 0x08C4, 0x08C4, 0x08C4, 0x08C4, 0x08C4, 0x08C4, 0x08C4, 0x08C4, 0x08C4, 0x08C4, \
        0x10E4, 0x08C4, 0x08C4, 0x08C4, 0x08C4, 0x08C4, 0x08C4, 0x08C4, 0x08C4, 0x08C4, 0x08C4, 0x08C4, \
        0x08C4, 0x08C4, 0x08C4, 0x08C4, 0x08C4, 0x08C4, 0x08C4, 0x08C4, 0x08C4, 0x08C4, 0x08C4, 0x08C4, \
        0x1105, 0x1966, 0x1966, 0x1966, 0x1966, 0x1966, 0x1966, 0x1966, 0x1966, 0x1966, 0x1966, 0x1966, \
        0x1966, 0x1966, 0x1966, 0x1966, 0x1966, 0x1966, 0x1966, 0x1966, 0x1966, 0x1966, 0x1145, 0x10E4, \
        0x08C4, 0x08C4, 0x08C4, 0x08C4, 0x08C4, 0x08C4, 0x08C4, 0x08C4, 0x08C4, 0x08C4, 0x08C4, 0x08C4, \
        0x08C4, 0x08C4, 0x08C4, 0x08C4, 0x08C4, 0x08C4, 0x08C4, 0x08C4, 0x08C4, 0x08C4, 0x08C4, 0x08C4, \
        0x08C4, 0x08C4, 0x08C4, 0x08C4, 0x10E4, 0x1146, 0x1966, 0x1966, 0x1966, 0x1966, 0x1966, 0x1966, \
        0x1966, 0x1966, 0x1966, 0x1966, 0x1966, 0x1966, 0x1966, 0x1966, 0x1966, 0x1966, 0x1966, 0x1966, \
        0x1966, 0x1966, 0x1966, 0x1966, 0x1966, 0x1966, 0x1966, 0x1966, 0x1146, 0x10E4, 0x08C4, 0x08C4, \
        0x08C4, 0x08C4, 0x08C4, 0x08C4, 0x08C4, 0x08C4, 0x08C4, 0x08C4, 0x08C4, 0x08C4, 0x08C4, 0x08C4, \
        0x08C4, 0x08C4, 0x08C4, 0x08C4, 0x08C4, 0x08C4, 0x08C4, 0x08C4, 0x08C4, 0x08C4, 0x08C4, 0x08C4, \
        0x08C4, 0x08C4, 0x08C4, 0x08C4, 0x08C4, 0x08C4, 0x08C4, 0x08C4, 0x08C4, 0x08C4, 0x08C4, 0x08C4, \
        0x08C4, 0x08C4, 0x08C4, 0x08C4, 0x08C4, 0x08C4, 0x08C4, 0x08C4, 0x10E4, 0x10E4, 0x08C4, 0x08C4, \
        0x08C4, 0x08C4, 0x08C4, 0x08C4, 0x08C4, 0x08C4, 0x08C4, 0x08C4, 0x08C4, 0x08C4, 0x08C4, 0x08C4, \
        0x08C4, 0x08C4, 0x08C4, 0x08C4, 0x08C4, 0x08C4, 0x08C4, 0x08C4, 0x08C4, 0x08C4, 0x08C4, 0x08C4, \
        0x08C4, 0x08C4, 0x08C4, 0x08C4, 0x08C4, 0x08C4, 0x08C4, 0x08C4, 0x08C4, 0x08C4, 0x08C4, 0x08C4, \
        0x08C4, 0x08C4, 0x08C4, 0x08C4, 0x08C4, 0x08C4, 0x08C4, 0x08C4, 0x08C4, 0x08C4, 0x08C4, 0x08C4, \
        0x08C4, 0x08C4, 0x08C4, 0x08C4, 0x08C4, 0x08C4, 0x08C4, 0x08C4, 0x08C4, 0x08C4, 0x08C4, 0x08C4, \
        0x08C4, 0x08C4, 0x08C4, 0x08C4, 0x08E4, 0x10E4, 0x10E4, 0x08E4, 0x08C4, 0x08C4, 0x08C4, 0x08C4, \
        0x08C4, 0x08C4, 0x08C4, 0x08C4, 0x08C4, 0x08C4, 0x08C4, 0x08C4, 0x08C4, 0x08C4, 0x08C4, 0x08C4, \
        0x08C4, 0x08C4, 0x08C4, 0x08C4, 0x08C4, 0x08C4, 0x1104, 0x08E4, 0x08E4, 0x08C4, 0x08C4, 0x08C4, \
        0x08C4, 0x08C4, 0x08C4, 0x08C4, 0x08C4, 0x08C4, 0x08C4, 0x08C4, 0x08C4, 0x08C4, 0x08C4, 0x08E4, \
        0x08E4, 0x08C4, 0x08C4, 0x08C4, 0x08C4, 0x08C4, 0x08C4, 0x08C4, 0x08C4, 0x08C4, 0x08C4, 0x08C4, \
        0x08C4, 0x08C4, 0x08C4, 0x08C4, 0x08C4, 0x08C4, 0x10E4, 0x10E4, 0x10E4, 0x08C4, 0x08C4, 0x08C4, \
        0x08C4, 0x08C4, 0x08C4, 0x08C4, 0x08C4, 0x08C4, 0x08C4, 0x08C4, 0x08C4, 0x08C4, 0x08C4, 0x08C4, \
        0x08C4, 0x08E4, 0x08E4, 0x08C4, 0x08C4, 0x08C4, 0x08C4, 0x08C4, 0x08C4, 0x08C4, 0x08C4, 0x08C4, \
        0x08C4, 0x08C4, 0x08C4, 0x08C4, 0x08C4, 0x08C4, 0x08C4, 0x08E4, 0x08E4, 0x08C4, 0x08C4, 0x08C4, \
        0x08C4, 0x08C4, 0x08C4, 0x08C4, 0x08C4, 0x08C4, 0x08C4, 0x08C4, 0x08C4, 0x08C4, 0x08C4, 0x08C4, \
        0x08C4, 0x08C4, 0x08C4, 0x08C4, 0x08C4, 0x08C4, 0x08C4, 0x10E4, 0x1146, 0x1966, 0x1966, 0x1966, \
        0x1966, 0x1966, 0x1966, 0x1966, 0x1966, 0x1966, 0x1966, 0x1966, 0x1966, 0x1966, 0x1966, 0x1966, \
        0x1966, 0x1966, 0x1966, 0x1966, 0x1966, 0x1146, 0x1104, 0x08C4, 0x08C4, 0x08C4, 0x08C4, 0x08C4, \
        0x08C4, 0x08C4, 0x08C4, 0x08C4, 0x08C4, 0x08C4, 0x08C4, 0x08C4, 0x08C4, 0x08C4, 0x08C4, 0x08C4, \
        0x08C4, 0x08C4, 0x08C4, 0x08C4, 0x08C4, 0x08C4, 0x08C4, 0x08C4, 0x08C4, 0x08C4, 0x08C4, 0x10E4, \
        0x1125, 0x1966, 0x1966, 0x1966, 0x1966, 0x1966, 0x1966, 0x1966, 0x1966, 0x1966, 0x1966, 0x1966, \
        0x1966, 0x1966, 0x1966, 0x1966, 0x1966, 0x1966, 0x1966, 0x1966, 0x1966, 0x1966, 0x1966, 0x1966, \
        0x1966, 0x1966, 0x1966, 0x1966, 0x1966, 0x1145, 0x10E4, 0x08C4, 0x08C4, 0x08C4, 0x08C4, 0x08C4, \
        0x08C4, 0x08C4, 0x08C4, 0x08C4, 0x08C4, 0x08C4, 0x08C4, 0x08C4, 0x08C4, 0x08C4, 0x08C4, 0x08C4, \
        0x08C4, 0x08C4, 0x08C4, 0x08C4, 0x08C4, 0x08C4, 0x08C4, 0x08C4, 0x08C4, 0x08C4, 0x08C4, 0x08C4, \
        0x08C4, 0x08C4, 0x08C4, 0x08C4, 0x08C4, 0x08C4, 0x08C4, 0x08C4, 0x08C4, 0x08C4, 0x08C4, 0x08C4, \
        0x08C4, 0x08C4, 0x10C4, 0x10E4, 0x08E4, 0x08C4, 0x08C4, 0x08C4, 0x08C4, 0x08C4, 0x08C4, 0x08C4, \
        0x08C4, 0x08C4, 0x08C4, 0x08C4, 0x08C4, 0x08C4, 0x08C4, 0x08C4, 0x08C4, 0x08C4, 0x08C4, 0x08C4, \
        0x08C4, 0x08C4, 0x08C4, 0x08C4, 0x08C4, 0x08C4, 0x08C4, 0x08C4, 0x08C4, 0x08C4, 0x08C4, 0x08C4, \
        0x08C4, 0x08C4, 0x08C4, 0x08C4, 0x08C4, 0x08C4, 0x08C4, 0x08C4, 0x08E4, 0x10E4, 0x1105, 0x1105, \
        0x1105, 0x1105, 0x1105, 0x1105, 0x1104, 0x1105, 0x1105, 0x1105, 0x1104, 0x10E4, 0x10E4, 0x08E4, \
        0x10E4, 0x08E4, 0x08E4, 0x08E4, 0x10E4, 0x08E4, 0x08E4, 0x10E4, 0x1105, 0x10E4, 0x08E4, 0x08E4, \
        0x08E4, 0x08E4, 0x08E4, 0x08C4, 0x08C4, 0x08C4, 0x08C4, 0x08C4, 0x08C4, 0x08C4, 0x08C4, 0x08C4, \
        0x08C4, 0x08C4, 0x08C4, 0x08C4, 0x08C4, 0x08C4, 0x08C4, 0x08C4, 0x08C4, 0x08C4, 0x08C4, 0x08E4, \
        0x1105, 0x08E4, 0x08E4, 0x08C4, 0x08C4, 0x08C4, 0x08C4, 0x08C4, 0x08C4, 0x08C4, 0x08C4, 0x08C4, \
        0x08C4, 0x08C4, 0x08C4, 0x08C4, 0x08C4, 0x08C4, 0x08C4, 0x08E4, 0x08C4, 0x08C4, 0x08C4, 0x08C4, \
        0x08C4, 0x08C4, 0x08C4, 0x08C4, 0x08C4, 0x08C4, 0x08C4, 0x08C4, 0x08C4, 0x08C4, 0x08C4, 0x08C4, \
        0x08C4, 0x10E4, 0x08E4, 0x08C4, 0x08C4, 0x08C4, 0x08C4, 0x08C4, 0x08C4, 0x08C4, 0x08C4, 0x08C4, \
        0x08C4, 0x08C4, 0x08C4, 0x08C4, 0x08C4, 0x08C4, 0x08C4, 0x08C4, 0x10E4, 0x08E4, 0x08C4, 0x08C4, \
        0x08C4, 0x08C4, 0x08C4, 0x08C4, 0x08C4, 0x08C4, 0x08C4, 0x08C4, 0x08C4, 0x08C4, 0x08C4, 0x08C4, \
        0x08C4, 0x08C4, 0x08C4, 0x08E4, 0x08C4, 0x08C4, 0x08C4, 0x08C4, 0x08C4, 0x08C4, 0x08C4, 0x08C4, \
        0x08C4, 0x08C4, 0x08C4, 0x08C4, 0x08C4, 0x08C4, 0x08C4, 0x08C4, 0x08C4, 0x08C4, 0x08C4, 0x08C4, \
        0x08C4, 0x08C4, 0x10E4, 0x1145, 0x1966, 0x1966, 0x1966, 0x1966, 0x1966, 0x1966, 0x1966, 0x1966, \
        0x1966, 0x1966, 0x1966, 0x1966, 0x1966, 0x1966, 0x1966, 0x1966, 0x1966, 0x1966, 0x1966, 0x1966, \
        0x1146, 0x1105, 0x08C4, 0x08C4, 0x08C4, 0x08C4, 0x08C4, 0x08C4, 0x08C4, 0x08C4, 0x08C4, 0x08C4, \
        0x08C4, 0x08C4, 0x08C4, 0x08C4, 0x08C4, 0x08C4, 0x08C4, 0x08C4, 0x08C4, 0x08C4, 0x08C4, 0x08C4, \
        0x08C4, 0x08C4, 0x08C4, 0x08C4, 0x08C4, 0x08C4, 0x08C4, 0x1125, 0x1966, 0x1966, 0x1966, 0x1966, \
        0x1966, 0x1966, 0x1966, 0x1966, 0x1966, 0x1966, 0x1966, 0x1966, 0x1966, 0x1966, 0x1966, 0x1966, \
        0x1966, 0x1966, 0x1966, 0x1966, 0x1966, 0x1966, 0x1966, 0x1966, 0x1966, 0x1966, 0x1966, 0x1966, \
        0x1966, 0x1966, 0x1125, 0x08C4, 0x08C4, 0x08C4, 0x08C4, 0x08C4, 0x08C4, 0x08C4, 0x08C4, 0x08C4, \
        0x08C4, 0x08C4, 0x08C4, 0x08C4, 0x08C4, 0x08C4, 0x08C4, 0x08C4, 0x08C4, 0x08C4, 0x08C4, 0x08C4, \
        0x08C4, 0x08C4, 0x08C4, 0x08C4, 0x08C4, 0x08C4, 0x08C4, 0x08C4, 0x08C4, 0x08C4, 0x08C4, 0x08C4, \
        0x08C4, 0x08C4, 0x08C4, 0x08C4, 0x08C4, 0x08C4, 0x08C4, 0x08C4, 0x08C4, 0x10E4, 0x1105, 0x08E4, \
        0x08C4, 0x08C4, 0x08C4, 0x08C4, 0x08C4, 0x08C4, 0x08C4, 0x08C4, 0x08C4, 0x08C4, 0x08C4, 0x08C4, \
        0x08C4, 0x08C4, 0x08C4, 0x08C4, 0x08C4, 0x08C4, 0x08C4, 0x08C4, 0x08C4, 0x08C4, 0x08C4, 0x08C4, \
        0x08C4, 0x08C4, 0x08C4, 0x08C4, 0x08C4, 0x08C4, 0x08C4, 0x08C4, 0x08C4, 0x08C4, 0x08C4, 0x08C4, \
        0x10E4, 0x1105, 0x10E4, 0x08E4, 0x08C4, 0x08C4, 0x08E4, 0x08E4, 0x08E4, 0x08E4, 0x08E4, 0x08E4, \
        0x08E4, 0x08E4, 0x08E4, 0x08E4, 0x08C4, 0x08C4, 0x08C4, 0x08C4, 0x08C4, 0x08C4, 0x08C4, 0x08C4, \
        0x08C4, 0x08C4, 0x08C4, 0x08E4, 0x08E4, 0x08E4, 0x08C4, 0x08C4, 0x08C4, 0x08C4, 0x08C4, 0x08C4, \
        0x08C4, 0x08C4, 0x08C4, 0x08C4, 0x08C4, 0x08C4, 0x08C4, 0x08C4, 0x08C4, 0x08C4, 0x08C4, 0x08C4, \
        0x08C4, 0x08C4, 0x08E4, 0x10E4, 0x1105, 0x1105, 0x10E4, 0x08C4, 0x08C4, 0x08C4, 0x08C4, 0x08C4, \
        0x08C4, 0x08C4, 0x08C4, 0x08C4, 0x08C4, 0x08C4, 0x08C4, 0x08C4, 0x08C4, 0x08C4, 0x08C4, 0x08C4, \
        0x08C4, 0x08C4, 0x08E4, 0x08C4, 0x08C4, 0x08C4, 0x08C4, 0x08C4, 0x08C4, 0x08C4, 0x08C4, 0x08C4, \
        0x08C4, 0x08C4, 0x08C4, 0x08C4, 0x08C4, 0x08C4, 0x08C4, 0x08E4, 0x10E4, 0x08C4, 0x08C4, 0x08C4, \
        0x08C4, 0x08C4, 0x08C4, 0x08C4, 0x08C4, 0x08C4, 0x08C4, 0x08C4, 0x08C4, 0x08C4, 0x08C4, 0x08C4, \
        0x08C4, 0x08C4, 0x08C4, 0x08E4, 0x10E4, 0x08C4, 0x08C4, 0x08C4, 0x08C4, 0x08C4, 0x08C4, 0x08C4, \
        0x08C4, 0x08C4, 0x08C4, 0x08C4, 0x08C4, 0x08C4, 0x08C4, 0x08C4, 0x08C4, 0x08C4, 0x08E4, 0x08E4, \
        0x08C4, 0x08C4, 0x08C4, 0x08C4, 0x08C4, 0x08C4, 0x08C4, 0x08C4, 0x08C4, 0x08C4, 0x08C4, 0x08C4, \
        0x08C4, 0x08C4, 0x08C4, 0x08C4, 0x08C4, 0x08C4, 0x08C4, 0x08C4, 0x08C4, 0x10C4, 0x1125, 0x1966, \
        0x1966, 0x1966, 0x1966, 0x1966, 0x1966, 0x1966, 0x1966, 0x1966, 0x1966, 0x1966, 0x1966, 0x1966, \
        0x1966, 0x1966, 0x1966, 0x1966, 0x1966, 0x1966, 0x1966, 0x1966, 0x1125, 0x08C4, 0x08C4, 0x08C4, \
        0x08C4, 0x08C4, 0x08C4, 0x08C4, 0x08C4, 0x08C4, 0x08C4, 0x08C4, 0x08C4, 0x08C4, 0x08C4, 0x08C4, \
        0x08C4, 0x08C4, 0x08C4, 0x08C4, 0x08C4, 0x08C4, 0x08C4, 0x08C4, 0x08C4, 0x08C4, 0x08C4, 0x08C4, \
        0x08C4, 0x08C4, 0x1105, 0x1966, 0x1966, 0x1966, 0x1966, 0x1966, 0x1966, 0x1966, 0x1966, 0x1966, \
        0x1966, 0x1966, 0x1966, 0x1966, 0x1966, 0x1966, 0x1966, 0x1966, 0x1966, 0x1966, 0x1966, 0x1966, \
        0x1966, 0x1966, 0x1966, 0x1966, 0x1966, 0x1966, 0x1966, 0x1966, 0x1966, 0x1966, 0x1966, 0x1105, \
        0x08C4, 0x08C4, 0x08C4, 0x08C4, 0x08C4, 0x08C4, 0x08C4, 0x08C4, 0x08C4, 0x08C4, 0x08C4, 0x08C4, \
        0x08C4, 0x08C4, 0x08C4, 0x08C4, 0x08C4, 0x08C4, 0x08C4, 0x08C4, 0x08C4, 0x08C4, 0x08C4, 0x08C4, \
        0x08C4, 0x08C4, 0x08C4, 0x08C4, 0x08C4, 0x08C4, 0x08C4, 0x08C4, 0x08C4, 0x08C4, 0x08C4, 0x08C4, \
        0x08C4, 0x08C4, 0x08C4, 0x08C4, 0x08E4, 0x1105, 0x08C4, 0x08C4, 0x08C4, 0x08C4, 0x08C4, 0x08C4, \
        0x08C4, 0x08C4, 0x08C4, 0x08C4, 0x08C4, 0x08C4, 0x08C4, 0x08C4, 0x08C4, 0x08C4, 0x08C4, 0x08C4, \
        0x08C4, 0x08C4, 0x08C4, 0x08C4, 0x08C4, 0x08C4, 0x08C4, 0x08C4, 0x08C4, 0x08C4, 0x08C4, 0x08C4, \
        0x08C4, 0x08C4, 0x08C4, 0x08C4, 0x08C4, 0x10E4, 0x1105, 0x10E4, 0x08C4, 0x08C4, 0x08C4, 0x08C4, \
        0x08C4, 0x08C4, 0x08C4, 0x08C4, 0x08C4, 0x08C4, 0x08C4, 0x08C4, 0x08C4, 0x08C4, 0x08C4, 0x08C4, \
        0x08C4, 0x08C4, 0x08C4, 0x08C4, 0x08C4, 0x08C4, 0x08C4, 0x08C4, 0x08C4, 0x08C4, 0x08C4, 0x08C4, \
        0x08C4, 0x08C4, 0x08C4, 0x08C4, 0x08C4, 0x08C4, 0x08C4, 0x08C4, 0x08E4, 0x1105, 0x1105, 0x1105, \
        0x1125, 0x1125, 0x1105, 0x1125, 0x1125, 0x1125, 0x1125, 0x1125, 0x1105, 0x10E4, 0x08E4, 0x08C4, \
        0x08C4, 0x08C4, 0x08C4, 0x08C4, 0x08C4, 0x08C4, 0x08C4, 0x08C4, 0x08C4, 0x08C4, 0x08C4, 0x08C4, \
        0x08C4, 0x08C4, 0x08C4, 0x08C4, 0x08C4, 0x08C4, 0x08C4, 0x08C4, 0x08C4, 0x10E4, 0x08E4, 0x08C4, \
        0x08C4, 0x08C4, 0x08C4, 0x08C4, 0x08C4, 0x08C4, 0x08C4, 0x08C4, 0x08C4, 0x08C4, 0x08C4, 0x08C4, \
        0x08C4, 0x08C4, 0x08E4, 0x10E4, 0x08C4, 0x08C4, 0x08C4, 0x08C4, 0x08C4, 0x08C4, 0x08C4, 0x08C4, \
        0x08C4, 0x08C4, 0x08C4, 0x08C4, 0x08C4, 0x08C4, 0x08C4, 0x08C4, 0x08C4, 0x08C4, 0x10E4, 0x08E4, \
        0x08C4, 0x08C4, 0x08C4, 0x08C4, 0x08C4, 0x08C4, 0x08C4, 0x08C4, 0x08C4, 0x08C4, 0x08C4, 0x08C4, \
        0x08C4, 0x08C4, 0x08C4, 0x08C4, 0x08C4, 0x08E4, 0x10E4, 0x08C4, 0x08C4, 0x08C4, 0x08C4, 0x08C4, \
        0x08C4, 0x08C4, 0x08C4, 0x08C4, 0x08C4, 0x08C4, 0x08C4, 0x08C4, 0x08C4, 0x08C4, 0x08C4, 0x08C4, \
        0x08C4, 0x08C4, 0x08C4, 0x08C4, 0x08C4, 0x1105, 0x1966, 0x1966, 0x1966, 0x1966, 0x1966, 0x1966, \
        0x1966, 0x1966, 0x1966, 0x1966, 0x1966, 0x1966, 0x1966, 0x1966, 0x1966, 0x1966, 0x1966, 0x1966, \
        0x1966, 0x1966, 0x1966, 0x1145, 0x08E4, 0x08C4, 0x08C4, 0x08C4, 0x08C4, 0x08C4, 0x08C4, 0x08C4, \
        0x08C4, 0x08C4, 0x08C4, 0x08C4, 0x08C4, 0x08C4, 0x08C4, 0x08C4, 0x08C4, 0x08C4, 0x08C4, 0x08C4, \
        0x08C4, 0x08C4, 0x08C4, 0x08C4, 0x08C4, 0x08C4, 0x08C4, 0x08C4, 0x08C4, 0x10E4, 0x1966, 0x1966, \
        0x1966, 0x1966, 0x1966, 0x1966, 0x1966, 0x1966, 0x1966, 0x1966, 0x1966, 0x1966, 0x1966, 0x1966, \
        0x1966, 0x1966, 0x1966, 0x1966, 0x1966, 0x1966, 0x1966, 0x1966, 0x1966, 0x1966, 0x1966, 0x1966, \
        0x1966, 0x1966, 0x1966, 0x1966, 0x1966, 0x1966, 0x1966, 0x1966, 0x10E4, 0x08C4, 0x08C4, 0x08C4, \
        0x08C4, 0x08C4, 0x08C4, 0x08C4, 0x08C4, 0x08C4, 0x08C4, 0x08C4, 0x08C4, 0x08C4, 0x08C4, 0x08C4, \
        0x08C4, 0x08C4, 0x08C4, 0x08C4, 0x08C4, 0x08C4, 0x08C4, 0x08C4, 0x08C4, 0x08C4, 0x08C4, 0x08C4, \
        0x08C4, 0x08C4, 0x08C4, 0x08C4, 0x08C4, 0x08C4, 0x08C4, 0x08C4, 0x08C4, 0x08C4, 0x08C4, 0x10E4, \
        0x1105, 0x08C4, 0x08C4, 0x08C4, 0x08C4, 0x08C4, 0x08C4, 0x08C4, 0x08C4, 0x08C4, 0x08C4, 0x08C4, \
        0x08C4, 0x08C4, 0x08C4, 0x08C4, 0x08C4, 0x08C4, 0x08C4, 0x08C4, 0x08C4, 0x08C4, 0x08C4, 0x08C4, \
        0x08C4, 0x08C4, 0x08C4, 0x08C4, 0x08C4, 0x08C4, 0x08C4, 0x08C4, 0x08C4, 0x08C4, 0x08C4, 0x08E4, \
        0x1105, 0x08E4, 0x08C4, 0x08C4, 0x08C4, 0x08C4, 0x08C4, 0x08C4, 0x08C4, 0x08C4, 0x08C4, 0x08C4, \
        0x08C4, 0x08C4, 0x08C4, 0x08C4, 0x08C4, 0x08C4, 0x08C4, 0x08C4, 0x08C4, 0x08C4, 0x08C4, 0x08C4, \
        0x08C4, 0x08C4, 0x08C4, 0x08C4, 0x08C4, 0x08C4, 0x08C4, 0x08C4, 0x08C4, 0x08C4, 0x08C4, 0x08C4, \
        0x08C4, 0x08C4, 0x08C4, 0x08C4, 0x08C4, 0x08C4, 0x08C4, 0x08C4, 0x08C4, 0x08C4, 0x08C4, 0x08C4, \
        0x08C4, 0x08C4, 0x08C4, 0x08C4, 0x08C4, 0x08C4, 0x08C4, 0x08C4, 0x08C4, 0x08C4, 0x08C4, 0x08C4, \
        0x08C4, 0x08C4, 0x08C4, 0x08C4, 0x08C4, 0x08C4, 0x08C4, 0x08C4, 0x08C4, 0x08C4, 0x08C4, 0x08C4, \
        0x08C4, 0x08C4, 0x08C4, 0x08C4, 0x08E4, 0x08E4, 0x08C4, 0x08C4, 0x08C4, 0x08C4, 0x08C4, 0x08C4, \
        0x08C4, 0x08C4, 0x08C4, 0x08C4, 0x08C4, 0x08C4, 0x08C4, 0x08C4, 0x08C4, 0x10E4, 0x08E4, 0x08C4, \
        0x08C4, 0x08C4, 0x08C4, 0x08C4, 0x08C4, 0x08C4, 0x08C4, 0x08C4, 0x08C4, 0x08C4, 0x08C4, 0x08C4, \
        0x08C4, 0x08C4, 0x08C4, 0x08C4, 0x08C4, 0x08E4, 0x08E4, 0x08C4, 0x08C4, 0x08C4, 0x08C4, 0x08C4, \
        0x08C4, 0x08C4, 0x08C4, 0x08C4, 0x08C4, 0x08C4, 0x08C4, 0x08C4, 0x08C4, 0x08C4, 0x08C4, 0x08C4, \
        0x08C4, 0x08E4, 0x08C4, 0x08C4, 0x08C4, 0x08C4, 0x08C4, 0x08C4, 0x08C4, 0x08C4, 0x08C4, 0x08C4, \
        0x08C4, 0x08C4, 0x08C4, 0x08C4, 0x08C4, 0x08C4, 0x08C4, 0x08C4, 0x08C4, 0x08C4, 0x08C4, 0x08C4, \
        0x1104, 0x1946, 0x1966, 0x1966, 0x1966, 0x1966, 0x1966, 0x1966, 0x1966, 0x1966, 0x1966, 0x1966, \
        0x1966, 0x1966, 0x1966, 0x1966, 0x1966, 0x1966, 0x1966, 0x1966, 0x1966, 0x1966, 0x1146, 0x10E4, \
        0x08C4, 0x08C4, 0x08C4, 0x08C4, 0x08C4, 0x08C4, 0x08C4, 0x08C4, 0x08C4, 0x08C4, 0x08C4, 0x08C4, \
        0x08C4, 0x08C4, 0x08C4, 0x08C4, 0x08C4, 0x08C4, 0x08C4, 0x08C4, 0x08C4, 0x08C4, 0x08C4, 0x08C4, \
        0x08C4, 0x08C4, 0x08C4, 0x10C4, 0x10E4, 0x1146, 0x1966, 0x1966, 0x1966, 0x1966, 0x1966, 0x1966, \
        0x1966, 0x1966, 0x1966, 0x1966, 0x1966, 0x1966, 0x1966, 0x1966, 0x1966, 0x1966, 0x1966, 0x1966, \
        0x1966, 0x1966, 0x1966, 0x1966, 0x1966, 0x1966, 0x1966, 0x1966, 0x1966, 0x1966, 0x1966, 0x1966, \
        0x1966, 0x1966, 0x1966, 0x1966, 0x1146, 0x10E4, 0x08C4, 0x08C4, 0x08C4, 0x08C4, 0x08C4, 0x08C4, \
        0x08C4, 0x08C4, 0x08C4, 0x08C4, 0x08C4, 0x08C4, 0x08C4, 0x08C4, 0x08C4, 0x08C4, 0x08C4, 0x08C4, \
        0x08C4, 0x08C4, 0x08C4, 0x08C4, 0x08C4, 0x08C4, 0x08C4, 0x08C4, 0x08C4, 0x08C4, 0x08C4, 0x08C4, \
        0x08C4, 0x08C4, 0x08C4, 0x08C4, 0x08C4, 0x08C4, 0x10E4, 0x10E4, 0x08C4, 0x08C4, 0x08C4, 0x08C4, \
        0x08C4, 0x08C4, 0x08C4, 0x08C4, 0x08C4, 0x08C4, 0x08C4, 0x08C4, 0x08C4, 0x08C4, 0x08C4, 0x08C4, \
        0x08C4, 0x08C4, 0x08C4, 0x08C4, 0x08C4, 0x08C4, 0x08C4, 0x08C4, 0x08C4, 0x08C4, 0x08C4, 0x08C4, \
        0x08C4, 0x08C4, 0x08C4, 0x08C4, 0x08C4, 0x08C4, 0x10E4, 0x08E4, 0x08C4, 0x08C4, 0x08C4, 0x08C4, \
        0x08C4, 0x08C4, 0x08C4, 0x08C4, 0x08C4, 0x08C4, 0x08C4, 0x08C4, 0x08C4, 0x08C4, 0x08C4, 0x08C4, \
        0x08C4, 0x08C4, 0x08C4, 0x08C4, 0x08C4, 0x08C4, 0x08C4, 0x08C4, 0x08C4, 0x08C4, 0x08C4, 0x08C4, \
        0x08C4, 0x08C4, 0x08C4, 0x08C4, 0x08C4, 0x08C4, 0x08C4, 0x08C4, 0x08C4, 0x08C4, 0x08C4, 0x08C4, \
        0x08C4, 0x08C4, 0x08C4, 0x08C4, 0x08C4, 0x08C4, 0x08C4, 0x08C4, 0x08C4, 0x08C4, 0x08C4, 0x08C4, \
        0x08C4, 0x08C4, 0x08C4, 0x08C4, 0x08C4, 0x08C4, 0x08C4, 0x08C4, 0x08C4, 0x08C4, 0x08C4, 0x08C4, \
        0x08C4, 0x08C4, 0x08C4, 0x08C4, 0x08C4, 0x08C4, 0x08C4, 0x08C4, 0x08C4, 0x08C4, 0x08E4, 0x08E4, \
        0x08E4, 0x08C4, 0x08C4, 0x08C4, 0x08C4, 0x08C4, 0x08C4, 0x08C4, 0x08C4, 0x08C4, 0x08C4, 0x08C4, \
        0x08C4, 0x08C4, 0x08C4, 0x08E4, 0x10E4, 0x08E4, 0x08C4, 0x08C4, 0x08C4, 0x08C4, 0x08C4, 0x08C4, \
        0x08C4, 0x08C4, 0x08C4, 0x08C4, 0x08C4, 0x08C4, 0x08C4, 0x08C4, 0x08C4, 0x08C4, 0x08C4, 0x08C4, \
        0x08E4, 0x08E4, 0x08C4, 0x08C4, 0x08C4, 0x08C4, 0x08C4, 0x08C4, 0x08C4, 0x08C4, 0x08C4, 0x08C4, \
        0x08C4, 0x08C4, 0x08C4, 0x08C4, 0x08C4, 0x08C4, 0x08C4, 0x08C4, 0x10E4, 0x08C4, 0x08C4, 0x08C4, \
        0x08C4, 0x08C4, 0x08C4, 0x08C4, 0x08C4, 0x08C4, 0x08C4, 0x08C4, 0x08C4, 0x08C4, 0x08C4, 0x08C4, \
        0x08C4, 0x08C4, 0x08C4, 0x08C4, 0x08C4, 0x08C4, 0x08C4, 0x10E4, 0x1146, 0x1966, 0x1966, 0x1966, \
        0x1966, 0x1966, 0x1966, 0x1966, 0x1966, 0x1966, 0x1966, 0x1966, 0x1966, 0x1966, 0x1966, 0x1966, \
        0x1966, 0x1966, 0x1966, 0x1966, 0x1966, 0x1966, 0x1105, 0x08C4, 0x08C4, 0x08C4, 0x08C4, 0x08C4, \
        0x08C4, 0x08C4, 0x08C4, 0x08C4, 0x08C4, 0x08C4, 0x08C4, 0x08C4, 0x08C4, 0x08C4, 0x08C4, 0x08C4, \
        0x08C4, 0x08C4, 0x08C4, 0x08C4, 0x08C4, 0x08C4, 0x08C4, 0x08C4, 0x08C4, 0x08C4, 0x10C4, 0x10E4, \
        0x1125, 0x1966, 0x1966, 0x1966, 0x1966, 0x1966, 0x1966, 0x1966, 0x1966, 0x1966, 0x1966, 0x1966, \
        0x1966, 0x1966, 0x1966, 0x1966, 0x1966, 0x1966, 0x1966, 0x1966, 0x1966, 0x1966, 0x1966, 0x1966, \
        0x1966, 0x1966, 0x1966, 0x1966, 0x1966, 0x1966, 0x1966, 0x1966, 0x1966, 0x1966, 0x1966, 0x1966, \
        0x1966, 0x1125, 0x08C4, 0x08C4, 0x08C4, 0x08C4, 0x08C4, 0x08C4, 0x08C4, 0x08C4, 0x08C4, 0x08C4, \
        0x08C4, 0x08C4, 0x08C4, 0x08C4, 0x08C4, 0x08C4, 0x08C4, 0x08C4, 0x08C4, 0x08C4, 0x08C4, 0x08C4, \
        0x08C4, 0x08C4, 0x08C4, 0x08C4, 0x08C4, 0x08C4, 0x08C4, 0x08C4, 0x08C4, 0x08C4, 0x08C4, 0x08C4, \
        0x08C4, 0x10E4, 0x08E4, 0x08C4, 0x08C4, 0x08C4, 0x08C4, 0x08C4, 0x08C4, 0x08C4, 0x08C4, 0x08C4, \
        0x08C4, 0x08C4, 0x08C4, 0x08C4, 0x08C4, 0x08C4, 0x08C4, 0x08C4, 0x08C4, 0x08C4, 0x08C4, 0x08C4, \
        0x08C4, 0x08C4, 0x08C4, 0x08C4, 0x08C4, 0x08C4, 0x08C4, 0x08C4, 0x08C4, 0x08C4, 0x08C4, 0x08C4, \
        0x08E4, 0x10E4, 0x08E4, 0x08C4, 0x08C4, 0x08C4, 0x08C4, 0x08C4, 0x08C4, 0x08C4, 0x08C4, 0x08C4, \
        0x08C4, 0x08C4, 0x08C4, 0x08C4, 0x08C4, 0x08C4, 0x08C4, 0x08C4, 0x08C4, 0x08C4, 0x08C4, 0x08C4, \
        0x08C4, 0x08C4, 0x08C4, 0x08C4, 0x08C4, 0x08C4, 0x08C4, 0x08C4, 0x08C4, 0x08C4, 0x08C4, 0x08C4, \
        0x08C4, 0x08C4, 0x08C4, 0x08C4, 0x08C4, 0x08C4, 0x08C4, 0x08C4, 0x08C4, 0x08C4, 0x08C4, 0x08C4, \
        0x08C4, 0x08C4, 0x08C4, 0x08C4, 0x08C4, 0x08C4, 0x08C4, 0x08C4, 0x08C4, 0x08C4, 0x08C4, 0x08C4, \
        0x08C4, 0x08C4, 0x08C4, 0x08C4, 0x08C4, 0x08C4, 0x08C4, 0x08C4, 0x08C4, 0x08C4, 0x08C4, 0x08C4, \
        0x08C4, 0x08C4, 0x08C4, 0x08C4, 0x08C4, 0x08E4, 0x10E4, 0x08E4, 0x08C4, 0x08C4, 0x08C4, 0x08C4, \
        0x08C4, 0x08C4, 0x08C4, 0x08C4, 0x08C4, 0x08C4, 0x08C4, 0x08C4, 0x08C4, 0x08C4, 0x08E4, 0x10E4, \
        0x08E4, 0x08C4, 0x08C4, 0x08C4, 0x08C4, 0x08C4, 0x08C4, 0x08C4, 0x08C4, 0x08C4, 0x08C4, 0x08C4, \
        0x08C4, 0x08C4, 0x08C4, 0x08C4, 0x08C4, 0x08C4, 0x08C4, 0x10E4, 0x08E4, 0x08C4, 0x08C4, 0x08C4, \
        0x08C4, 0x08C4, 0x08C4, 0x08C4, 0x08C4, 0x08C4, 0x08C4, 0x08C4, 0x08C4, 0x08C4, 0x08C4, 0x08C4, \
        0x08C4, 0x08C4, 0x08E4, 0x08E4, 0x08C4, 0x08C4, 0x08C4, 0x08C4, 0x08C4, 0x08C4, 0x08C4, 0x08C4, \
        0x08C4, 0x08C4, 0x08C4, 0x08C4, 0x08C4, 0x08C4, 0x08C4, 0x08C4, 0x08C4, 0x08C4, 0x08C4, 0x08C4, \
        0x08C4, 0x08C4, 0x10E4, 0x1145, 0x1966, 0x1966, 0x1966, 0x1966, 0x1966, 0x1966, 0x1966, 0x1966, \
        0x1966, 0x1966, 0x1966, 0x1966, 0x1966, 0x1966, 0x1966, 0x1966, 0x1966, 0x1966, 0x1966, 0x1966, \
        0x1966, 0x1125, 0x08C4, 0x08C4, 0x08C4, 0x08C4, 0x08C4, 0x08C4, 0x08C4, 0x08C4, 0x08C4, 0x08C4, \
        0x08C4, 0x08C4, 0x08C4, 0x08C4, 0x08C4, 0x08C4, 0x08C4, 0x08C4, 0x08C4, 0x08C4, 0x08C4, 0x08C4, \
        0x08C4, 0x08C4, 0x08C4, 0x08C4, 0x08C4, 0x08C4, 0x08C4, 0x1105, 0x1966, 0x1966, 0x1966, 0x1966, \
        0x1966, 0x1966, 0x1966, 0x1966, 0x1966, 0x1966, 0x1966, 0x1966, 0x1966, 0x1966, 0x1966, 0x1966, \
        0x1966, 0x1966, 0x1966, 0x1966, 0x1966, 0x1966, 0x1966, 0x1966, 0x1966, 0x1966, 0x1966, 0x1966, \
        0x1966, 0x1966, 0x1966, 0x1966, 0x1966, 0x1966, 0x1966, 0x1966, 0x1966, 0x1966, 0x1125, 0x08C4, \
        0x08C4, 0x08C4, 0x08C4, 0x08C4, 0x08C4, 0x08C4, 0x08C4, 0x08C4, 0x08C4, 0x08C4, 0x08C4, 0x08C4, \
        0x08C4, 0x08C4, 0x08C4, 0x08C4, 0x08C4, 0x08C4, 0x08C4, 0x08C4, 0x08C4, 0x08C4, 0x08C4, 0x08C4, \
        0x08C4, 0x08C4, 0x08C4, 0x08C4, 0x08C4, 0x08C4, 0x08C4, 0x08E4, 0x10E4, 0x08E4, 0x08C4, 0x08C4, \
        0x08C4, 0x08C4, 0x08C4, 0x08C4, 0x08C4, 0x08C4, 0x08C4, 0x08C4, 0x08C4, 0x08C4, 0x08C4, 0x08C4, \
        0x08C4, 0x08C4, 0x08C4, 0x08C4, 0x08C4, 0x08C4, 0x08C4, 0x08C4, 0x08C4, 0x08C4, 0x08C4, 0x08C4, \
        0x08C4, 0x08C4, 0x08C4, 0x08C4, 0x08C4, 0x08C4, 0x08C4, 0x08C4, 0x08E4, 0x08E4, 0x08C4, 0x08C4, \
        0x08C4, 0x08C4, 0x08C4, 0x08C4, 0x08C4, 0x08C4, 0x08C4, 0x08C4, 0x08C4, 0x08C4, 0x08C4, 0x08C4, \
        0x08C4, 0x08C4, 0x08E4, 0x08E4, 0x08E4, 0x08E4, 0x08E4, 0x10E4, 0x08E4, 0x08E4, 0x08C4, 0x08C4, \
        0x08C4, 0x08C4, 0x08C4, 0x08C4, 0x08C4, 0x08C4, 0x08C4, 0x08C4, 0x08C4, 0x08C4, 0x08C4, 0x08C4, \
        0x08C4, 0x08C4, 0x08C4, 0x08C4, 0x08C4, 0x08C4, 0x08C4, 0x08C4, 0x08C4, 0x08C4, 0x08C4, 0x08C4, \
        0x08C4, 0x08C4, 0x08C4, 0x08C4, 0x08C4, 0x08C4, 0x08C4, 0x08C4, 0x08C4, 0x08C4, 0x08C4, 0x08C4, \
        0x08C4, 0x08C4, 0x08C4, 0x08C4, 0x08C4, 0x08C4, 0x08C4, 0x08C4, 0x08C4, 0x08C4, 0x08C4, 0x08C4, \
        0x08E4, 0x10E4, 0x10E4, 0x08C4, 0x08C4, 0x08C4, 0x08C4, 0x08C4, 0x08C4, 0x08C4, 0x08C4, 0x08C4, \
        0x08C4, 0x08C4, 0x08C4, 0x08C4, 0x08C4, 0x08E4, 0x10E4, 0x08E4, 0x08C4, 0x08C4, 0x08C4, 0x08C4, \
        0x08C4, 0x08C4, 0x08C4, 0x08C4, 0x08C4, 0x08C4, 0x08C4, 0x08C4, 0x08C4, 0x08C4, 0x08C4, 0x08C4, \
        0x08C4, 0x08E4, 0x08E4, 0x08E4, 0x08C4, 0x08C4, 0x08C4, 0x08C4, 0x08C4, 0x08C4, 0x08C4, 0x08C4, \
        0x08C4, 0x08C4, 0x08C4, 0x08C4, 0x08C4, 0x08C4, 0x08C4, 0x08C4, 0x08C4, 0x08E4, 0x08E4, 0x08C4, \
        0x08C4, 0x08C4, 0x08C4, 0x08C4, 0x08C4, 0x08C4, 0x08C4, 0x08C4, 0x08C4, 0x08C4, 0x08C4, 0x08C4, \
        0x08C4, 0x08C4, 0x08C4, 0x08C4, 0x08C4, 0x08C4, 0x08C4, 0x08C4, 0x08C4, 0x08C4, 0x1125, 0x1966, \
        0x1966, 0x1966, 0x1966, 0x1966, 0x1966, 0x1966, 0x1966, 0x1966, 0x1966, 0x1966, 0x1966, 0x1966, \
        0x1966, 0x1966, 0x1966, 0x1966, 0x1966, 0x1966, 0x1966, 0x1966, 0x1125, 0x08C4, 0x08C4, 0x08C4, \
        0x08C4, 0x08C4, 0x08C4, 0x08C4, 0x08C4, 0x08C4, 0x08C4, 0x08C4, 0x08C4, 0x08C4, 0x08C4, 0x08C4, \
        0x08C4, 0x08C4, 0x08C4, 0x08C4, 0x08C4, 0x08C4, 0x08C4, 0x08C4, 0x08C4, 0x08C4, 0x08C4, 0x08C4, \
        0x08C4, 0x08C4, 0x1105, 0x1966, 0x1966, 0x1966, 0x1966, 0x1966, 0x1966, 0x1966, 0x1966, 0x1966, \
        0x1966, 0x1966, 0x1966, 0x1966, 0x1966, 0x1966, 0x1966, 0x1966, 0x1966, 0x1966, 0x1966, 0x1966, \
        0x1966, 0x1966, 0x1966, 0x1966, 0x1966, 0x1966, 0x1966, 0x1966, 0x1966, 0x1966, 0x1966, 0x1966, \
        0x1966, 0x1966, 0x1966, 0x1966, 0x1966, 0x1966, 0x1966, 0x1105, 0x08C4, 0x08C4, 0x08C4, 0x08C4, \
        0x08C4, 0x08C4, 0x08C4, 0x08C4, 0x08C4, 0x08C4, 0x08C4, 0x08C4, 0x08C4, 0x08C4, 0x08C4, 0x08C4, \
        0x08C4, 0x08C4, 0x08C4, 0x08C4, 0x08C4, 0x08C4, 0x08C4, 0x08C4, 0x08C4, 0x08C4, 0x08C4, 0x08C4, \
        0x08C4, 0x08C4, 0x08C4, 0x08E4, 0x08E4, 0x08C4, 0x08C4, 0x08C4, 0x08C4, 0x08C4, 0x08C4, 0x08C4, \
        0x08C4, 0x08C4, 0x08C4, 0x08C4, 0x08C4, 0x08C4, 0x08C4, 0x08C4, 0x08C4, 0x08C4, 0x08C4, 0x08C4, \
        0x08C4, 0x08C4, 0x08C4, 0x08C4, 0x08C4, 0x08C4, 0x08C4, 0x08C4, 0x08C4, 0x08C4, 0x08C4, 0x08C4, \
        0x08C4, 0x08C4, 0x08C4, 0x08E4, 0x08E4, 0x08C4, 0x08C4, 0x08C4, 0x08C4, 0x08C4, 0x08C4, 0x08C4, \
        0x08C4, 0x08C4, 0x08C4, 0x08C4, 0x08C4, 0x08C4, 0x08E4, 0x10E4, 0x08E4, 0x08C4, 0x08E4, 0x08E4, \
        0x08E4, 0x08E4, 0x08E4, 0x10E4, 0x08E4, 0x08E4, 0x08E4, 0x10E4, 0x1105, 0x1104, 0x10E4, 0x08C4, \
        0x08C4, 0x08C4, 0x08C4, 0x08C4, 0x08C4, 0x08C4, 0x08C4, 0x08C4, 0x08C4, 0x08C4, 0x08C4, 0x08C4, \
        0x08C4, 0x08C4, 0x08C4, 0x08C4, 0x08C4, 0x08C4, 0x08C4, 0x08C4, 0x08C4, 0x08C4, 0x08C4, 0x08C4, \
        0x08C4, 0x08C4, 0x08C4, 0x08C4, 0x08C4, 0x08C4, 0x08C4, 0x08C4, 0x08C4, 0x08C4, 0x08C4, 0x08C4, \
        0x08C4, 0x08C4, 0x08C4, 0x08C4, 0x08C4, 0x08C4, 0x08C4, 0x08C4, 0x10E4, 0x08E4, 0x08C4, 0x08C4, \
        0x08C4, 0x08C4, 0x08C4, 0x08C4, 0x08C4, 0x08C4, 0x08C4, 0x08C4, 0x08C4, 0x08C4, 0x08C4, 0x08C4, \
        0x08C4, 0x10E4, 0x08E4, 0x08C4, 0x08C4, 0x08C4, 0x08C4, 0x08C4, 0x08C4, 0x08C4, 0x08C4, 0x08C4, \
        0x08C4, 0x08C4, 0x08C4, 0x08C4, 0x08C4, 0x08C4, 0x08C4, 0x08C4, 0x10E4, 0x08E4, 0x08C4, 0x08C4, \
        0x08C4, 0x08C4, 0x08C4, 0x08C4, 0x08C4, 0x08C4, 0x08C4, 0x08C4, 0x08C4, 0x08C4, 0x08C4, 0x08C4, \
        0x08C4, 0x08C4, 0x08C4, 0x08C4, 0x10E4, 0x08E4, 0x08C4, 0x08C4, 0x08C4, 0x08C4, 0x08C4, 0x08C4, \
        0x08C4, 0x08C4, 0x08C4, 0x08C4, 0x08C4, 0x08C4, 0x08C4, 0x08C4, 0x08C4, 0x08C4, 0x08C4, 0x08C4, \
        0x08C4, 0x08C4, 0x08C4, 0x08C4, 0x08C4, 0x1105, 0x1966, 0x1966, 0x1966, 0x1966, 0x1966, 0x1966, \
        0x1966, 0x1966, 0x1966, 0x1966, 0x1966, 0x1966, 0x1966, 0x1966, 0x1966, 0x1966, 0x1966, 0x1966, \
        0x1966, 0x1966, 0x1966, 0x1145, 0x08E4, 0x08C4, 0x08C4, 0x08C4, 0x08C4, 0x08C4, 0x08C4, 0x08C4, \
        0x08C4, 0x08C4, 0x08C4, 0x08C4, 0x08C4, 0x08C4, 0x08C4, 0x08C4, 0x08C4, 0x08C4, 0x08C4, 0x08C4, \
        0x08C4, 0x08C4, 0x08C4, 0x08C4, 0x08C4, 0x08C4, 0x08C4, 0x08C4, 0x08C4, 0x1104, 0x1946, 0x1966, \
        0x1966, 0x1966, 0x1966, 0x1966, 0x1966, 0x1966, 0x1966, 0x1966, 0x1966, 0x1966, 0x1966, 0x1966, \
        0x1966, 0x1966, 0x1966, 0x1966, 0x1966, 0x1966, 0x1966, 0x1966, 0x1966, 0x1966, 0x1966, 0x1966, \
        0x1966, 0x1966, 0x1966, 0x1966, 0x1966, 0x1966, 0x1966, 0x1966, 0x1966, 0x1966, 0x1966, 0x1966, \
        0x1966, 0x1966, 0x1966, 0x1146, 0x10E4, 0x08C4, 0x08C4, 0x08C4, 0x08C4, 0x08C4, 0x08C4, 0x08C4, \
        0x08C4, 0x08C4, 0x08C4, 0x08C4, 0x08C4, 0x08C4, 0x08C4, 0x08C4, 0x08C4, 0x08C4, 0x08C4, 0x08C4, \
        0x08C4, 0x08C4, 0x08C4, 0x08C4, 0x08C4, 0x08C4, 0x08C4, 0x08C4, 0x08C4, 0x08C4, 0x10E4, 0x08C4, \
        0x08C4, 0x08C4, 0x08C4, 0x08C4, 0x08C4, 0x08C4, 0x08C4, 0x08C4, 0x08C4, 0x08C4, 0x08C4, 0x08C4, \
        0x08C4, 0x08C4, 0x08C4, 0x08C4, 0x08C4, 0x08C4, 0x08C4, 0x08C4, 0x08C4, 0x08C4, 0x08C4, 0x08C4, \
        0x08C4, 0x08C4, 0x08C4, 0x08C4, 0x08C4, 0x08C4, 0x08C4, 0x08C4, 0x08C4, 0x08C4, 0x08E4, 0x08E4, \
        0x08C4, 0x08C4, 0x08C4, 0x08C4, 0x08C4, 0x08C4, 0x08C4, 0x08C4, 0x08C4, 0x08C4, 0x08C4, 0x08C4, \
        0x10E4, 0x10E4, 0x08C4, 0x08E4, 0x08C4, 0x08C4, 0x08C4, 0x08C4, 0x08C4, 0x08C4, 0x08C4, 0x08C4, \
        0x08C4, 0x08C4, 0x08C4, 0x08E4, 0x10E4, 0x10E4, 0x08E4, 0x08C4, 0x10E4, 0x1104, 0x10E4, 0x08E4, \
        0x08C4, 0x08C4, 0x08C4, 0x08C4, 0x08C4, 0x08C4, 0x08C4, 0x08C4, 0x08C4, 0x08C4, 0x08C4, 0x08C4, \
        0x08C4, 0x08C4, 0x08C4, 0x08C4, 0x08C4, 0x08C4, 0x08C4, 0x08C4, 0x08C4, 0x08C4, 0x08C4, 0x08C4, \
        0x08C4, 0x08C4, 0x08C4, 0x08C4, 0x08C4, 0x08C4, 0x08C4, 0x08C4, 0x08C4, 0x08C4, 0x08C4, 0x08C4, \
        0x08C4, 0x08C4, 0x08C4, 0x1105, 0x08C4, 0x08C4, 0x08C4, 0x08C4, 0x08C4, 0x08C4, 0x08C4, 0x08C4, \
        0x08C4, 0x08C4, 0x08C4, 0x08C4, 0x08C4, 0x08C4, 0x08C4, 0x08C4, 0x10E4, 0x10E4, 0x08C4, 0x08C4, \
        0x08C4, 0x08C4, 0x08C4, 0x08C4, 0x08C4, 0x08C4, 0x08C4, 0x08C4, 0x08C4, 0x08C4, 0x08C4, 0x08C4, \
        0x08C4, 0x08C4, 0x08C4, 0x1105, 0x08E4, 0x08C4, 0x08C4, 0x08C4, 0x08C4, 0x08C4, 0x08C4, 0x08C4, \
        0x08C4, 0x08C4, 0x08C4, 0x08C4, 0x08C4, 0x08C4, 0x08C4, 0x08C4, 0x08C4, 0x08C4, 0x08C4, 0x10E4, \
        0x08E4, 0x08C4, 0x08C4, 0x08C4, 0x08C4, 0x08C4, 0x08C4, 0x08C4, 0x08C4, 0x08C4, 0x08C4, 0x08C4, \
        0x08C4, 0x08C4, 0x08C4, 0x08C4, 0x08C4, 0x08C4, 0x08C4, 0x08C4, 0x08C4, 0x08C4, 0x08C4, 0x10C4, \
        0x1105, 0x1966, 0x1966, 0x1966, 0x1966, 0x1966, 0x1966, 0x1966, 0x1966, 0x1966, 0x1966, 0x1966, \
        0x1966, 0x1966, 0x1966, 0x1966, 0x1966, 0x1966, 0x1966, 0x1966, 0x1966, 0x1966, 0x1146, 0x10E4, \
        0x08C4, 0x08C4, 0x08C4, 0x08C4, 0x08C4, 0x08C4, 0x08C4, 0x08C4, 0x08C4, 0x08C4, 0x08C4, 0x08C4, \
        0x08C4, 0x08C4, 0x08C4, 0x08C4, 0x08C4, 0x08C4, 0x08C4, 0x08C4, 0x08C4, 0x08C4, 0x08C4, 0x08C4, \
        0x08C4, 0x08C4, 0x08C4, 0x08C4, 0x10E4, 0x1146, 0x1966, 0x1966, 0x1966, 0x1966, 0x1966, 0x1966, \
        0x1966, 0x1966, 0x1966, 0x1966, 0x1966, 0x1966, 0x1966, 0x1966, 0x1966, 0x1966, 0x1966, 0x1966, \
        0x1966, 0x1966, 0x1966, 0x1966, 0x1966, 0x1966, 0x1966, 0x1966, 0x1966, 0x1966, 0x1966, 0x1966, \
        0x1966, 0x1966, 0x1966, 0x1966, 0x1966, 0x1966, 0x1966, 0x1966, 0x1966, 0x1966, 0x1966, 0x1966, \
        0x1145, 0x10E4, 0x08C4, 0x08C4, 0x08C4, 0x08C4, 0x08C4, 0x08C4, 0x08C4, 0x08C4, 0x08C4, 0x08C4, \
        0x08C4, 0x08C4, 0x08C4, 0x08C4, 0x08C4, 0x08C4, 0x08C4, 0x08C4, 0x08C4, 0x08C4, 0x08C4, 0x08C4, \
        0x08C4, 0x08C4, 0x08C4, 0x08C4, 0x08C4, 0x10E5, 0x08C4, 0x08C4, 0x08C4, 0x08C4, 0x08C4, 0x08C4, \
        0x08C4, 0x08C4, 0x08C4, 0x08C4, 0x08C4, 0x08C4, 0x08C4, 0x08C4, 0x08C4, 0x08C4, 0x08C4, 0x08C4, \
        0x08C4, 0x08C4, 0x08C4, 0x08C4, 0x08C4, 0x08C4, 0x08C4, 0x08C4, 0x08C4, 0x08C4, 0x08C4, 0x08C4, \
        0x08C4, 0x08C4, 0x08C4, 0x08C4, 0x08C4, 0x08C4, 0x0905, 0x08C4, 0x08C4, 0x08C4, 0x08C4, 0x08C4, \
        0x08C4, 0x08C4, 0x08C4, 0x08C4, 0x08C4, 0x08C4, 0x08C4, 0x10E4, 0x08E4, 0x10C4, 0x08C4, 0x08C4, \
        0x08C4, 0x08C4, 0x08C4, 0x08C4, 0x08C4, 0x08C4, 0x08C4, 0x08C4, 0x08C4, 0x08C4, 0x08C4, 0x08C4, \
        0x08C4, 0x08C4, 0x08C4, 0x08C4, 0x08C4, 0x08E4, 0x08C4, 0x08C4, 0x08C4, 0x08E4, 0x08E4, 0x10E4, \
        0x1105, 0x1105, 0x10E4, 0x08E4, 0x08C4, 0x08C4, 0x08C4, 0x08C4, 0x08C4, 0x08C4, 0x08C4, 0x08C4, \
        0x08C4, 0x08C4, 0x08C4, 0x08C4, 0x08C4, 0x08C4, 0x08C4, 0x08C4, 0x08C4, 0x08C4, 0x08C4, 0x08C4, \
        0x08C4, 0x08C4, 0x08C4, 0x08C4, 0x08C4, 0x08C4, 0x08C4, 0x08C4, 0x08C4, 0x08C4, 0x10E4, 0x08E4, \
        0x08C4, 0x08C4, 0x08C4, 0x08C4, 0x08C4, 0x08C4, 0x08C4, 0x08C4, 0x08C4, 0x08C4, 0x08C4, 0x08C4, \
        0x08C4, 0x08C4, 0x08C4, 0x08E4, 0x1105, 0x08C4, 0x08C4, 0x08C4, 0x08C4, 0x08C4, 0x08C4, 0x08C4, \
        0x08C4, 0x08C4, 0x08C4, 0x08C4, 0x08C4, 0x08C4, 0x08C4, 0x08C4, 0x08C4, 0x08C4, 0x1105, 0x08C4, \
        0x08C4, 0x08C4, 0x08C4, 0x08C4, 0x08C4, 0x08C4, 0x08C4, 0x08C4, 0x08C4, 0x08C4, 0x08C4, 0x08C4, \
        0x08C4, 0x08C4, 0x08C4, 0x08C4, 0x08C4, 0x08C4, 0x10E4, 0x08E4, 0x08C4, 0x08C4, 0x08C4, 0x08C4, \
        0x08C4, 0x08C4, 0x08C4, 0x08C4, 0x08C4, 0x08C4, 0x08C4, 0x08C4, 0x08C4, 0x08C4, 0x08C4, 0x08C4, \
        0x08C4, 0x08C4, 0x08C4, 0x08C4, 0x08C4, 0x08C4, 0x08C4, 0x10E4, 0x1946, 0x1966, 0x1966, 0x1966, \
        0x1966, 0x1966, 0x1966, 0x1966, 0x1966, 0x1966, 0x1966, 0x1966, 0x1966, 0x1966, 0x1966, 0x1966, \
        0x1966, 0x1966, 0x1966, 0x1966, 0x1966, 0x1966, 0x1105, 0x08C4, 0x08C4, 0x08C4, 0x08C4, 0x08C4, \
        0x08C4, 0x08C4, 0x08C4, 0x08C4, 0x08C4, 0x08C4, 0x08C4, 0x08C4, 0x08C4, 0x08C4, 0x08C4, 0x08C4, \
        0x08C4, 0x08C4, 0x08C4, 0x08C4, 0x08C4, 0x08C4, 0x08C4, 0x08C4, 0x08C4, 0x08C4, 0x08C4, 0x08C4, \
        0x1125, 0x1966, 0x1966, 0x1966, 0x1966, 0x1966, 0x1966, 0x1966, 0x1966, 0x1966, 0x1966, 0x1966, \
        0x1966, 0x1966, 0x1966, 0x1966, 0x1966, 0x1966, 0x1966, 0x1966, 0x1966, 0x1966, 0x1966, 0x1966, \
        0x1966, 0x1966, 0x1966, 0x1966, 0x1966, 0x1966, 0x1966, 0x1966, 0x1966, 0x1966, 0x1966, 0x1966, \
        0x1966, 0x1966, 0x1966, 0x1966, 0x1966, 0x1966, 0x1966, 0x1966, 0x1966, 0x1125, 0x08C4, 0x08C4, \
        0x08C4, 0x08C4, 0x08C4, 0x08C4, 0x08C4, 0x08C4, 0x08C4, 0x08C4, 0x08C4, 0x08C4, 0x08C4, 0x08C4, \
        0x08C4, 0x08C4, 0x08C4, 0x08C4, 0x08C4, 0x08C4, 0x08C4, 0x08C4, 0x08C4, 0x08C4, 0x08C4, 0x08C4, \
        0x10E4, 0x08E4, 0x08C4, 0x08C4, 0x08C4, 0x08C4, 0x08C4, 0x08C4, 0x08C4, 0x08C4, 0x08C4, 0x08C4, \
        0x08C4, 0x08C4, 0x08C4, 0x08C4, 0x08C4, 0x08C4, 0x08C4, 0x08C4, 0x08C4, 0x08C4, 0x08C4, 0x08C4, \
        0x08C4, 0x08C4, 0x08C4, 0x08C4, 0x08C4, 0x08C4, 0x08C4, 0x08C4, 0x08C4, 0x08C4, 0x08C4, 0x08C4, \
        0x08C4, 0x10E4, 0x08C4, 0x08C4, 0x08C4, 0x08C4, 0x08C4, 0x08C4, 0x08C4, 0x08C4, 0x08C4, 0x08C4, \
        0x08C4, 0x08E4, 0x08E4, 0x08C4, 0x08C4, 0x08C4, 0x08C4, 0x08C4, 0x08C4, 0x08C4, 0x08C4, 0x08C4, \
        0x08C4, 0x08C4, 0x08C4, 0x08C4, 0x08C4, 0x08C4, 0x08C4, 0x08C4, 0x08C4, 0x08C4, 0x08C4, 0x08C4, \
        0x08C4, 0x08C4, 0x08C4, 0x08C4, 0x08C4, 0x08C4, 0x08C4, 0x08C4, 0x08C4, 0x08C4, 0x08C4, 0x08C4, \
        0x08C4, 0x08C4, 0x08C4, 0x08C4, 0x08C4, 0x08C4, 0x08C4, 0x08C4, 0x08C4, 0x08C4, 0x08C4, 0x08C4, \
        0x08C4, 0x08C4, 0x08C4, 0x08C4, 0x08C4, 0x08C4, 0x08C4, 0x08C4, 0x08C4, 0x08C4, 0x08C4, 0x08C4, \
        0x08C4, 0x08C4, 0x08C4, 0x08C4, 0x08C4, 0x08C4, 0x1105, 0x08C4, 0x08C4, 0x08C4, 0x08C4, 0x08C4, \
        0x08C4, 0x08C4, 0x08C4, 0x08C4, 0x08C4, 0x08C4, 0x08C4, 0x08C4, 0x08C4, 0x08C4, 0x08C4, 0x1105, \
        0x08C4, 0x08C4, 0x08C4, 0x08C4, 0x08C4, 0x08C4, 0x08C4, 0x08C4, 0x08C4, 0x08C4, 0x08C4, 0x08C4, \
        0x08C4, 0x08C4, 0x08C4, 0x08C4, 0x08E4, 0x08E4, 0x08C4, 0x08C4, 0x08C4, 0x08C4, 0x08C4, 0x08C4, \
        0x08C4, 0x08C4, 0x08C4, 0x08C4, 0x08C4, 0x08C4, 0x08C4, 0x08C4, 0x08C4, 0x08C4, 0x08C4, 0x08C4, \
        0x08E4, 0x1104, 0x08C4, 0x08C4, 0x08C4, 0x08C4, 0x08C4, 0x08C4, 0x08C4, 0x08C4, 0x08C4, 0x08C4, \
        0x08C4, 0x08C4, 0x08C4, 0x08C4, 0x08C4, 0x08C4, 0x08C4, 0x08C4, 0x08C4, 0x08C4, 0x08C4, 0x08C4, \
        0x08C4, 0x08C4, 0x08C4, 0x1125, 0x1966, 0x1966, 0x1966, 0x1966, 0x1966, 0x1966, 0x1966, 0x1966, \
        0x1966, 0x1966, 0x1966, 0x1966, 0x1966, 0x1966, 0x1966, 0x1966, 0x1966, 0x1966, 0x1966, 0x1966, \
        0x1966, 0x1125, 0x08C4, 0x08C4, 0x08C4, 0x08C4, 0x08C4, 0x08C4, 0x08C4, 0x08C4, 0x08C4, 0x08C4, \
        0x08C4, 0x08C4, 0x08C4, 0x08C4, 0x08C4, 0x08C4, 0x08C4, 0x08C4, 0x08C4, 0x08C4, 0x08C4, 0x08C4, \
        0x08C4, 0x08C4, 0x08C4, 0x08C4, 0x08C4, 0x08C4, 0x10C4, 0x1105, 0x1966, 0x1966, 0x1966, 0x1966, \
        0x1966, 0x1966, 0x1966, 0x1966, 0x1966, 0x1966, 0x1966, 0x1966, 0x1966, 0x1966, 0x1966, 0x1966, \
        0x1966, 0x1966, 0x1966, 0x1966, 0x1966, 0x1966, 0x1966, 0x1966, 0x1966, 0x1966, 0x1966, 0x1966, \
        0x1966, 0x1966, 0x1966, 0x1966, 0x1966, 0x1966, 0x1966, 0x1966, 0x1966, 0x1966, 0x1966, 0x1966, \
        0x1966, 0x1966, 0x1966, 0x1966, 0x1966, 0x1966, 0x1104, 0x08C4, 0x08C4, 0x08C4, 0x08C4, 0x08C4, \
        0x08C4, 0x08C4, 0x08C4, 0x08C4, 0x08C4, 0x08C4, 0x08C4, 0x08C4, 0x08C4, 0x08C4, 0x08C4, 0x08C4, \
        0x08C4, 0x08C4, 0x08C4, 0x08C4, 0x08C4, 0x08C4, 0x08C4, 0x08E4, 0x08E4, 0x08C4, 0x08C4, 0x08C4, \
        0x08C4, 0x08C4, 0x08C4, 0x08C4, 0x08C4, 0x08C4, 0x08C4, 0x08C4, 0x08C4, 0x08C4, 0x08C4, 0x08C4, \
        0x08C4, 0x08C4, 0x08C4, 0x08C4, 0x08C4, 0x08C4, 0x08C4, 0x08C4, 0x08C4, 0x08C4, 0x08C4, 0x08C4, \
        0x08C4, 0x08C4, 0x08C4, 0x08C4, 0x08C4, 0x08C4, 0x08C4, 0x08C4, 0x08C4, 0x1105, 0x08C4, 0x08C4, \
        0x08C4, 0x08C3, 0x08C4, 0x08C4, 0x08C4, 0x08C4, 0x08C4, 0x08C4, 0x08E4, 0x08E4, 0x08C4, 0x08C4, \
        0x08C4, 0x08C4, 0x08C4, 0x08C4, 0x08C4, 0x08C4, 0x08C4, 0x08C4, 0x08C4, 0x08C4, 0x08C4, 0x08C4, \
        0x08C4, 0x08C4, 0x08C4, 0x08C4, 0x08C4, 0x08C4, 0x08C4, 0x08C4, 0x08C4, 0x08C4, 0x08C4, 0x08C4, \
        0x08C4, 0x08C4, 0x08C4, 0x08C4, 0x08C4, 0x08C4, 0x08C3, 0x08C3, 0x08C4, 0x08C4, 0x08C4, 0x08C4, \
        0x08C4, 0x08C4, 0x08C4, 0x08C4, 0x08C4, 0x08C4, 0x08C4, 0x08C4, 0x08C4, 0x08C4, 0x08C4, 0x08C4, \
        0x08C4, 0x08C4, 0x08C4, 0x08C4, 0x08C4, 0x08C4, 0x08C4, 0x08C4, 0x08C4, 0x08C4, 0x08C4, 0x08C4, \
        0x08C4, 0x08C4, 0x1105, 0x08C4, 0x08C4, 0x08C4, 0x08C4, 0x08C4, 0x08C4, 0x08C4, 0x08C4, 0x08C4, \
        0x08C4, 0x08C4, 0x08C4, 0x08C4, 0x08C4, 0x08C4, 0x10E4, 0x08E4, 0x08C4, 0x08C4, 0x08C4, 0x08C4, \
        0x08C4, 0x08C4, 0x08C4, 0x08C4, 0x08C4, 0x08C4, 0x08C4, 0x08C4, 0x08C4, 0x08C4, 0x08C4, 0x10E4, \
        0x10E4, 0x08C4, 0x08C4, 0x08C4, 0x08C4, 0x08C4, 0x08C4, 0x08C4, 0x08C4, 0x08C4, 0x08C4, 0x08C4, \
        0x08C4, 0x08C4, 0x08C4, 0x08C4, 0x08C4, 0x08C4, 0x08C4, 0x08E4, 0x10E4, 0x08C4, 0x08C4, 0x08C4, \
        0x08C4, 0x08C4, 0x08C4, 0x08C4, 0x08C4, 0x08C4, 0x08C4, 0x08C4, 0x08C4, 0x08C4, 0x08C4, 0x08C4, \
        0x08C4, 0x08C4, 0x08C4, 0x08C4, 0x08C4, 0x08C4, 0x08C4, 0x08C4, 0x08C4, 0x10C4, 0x1125, 0x1966, \
        0x1966, 0x1966, 0x1966, 0x1966, 0x1966, 0x1966, 0x1966, 0x1966, 0x1966, 0x1966, 0x1966, 0x1966, \
        0x1966, 0x1966, 0x1966, 0x1966, 0x1966, 0x1966, 0x1966, 0x1966, 0x1125, 0x10E4, 0x08C4, 0x08C4, \
        0x08C4, 0x08C4, 0x08C4, 0x08C4, 0x08C4, 0x08C4, 0x08C4, 0x08C4, 0x08C4, 0x08C4, 0x08C4, 0x08C4, \
        0x08C4, 0x08C4, 0x08C4, 0x08C4, 0x08C4, 0x08C4, 0x08C4, 0x08C4, 0x08C4, 0x08C4, 0x08C4, 0x08C4, \
        0x08C4, 0x08C4, 0x1104, 0x1946, 0x1966, 0x1966, 0x1966, 0x1966, 0x1966, 0x1966, 0x1966, 0x1966, \
        0x1966, 0x1966, 0x1966, 0x1966, 0x1966, 0x1966, 0x1966, 0x1966, 0x1966, 0x1966, 0x1966, 0x1966, \
        0x1966, 0x1966, 0x1966, 0x1966, 0x1966, 0x1966, 0x1966, 0x1966, 0x1966, 0x1966, 0x1966, 0x1966, \
        0x1966, 0x1966, 0x1966, 0x1966, 0x1966, 0x1966, 0x1966, 0x1966, 0x1966, 0x1966, 0x1966, 0x1966, \
        0x1966, 0x1966, 0x1146, 0x10E4, 0x08C4, 0x08C4, 0x08C4, 0x08C4, 0x08C4, 0x08C4, 0x08C4, 0x08C4, \
        0x08C4, 0x08C4, 0x08C4, 0x08C4, 0x08C4, 0x08C4, 0x08C4, 0x08C4, 0x08C4, 0x08C4, 0x08C4, 0x08C4, \
        0x08C4, 0x08C4, 0x08E4, 0x10E4, 0x08C4, 0x08C4, 0x08C4, 0x08C4, 0x08C4, 0x08C4, 0x08C4, 0x08C4, \
        0x08C4, 0x08C4, 0x08C4, 0x08C4, 0x08C4, 0x08C4, 0x08C4, 0x08C4, 0x08C4, 0x08C4, 0x08C4, 0x08C4, \
        0x08C4, 0x08C4, 0x08C4, 0x08C4, 0x08C4, 0x08C4, 0x08C4, 0x08C4, 0x08C4, 0x08C4, 0x08C4, 0x08C4, \
        0x08C4, 0x08C4, 0x08C4, 0x08C4, 0x08E4, 0x08E4, 0x08C4, 0x08C3, 0x08C4, 0x08C4, 0x08C4, 0x08C4, \
        0x08C4, 0x08C4, 0x08C4, 0x08E4, 0x08E4, 0x08C4, 0x08C4, 0x08C4, 0x08C4, 0x08C4, 0x08C4, 0x08C4, \
        0x08C4, 0x08C4, 0x08C4, 0x08C4, 0x08C4, 0x08C4, 0x08C4, 0x08C4, 0x08C4, 0x08C4, 0x08C4, 0x08C4, \
        0x08C4, 0x08C4, 0x08C4, 0x08C4, 0x08C4, 0x08C4, 0x08C4, 0x08C4, 0x08C4, 0x08C4, 0x08C4, 0x08C4, \
        0x08C4, 0x08C4, 0x08C4, 0x08C4, 0x08C4, 0x08C4, 0x08C4, 0x08C4, 0x08C4, 0x08C4, 0x08C4, 0x08C4, \
        0x08C4, 0x08C4, 0x08C4, 0x08C4, 0x08C4, 0x08C4, 0x08C4, 0x08C4, 0x08C4, 0x08C4, 0x08C4, 0x08C4, \
        0x08C4, 0x08C4, 0x08C4, 0x08C4, 0x08C4, 0x08C4, 0x08C4, 0x08C4, 0x08C4, 0x08C4, 0x1105, 0x08C4, \
        0x08C4, 0x08C4, 0x08C4, 0x08C4, 0x08C4, 0x08C4, 0x08C4, 0x08C4, 0x08C4, 0x08C4, 0x08C4, 0x08C4, \
        0x08C4, 0x10E4, 0x10E4, 0x08C4, 0x08C4, 0x08C4, 0x08C4, 0x08C4, 0x08C4, 0x08C4, 0x08C4, 0x08C4, \
        0x08C4, 0x08C4, 0x08C4, 0x08C4, 0x08C4, 0x08C4, 0x10E4, 0x08E4, 0x08C4, 0x08C4, 0x08C4, 0x08C4, \
        0x08C4, 0x08C4, 0x08C4, 0x08C4, 0x08C4, 0x08C4, 0x08C4, 0x08C4, 0x08C4, 0x08C4, 0x08C4, 0x08C4, \
        0x08C4, 0x10E4, 0x10E4, 0x08E4, 0x08C4, 0x08C4, 0x08C4, 0x08C4, 0x08C4, 0x08C4, 0x08C4, 0x08C4, \
        0x08C4, 0x08C4, 0x08C4, 0x08C4, 0x08C4, 0x08C4, 0x08C4, 0x08C4, 0x08C4, 0x08C4, 0x08C4, 0x08C4, \
        0x08C4, 0x08C4, 0x08C4, 0x08C4, 0x08C4, 0x1105, 0x1966, 0x1966, 0x1966, 0x1966, 0x1966, 0x1966, \
        0x1966, 0x1966, 0x1966, 0x1966, 0x1966, 0x1966, 0x1966, 0x1966, 0x1966, 0x1966, 0x1966, 0x1966, \
        0x1966, 0x1966, 0x1966, 0x1146, 0x10E4, 0x08C4, 0x08C4, 0x08C4, 0x08C4, 0x08C4, 0x08C4, 0x08C4, \
        0x08C4, 0x08C4, 0x08C4, 0x08C4, 0x08C4, 0x08C4, 0x08C4, 0x08C4, 0x08C4, 0x08C4, 0x08C4, 0x08C4, \
        0x08C4, 0x08C4, 0x08C4, 0x08C4, 0x08C4, 0x08C4, 0x08C4, 0x08C4, 0x08C4, 0x10E4, 0x1146, 0x1966, \
        0x1966, 0x1966, 0x1966, 0x1966, 0x1966, 0x1966, 0x1966, 0x1966, 0x1966, 0x1966, 0x1966, 0x1966, \
        0x1966, 0x1966, 0x1966, 0x1966, 0x1966, 0x1966, 0x1966, 0x1966, 0x1966, 0x1966, 0x1966, 0x1966, \
        0x1966, 0x1966, 0x1966, 0x1966, 0x1966, 0x1966, 0x1966, 0x1966, 0x1966, 0x1966, 0x1966, 0x1966, \
        0x1966, 0x1966, 0x1966, 0x1966, 0x1966, 0x1966, 0x1966, 0x1966, 0x1966, 0x1966, 0x1966, 0x1125, \
        0x08C4, 0x08C4, 0x08C4, 0x08C4, 0x08C4, 0x08C4, 0x08C4, 0x08C4, 0x08C4, 0x08C4, 0x08C4, 0x08C4, \
        0x08C4, 0x08C4, 0x08C4, 0x08C4, 0x08C4, 0x08C4, 0x08C4, 0x08C4, 0x08C4, 0x08C4, 0x10E4, 0x08C4, \
        0x08C4, 0x08C4, 0x08C4, 0x08C4, 0x08C4, 0x08C4, 0x08C4, 0x08C4, 0x08C4, 0x08C4, 0x08C4, 0x08C4, \
        0x08C4, 0x08C4, 0x08C4, 0x08C4, 0x08C4, 0x08C4, 0x08C4, 0x08C4, 0x08C4, 0x08C4, 0x08C4, 0x08C4, \
        0x08C4, 0x08C4, 0x08C4, 0x08C4, 0x08C4, 0x08C4, 0x08C4, 0x08C4, 0x08C4, 0x08C4, 0x08C4, 0x08C4, \
        0x10E4, 0x08C4, 0x08C4, 0x08C4, 0x08C4, 0x08C4, 0x08C4, 0x08C4, 0x08C4, 0x08C4, 0x08E4, 0x10E4, \
        0x08C4, 0x08C4, 0x08C4, 0x08C4, 0x08C4, 0x08C4, 0x08C4, 0x08C4, 0x08C4, 0x08C4, 0x08C4, 0x08C4, \
        0x08C4, 0x08C4, 0x08C4, 0x08C4, 0x08C4, 0x08C4, 0x08C4, 0x08C4, 0x08C4, 0x08C4, 0x08C4, 0x08C4, \
        0x08C4, 0x08C4, 0x08C4, 0x08C4, 0x08C4, 0x08C4, 0x08C4, 0x08C4, 0x08C4, 0x08C4, 0x08C4, 0x08C4, \
        0x08C4, 0x08C4, 0x08C4, 0x08C4, 0x08C4, 0x08C4, 0x08C4, 0x08C4, 0x08C4, 0x08C4, 0x08C4, 0x08C4, \
        0x08C4, 0x08C4, 0x08C4, 0x08C4, 0x08C4, 0x08C4, 0x08C4, 0x08C4, 0x08C4, 0x08C4, 0x08C4, 0x08C4, \
        0x08C4, 0x08C4, 0x08C4, 0x08C4, 0x08C4, 0x08C4, 0x10E4, 0x08E4, 0x08C4, 0x08C4, 0x08C4, 0x08C4, \
        0x08C4, 0x08C4, 0x08C4, 0x08C4, 0x08C4, 0x08C4, 0x08C4, 0x08C4, 0x10E4, 0x10E4, 0x08C4, 0x08C4, \
        0x08C4, 0x08C4, 0x08C4, 0x08C4, 0x08C4, 0x08C4, 0x08C4, 0x08C4, 0x08C4, 0x08C4, 0x08C4, 0x08C4, \
        0x08E4, 0x08E4, 0x08E4, 0x08C3, 0x08C4, 0x08C4, 0x08C4, 0x08C4, 0x08C4, 0x08C4, 0x08C4, 0x08C4, \
        0x08C4, 0x08C4, 0x08C4, 0x08C4, 0x08C4, 0x08C4, 0x08C4, 0x08C4, 0x08E4, 0x10E4, 0x08C4, 0x08C4, \
        0x08C4, 0x08C4, 0x08C4, 0x08C4, 0x08C4, 0x08C4, 0x08C4, 0x08C4, 0x08C4, 0x08C4, 0x08C4, 0x08C4, \
        0x08C4, 0x08C4, 0x08C4, 0x08C4, 0x08C4, 0x08C4, 0x08C4, 0x08C4, 0x08C4, 0x08C4, 0x08C4, 0x08C4, \
        0x10E4, 0x1146, 0x1966, 0x1966, 0x1966, 0x1966, 0x1966, 0x1966, 0x1966, 0x1966, 0x1966, 0x1966, \
        0x1966, 0x1966, 0x1966, 0x1966, 0x1966, 0x1966, 0x1966, 0x1966, 0x1966, 0x1966, 0x1966, 0x1104, \
        0x08C4, 0x08C4, 0x08C4, 0x08C4, 0x08C4, 0x08C4, 0x08C4, 0x08C4, 0x08C4, 0x08C4, 0x08C4, 0x08C4, \
        0x08C4, 0x08C4, 0x08C4, 0x08C4, 0x08C4, 0x08C4, 0x08C4, 0x08C4, 0x08C4, 0x08C4, 0x08C4, 0x08C4, \
        0x08C4, 0x08C4, 0x08C4, 0x08C4, 0x10E4, 0x1125, 0x1966, 0x1966, 0x1966, 0x1966, 0x1966, 0x1966, \
        0x1966, 0x1966, 0x1966, 0x1966, 0x1966, 0x1966, 0x1966, 0x1966, 0x1966, 0x1966, 0x1966, 0x1966, \
        0x1966, 0x1966, 0x1966, 0x1966, 0x1946, 0x1125, 0x1125, 0x1125, 0x1125, 0x1146, 0x1966, 0x1966, \
        0x1966, 0x1966, 0x1966, 0x1966, 0x1966, 0x1966, 0x1966, 0x1966, 0x1966, 0x1966, 0x1966, 0x1966, \
        0x1966, 0x1966, 0x1966, 0x1966, 0x1966, 0x1966, 0x1966, 0x1966, 0x1105, 0x08C4, 0x08C4, 0x08C4, \
        0x08C4, 0x08C4, 0x08C4, 0x08C4, 0x08C4, 0x08C4, 0x08C4, 0x08C4, 0x08C4, 0x08C4, 0x08C4, 0x08C4, \
        0x08C4, 0x08C4, 0x08C4, 0x08C4, 0x08C4, 0x08E4, 0x08E4, 0x08C4, 0x08C4, 0x08C4, 0x08C4, 0x08C4, \
        0x08C4, 0x08C4, 0x08C4, 0x08C4, 0x08C4, 0x08C4, 0x08C4, 0x08C4, 0x08C4, 0x08C4, 0x08C4, 0x08C4, \
        0x08C4, 0x08C4, 0x08C4, 0x08C4, 0x08C4, 0x08C4, 0x08C4, 0x08C4, 0x08C4, 0x08C4, 0x08C4, 0x08C4, \
        0x08C4, 0x08C4, 0x08C4, 0x08C4, 0x08C4, 0x08C4, 0x08C4, 0x08C4, 0x10E4, 0x08C4, 0x08C4, 0x08C4, \
        0x08C4, 0x08C4, 0x08C4, 0x08C4, 0x08C4, 0x08C4, 0x10E4, 0x08C4, 0x08C4, 0x08C4, 0x08C4, 0x08C4, \
        0x08C4, 0x08C4, 0x08C4, 0x08C4, 0x08C4, 0x08C4, 0x08C4, 0x08C4, 0x08C4, 0x08C4, 0x08C4, 0x08C4, \
        0x08C4, 0x08C4, 0x08C4, 0x08C4, 0x08C4, 0x08C4, 0x08C4, 0x08C4, 0x08C4, 0x08C4, 0x08C4, 0x08C4, \
        0x08C4, 0x08C4, 0x08C4, 0x08C4, 0x08C4, 0x08C4, 0x08C4, 0x08C4, 0x08C4, 0x08C4, 0x08C4, 0x08C4, \
        0x08C4, 0x08C4, 0x08C4, 0x08C4, 0x08C4, 0x08C4, 0x08C4, 0x08C4, 0x08C4, 0x08C4, 0x08C4, 0x08C4, \
        0x08C4, 0x08C4, 0x08C4, 0x08C4, 0x08C4, 0x08C4, 0x08C4, 0x08C4, 0x08C4, 0x08C4, 0x08C4, 0x08C4, \
        0x08C4, 0x08C4, 0x08C4, 0x10E4, 0x10E4, 0x08C4, 0x08C4, 0x08C4, 0x08C4, 0x08C4, 0x08C4, 0x08C4, \
        0x08C4, 0x08C4, 0x08C4, 0x08E4, 0x10E4, 0x08C4, 0x08C4, 0x08C4, 0x08C4, 0x08C4, 0x08C4, 0x08C4, \
        0x08C4, 0x08C4, 0x08C4, 0x08C4, 0x08C4, 0x08C4, 0x08C4, 0x08E4, 0x08E4, 0x08E4, 0x08C3, 0x08C4, \
        0x08C4, 0x08C4, 0x08C4, 0x08C4, 0x08C4, 0x08C4, 0x08C4, 0x08C4, 0x08C4, 0x08C4, 0x08C4, 0x08C4, \
        0x08C4, 0x08C4, 0x08C4, 0x08E4, 0x08E4, 0x08C4, 0x08C4, 0x08C4, 0x08C4, 0x08C4, 0x08C4, 0x08C4, \
        0x08C4, 0x08C4, 0x08C4, 0x08C4, 0x08C4, 0x08C4, 0x08C4, 0x08C4, 0x08C4, 0x08C4, 0x08C4, 0x08C4, \
        0x08C4, 0x08C4, 0x08C4, 0x08C4, 0x08C4, 0x08C4, 0x08C4, 0x10E4, 0x1146, 0x1966, 0x1966, 0x1966, \
        0x1966, 0x1966, 0x1966, 0x1966, 0x1966, 0x1966, 0x1966, 0x1966, 0x1966, 0x1966, 0x1966, 0x1966, \
        0x1966, 0x1966, 0x1966, 0x1966, 0x1966, 0x1966, 0x1105, 0x08C4, 0x08C4, 0x08C4, 0x08C4, 0x08C4, \
        0x08C4, 0x08C4, 0x08C4, 0x08C4, 0x08C4, 0x08C4, 0x08C4, 0x08C4, 0x08C4, 0x08C4, 0x08C4, 0x08C4, \
        0x08C4, 0x08C4, 0x08C4, 0x08C4, 0x08C4, 0x08C4, 0x08C4, 0x08C4, 0x08C4, 0x08C4, 0x08C4, 0x10C4, \
        0x1125, 0x1966, 0x1966, 0x1966, 0x1966, 0x1966, 0x1966, 0x1966, 0x1966, 0x1966, 0x1966, 0x1966, \
        0x1966, 0x1966, 0x1966, 0x1966, 0x1966, 0x1966, 0x1966, 0x1966, 0x1966, 0x1966, 0x1966, 0x1946, \
        0x1104, 0x10E4, 0x08C4, 0x08C4, 0x08C4, 0x10E4, 0x1125, 0x1966, 0x1966, 0x1966, 0x1966, 0x1966, \
        0x1966, 0x1966, 0x1966, 0x1966, 0x1966, 0x1966, 0x1966, 0x1966, 0x1966, 0x1966, 0x1966, 0x1966, \
        0x1966, 0x1966, 0x1966, 0x1966, 0x1966, 0x10E4, 0x08C4, 0x08C4, 0x08C4, 0x08C4, 0x08C4, 0x08C4, \
        0x08C4, 0x08C4, 0x08C4, 0x08C4, 0x08C4, 0x08C4, 0x08C4, 0x08C4, 0x08C4, 0x08C4, 0x08C4, 0x08C4, \
        0x08C4, 0x10E4, 0x08E4, 0x08C4, 0x08C4, 0x08C4, 0x08C4, 0x08C4, 0x08C4, 0x08C4, 0x08C4, 0x08C4, \
        0x08C4, 0x08C4, 0x08C4, 0x08C4, 0x08C4, 0x08C4, 0x08C4, 0x08C4, 0x08C4, 0x08C4, 0x08C4, 0x08C4, \
        0x08C4, 0x08C4, 0x08C4, 0x08C4, 0x08C4, 0x08C4, 0x08C4, 0x08C4, 0x08C4, 0x08C4, 0x08C4, 0x08C4, \
        0x08C4, 0x08C4, 0x08C4, 0x08C4, 0x08E4, 0x08C4, 0x08C4, 0x08C4, 0x08C4, 0x08C4, 0x08C4, 0x08C4, \
        0x08C4, 0x10E4, 0x08C4, 0x08C4, 0x08C4, 0x08C4, 0x08C4, 0x08C4, 0x08C4, 0x08C4, 0x08C4, 0x08C4, \
        0x08C4, 0x08C4, 0x08C4, 0x08C4, 0x08C4, 0x08C4, 0x08C4, 0x08C4, 0x08C4, 0x08C4, 0x08C4, 0x08C4, \
        0x08C4, 0x08C4, 0x08C4, 0x08C4, 0x08C4, 0x08C4, 0x08C4, 0x08C4, 0x08C4, 0x08C4, 0x08C4, 0x08C4, \
        0x08C4, 0x08C4, 0x08C4, 0x08C4, 0x08C4, 0x08C4, 0x08C4, 0x08C4, 0x08C4, 0x08C4, 0x08C4, 0x08C4, \
        0x08C4, 0x08C4, 0x08C4, 0x08C4, 0x08C4, 0x08C4, 0x08C4, 0x08C4, 0x08C4, 0x08C4, 0x08C4, 0x08C4, \
        0x08C4, 0x08C4, 0x08C4, 0x08C4, 0x08C4, 0x08C4, 0x08C4, 0x08C4, 0x08C4, 0x08C4, 0x08C4, 0x08E4, \
        0x10E4, 0x1105, 0x10E4, 0x08C4, 0x08C4, 0x08C4, 0x08C4, 0x08C4, 0x08E4, 0x1105, 0x10E4, 0x08E4, \
        0x08C4, 0x08C4, 0x08C4, 0x08C4, 0x08C4, 0x08C4, 0x08C4, 0x08C4, 0x08C4, 0x08C4, 0x08C4, 0x08C4, \
        0x08C4, 0x08C4, 0x08E4, 0x08E4, 0x08C4, 0x08C4, 0x08C4, 0x08C4, 0x08C4, 0x08C4, 0x08C4, 0x08C4, \
        0x08C4, 0x08C4, 0x08C4, 0x08C4, 0x08C4, 0x08C4, 0x08C4, 0x08C4, 0x08C4, 0x08C4, 0x10E4, 0x08C4, \
        0x08C4, 0x08C4, 0x08C4, 0x08C4, 0x08C4, 0x08C4, 0x08C4, 0x08C4, 0x08C4, 0x08C4, 0x08C4, 0x08C4, \
        0x08C4, 0x08C4, 0x08C4, 0x08C4, 0x08C4, 0x08C4, 0x08C4, 0x08C4, 0x08C4, 0x08C4, 0x08C4, 0x08C4, \
        0x08C4, 0x08C4, 0x08C4, 0x1125, 0x1966, 0x1966, 0x1966, 0x1966, 0x1966, 0x1966, 0x1966, 0x1966, \
        0x1966, 0x1966, 0x1966, 0x1966, 0x1966, 0x1966, 0x1966, 0x1966, 0x1966, 0x1966, 0x1966, 0x1966, \
        0x1966, 0x1125, 0x08C4, 0x08C4, 0x08C4, 0x08C4, 0x08C4, 0x08C4, 0x08C4, 0x08C4, 0x08C4, 0x08C4, \
        0x08C4, 0x08C4, 0x08C4, 0x08C4, 0x08C4, 0x08C4, 0x08C4, 0x08C4, 0x08C4, 0x08C4, 0x08C4, 0x08C4, \
        0x08C4, 0x08C4, 0x08C4, 0x08C4, 0x08C4, 0x08C4, 0x08C4, 0x1105, 0x1966, 0x1966, 0x1966, 0x1966, \
        0x1966, 0x1966, 0x1966, 0x1966, 0x1966, 0x1966, 0x1966, 0x1966, 0x1966, 0x1966, 0x1966, 0x1966, \
        0x1966, 0x1966, 0x1966, 0x1966, 0x1966, 0x1966, 0x1966, 0x10E4, 0x08C4, 0x08C4, 0x08C4, 0x08C4, \
        0x10E4, 0x08C4, 0x10C4, 0x1125, 0x1966, 0x1966, 0x1966, 0x1966, 0x1966, 0x1966, 0x1966, 0x1966, \
        0x1966, 0x1966, 0x1966, 0x1966, 0x1966, 0x1966, 0x1966, 0x1966, 0x1966, 0x1966, 0x1966, 0x1966, \
        0x1966, 0x1966, 0x10E4, 0x08C4, 0x08C4, 0x08C4, 0x08C4, 0x08C4, 0x08C4, 0x08C4, 0x08C4, 0x08C4, \
        0x08C4, 0x08C4, 0x08C4, 0x08C4, 0x08C4, 0x08C4, 0x08C4, 0x08C4, 0x08C4, 0x10E4, 0x08C4, 0x08C4, \
        0x08C4, 0x08C4, 0x08C4, 0x08C4, 0x08C4, 0x08C4, 0x08C4, 0x08C4, 0x08C4, 0x08C4, 0x08C4, 0x08C4, \
        0x08C4, 0x08C4, 0x08C4, 0x08C4, 0x08C4, 0x08C4, 0x08C4, 0x08C4, 0x08C4, 0x08C4, 0x08C4, 0x08C4, \
        0x08C4, 0x08C4, 0x08C4, 0x08C4, 0x08C4, 0x08C4, 0x08C4, 0x08C4, 0x08C4, 0x08C4, 0x08C4, 0x10E4, \
        0x08E4, 0x08C4, 0x08C4, 0x08C4, 0x08C4, 0x08C4, 0x08C4, 0x08C4, 0x08E4, 0x08E4, 0x08C4, 0x08C4, \
        0x08C4, 0x08C4, 0x08C4, 0x08C4, 0x08C4, 0x08C4, 0x08C4, 0x08C4, 0x08C4, 0x08C4, 0x08C4, 0x08C4, \
        0x08C4, 0x08C4, 0x08C4, 0x08C4, 0x08C4, 0x08C4, 0x08E4, 0x1105, 0x1105, 0x1105, 0x1105, 0x10E4, \
        0x08E4, 0x08E4, 0x08E4, 0x10E4, 0x1105, 0x1105, 0x1105, 0x1105, 0x1105, 0x1105, 0x1105, 0x0905, \
        0x08C4, 0x08C4, 0x08C4, 0x08C4, 0x08C4, 0x08C4, 0x08C4, 0x08C4, 0x08C4, 0x08C4, 0x08C4, 0x08C4, \
        0x08C4, 0x08C4, 0x08C4, 0x08C4, 0x08C4, 0x08C4, 0x08C4, 0x08C4, 0x08C4, 0x08C4, 0x08C4, 0x08C4, \
        0x08C4, 0x08C4, 0x08C4, 0x08C4, 0x08C4, 0x08C4, 0x08C4, 0x08C4, 0x08C4, 0x08C4, 0x08C4, 0x10E4, \
        0x1105, 0x1125, 0x1105, 0x1105, 0x08C4, 0x08C4, 0x08C4, 0x08C4, 0x08C4, 0x08C4, 0x08C4, 0x08C4, \
        0x08C4, 0x08C4, 0x08C4, 0x08C4, 0x08C4, 0x08C4, 0x08C4, 0x08C4, 0x08C4, 0x08E4, 0x08E4, 0x08C4, \
        0x08C3, 0x08C3, 0x08C3, 0x08C4, 0x08C4, 0x08C4, 0x08C4, 0x08C4, 0x08C4, 0x08C4, 0x08C4, 0x08C4, \
        0x08C4, 0x08C4, 0x08C4, 0x08C4, 0x08C4, 0x10E4, 0x08C4, 0x08C4, 0x08C4, 0x08C4, 0x08C4, 0x08C4, \
        0x08C4, 0x08C4, 0x08C4, 0x08C4, 0x08C4, 0x08C4, 0x08C4, 0x08C4, 0x08C4, 0x08C4, 0x08C4, 0x08C4, \
        0x08C4, 0x08C4, 0x08C4, 0x08C4, 0x08C4, 0x08C4, 0x08C4, 0x08C4, 0x08C4, 0x08C4, 0x1125, 0x1966, \
        0x1966, 0x1966, 0x1966, 0x1966, 0x1966, 0x1966, 0x1966, 0x1966, 0x1966, 0x1966, 0x1966, 0x1966, \
        0x1966, 0x1966, 0x1966, 0x1966, 0x1966, 0x1966, 0x1966, 0x1966, 0x1145, 0x08C4, 0x08C4, 0x08C4, \
        0x08C4, 0x08C4, 0x08C4, 0x08C4, 0x08C4, 0x08C4, 0x08C4, 0x08C4, 0x08C4, 0x08C4, 0x08C4, 0x08C4, \
        0x08C4, 0x08C4, 0x08C4, 0x08C4, 0x08C4, 0x08C4, 0x08C4, 0x08C4, 0x08C4, 0x08C4, 0x08C4, 0x08C4, \
        0x08C4, 0x08C4, 0x10E4, 0x1966, 0x1966, 0x1966, 0x1966, 0x1966, 0x1966, 0x1966, 0x1966, 0x1966, \
        0x1966, 0x1966, 0x1966, 0x1966, 0x1966, 0x1966, 0x1966, 0x1966, 0x1966, 0x1966, 0x1966, 0x1966, \
        0x1966, 0x1966, 0x1104, 0x08C4, 0x08C4, 0x08C4, 0x08C4, 0x08C4, 0x08C4, 0x08C4, 0x08C4, 0x10E4, \
        0x1145, 0x1966, 0x1966, 0x1966, 0x1966, 0x1966, 0x1966, 0x1966, 0x1966, 0x1966, 0x1966, 0x1966, \
        0x1966, 0x1966, 0x1966, 0x1966, 0x1966, 0x1966, 0x1966, 0x1966, 0x1966, 0x1966, 0x1146, 0x08C4, \
        0x08C4, 0x08C4, 0x08C4, 0x08C4, 0x08C4, 0x08C4, 0x08C4, 0x08C4, 0x08C4, 0x08C4, 0x08C4, 0x08C4, \
        0x08C4, 0x08C4, 0x08C4, 0x08C4, 0x08C4, 0x08E4, 0x08C4, 0x08C4, 0x08C4, 0x08C4, 0x08C4, 0x08C4, \
        0x08C4, 0x08C4, 0x08C4, 0x08C4, 0x08C4, 0x08C4, 0x08C4, 0x08C4, 0x08C4, 0x08C4, 0x08C4, 0x08C4, \
        0x08C4, 0x08C4, 0x08C4, 0x08C4, 0x08C4, 0x08C4, 0x08C4, 0x08C4, 0x08C4, 0x08C4, 0x08C4, 0x08C4, \
        0x08C4, 0x08C4, 0x08C4, 0x08C4, 0x08C4, 0x08C4, 0x08C4, 0x10E4, 0x08C4, 0x08C4, 0x08C4, 0x08C4, \
        0x08C4, 0x08C4, 0x08C4, 0x08C4, 0x08E4, 0x08C4, 0x08C4, 0x08C4, 0x08C4, 0x08C4, 0x08C4, 0x08C4, \
        0x08C4, 0x08C4, 0x08C4, 0x08C4, 0x08C4, 0x08C4, 0x08C4, 0x08C4, 0x08C4, 0x08C4, 0x08C4, 0x10E4, \
        0x1105, 0x1105, 0x08C4, 0x08C4, 0x08C4, 0x08C4, 0x08C4, 0x08C4, 0x08C4, 0x08C4, 0x08C4, 0x08C4, \
        0x08C4, 0x08C4, 0x08C4, 0x08E4, 0x08E4, 0x08C4, 0x08C4, 0x08C4, 0x08C4, 0x08C4, 0x08C4, 0x08C4, \
        0x08C4, 0x08C4, 0x08C4, 0x08C4, 0x08C4, 0x08C4, 0x08C4, 0x08C4, 0x08C4, 0x08C4, 0x08C4, 0x08C4, \
        0x08C4, 0x08C4, 0x08C4, 0x08C4, 0x08C4, 0x08C4, 0x08C4, 0x08C4, 0x08C4, 0x08C4, 0x08C4, 0x08C4, \
        0x08C4, 0x08C4, 0x08C4, 0x08C4, 0x08C4, 0x08C4, 0x08C4, 0x08C4, 0x08C4, 0x08C4, 0x08C4, 0x08C4, \
        0x08C4, 0x08C4, 0x08C4, 0x08C4, 0x08C4, 0x08C4, 0x08C4, 0x08C4, 0x08C4, 0x08C4, 0x08C4, 0x08C4, \
        0x08C4, 0x08C4, 0x08C4, 0x08C4, 0x08E4, 0x08E4, 0x08C4, 0x08C4, 0x08C4, 0x08C4, 0x08C4, 0x08C4, \
        0x08C4, 0x08C4, 0x08C4, 0x08C4, 0x08C4, 0x08C4, 0x08C4, 0x08C4, 0x08C4, 0x08C4, 0x08C4, 0x08C4, \
        0x1105, 0x08C4, 0x08C4, 0x08C4, 0x08C4, 0x08C4, 0x08C4, 0x08C4, 0x08C4, 0x08C4, 0x08C4, 0x08C4, \
        0x08C4, 0x08C4, 0x08C4, 0x08C4, 0x08C4, 0x08C4, 0x08C4, 0x08C4, 0x08C4, 0x08C4, 0x08C4, 0x08C4, \
        0x08C4, 0x08C4, 0x08C4, 0x08C4, 0x08C4, 0x1105, 0x1966, 0x1966, 0x1966, 0x1966, 0x1966, 0x1966, \
        0x1966, 0x1966, 0x1966, 0x1966, 0x1966, 0x1966, 0x1966, 0x1966, 0x1966, 0x1966, 0x1966, 0x1966, \
        0x1966, 0x1966, 0x1966, 0x1966, 0x08E4, 0x08C4, 0x08C4, 0x08C4, 0x08C4, 0x08C4, 0x08C4, 0x08C4, \
        0x08C4, 0x08C4, 0x08C4, 0x08C4, 0x08C4, 0x08C4, 0x08C4, 0x08C4, 0x08C4, 0x08C4, 0x08C4, 0x08C4, \
        0x08C4, 0x08C4, 0x08C4, 0x08C4, 0x08C4, 0x08C4, 0x08C4, 0x08C4, 0x08C4, 0x08C4, 0x1146, 0x1966, \
        0x1966, 0x1966, 0x1966, 0x1966, 0x1966, 0x1966, 0x1966, 0x1966, 0x1966, 0x1966, 0x1966, 0x1966, \
        0x1966, 0x1966, 0x1966, 0x1966, 0x1966, 0x1966, 0x1966, 0x1966, 0x1966, 0x1125, 0x08C4, 0x08C4, \
        0x08C4, 0x08C4, 0x08C4, 0x08C4, 0x08C4, 0x08C4, 0x08C4, 0x08C4, 0x10E4, 0x1966, 0x1966, 0x1966, \
        0x1966, 0x1966, 0x1966, 0x1966, 0x1966, 0x1966, 0x1966, 0x1966, 0x1966, 0x1966, 0x1966, 0x1966, \
        0x1966, 0x1966, 0x1966, 0x1966, 0x1966, 0x1966, 0x1966, 0x1125, 0x08C4, 0x08C4, 0x08C4, 0x08C4, \
        0x08C4, 0x08C4, 0x08C4, 0x08C4, 0x08C4, 0x08C4, 0x08C4, 0x08C4, 0x08C4, 0x08C4, 0x08C4, 0x08C4, \
        0x10E4, 0x08E4, 0x08C4, 0x08C4, 0x08C4, 0x08C4, 0x08C4, 0x08C4, 0x08C4, 0x08C4, 0x08C4, 0x08C4, \
        0x08C4, 0x08C4, 0x08C4, 0x08C4, 0x08C4, 0x08C4, 0x08C4, 0x08C4, 0x08C4, 0x08C4, 0x08C4, 0x08C4, \
        0x08C4, 0x08C4, 0x08C4, 0x08C4, 0x08C4, 0x08C4, 0x08C4, 0x08C4, 0x08C4, 0x08C4, 0x08C4, 0x08C4, \
        0x08C4, 0x08C4, 0x08C4, 0x10E4, 0x08C4, 0x08C4, 0x08C4, 0x08C4, 0x08C4, 0x08C4, 0x08C4, 0x08E4, \
        0x08C4, 0x08C4, 0x08C4, 0x08C4, 0x08C4, 0x08C4, 0x08C4, 0x08C4, 0x08C4, 0x08C4, 0x08C4, 0x08C4, \
        0x08C4, 0x08C4, 0x08C4, 0x08C4, 0x08C4, 0x08E4, 0x1125, 0x08C4, 0x08C4, 0x08C4, 0x08C4, 0x08C4, \
        0x08C4, 0x08C4, 0x08C4, 0x08C4, 0x08C4, 0x08C4, 0x08C4, 0x08C4, 0x08C4, 0x08C4, 0x08C4, 0x08C4, \
        0x08C4, 0x08C4, 0x08C4, 0x08C4, 0x08C4, 0x08C4, 0x08C4, 0x08C4, 0x08C4, 0x08C4, 0x08C4, 0x08C4, \
        0x08C4, 0x08C4, 0x08C4, 0x08C4, 0x08C4, 0x08C4, 0x08C4, 0x08C4, 0x08C4, 0x08C4, 0x08C4, 0x08C4, \
        0x08C4, 0x08C4, 0x08C4, 0x08C4, 0x08C4, 0x08C4, 0x08C4, 0x08C4, 0x08C4, 0x08C4, 0x08C4, 0x08C4, \
        0x08C4, 0x08C4, 0x08C4, 0x08C4, 0x08C4, 0x08C4, 0x08C4, 0x08C4, 0x08C4, 0x08C4, 0x08C4, 0x08C4, \
        0x08C4, 0x08C4, 0x08C4, 0x08C4, 0x08C4, 0x08C4, 0x08C4, 0x08C4, 0x08C4, 0x08C4, 0x08C4, 0x08E4, \
        0x08E4, 0x08C4, 0x08C4, 0x08C4, 0x08C4, 0x08C4, 0x08C4, 0x08C4, 0x08C4, 0x08C4, 0x08C4, 0x08C4, \
        0x08C4, 0x08C4, 0x08C4, 0x08C4, 0x08C4, 0x08C4, 0x10C4, 0x1105, 0x08C4, 0x08C4, 0x08C4, 0x08C4, \
        0x08C4, 0x08C4, 0x08C4, 0x08C4, 0x08C4, 0x08C4, 0x08C4, 0x08C4, 0x08C4, 0x08C4, 0x08C4, 0x08C4, \
        0x08C4, 0x08C4, 0x08C4, 0x08C4, 0x08C4, 0x08C4, 0x08C4, 0x08C4, 0x08C4, 0x08C4, 0x08C4, 0x08C4, \
        0x10E4, 0x1966, 0x1966, 0x1966, 0x1966, 0x1966, 0x1966, 0x1966, 0x1966, 0x1966, 0x1966, 0x1966, \
        0x1966, 0x1966, 0x1966, 0x1966, 0x1966, 0x1966, 0x1966, 0x1966, 0x1966, 0x1966, 0x1966, 0x1104, \
        0x08C4, 0x08C4, 0x08C4, 0x08C4, 0x08C4, 0x08C4, 0x08C4, 0x08C4, 0x08C4, 0x08C4, 0x08C4, 0x08C4, \
        0x08C4, 0x08C4, 0x08C4, 0x08C4, 0x08C4, 0x08C4, 0x08C4, 0x08C4, 0x08C4, 0x08C4, 0x08C4, 0x08C4, \
        0x08C4, 0x08C4, 0x08C4, 0x08C4, 0x08C4, 0x1125, 0x1966, 0x1966, 0x1966, 0x1966, 0x1966, 0x1966, \
        0x1966, 0x1966, 0x1966, 0x1966, 0x1966, 0x1966, 0x1966, 0x1966, 0x1966, 0x1966, 0x1966, 0x1966, \
        0x1966, 0x1966, 0x1966, 0x1966, 0x1125, 0x10E4, 0x08C4, 0x08C4, 0x08C4, 0x08C4, 0x08C4, 0x08C4, \
        0x08C4, 0x08C4, 0x08C4, 0x08C4, 0x08C4, 0x1105, 0x1966, 0x1966, 0x1966, 0x1966, 0x1966, 0x1966, \
        0x1966, 0x1966, 0x1966, 0x1966, 0x1966, 0x1966, 0x1966, 0x1966, 0x1966, 0x1966, 0x1966, 0x1966, \
        0x1966, 0x1966, 0x1966, 0x1146, 0x1104, 0x08C4, 0x08C4, 0x08C4, 0x08C4, 0x08C4, 0x08C4, 0x08C4, \
        0x08C4, 0x08C4, 0x08C4, 0x08C4, 0x08C4, 0x08C4, 0x08C4, 0x08C4, 0x08C4, 0x08E4, 0x08C4, 0x08C4, \
        0x08C4, 0x08C4, 0x08C4, 0x08C4, 0x08C4, 0x08C4, 0x08C4, 0x08C4, 0x08C4, 0x08C4, 0x08C4, 0x08C4, \
        0x08C4, 0x08C4, 0x08C4, 0x08C4, 0x08C4, 0x08C4, 0x08C4, 0x08C4, 0x08C4, 0x08C4, 0x08C4, 0x08C4, \
        0x08C4, 0x08C4, 0x08C4, 0x08C4, 0x08C4, 0x08C4, 0x08C4, 0x08C4, 0x08C4, 0x08C4, 0x10E4, 0x08E4, \
        0x08C4, 0x08C4, 0x08C4, 0x08C4, 0x08C4, 0x08C4, 0x08C4, 0x10E4, 0x08C4, 0x08C4, 0x08C4, 0x08C4, \
        0x08C4, 0x08C4, 0x08C4, 0x08C4, 0x08C4, 0x08C4, 0x08C4, 0x08C4, 0x08C4, 0x08C4, 0x08C4, 0x08C4, \
        0x1105, 0x08C4, 0x08C4, 0x08C4, 0x08C4, 0x08C4, 0x08C4, 0x08C4, 0x08C4, 0x08C4, 0x08C4, 0x08C4, \
        0x08C4, 0x08C4, 0x08C4, 0x08C4, 0x08C4, 0x08C4, 0x08C4, 0x08C4, 0x08C4, 0x08C4, 0x08C4, 0x08C4, \
        0x08C4, 0x08C4, 0x08C4, 0x08C4, 0x08C4, 0x08C4, 0x08C4, 0x08C4, 0x08C4, 0x08C4, 0x08C4, 0x08C4, \
        0x08C4, 0x08C4, 0x08C4, 0x08C4, 0x08C4, 0x08C4, 0x08C4, 0x08C4, 0x08C4, 0x08C4, 0x08C4, 0x08C4, \
        0x08C4, 0x08C4, 0x08C4, 0x08C4, 0x08C4, 0x08C4, 0x08C4, 0x08C4, 0x08C4, 0x08C4, 0x08C4, 0x08C4, \
        0x08C4, 0x08C4, 0x08C4, 0x08C4, 0x08C4, 0x08C4, 0x08C4, 0x08C4, 0x08C4, 0x08C4, 0x08C4, 0x08C4, \
        0x08C4, 0x08C4, 0x08C4, 0x08C4, 0x08C4, 0x08C4, 0x08E4, 0x08E4, 0x08C4, 0x08C4, 0x08C4, 0x08C4, \
        0x08C4, 0x08C4, 0x08C4, 0x08C4, 0x08C4, 0x08C4, 0x08C4, 0x08C4, 0x08C4, 0x08C4, 0x08C4, 0x08C4, \
        0x08C4, 0x10E4, 0x10E4, 0x08C4, 0x08C4, 0x08C4, 0x08C4, 0x08C4, 0x08C4, 0x08C4, 0x08C4, 0x08C4, \
        0x08C4, 0x08C4, 0x08C4, 0x08C4, 0x08C4, 0x08C4, 0x08C4, 0x08C4, 0x08C4, 0x08C4, 0x08C4, 0x08C4, \
        0x08C4, 0x08C4, 0x08C4, 0x08C4, 0x08C4, 0x08C4, 0x08C4, 0x10E4, 0x1146, 0x1966, 0x1966, 0x1966, \
        0x1966, 0x1966, 0x1966, 0x1966, 0x1966, 0x1966, 0x1966, 0x1966, 0x1966, 0x1966, 0x1966, 0x1966, \
        0x1966, 0x1966, 0x1966, 0x1966, 0x1966, 0x1966, 0x1105, 0x08C4, 0x08C4, 0x08C4, 0x08C4, 0x08C4, \
        0x08C4, 0x08C4, 0x08C4, 0x08C4, 0x08C4, 0x08C4, 0x08C4, 0x08C4, 0x08C4, 0x08C4, 0x08C4, 0x08C4, \
        0x08C4, 0x08C4, 0x08C4, 0x08C4, 0x08C4, 0x08C4, 0x08C4, 0x08C4, 0x08C4, 0x08C4, 0x08C4, 0x08C4, \
        0x1105, 0x1966, 0x1966, 0x1966, 0x1966, 0x1966, 0x1966, 0x1966, 0x1966, 0x1966, 0x1966, 0x1966, \
        0x1966, 0x1966, 0x1966, 0x1966, 0x1966, 0x1966, 0x1966, 0x1966, 0x1966, 0x1966, 0x1966, 0x1145, \
        0x10E4, 0x08C4, 0x08C4, 0x08C4, 0x08C4, 0x08C4, 0x08C4, 0x08C4, 0x08C4, 0x08C4, 0x08C4, 0x08C4, \
        0x08C4, 0x10C4, 0x1125, 0x1966, 0x1966, 0x1966, 0x1966, 0x1966, 0x1966, 0x1966, 0x1966, 0x1966, \
        0x1966, 0x1966, 0x1966, 0x1966, 0x1966, 0x1966, 0x1966, 0x1966, 0x1966, 0x1966, 0x1966, 0x1966, \
        0x1146, 0x10E4, 0x08C4, 0x08C4, 0x08C4, 0x08C4, 0x08C4, 0x08C4, 0x08C4, 0x08C4, 0x08C4, 0x08C4, \
        0x08C4, 0x08C4, 0x08C4, 0x08C4, 0x08C4, 0x08E4, 0x08C4, 0x08C4, 0x08C4, 0x08C4, 0x08C4, 0x08C4, \
        0x08C4, 0x08C4, 0x08C4, 0x08C4, 0x08C4, 0x08C4, 0x08C4, 0x08C4, 0x08C4, 0x08C4, 0x08C4, 0x08C4, \
        0x08C4, 0x08C4, 0x08C4, 0x08C4, 0x08C4, 0x08C4, 0x08C4, 0x08C4, 0x08C4, 0x08C4, 0x08C4, 0x08C4, \
        0x08C4, 0x08C4, 0x08C4, 0x08C4, 0x08C4, 0x08C4, 0x10E4, 0x08E4, 0x08C4, 0x08C4, 0x08C4, 0x08C4, \
        0x08C4, 0x08C4, 0x10E4, 0x08C4, 0x08C4, 0x08C4, 0x08C4, 0x08C4, 0x08C4, 0x08C4, 0x08C4, 0x08C4, \
        0x08C4, 0x08C4, 0x08C4, 0x08C4, 0x08C4, 0x08C4, 0x10E4, 0x08E4, 0x08C4, 0x08C4, 0x08C4, 0x08C4, \
        0x08C4, 0x08C4, 0x08C4, 0x08C4, 0x08C4, 0x08C4, 0x08C4, 0x08C4, 0x08C4, 0x08C4, 0x08C4, 0x08C4, \
        0x08C4, 0x08C4, 0x08C4, 0x08C4, 0x08C4, 0x08C4, 0x08C4, 0x08C4, 0x10E4, 0x08C4, 0x08C4, 0x08C4, \
        0x08C4, 0x08C4, 0x08C4, 0x08C4, 0x08C4, 0x08C4, 0x08C4, 0x08C4, 0x08C4, 0x08C4, 0x08C4, 0x08C4, \
        0x08C4, 0x08C4, 0x08C4, 0x08C4, 0x08C4, 0x08C4, 0x08C4, 0x08C4, 0x08C4, 0x08C4, 0x08C4, 0x08C4, \
        0x08C4, 0x08C4, 0x08C4, 0x08C4, 0x08C4, 0x08C4, 0x08C4, 0x08C4, 0x08C4, 0x08C4, 0x08C4, 0x08C4, \
        0x08C4, 0x08C4, 0x08C4, 0x08C4, 0x08C4, 0x08C4, 0x08C4, 0x08C4, 0x08C4, 0x08C4, 0x08C4, 0x08C4, \
        0x08C4, 0x08C4, 0x10E4, 0x08C4, 0x08C4, 0x08C4, 0x08C4, 0x08C4, 0x08C4, 0x08C4, 0x08C4, 0x08C4, \
        0x08C4, 0x08C4, 0x08C4, 0x08C4, 0x08C4, 0x08C4, 0x08C4, 0x08C4, 0x08C4, 0x10E4, 0x08E4, 0x08C4, \
        0x08C4, 0x08C4, 0x08C4, 0x08C4, 0x08C4, 0x08C4, 0x08C4, 0x08C4, 0x08C4, 0x08C4, 0x08C4, 0x08C4, \
        0x08C4, 0x08C4, 0x08C4, 0x08C4, 0x08C4, 0x08C4, 0x08C4, 0x08C4, 0x08C4, 0x08C4, 0x08C4, 0x08C4, \
        0x08C4, 0x08C4, 0x08C4, 0x1125, 0x1966, 0x1966, 0x1966, 0x1966, 0x1966, 0x1966, 0x1966, 0x1966, \
        0x1966, 0x1966, 0x1966, 0x1966, 0x1966, 0x1966, 0x1966, 0x1966, 0x1966, 0x1966, 0x1966, 0x1966, \
        0x1966, 0x1125, 0x08E4, 0x08C4, 0x08C4, 0x08C4, 0x08C4, 0x08C4, 0x08C4, 0x08C4, 0x08C4, 0x08C4, \
        0x08C4, 0x08C4, 0x08C4, 0x08C4, 0x08C4, 0x08C4, 0x08C4, 0x08C4, 0x08C4, 0x08C4, 0x08C4, 0x08C4, \
        0x08C4, 0x08C4, 0x08C4, 0x08C4, 0x08C4, 0x08C4, 0x08C4, 0x1104, 0x1946, 0x1966, 0x1966, 0x1966, \
        0x1966, 0x1966, 0x1966, 0x1966, 0x1966, 0x1966, 0x1966, 0x1966, 0x1966, 0x1966, 0x1966, 0x1966, \
        0x1966, 0x1966, 0x1966, 0x1966, 0x1966, 0x1966, 0x1946, 0x10E4, 0x08C4, 0x08C4, 0x08C4, 0x08C4, \
        0x08C4, 0x08C4, 0x08C4, 0x08C4, 0x08C4, 0x08C4, 0x08C4, 0x08C4, 0x08C4, 0x08C4, 0x10E4, 0x1145, \
        0x1966, 0x1966, 0x1966, 0x1966, 0x1966, 0x1966, 0x1966, 0x1966, 0x1966, 0x1966, 0x1966, 0x1966, \
        0x1966, 0x1966, 0x1966, 0x1966, 0x1966, 0x1966, 0x1966, 0x1966, 0x1966, 0x1125, 0x08C4, 0x08C4, \
        0x08C4, 0x08C4, 0x08C4, 0x08C4, 0x08C4, 0x08C4, 0x08C4, 0x08C4, 0x08C4, 0x08C4, 0x08C4, 0x08C4, \
        0x08C4, 0x10E4, 0x08C4, 0x08C4, 0x08C4, 0x08C4, 0x08C4, 0x08C4, 0x08C4, 0x08C4, 0x08C4, 0x08C4, \
        0x08C4, 0x08C4, 0x08C4, 0x08C4, 0x08C4, 0x08C4, 0x08C4, 0x08C4, 0x08C4, 0x08C4, 0x08C4, 0x08C4, \
        0x08C4, 0x08C4, 0x08C4, 0x08C4, 0x08C4, 0x08C4, 0x08C4, 0x08C4, 0x08C4, 0x08C4, 0x08C4, 0x08C4, \
        0x08C4, 0x08E4, 0x08E4, 0x08C4, 0x08C4, 0x08C4, 0x08C4, 0x08C4, 0x08C4, 0x08C4, 0x08E4, 0x08C4, \
        0x08C4, 0x08C4, 0x08C4, 0x08C4, 0x08C4, 0x08C4, 0x08C4, 0x08C4, 0x08C4, 0x08C4, 0x08C4, 0x08C4, \
        0x08E4, 0x08E4, 0x08C4, 0x08C4, 0x08C4, 0x08C4, 0x08C4, 0x08C4, 0x08C4, 0x08C4, 0x08C4, 0x08C4, \
        0x08C4, 0x08C4, 0x08C4, 0x08C4, 0x08C4, 0x08C4, 0x08C4, 0x08C4, 0x08C4, 0x08C4, 0x08C4, 0x08C4, \
        0x08C4, 0x08C4, 0x08C4, 0x08C4, 0x08E4, 0x08E4, 0x08C4, 0x08C4, 0x08C4, 0x08C4, 0x08C4, 0x08C4, \
        0x08C4, 0x08C4, 0x08C4, 0x08C4, 0x08C4, 0x08C4, 0x08C4, 0x08C4, 0x08C4, 0x08C4, 0x08C4, 0x08C4, \
        0x08C4, 0x08C4, 0x08C4, 0x08C4, 0x08C4, 0x08C4, 0x08C4, 0x08C4, 0x08C4, 0x08C4, 0x08C4, 0x08C4, \
        0x08C4, 0x08C4, 0x08C4, 0x08C4, 0x08C4, 0x08C4, 0x08C4, 0x08C4, 0x08C4, 0x08C4, 0x08C4, 0x08C4, \
        0x08C4, 0x08C4, 0x08C4, 0x08C4, 0x08C4, 0x08C4, 0x08C4, 0x08C4, 0x08C4, 0x10E4, 0x08E4, 0x08C4, \
        0x08C4, 0x08C4, 0x08C4, 0x08C4, 0x08C4, 0x08C4, 0x08C4, 0x08C4, 0x08C4, 0x08C4, 0x08C4, 0x08C4, \
        0x08C4, 0x08C4, 0x08C4, 0x08C4, 0x10E4, 0x08E4, 0x08C4, 0x08C4, 0x08C4, 0x08C4, 0x08C4, 0x08C4, \
        0x08C4, 0x08C4, 0x08C4, 0x08C4, 0x08C4, 0x08C4, 0x08C4, 0x08C4, 0x08C4, 0x08C4, 0x08C4, 0x08C4, \
        0x08C4, 0x08C4, 0x08C4, 0x08C4, 0x08C4, 0x08C4, 0x08C4, 0x08C4, 0x08C4, 0x08C4, 0x1105, 0x1966, \
        0x1966, 0x1966, 0x1966, 0x1966, 0x1966, 0x1966, 0x1966, 0x1966, 0x1966, 0x1966, 0x1966, 0x1966, \
        0x1966, 0x1966, 0x1966, 0x1966, 0x1966, 0x1966, 0x1966, 0x1966, 0x1145, 0x10E4, 0x08C4, 0x08C4, \
        0x08C4, 0x08C4, 0x08C4, 0x08C4, 0x08C4, 0x08C4, 0x08C4, 0x08C4, 0x08C4, 0x08C4, 0x08C4, 0x08C4, \
        0x08C4, 0x08C4, 0x08C4, 0x08C4, 0x08C4, 0x08C4, 0x08C4, 0x08C4, 0x08C4, 0x08C4, 0x08C4, 0x08C4, \
        0x08C4, 0x08C4, 0x10E4, 0x1145, 0x1966, 0x1966, 0x1966, 0x1966, 0x1966, 0x1966, 0x1966, 0x1966, \
        0x1966, 0x1966, 0x1966, 0x1966, 0x1966, 0x1966, 0x1966, 0x1966, 0x1966, 0x1966, 0x1966, 0x1966, \
        0x1966, 0x1966, 0x1105, 0x08C4, 0x08C4, 0x08C4, 0x08C4, 0x08C4, 0x08C4, 0x08C4, 0x08C4, 0x08C4, \
        0x08C4, 0x08C4, 0x08C4, 0x08C4, 0x08C4, 0x08C4, 0x08C4, 0x10E4, 0x1946, 0x1966, 0x1966, 0x1966, \
        0x1966, 0x1966, 0x1966, 0x1966, 0x1966, 0x1966, 0x1966, 0x1966, 0x1966, 0x1966, 0x1966, 0x1966, \
        0x1966, 0x1966, 0x1966, 0x1966, 0x1966, 0x1966, 0x1105, 0x08C4, 0x08C4, 0x08C4, 0x08C4, 0x08C4, \
        0x08C4, 0x08C4, 0x08C4, 0x08C4, 0x08C4, 0x08C4, 0x08C4, 0x08C4, 0x08C4, 0x08E4, 0x10E4, 0x08C4, \
        0x08C4, 0x08C4, 0x08C4, 0x08C4, 0x08C4, 0x08C4, 0x08C4, 0x08C4, 0x08C4, 0x08C4, 0x08C4, 0x08C4, \
        0x08C4, 0x08C4, 0x08C4, 0x08C4, 0x08C4, 0x08C4, 0x08C4, 0x08C4, 0x08C4, 0x08C4, 0x08C4, 0x08C4, \
        0x08C4, 0x08C4, 0x08C4, 0x08C4, 0x08C4, 0x08C4, 0x08C4, 0x08C4, 0x08C4, 0x10E4, 0x08E4, 0x08C4, \
        0x08C4, 0x08C4, 0x08C4, 0x08C4, 0x08C4, 0x08E4, 0x08E4, 0x08C4, 0x08C4, 0x08C4, 0x08C4, 0x08C4, \
        0x08C4, 0x08C4, 0x08C4, 0x08C4, 0x08C4, 0x08C4, 0x08C4, 0x08E4, 0x08E4, 0x08C4, 0x08C4, 0x08C4, \
        0x08C4, 0x08C4, 0x08C4, 0x08C4, 0x08C4, 0x08C4, 0x08C4, 0x08C4, 0x08C4, 0x08C4, 0x08C4, 0x08C4, \
        0x08C4, 0x08C4, 0x08C4, 0x08C4, 0x08C4, 0x08C4, 0x08C4, 0x08C4, 0x08C4, 0x08C4, 0x08C4, 0x08C4, \
        0x08C4, 0x08E4, 0x08E4, 0x08C4, 0x08C4, 0x08C4, 0x08C4, 0x08C4, 0x08C4, 0x08C4, 0x08C4, 0x08C4, \
        0x08C4, 0x08C4, 0x08C4, 0x08C4, 0x08C4, 0x08C4, 0x08C4, 0x08C4, 0x08C4, 0x08C4, 0x08C4, 0x08C4, \
        0x08C4, 0x08C4, 0x08C4, 0x08C4, 0x08C4, 0x08C4, 0x08C4, 0x08C4, 0x08C4, 0x08C4, 0x08C4, 0x08C4, \
        0x08C4, 0x08C4, 0x08C4, 0x08C4, 0x08C4, 0x08C4, 0x08C4, 0x08C4, 0x08C4, 0x08C4, 0x08C4, 0x08C4, \
        0x08C4, 0x08C4, 0x08C4, 0x08C4, 0x1105, 0x08E4, 0x08C4, 0x08C4, 0x08C4, 0x08C4, 0x08C4, 0x08C4, \
        0x08C4, 0x08C4, 0x08C4, 0x08C4, 0x08C4, 0x08C4, 0x08C4, 0x08C4, 0x08C4, 0x08C4, 0x08C4, 0x08E4, \
        0x08E4, 0x08C4, 0x08C4, 0x08C4, 0x08C4, 0x08C4, 0x08C4, 0x08C4, 0x08C4, 0x08C4, 0x08C4, 0x08C4, \
        0x08C4, 0x08C4, 0x08C4, 0x08C4, 0x08C4, 0x08C4, 0x08C4, 0x08C4, 0x08C4, 0x08C4, 0x08C4, 0x08C4, \
        0x08C4, 0x08C4, 0x08C4, 0x08C4, 0x08C4, 0x1104, 0x1966, 0x1966, 0x1966, 0x1966, 0x1966, 0x1966, \
        0x1966, 0x1966, 0x1966, 0x1966, 0x1966, 0x1966, 0x1966, 0x1966, 0x1966, 0x1966, 0x1966, 0x1966, \
        0x1966, 0x1966, 0x1966, 0x1146, 0x10E4, 0x08C4, 0x08C4, 0x08C4, 0x08C4, 0x08C4, 0x08C4, 0x08C4, \
        0x08C4, 0x08C4, 0x08C4, 0x08C4, 0x08C4, 0x08C4, 0x08C4, 0x08C4, 0x08C4, 0x08C4, 0x08C4, 0x08C4, \
        0x08C4, 0x08C4, 0x08C4, 0x08C4, 0x08C4, 0x08C4, 0x08C4, 0x08C4, 0x08C4, 0x10E4, 0x1125, 0x1966, \
        0x1966, 0x1966, 0x1966, 0x1966, 0x1966, 0x1966, 0x1966, 0x1966, 0x1966, 0x1966, 0x1966, 0x1966, \
        0x1966, 0x1966, 0x1966, 0x1966, 0x1966, 0x1966, 0x1966, 0x1966, 0x1966, 0x1125, 0x08C4, 0x08C4, \
        0x08C4, 0x08C4, 0x08C4, 0x08C4, 0x08C4, 0x08C4, 0x08C4, 0x08C4, 0x08C4, 0x08C4, 0x08C4, 0x08C4, \
        0x08C4, 0x08C4, 0x08C4, 0x08C4, 0x1104, 0x1966, 0x1966, 0x1966, 0x1966, 0x1966, 0x1966, 0x1966, \
        0x1966, 0x1966, 0x1966, 0x1966, 0x1966, 0x1966, 0x1966, 0x1966, 0x1966, 0x1966, 0x1966, 0x1966, \
        0x1966, 0x1966, 0x1946, 0x10E4, 0x08C4, 0x08C4, 0x08C4, 0x08C4, 0x08C4, 0x08C4, 0x08C4, 0x08C4, \
        0x08C4, 0x08C4, 0x08C4, 0x08C4, 0x08C4, 0x08C4, 0x10E4, 0x08C4, 0x08C4, 0x08C4, 0x08C4, 0x08C4, \
        0x08C4, 0x08C4, 0x08C4, 0x08C4, 0x08C4, 0x08C4, 0x08C4, 0x08C4, 0x08C4, 0x08C4, 0x08C4, 0x08C4, \
        0x08C4, 0x08C4, 0x08C4, 0x08C4, 0x08C4, 0x08C4, 0x08C4, 0x08C4, 0x08C4, 0x08C4, 0x08C4, 0x08C4, \
        0x08C4, 0x08C4, 0x08C4, 0x08C4, 0x08E4, 0x10E4, 0x08C4, 0x08C4, 0x08C4, 0x08C4, 0x08C4, 0x08C4, \
        0x08C4, 0x08E4, 0x08C4, 0x08C4, 0x08C4, 0x08C4, 0x08C4, 0x08C4, 0x08C4, 0x08C4, 0x08C4, 0x08C4, \
        0x08C4, 0x08C4, 0x08E4, 0x10E4, 0x08C4, 0x08C4, 0x08C4, 0x08C4, 0x08C4, 0x08C4, 0x08C4, 0x08C4, \
        0x08C4, 0x08C4, 0x08C4, 0x08C4, 0x08C4, 0x08C4, 0x08C4, 0x08C4, 0x08C4, 0x08C4, 0x08C4, 0x08C4, \
        0x08C4, 0x08C4, 0x08C4, 0x08C4, 0x08C4, 0x08C4, 0x08C4, 0x08C4, 0x08C4, 0x08C4, 0x08C4, 0x08E4, \
        0x08E4, 0x08C4, 0x08C4, 0x08C4, 0x08C4, 0x08C4, 0x08C4, 0x08C4, 0x08C4, 0x08C4, 0x08C4, 0x08C4, \
        0x08C4, 0x08C4, 0x08C4, 0x08C4, 0x08C4, 0x08C4, 0x08C4, 0x08C4, 0x08C4, 0x08C4, 0x08C4, 0x08C4, \
        0x08C4, 0x08C4, 0x08C4, 0x08C4, 0x08C4, 0x08C4, 0x08C4, 0x08C4, 0x08C4, 0x08C4, 0x08C4, 0x08C4, \
        0x08C4, 0x08C4, 0x08C4, 0x08C4, 0x08C4, 0x08C4, 0x08C4, 0x08C4, 0x08C4, 0x08C4, 0x08C4, 0x1105, \
        0x08E4, 0x08C4, 0x08C4, 0x08C4, 0x08C4, 0x08C4, 0x08C4, 0x08C4, 0x08C4, 0x08C4, 0x08C4, 0x08C4, \
        0x08C4, 0x08C4, 0x08C4, 0x08C4, 0x08C4, 0x08C4, 0x08C4, 0x10E4, 0x08C4, 0x08C4, 0x08C4, 0x08C4, \
        0x08C4, 0x08C4, 0x08C4, 0x08C4, 0x08C4, 0x08C4, 0x08C4, 0x08C4, 0x08C4, 0x08C4, 0x08C4, 0x08C4, \
        0x08C4, 0x08C4, 0x08C4, 0x08C4, 0x08C4, 0x08C4, 0x08C4, 0x08C4, 0x08C4, 0x08C4, 0x08C4, 0x08C4, \
        0x10E4, 0x1146, 0x1966, 0x1966, 0x1966, 0x1966, 0x1966, 0x1966, 0x1966, 0x1966, 0x1966, 0x1966, \
        0x1966, 0x1966, 0x1966, 0x1966, 0x1986, 0x1966, 0x1966, 0x1966, 0x1966, 0x1966, 0x1966, 0x1105, \
        0x08C4, 0x08C4, 0x08C4, 0x08C4, 0x08C4, 0x08C4, 0x08C4, 0x08C4, 0x08C4, 0x08C4, 0x08C4, 0x08C4, \
        0x08C4, 0x08C4, 0x08C4, 0x08C4, 0x08C4, 0x08C4, 0x08C4, 0x08C4, 0x08C4, 0x08C4, 0x08C4, 0x08C4, \
        0x08C4, 0x08C4, 0x08C4, 0x08C4, 0x08C4, 0x1105, 0x1966, 0x1966, 0x1966, 0x1966, 0x1966, 0x1966, \
        0x1966, 0x1966, 0x1966, 0x1966, 0x1966, 0x1966, 0x1966, 0x1966, 0x1966, 0x1966, 0x1966, 0x1966, \
        0x1966, 0x1966, 0x1966, 0x1966, 0x1125, 0x08C4, 0x08C4, 0x08C4, 0x08C4, 0x08C4, 0x08C4, 0x08C4, \
        0x08C4, 0x08C4, 0x08C4, 0x08C4, 0x08C4, 0x08C4, 0x08C4, 0x08C4, 0x08C4, 0x08C4, 0x08C4, 0x08C4, \
        0x08C4, 0x1105, 0x1966, 0x1966, 0x1966, 0x1966, 0x1966, 0x1966, 0x1966, 0x1966, 0x1966, 0x1966, \
        0x1966, 0x1966, 0x1966, 0x1966, 0x1966, 0x1966, 0x1966, 0x1966, 0x1966, 0x1966, 0x1966, 0x1146, \
        0x08C4, 0x08C4, 0x08C4, 0x08C4, 0x08C4, 0x08C4, 0x08C4, 0x08C4, 0x08C4, 0x08C4, 0x08C4, 0x08C4, \
        0x08C4, 0x08C4, 0x08C4, 0x10E4, 0x08C4, 0x08C4, 0x08C4, 0x08C4, 0x08C4, 0x08C4, 0x08C4, 0x08C4, \
        0x08C4, 0x08C4, 0x08C4, 0x08C4, 0x08C4, 0x08C4, 0x08C4, 0x08C4, 0x08C4, 0x08C4, 0x08C4, 0x08C4, \
        0x08C4, 0x08C4, 0x08C4, 0x08C4, 0x08C4, 0x08C4, 0x08C4, 0x08C4, 0x08C4, 0x08C4, 0x08C4, 0x08C4, \
        0x1105, 0x08C4, 0x08C4, 0x08C4, 0x08C4, 0x08C4, 0x08C4, 0x08C4, 0x08E4, 0x08C4, 0x08C4, 0x08C4, \
        0x08C4, 0x08C4, 0x08C4, 0x08C4, 0x08C4, 0x08C4, 0x08C4, 0x08C4, 0x08C4, 0x08C4, 0x1105, 0x08C4, \
        0x08C4, 0x08C4, 0x08C4, 0x08C4, 0x08C4, 0x08C4, 0x08C4, 0x08C4, 0x08C4, 0x08C4, 0x08C4, 0x08C4, \
        0x08C4, 0x08C4, 0x08C4, 0x08C4, 0x08C4, 0x08E4, 0x10E5, 0x1105, 0x1105, 0x1105, 0x1105, 0x1105, \
        0x1105, 0x1105, 0x1105, 0x08E4, 0x08C4, 0x08C4, 0x08C4, 0x08E4, 0x10E4, 0x08C4, 0x08C4, 0x08C4, \
        0x08C4, 0x08C4, 0x08C4, 0x08C4, 0x08C4, 0x08C4, 0x08C4, 0x08C4, 0x08C4, 0x08C4, 0x08C4, 0x08C4, \
        0x08C4, 0x08C4, 0x08C4, 0x08C4, 0x08C4, 0x08C4, 0x08C4, 0x08C4, 0x08C4, 0x08C4, 0x08C4, 0x08C4, \
        0x08C4, 0x08C4, 0x08C4, 0x08C4, 0x08C4, 0x08C4, 0x08C4, 0x08C4, 0x08C4, 0x08C4, 0x08C4, 0x08C4, \
        0x08C4, 0x08C4, 0x08C4, 0x08C4, 0x08C4, 0x08C4, 0x10E4, 0x08E4, 0x08C4, 0x08C4, 0x08C4, 0x08C4, \
        0x08C4, 0x08C4, 0x08C4, 0x08C4, 0x08C4, 0x08C4, 0x08C4, 0x08C4, 0x08C4, 0x08C4, 0x08C4, 0x08C4, \
        0x08C4, 0x08C4, 0x10E4, 0x08E4, 0x08C4, 0x08C4, 0x08C4, 0x08C4, 0x08C4, 0x08C4, 0x08C4, 0x08C4, \
        0x08C4, 0x08C4, 0x08C4, 0x08C4, 0x08C4, 0x08C4, 0x08C4, 0x08C4, 0x08C4, 0x08C4, 0x08C4, 0x08C4, \
        0x08C4, 0x08C4, 0x08C4, 0x08C4, 0x08C4, 0x08C4, 0x08C4, 0x08C4, 0x1125, 0x1966, 0x1966, 0x1966, \
        0x1966, 0x1966, 0x1966, 0x1966, 0x1966, 0x1966, 0x1966, 0x1966, 0x1966, 0x1966, 0x1966, 0x1966, \
        0x1966, 0x1966, 0x1966, 0x1966, 0x1966, 0x1986, 0x1125, 0x08C4, 0x08C4, 0x08C4, 0x08C4, 0x08C4, \
        0x08C4, 0x08C4, 0x08C4, 0x08C4, 0x08C4, 0x08C4, 0x08C4, 0x08C4, 0x08C4, 0x08C4, 0x08C4, 0x08C4, \
        0x08C4, 0x08C4, 0x08C4, 0x08C4, 0x08C4, 0x08C4, 0x08C4, 0x08C4, 0x08C4, 0x08C4, 0x08C4, 0x08C4, \
        0x10E4, 0x1966, 0x1966, 0x1966, 0x1966, 0x1966, 0x1966, 0x1966, 0x1966, 0x1966, 0x1966, 0x1966, \
        0x1966, 0x1966, 0x1966, 0x1966, 0x1966, 0x1966, 0x1966, 0x1966, 0x1966, 0x1966, 0x1966, 0x1146, \
        0x08C4, 0x08C4, 0x08C4, 0x08C4, 0x08C4, 0x08C4, 0x08C4, 0x08C4, 0x08C4, 0x08C4, 0x08C4, 0x08C4, \
        0x08C4, 0x08C4, 0x08C4, 0x08C4, 0x08C4, 0x08C4, 0x08C4, 0x08C4, 0x08C4, 0x08C4, 0x1125, 0x1966, \
        0x1966, 0x1966, 0x1966, 0x1966, 0x1966, 0x1966, 0x1966, 0x1966, 0x1966, 0x1966, 0x1966, 0x1966, \
        0x1966, 0x1966, 0x1966, 0x1966, 0x1966, 0x1966, 0x1966, 0x1966, 0x1125, 0x08C4, 0x08C4, 0x08C4, \
        0x08C4, 0x08C4, 0x08C4, 0x08C4, 0x08C4, 0x08C4, 0x08C4, 0x08C4, 0x08C4, 0x08C4, 0x08C4, 0x08E4, \
        0x10E4, 0x08C4, 0x08C4, 0x08C4, 0x08C4, 0x08C4, 0x08C4, 0x08C4, 0x08C4, 0x08C4, 0x08C4, 0x08C4, \
        0x08C4, 0x08C4, 0x08C4, 0x08C4, 0x08C4, 0x08C4, 0x08C4, 0x08C4, 0x08C4, 0x08C4, 0x08C4, 0x08C4, \
        0x08C4, 0x08C4, 0x08C4, 0x08C4, 0x08C4, 0x08C4, 0x08C4, 0x1105, 0x08C4, 0x08C4, 0x08C4, 0x08C4, \
        0x08C4, 0x08C4, 0x08C4, 0x08C4, 0x08E4, 0x08C4, 0x08C4, 0x08C4, 0x08C4, 0x08C4, 0x08C4, 0x08C4, \
        0x08C4, 0x08C4, 0x08C4, 0x08C4, 0x08C4, 0x1105, 0x08C4, 0x08C4, 0x08C4, 0x08C4, 0x08C4, 0x08C4, \
        0x08C4, 0x08C4, 0x08C4, 0x08C4, 0x08C4, 0x08C4, 0x08C4, 0x08C4, 0x08C4, 0x08C4, 0x08E4, 0x1105, \
        0x08E4, 0x08C4, 0x08C4, 0x08C4, 0x08C4, 0x08C4, 0x08C4, 0x08C4, 0x08C4, 0x08C4, 0x08C4, 0x08C4, \
        0x08C4, 0x08C4, 0x08C4, 0x08C4, 0x08E4, 0x1104, 0x08E4, 0x08C4, 0x08C4, 0x08C4, 0x08C4, 0x08C4, \
        0x08C4, 0x08C4, 0x08C4, 0x08C4, 0x08C4, 0x08C4, 0x08C4, 0x08C4, 0x08C4, 0x08C4, 0x08C4, 0x08C4, \
        0x08C4, 0x08C4, 0x08C4, 0x08C4, 0x08C4, 0x08C4, 0x08C4, 0x08C4, 0x08C4, 0x08C4, 0x08C4, 0x08C4, \
        0x08C4, 0x08C4, 0x08C4, 0x08C4, 0x08C4, 0x08C4, 0x08C4, 0x08C4, 0x08C4, 0x08C4, 0x08C4, 0x08C4, \
        0x08C4, 0x10E4, 0x10E4, 0x08C4, 0x08C4, 0x08C4, 0x08C4, 0x08C4, 0x08C4, 0x08C4, 0x08C4, 0x08C4, \
        0x08C4, 0x08C4, 0x08C4, 0x08C4, 0x08C4, 0x08C4, 0x08C4, 0x08C4, 0x08C4, 0x08C4, 0x08E4, 0x08C4, \
        0x08C4, 0x08C4, 0x08C4, 0x08C4, 0x08C4, 0x08C4, 0x08C4, 0x08C4, 0x08C4, 0x08C4, 0x08C4, 0x08C4, \
        0x08C4, 0x08C4, 0x08C4, 0x08C4, 0x08C4, 0x08C4, 0x08C4, 0x08C4, 0x08C4, 0x08C4, 0x08C4, 0x08C4, \
        0x08C4, 0x08C4, 0x08C4, 0x1105, 0x1966, 0x1966, 0x1966, 0x1966, 0x1966, 0x1966, 0x1966, 0x1966, \
        0x1966, 0x1966, 0x1966, 0x1966, 0x1966, 0x1966, 0x1966, 0x1966, 0x1966, 0x1966, 0x1966, 0x1966, \
        0x1986, 0x1146, 0x08C4, 0x08C4, 0x08C4, 0x08C4, 0x08C4, 0x08C4, 0x08C4, 0x08C4, 0x08C4, 0x08C4, \
        0x08C4, 0x08C4, 0x08C4, 0x08C4, 0x08C4, 0x08C4, 0x08C4, 0x08C4, 0x08C4, 0x08C4, 0x08C4, 0x08C4, \
        0x08C4, 0x08C4, 0x08C4, 0x08C4, 0x08C4, 0x08C4, 0x08C4, 0x10E4, 0x1966, 0x1966, 0x1966, 0x1966, \
        0x1966, 0x1966, 0x1966, 0x1966, 0x1966, 0x1966, 0x1966, 0x1966, 0x1966, 0x1966, 0x1966, 0x1966, \
        0x1966, 0x1966, 0x1966, 0x1966, 0x1966, 0x1966, 0x1966, 0x08C4, 0x08C4, 0x08C4, 0x08C4, 0x08C4, \
        0x08C4, 0x08C4, 0x08C4, 0x08C4, 0x08C4, 0x08C4, 0x08C4, 0x08C4, 0x08C4, 0x08C4, 0x08C4, 0x08C4, \
        0x08C4, 0x08C4, 0x08C4, 0x08C4, 0x08C4, 0x08C4, 0x08C4, 0x1145, 0x1966, 0x1966, 0x1966, 0x1966, \
        0x1966, 0x1966, 0x1966, 0x1966, 0x1966, 0x1966, 0x1966, 0x1966, 0x1966, 0x1966, 0x1966, 0x1966, \
        0x1966, 0x1966, 0x1966, 0x1966, 0x1966, 0x1105, 0x08C4, 0x08C4, 0x08C4, 0x08C4, 0x08C4, 0x08C4, \
        0x08C4, 0x08C4, 0x08C4, 0x08C4, 0x08C4, 0x08C4, 0x08C4, 0x08C4, 0x10E4, 0x10C4, 0x08C4, 0x08C4, \
        0x08C4, 0x08C4, 0x08C4, 0x08C4, 0x08C4, 0x08C4, 0x08C4, 0x08C4, 0x08C4, 0x08C4, 0x08C4, 0x08C4, \
        0x08C4, 0x08C4, 0x08C4, 0x08C4, 0x08C4, 0x08C4, 0x08C4, 0x08C4, 0x08C4, 0x08C4, 0x08C4, 0x08C4, \
        0x08C4, 0x08C4, 0x1105, 0x08C4, 0x08C4, 0x08C4, 0x08C4, 0x08C4, 0x08C4, 0x08C4, 0x08C4, 0x08E4, \
        0x08C4, 0x08C4, 0x08C4, 0x08C4, 0x08C4, 0x08C4, 0x08C4, 0x08C4, 0x08C4, 0x08C4, 0x08C4, 0x08C4, \
        0x10E5, 0x08C4, 0x08C4, 0x08C4, 0x08C4, 0x08C4, 0x08C4, 0x08C4, 0x08C4, 0x08C4, 0x08C4, 0x08C4, \
        0x08C4, 0x08C4, 0x08C4, 0x08C4, 0x1105, 0x08E4, 0x08C4, 0x08C4, 0x08C4, 0x08C4, 0x08C4, 0x08C4, \
        0x08C4, 0x08C4, 0x08C4, 0x08C4, 0x08C4, 0x08C4, 0x08C4, 0x08C4, 0x08C4, 0x08C4, 0x08C4, 0x08C4, \
        0x08C4, 0x08C4, 0x1105, 0x08E4, 0x08C4, 0x08C4, 0x08C4, 0x08C4, 0x08C4, 0x08C4, 0x08C4, 0x08C4, \
        0x08C4, 0x08C4, 0x08C4, 0x08C4, 0x08C4, 0x08C4, 0x08C4, 0x08C4, 0x08C4, 0x08C4, 0x08C4, 0x08C4, \
        0x08C4, 0x08C4, 0x08C4, 0x08C4, 0x08C4, 0x08C4, 0x08C4, 0x08C4, 0x08C4, 0x08C4, 0x08C4, 0x08C4, \
        0x08C4, 0x08C4, 0x08C4, 0x08C4, 0x08C4, 0x08C4, 0x08C4, 0x08C4, 0x08C4, 0x10E4, 0x08E4, 0x08C4, \
        0x08C4, 0x08C4, 0x08C4, 0x08C4, 0x08C4, 0x08C4, 0x08C4, 0x08C4, 0x08C4, 0x08C4, 0x08C4, 0x08C4, \
        0x08C4, 0x08C4, 0x08C4, 0x08C4, 0x08C4, 0x10E5, 0x08C4, 0x08C4, 0x08C4, 0x08C4, 0x08C4, 0x08C4, \
        0x08C4, 0x08C4, 0x08C4, 0x08C4, 0x08C4, 0x08C4, 0x08C4, 0x08C4, 0x08C4, 0x08C4, 0x08C4, 0x08C4, \
        0x08C4, 0x08C4, 0x08C4, 0x08C4, 0x08C4, 0x08C4, 0x08C4, 0x08C4, 0x08C4, 0x08C4, 0x1105, 0x1966, \
        0x1966, 0x1966, 0x1966, 0x1966, 0x1966, 0x1966, 0x1966, 0x1966, 0x1966, 0x1966, 0x1966, 0x1966, \
        0x1966, 0x1966, 0x1966, 0x1966, 0x1966, 0x1966, 0x1966, 0x1966, 0x1146, 0x08C4, 0x08C4, 0x08C4, \
        0x08C4, 0x08C4, 0x08C4, 0x08C4, 0x08C4, 0x08C4, 0x08C4, 0x08C4, 0x08C4, 0x08C4, 0x08C4, 0x08C4, \
        0x08C4, 0x08C4, 0x08C4, 0x08C4, 0x08C4, 0x08C4, 0x08C4, 0x08C4, 0x08C4, 0x08C4, 0x08C4, 0x08C4, \
        0x08C4, 0x08C4, 0x10E4, 0x1146, 0x1966, 0x1966, 0x1966, 0x1966, 0x1966, 0x1966, 0x1966, 0x1966, \
        0x1966, 0x1966, 0x1966, 0x1966, 0x1966, 0x1966, 0x1966, 0x1966, 0x1966, 0x1966, 0x1966, 0x1966, \
        0x1966, 0x1966, 0x10E4, 0x08C4, 0x08C4, 0x08C4, 0x08C4, 0x08C4, 0x08C4, 0x08C4, 0x08C4, 0x08C4, \
        0x08C4, 0x08C4, 0x08C4, 0x08C4, 0x08C4, 0x08C4, 0x08C4, 0x08C4, 0x08C4, 0x08C4, 0x08C4, 0x08C4, \
        0x08C4, 0x08C4, 0x08C4, 0x10E4, 0x1146, 0x1966, 0x1966, 0x1966, 0x1966, 0x1966, 0x1966, 0x1966, \
        0x1966, 0x1966, 0x1966, 0x1966, 0x1966, 0x1966, 0x1966, 0x1966, 0x1966, 0x1966, 0x1966, 0x1966, \
        0x1966, 0x1966, 0x10E4, 0x08C4, 0x08C4, 0x08C4, 0x08C4, 0x08C4, 0x08C4, 0x08C4, 0x08C4, 0x08C4, \
        0x08C4, 0x08C4, 0x08C4, 0x08C4, 0x08C4, 0x10E4, 0x08E4, 0x08C4, 0x08C4, 0x08C4, 0x08C4, 0x08C4, \
        0x08C4, 0x08C4, 0x08C4, 0x08C4, 0x08C4, 0x08C4, 0x08C4, 0x08C4, 0x08C4, 0x08C4, 0x08C4, 0x08C4, \
        0x08C4, 0x08C4, 0x08C4, 0x08C4, 0x08C4, 0x08C4, 0x08C4, 0x08C4, 0x08C4, 0x1105, 0x08C4, 0x08C4, \
        0x08C4, 0x08C4, 0x08C4, 0x08C4, 0x08C4, 0x08E4, 0x10E4, 0x08C4, 0x08C4, 0x08C4, 0x08C4, 0x08C4, \
        0x08C4, 0x08C4, 0x08C4, 0x08C4, 0x08C4, 0x08C4, 0x08C4, 0x10E4, 0x08E4, 0x08C4, 0x08C4, 0x08C4, \
        0x08C4, 0x08C4, 0x08C4, 0x08C4, 0x08C4, 0x08C4, 0x08C4, 0x08C4, 0x08C4, 0x08C4, 0x10E4, 0x08E4, \
        0x08C4, 0x08C4, 0x08C4, 0x08C4, 0x08C4, 0x08C4, 0x08C4, 0x08C4, 0x08C4, 0x08C4, 0x08C4, 0x08C4, \
        0x08C4, 0x08C4, 0x08C4, 0x08C4, 0x08C4, 0x08C4, 0x08C4, 0x08C4, 0x08C4, 0x08C4, 0x08C4, 0x1105, \
        0x08E4, 0x08C4, 0x08C4, 0x08C4, 0x08C4, 0x08C4, 0x08C4, 0x08C4, 0x08C4, 0x08C4, 0x08C4, 0x08C4, \
        0x08C4, 0x08C4, 0x08C4, 0x08C4, 0x08C4, 0x08C4, 0x08C4, 0x08C4, 0x08C4, 0x08C4, 0x08C4, 0x08C4, \
        0x08C4, 0x08C4, 0x08C4, 0x08C4, 0x08C4, 0x08C4, 0x08C4, 0x08C4, 0x08C4, 0x08C4, 0x08C4, 0x08C4, \
        0x08C4, 0x08C4, 0x08C4, 0x08C4, 0x10E4, 0x08E4, 0x08C4, 0x08C4, 0x08C4, 0x08C4, 0x08C4, 0x08C4, \
        0x08C4, 0x08C4, 0x08C4, 0x08C4, 0x08C4, 0x08C4, 0x08C4, 0x08C4, 0x08C4, 0x08C4, 0x08C4, 0x08C4, \
        0x10E4, 0x08E4, 0x08C4, 0x08C4, 0x08C4, 0x08C4, 0x08C4, 0x08C4, 0x08C4, 0x08C4, 0x08C4, 0x08C4, \
        0x08C4, 0x08C4, 0x08C4, 0x08C4, 0x08C4, 0x08C4, 0x08C4, 0x08C4, 0x08C4, 0x08C4, 0x08C4, 0x08C4, \
        0x08C4, 0x08C4, 0x08C4, 0x08C4, 0x08C4, 0x10E4, 0x1966, 0x1966, 0x1966, 0x1966, 0x1966, 0x1966, \
        0x1966, 0x1966, 0x1966, 0x1966, 0x1966, 0x1966, 0x1966, 0x1966, 0x1966, 0x1966, 0x1966, 0x1966, \
        0x1966, 0x1966, 0x1966, 0x1946, 0x10E4, 0x08C4, 0x08C4, 0x08C4, 0x08C4, 0x08C4, 0x08C4, 0x08C4, \
        0x08C4, 0x08C4, 0x08C4, 0x08C4, 0x08C4, 0x08C4, 0x08C4, 0x08C4, 0x08C4, 0x08C4, 0x08C4, 0x08C4, \
        0x08C4, 0x08C4, 0x08C4, 0x08C4, 0x08C4, 0x08C4, 0x08C4, 0x08C4, 0x08C4, 0x10E4, 0x1125, 0x1966, \
        0x1966, 0x1966, 0x1966, 0x1966, 0x1966, 0x1966, 0x1966, 0x1966, 0x1966, 0x1966, 0x1966, 0x1966, \
        0x1966, 0x1966, 0x1966, 0x1966, 0x1966, 0x1966, 0x1966, 0x1966, 0x1966, 0x1105, 0x08C4, 0x08C4, \
        0x08C4, 0x08C4, 0x08C4, 0x08C4, 0x08C4, 0x08C4, 0x08C4, 0x08C4, 0x08C4, 0x08C4, 0x08C4, 0x08C4, \
        0x08C4, 0x08C4, 0x08C4, 0x08C4, 0x08C4, 0x08C4, 0x08C4, 0x08C4, 0x08C4, 0x08C4, 0x08C4, 0x08C4, \
        0x1104, 0x1166, 0x1966, 0x1966, 0x1966, 0x1966, 0x1966, 0x1966, 0x1966, 0x1966, 0x1966, 0x1966, \
        0x1966, 0x1966, 0x1966, 0x1966, 0x1966, 0x1966, 0x1966, 0x1966, 0x1966, 0x1966, 0x1146, 0x08E4, \
        0x08C4, 0x08C4, 0x08C4, 0x08C4, 0x08C4, 0x08C4, 0x08C4, 0x08C4, 0x08C4, 0x08C4, 0x08C4, 0x08C4, \
        0x08C4, 0x08C4, 0x10E4, 0x08E4, 0x08C4, 0x08C4, 0x08C4, 0x08C4, 0x08C4, 0x08C4, 0x08C4, 0x08C4, \
        0x08C4, 0x08C4, 0x08C4, 0x08C4, 0x08C4, 0x08C4, 0x08C4, 0x08C4, 0x08C4, 0x08C4, 0x08C4, 0x08C4, \
        0x08C4, 0x08C4, 0x08C4, 0x08E4, 0x1104, 0x08C4, 0x08C4, 0x08C4, 0x08C4, 0x08C4, 0x08C4, 0x08C4, \
        0x08C4, 0x10E4, 0x08E4, 0x08C4, 0x08C4, 0x08C4, 0x08C4, 0x08C4, 0x08C4, 0x08C4, 0x08C4, 0x08C4, \
        0x08C4, 0x08C4, 0x08E4, 0x08E4, 0x08C4, 0x08C4, 0x08C4, 0x08C4, 0x08C4, 0x08C4, 0x08C4, 0x08C4, \
        0x08C4, 0x08C4, 0x08C4, 0x08C4, 0x10E4, 0x10E4, 0x08C4, 0x08C4, 0x08C4, 0x08C4, 0x08C4, 0x08C4, \
        0x08C4, 0x08C4, 0x08C4, 0x08C4, 0x08C4, 0x08C4, 0x08C4, 0x08C4, 0x08C4, 0x08C4, 0x08C4, 0x08C4, \
        0x08C4, 0x08C4, 0x08C4, 0x08C4, 0x08C4, 0x08C4, 0x08C4, 0x08C4, 0x08E4, 0x08E4, 0x08E4, 0x08C4, \
        0x08C4, 0x08C4, 0x08C4, 0x08C4, 0x08C4, 0x08C4, 0x08C4, 0x08C4, 0x08C4, 0x08C4, 0x08C4, 0x08C4, \
        0x08C4, 0x08C4, 0x08C4, 0x08C4, 0x08C4, 0x08C4, 0x08C4, 0x08C4, 0x08C4, 0x08C4, 0x08C4, 0x08C4, \
        0x08C4, 0x08C4, 0x08C4, 0x08C4, 0x08C4, 0x08C4, 0x08C4, 0x08C4, 0x08C4, 0x08C4, 0x08C4, 0x10E4, \
        0x10E4, 0x08C4, 0x08C4, 0x08C4, 0x08C4, 0x08C4, 0x08C4, 0x08C4, 0x08C4, 0x08C4, 0x08C4, 0x08C4, \
        0x08C4, 0x08C4, 0x08C4, 0x08C4, 0x08C4, 0x08C4, 0x08C4, 0x08C4, 0x1105, 0x08C4, 0x08C4, 0x08C4, \
        0x08C4, 0x08C4, 0x08C4, 0x08C4, 0x08C4, 0x08C4, 0x08C4, 0x08C4, 0x08C4, 0x08C4, 0x08C4, 0x08C4, \
        0x08C4, 0x08C4, 0x08C4, 0x08C4, 0x08C4, 0x08C4, 0x08C4, 0x08C4, 0x08C4, 0x08C4, 0x08C4, 0x08C4, \
        0x10E4, 0x1146, 0x1966, 0x1966, 0x1966, 0x1966, 0x1966, 0x1966, 0x1966, 0x1966, 0x1966, 0x1966, \
        0x1966, 0x1966, 0x1966, 0x1966, 0x1966, 0x1966, 0x1966, 0x1966, 0x1966, 0x1966, 0x1966, 0x1105, \
        0x08C4, 0x08C4, 0x08C4, 0x08C4, 0x08C4, 0x08C4, 0x08C4, 0x08C4, 0x08C4, 0x08C4, 0x08C4, 0x08C4, \
        0x08C4, 0x08C4, 0x08C4, 0x08C4, 0x08C4, 0x08C4, 0x08C4, 0x08C4, 0x08C4, 0x08C4, 0x08C4, 0x08C4, \
        0x08C4, 0x08C4, 0x08C4, 0x08C4, 0x08C4, 0x1105, 0x1966, 0x1966, 0x1966, 0x1966, 0x1966, 0x1966, \
        0x1966, 0x1966, 0x1966, 0x1966, 0x1966, 0x1966, 0x1966, 0x1966, 0x1966, 0x1966, 0x1966, 0x1966, \
        0x1966, 0x1966, 0x1966, 0x1966, 0x1125, 0x10E4, 0x08C4, 0x08C4, 0x08C4, 0x08C4, 0x08C4, 0x08C4, \
        0x08C4, 0x08C4, 0x08C4, 0x08C4, 0x08C4, 0x08C4, 0x08C4, 0x08C4, 0x08C4, 0x08C4, 0x08C4, 0x08C4, \
        0x08C4, 0x08C4, 0x08C4, 0x08C4, 0x08C4, 0x08C4, 0x08C4, 0x08C4, 0x08C4, 0x1105, 0x1966, 0x1966, \
        0x1966, 0x1966, 0x1966, 0x1966, 0x1966, 0x1966, 0x1966, 0x1966, 0x1966, 0x1966, 0x1966, 0x1966, \
        0x1966, 0x1966, 0x1966, 0x1966, 0x1966, 0x1966, 0x1966, 0x1125, 0x08E4, 0x08C4, 0x08C4, 0x08C4, \
        0x08C4, 0x08C4, 0x08C4, 0x08C4, 0x08C4, 0x08C4, 0x08C4, 0x08C4, 0x08C4, 0x08C4, 0x08C4, 0x08E4, \
        0x10E4, 0x08C4, 0x08C4, 0x08C4, 0x08C4, 0x08C4, 0x08C4, 0x08C4, 0x08C4, 0x08C4, 0x08C4, 0x08C4, \
        0x08C4, 0x08C4, 0x08C4, 0x08C4, 0x08C4, 0x08C4, 0x08C4, 0x08C4, 0x08C4, 0x08C4, 0x08E4, 0x08E4, \
        0x08C4, 0x08C4, 0x08C4, 0x08C4, 0x08C4, 0x08C4, 0x08C4, 0x08C4, 0x10E4, 0x08E4, 0x08C4, 0x08C4, \
        0x08C4, 0x08C4, 0x08C4, 0x08C4, 0x08C4, 0x08C4, 0x08C4, 0x08C4, 0x08C4, 0x08C4, 0x10E4, 0x08C4, \
        0x08C4, 0x08C4, 0x08C4, 0x08C4, 0x08C4, 0x08C4, 0x08C4, 0x08C4, 0x08C4, 0x08C4, 0x08C4, 0x10E4, \
        0x08E4, 0x08C4, 0x08C4, 0x08C4, 0x08C4, 0x08C4, 0x08C4, 0x08C4, 0x08C4, 0x08C4, 0x08C4, 0x08C4, \
        0x08C4, 0x08C4, 0x08C4, 0x08C4, 0x08C4, 0x08C4, 0x08C4, 0x08C4, 0x08C4, 0x08C4, 0x08C4, 0x08C4, \
        0x08C4, 0x08C4, 0x08C4, 0x08C4, 0x08C4, 0x08E4, 0x10E4, 0x08E4, 0x08C4, 0x08C4, 0x08C4, 0x08C4, \
        0x08C4, 0x08C4, 0x08C4, 0x08C4, 0x08C4, 0x08C4, 0x08C4, 0x08C4, 0x08C4, 0x08C4, 0x08C4, 0x08C4, \
        0x08C4, 0x08C4, 0x08C4, 0x08C4, 0x08C4, 0x08C4, 0x08C4, 0x08C4, 0x08C4, 0x08C4, 0x08C4, 0x08C4, \
        0x08C4, 0x08C4, 0x08C4, 0x08C4, 0x08C4, 0x08C4, 0x10E4, 0x08E4, 0x08C4, 0x08C4, 0x08C4, 0x08C4, \
        0x08C4, 0x08C4, 0x08C4, 0x08C4, 0x08C4, 0x08C4, 0x08C4, 0x08C4, 0x08C4, 0x08C4, 0x08C4, 0x08C4, \
        0x08C4, 0x08C4, 0x08C4, 0x08E4, 0x08C4, 0x08C4, 0x08C4, 0x08C4, 0x08C4, 0x08C4, 0x08C4, 0x08C4, \
        0x08C4, 0x08C4, 0x08C4, 0x08C4, 0x08C4, 0x08C4, 0x08C4, 0x08C4, 0x08C4, 0x08C4, 0x08C4, 0x08C4, \
        0x08C4, 0x08C4, 0x08C4, 0x08C4, 0x08C4, 0x08C4, 0x08C4, 0x10E4, 0x1125, 0x1966, 0x1966, 0x1966, \
        0x1966, 0x1966, 0x1966, 0x1966, 0x1966, 0x1966, 0x1966, 0x1966, 0x1966, 0x1966, 0x1966, 0x1966, \
        0x1966, 0x1966, 0x1966, 0x1966, 0x1966, 0x1966, 0x1125, 0x08E4, 0x08C4, 0x08C4, 0x08C4, 0x08C4, \
        0x08C4, 0x08C4, 0x08C4, 0x08C4, 0x08C4, 0x08C4, 0x08C4, 0x08C4, 0x08C4, 0x08C4, 0x08C4, 0x08C4, \
        0x08C4, 0x08C4, 0x08C4, 0x08C4, 0x08C4, 0x08C4, 0x08C4, 0x08C4, 0x08C4, 0x08C4, 0x08C4, 0x08C4, \
        0x10E4, 0x1946, 0x1966, 0x1966, 0x1966, 0x1966, 0x1966, 0x1966, 0x1966, 0x1966, 0x1966, 0x1966, \
        0x1966, 0x1966, 0x1966, 0x1966, 0x1966, 0x1966, 0x1966, 0x1966, 0x1966, 0x1966, 0x1966, 0x1125, \
        0x10E4, 0x08C4, 0x08C4, 0x08C4, 0x08C4, 0x08C4, 0x08C4, 0x08C4, 0x08C4, 0x08C4, 0x08C4, 0x08C4, \
        0x08C4, 0x08C4, 0x08C4, 0x08C4, 0x08C4, 0x08C4, 0x08C4, 0x08C4, 0x08C4, 0x08C4, 0x08C4, 0x08C4, \
        0x08C4, 0x08C4, 0x08C4, 0x08C4, 0x08C4, 0x10E4, 0x1145, 0x1966, 0x1966, 0x1966, 0x1966, 0x1966, \
        0x1966, 0x1966, 0x1966, 0x1966, 0x1966, 0x1966, 0x1966, 0x1966, 0x1966, 0x1966, 0x1966, 0x1966, \
        0x1966, 0x1966, 0x1966, 0x1966, 0x1105, 0x08C4, 0x08C4, 0x08C4, 0x08C4, 0x08C4, 0x08C4, 0x08C4, \
        0x08C4, 0x08C4, 0x08C4, 0x08C4, 0x08C4, 0x08C4, 0x08C4, 0x08C4, 0x08E4, 0x10E4, 0x08E4, 0x08C4, \
        0x08C4, 0x08C4, 0x08C4, 0x08C4, 0x08C4, 0x08C4, 0x08C4, 0x08C4, 0x08C4, 0x08C4, 0x08C4, 0x08C4, \
        0x08C4, 0x08C4, 0x08C4, 0x08C4, 0x1105, 0x08E4, 0x08E4, 0x08C4, 0x08C4, 0x08C4, 0x08C4, 0x08C4, \
        0x08C4, 0x08C4, 0x08C4, 0x08E4, 0x08E4, 0x08C4, 0x08C4, 0x08C4, 0x08C4, 0x08C4, 0x08C4, 0x08C4, \
        0x08C4, 0x08C4, 0x08C4, 0x08C4, 0x08C4, 0x10E4, 0x08E4, 0x08C4, 0x08C4, 0x08C4, 0x08C4, 0x08C4, \
        0x08C4, 0x08C4, 0x08C4, 0x08C4, 0x08C4, 0x08C4, 0x08E4, 0x08E4, 0x08C4, 0x08C4, 0x08C4, 0x08C4, \
        0x08C4, 0x08C4, 0x08C4, 0x08C4, 0x08C4, 0x08C4, 0x08C4, 0x08C4, 0x08C4, 0x08C4, 0x08C4, 0x08C4, \
        0x08C4, 0x08C4, 0x08C4, 0x08C4, 0x08C4, 0x08C4, 0x08C4, 0x08C4, 0x08C4, 0x08C4, 0x08C4, 0x08C4, \
        0x08C4, 0x08C4, 0x08C4, 0x08E4, 0x10E4, 0x08C4, 0x08C4, 0x08C4, 0x08C4, 0x08C4, 0x08C4, 0x08C4, \
        0x08C4, 0x08C4, 0x08C4, 0x08C4, 0x08C4, 0x08C4, 0x08C4, 0x08C4, 0x08C4, 0x08C4, 0x08C4, 0x08C4, \
        0x08C4, 0x08C4, 0x08C4, 0x08C4, 0x08C4, 0x08C4, 0x08C4, 0x08C4, 0x08C4, 0x08C4, 0x08C4, 0x08C4, \
        0x08C4, 0x1105, 0x08E4, 0x08C4, 0x08C4, 0x08C4, 0x08C4, 0x08C4, 0x08C4, 0x08C4, 0x08C4, 0x08C4, \
        0x08C4, 0x08C4, 0x08C4, 0x08C4, 0x08C4, 0x08C4, 0x08C4, 0x08C4, 0x08C4, 0x08C4, 0x08C4, 0x08E4, \
        0x08C4, 0x08C4, 0x08C4, 0x08C4, 0x08C4, 0x08C4, 0x08C4, 0x08C4, 0x08C4, 0x08C4, 0x08C4, 0x08C4, \
        0x08C4, 0x08C4, 0x08C4, 0x08C4, 0x08C4, 0x08C4, 0x08C4, 0x08C4, 0x08C4, 0x08C4, 0x08C4, 0x08C4, \
        0x08C4, 0x08C4, 0x08C4, 0x1125, 0x1966, 0x1966, 0x1966, 0x1966, 0x1966, 0x1966, 0x1966, 0x1966, \
        0x1966, 0x1966, 0x1966, 0x1966, 0x1966, 0x1966, 0x1966, 0x1966, 0x1966, 0x1966, 0x1966, 0x1966, \
        0x1966, 0x1125, 0x08E4, 0x08C4, 0x08C4, 0x08C4, 0x08C4, 0x08C4, 0x08C4, 0x08C4, 0x08C4, 0x08C4, \
        0x08C4, 0x08C4, 0x08C4, 0x08C4, 0x08C4, 0x08C4, 0x08C4, 0x08C4, 0x08C4, 0x08C4, 0x08C4, 0x08C4, \
        0x08C4, 0x08C4, 0x08C4, 0x08C4, 0x08C4, 0x08C4, 0x08C4, 0x10E4, 0x1145, 0x1966, 0x1966, 0x1966, \
        0x1966, 0x1966, 0x1966, 0x1966, 0x1966, 0x1966, 0x1966, 0x1966, 0x1966, 0x1966, 0x1966, 0x1966, \
        0x1966, 0x1966, 0x1966, 0x1966, 0x1966, 0x1966, 0x1145, 0x10E4, 0x08C4, 0x08C4, 0x08C4, 0x08C4, \
        0x08C4, 0x08C4, 0x08C4, 0x08C4, 0x08C4, 0x08C4, 0x08C4, 0x08C4, 0x08C4, 0x08C4, 0x08C4, 0x08C4, \
        0x08C4, 0x08C4, 0x08C4, 0x08C4, 0x08C4, 0x08C4, 0x08C4, 0x08C4, 0x08C4, 0x08C4, 0x08C4, 0x08C4, \
        0x08C4, 0x08C4, 0x10E4, 0x1146, 0x1966, 0x1966, 0x1966, 0x1966, 0x1966, 0x1966, 0x1966, 0x1966, \
        0x1966, 0x1966, 0x1966, 0x1966, 0x1966, 0x1966, 0x1966, 0x1966, 0x1966, 0x1966, 0x1966, 0x1966, \
        0x1966, 0x1104, 0x08C4, 0x08C4, 0x08C4, 0x08C4, 0x08C4, 0x08C4, 0x08C4, 0x08C4, 0x08C4, 0x08C4, \
        0x08C4, 0x08C4, 0x08C4, 0x08C4, 0x08C4, 0x08C4, 0x08C4, 0x08E4, 0x08E4, 0x08C4, 0x08C4, 0x08C4, \
        0x08C4, 0x08C4, 0x08C4, 0x08C4, 0x08C4, 0x08C4, 0x08C4, 0x08C4, 0x08C4, 0x10E4, 0x1105, 0x08E4, \
        0x08E4, 0x08C4, 0x08C4, 0x08C4, 0x08C4, 0x08C4, 0x08C4, 0x08C4, 0x08C4, 0x08C4, 0x08E4, 0x08E4, \
        0x08C4, 0x08C4, 0x08C4, 0x08C4, 0x08C4, 0x08C4, 0x08C4, 0x08C4, 0x08C4, 0x08C4, 0x08C4, 0x08C4, \
        0x08C4, 0x08E4, 0x08C4, 0x08C3, 0x08C4, 0x08C4, 0x08C4, 0x08C4, 0x08C4, 0x08C4, 0x08C4, 0x08C4, \
        0x08C4, 0x08E4, 0x08E4, 0x08C4, 0x08C4, 0x08C4, 0x08C4, 0x08C4, 0x08C4, 0x08C4, 0x08C4, 0x08C4, \
        0x08C4, 0x08C4, 0x08C4, 0x08C4, 0x08C4, 0x08C4, 0x08C4, 0x08C4, 0x08C4, 0x08C4, 0x08C4, 0x08C4, \
        0x08C4, 0x08C4, 0x08C4, 0x08C4, 0x08C4, 0x08C4, 0x08C4, 0x08C4, 0x08C4, 0x08C4, 0x08C4, 0x08C4, \
        0x08C4, 0x08E4, 0x1105, 0x08C4, 0x08C4, 0x08C4, 0x08C4, 0x08C4, 0x08C4, 0x08C4, 0x08C4, 0x08C4, \
        0x08C4, 0x08C4, 0x08C4, 0x08C4, 0x08C4, 0x08C4, 0x08C4, 0x08C4, 0x08C4, 0x08C4, 0x08C4, 0x08C4, \
        0x08C4, 0x08C4, 0x08C4, 0x08C4, 0x08C4, 0x08C4, 0x08C4, 0x08E4, 0x1105, 0x08E4, 0x08C4, 0x08C4, \
        0x08C4, 0x08C4, 0x08C4, 0x08C4, 0x08C4, 0x08C4, 0x08C4, 0x08C4, 0x08C4, 0x08C4, 0x08C4, 0x08C4, \
        0x08C4, 0x08C4, 0x08C4, 0x08C4, 0x08C4, 0x08C4, 0x10E4, 0x08C4, 0x08C4, 0x08C4, 0x08C4, 0x08C4, \
        0x08C4, 0x08C4, 0x08C4, 0x08C4, 0x08C4, 0x08C4, 0x08C4, 0x08C4, 0x08C4, 0x08C4, 0x08C4, 0x08C4, \
        0x08C4, 0x08C4, 0x08C4, 0x08C4, 0x08C4, 0x08C4, 0x08C4, 0x08C4, 0x08C4, 0x08C4, 0x1105, 0x1966, \
        0x1966, 0x1966, 0x1966, 0x1966, 0x1966, 0x1966, 0x1966, 0x1966, 0x1966, 0x1966, 0x1966, 0x1966, \
        0x1966, 0x1966, 0x1966, 0x1966, 0x1966, 0x1966, 0x1966, 0x1966, 0x1146, 0x10E4, 0x08C4, 0x08C4, \
        0x08C4, 0x08C4, 0x08C4, 0x08C4, 0x08C4, 0x08C4, 0x08C4, 0x08C4, 0x08C4, 0x08C4, 0x08C4, 0x08C4, \
        0x08C4, 0x08C4, 0x08C4, 0x08C4, 0x08C4, 0x08C4, 0x08C4, 0x08C4, 0x08C4, 0x08C4, 0x08C4, 0x08C4, \
        0x08C4, 0x08C4, 0x08C4, 0x1125, 0x1966, 0x1966, 0x1966, 0x1966, 0x1966, 0x1966, 0x1966, 0x1966, \
        0x1966, 0x1966, 0x1966, 0x1966, 0x1966, 0x1966, 0x1966, 0x1966, 0x1966, 0x1966, 0x1966, 0x1966, \
        0x1966, 0x1146, 0x10E4, 0x08C4, 0x08C4, 0x08C4, 0x08C4, 0x08C4, 0x08C4, 0x08C4, 0x08C4, 0x08C4, \
        0x08C4, 0x08C4, 0x08C4, 0x08C4, 0x08C4, 0x08C4, 0x08C4, 0x08C4, 0x08C4, 0x08C4, 0x08C4, 0x08C4, \
        0x08C4, 0x08C4, 0x08C4, 0x08C4, 0x08C4, 0x08C4, 0x08C4, 0x08C4, 0x08C4, 0x08C4, 0x08C4, 0x1105, \
        0x1166, 0x1966, 0x1966, 0x1966, 0x1966, 0x1966, 0x1966, 0x1966, 0x1966, 0x1966, 0x1966, 0x1966, \
        0x1966, 0x1966, 0x1966, 0x1966, 0x1966, 0x1966, 0x1966, 0x1966, 0x1966, 0x1146, 0x10E4, 0x08C4, \
        0x08C4, 0x08C4, 0x08C4, 0x08C4, 0x08C4, 0x08C4, 0x08C4, 0x08C4, 0x08C4, 0x08C4, 0x08C4, 0x08C4, \
        0x08C4, 0x08C4, 0x08C4, 0x08C4, 0x08C4, 0x08E4, 0x1105, 0x10E4, 0x08C4, 0x08C4, 0x08C4, 0x08C4, \
        0x08C4, 0x08C4, 0x10E4, 0x1105, 0x1105, 0x08C4, 0x08E4, 0x08C4, 0x08C4, 0x08C4, 0x08C4, 0x08C4, \
        0x08C4, 0x08C4, 0x08C4, 0x08C4, 0x08C4, 0x10E4, 0x08C4, 0x08C4, 0x08C4, 0x08C4, 0x08C4, 0x08C4, \
        0x08C4, 0x08C4, 0x08C4, 0x08C4, 0x08C4, 0x08C4, 0x08C4, 0x08C4, 0x08E4, 0x08E4, 0x08C4, 0x08C3, \
        0x08C4, 0x08C4, 0x08C4, 0x08C4, 0x08C4, 0x08C4, 0x08C4, 0x08C4, 0x10E4, 0x10E4, 0x08C4, 0x08C4, \
        0x08C4, 0x08C4, 0x08C4, 0x08C4, 0x08C4, 0x08C4, 0x08C4, 0x08C4, 0x08C4, 0x08C4, 0x08C4, 0x08C4, \
        0x08C4, 0x08C4, 0x08C4, 0x08C4, 0x08C4, 0x08C4, 0x08C4, 0x08C4, 0x1105, 0x08C4, 0x08C4, 0x08C4, \
        0x08C4, 0x08C4, 0x08C4, 0x08C4, 0x08C4, 0x08C4, 0x08C4, 0x08C4, 0x08C4, 0x08C4, 0x08C4, 0x10E4, \
        0x1105, 0x08C4, 0x08C4, 0x08C4, 0x08C4, 0x08C4, 0x08C4, 0x08C4, 0x08C4, 0x08C4, 0x08C4, 0x08C4, \
        0x08C4, 0x08C4, 0x08C4, 0x08C4, 0x08C4, 0x08C4, 0x08C4, 0x08C4, 0x08C4, 0x08C4, 0x08C4, 0x08C4, \
        0x08C4, 0x08C4, 0x10E4, 0x1104, 0x08C4, 0x08C4, 0x08C4, 0x08C4, 0x08C4, 0x08C4, 0x08C4, 0x08C4, \
        0x08C4, 0x08C4, 0x08C4, 0x08C4, 0x08C4, 0x08C4, 0x08C4, 0x08C4, 0x08C4, 0x08C4, 0x08C4, 0x08C4, \
        0x08C4, 0x10E4, 0x08E4, 0x08C4, 0x08C4, 0x08C4, 0x08C4, 0x08C4, 0x08C4, 0x08C4, 0x08C4, 0x08C4, \
        0x08C4, 0x08C4, 0x08C4, 0x08C4, 0x08C4, 0x08C4, 0x08C4, 0x08C4, 0x08C4, 0x08C4, 0x08C4, 0x08C4, \
        0x08C4, 0x08C4, 0x08C4, 0x08C4, 0x08C4, 0x10E4, 0x1146, 0x1966, 0x1966, 0x1966, 0x1966, 0x1966, \
        0x1966, 0x1966, 0x1966, 0x1966, 0x1966, 0x1966, 0x1966, 0x1966, 0x1966, 0x1966, 0x1966, 0x1966, \
        0x1966, 0x1966, 0x1966, 0x1146, 0x10E4, 0x08C4, 0x08C4, 0x08C4, 0x08C4, 0x08C4, 0x08C4, 0x08C4, \
        0x08C4, 0x08C4, 0x08C4, 0x08C4, 0x08C4, 0x08C4, 0x08C4, 0x08C4, 0x08C4, 0x08C4, 0x08C4, 0x08C4, \
        0x08C4, 0x08C4, 0x08C4, 0x08C4, 0x08C4, 0x08C4, 0x08C4, 0x08C4, 0x08C4, 0x08C4, 0x1105, 0x1966, \
        0x1966, 0x1966, 0x1966, 0x1966, 0x1966, 0x1966, 0x1966, 0x1966, 0x1966, 0x1966, 0x1966, 0x1966, \
        0x1966, 0x1966, 0x1966, 0x1966, 0x1966, 0x1966, 0x1966, 0x1966, 0x1966, 0x1105, 0x08C4, 0x08C4, \
        0x08C4, 0x08C4, 0x08C4, 0x08C4, 0x08C4, 0x08C4, 0x08C4, 0x08C4, 0x08C4, 0x08C4, 0x08C4, 0x08C4, \
        0x08C4, 0x08C4, 0x08C4, 0x08C4, 0x08C4, 0x08C4, 0x08C4, 0x08C4, 0x08C4, 0x08C4, 0x08C4, 0x08C4, \
        0x08C4, 0x08C4, 0x08C4, 0x08C4, 0x08C4, 0x08C4, 0x08C4, 0x08C4, 0x1105, 0x1966, 0x1966, 0x1966, \
        0x1966, 0x1966, 0x1966, 0x1966, 0x1966, 0x1966, 0x1966, 0x1966, 0x1966, 0x1966, 0x1966, 0x1966, \
        0x1966, 0x1966, 0x1966, 0x1966, 0x1966, 0x1966, 0x1125, 0x08C4, 0x08C4, 0x08C4, 0x08C4, 0x08C4, \
        0x08C4, 0x08C4, 0x08C4, 0x08C4, 0x08C4, 0x08C4, 0x08C4, 0x08C4, 0x08C4, 0x08C4, 0x08C4, 0x08C4, \
        0x08C4, 0x08C4, 0x08C4, 0x08C4, 0x08C4, 0x08E4, 0x08E4, 0x10E4, 0x10E4, 0x08C4, 0x08C4, 0x08C4, \
        0x08C4, 0x08C4, 0x08C4, 0x08C4, 0x08C4, 0x08C4, 0x08C4, 0x08C4, 0x08C4, 0x08C4, 0x08C4, 0x08C4, \
        0x10E4, 0x08E4, 0x08C4, 0x08C4, 0x08C4, 0x08C4, 0x08C4, 0x08C4, 0x08C4, 0x08C4, 0x08C4, 0x08C4, \
        0x08C4, 0x08C4, 0x08C4, 0x08C4, 0x08E4, 0x08C3, 0x08C4, 0x08C4, 0x08C4, 0x08C4, 0x08C4, 0x08C4, \
        0x08C4, 0x08C4, 0x08C4, 0x08C4, 0x1105, 0x08C4, 0x08C4, 0x08C4, 0x08C4, 0x08C4, 0x08C4, 0x08C4, \
        0x08C4, 0x08C4, 0x08C4, 0x08C4, 0x08C4, 0x08C4, 0x08C4, 0x08C4, 0x08C4, 0x08C4, 0x08C4, 0x08C4, \
        0x08C4, 0x08C4, 0x08C4, 0x08C4, 0x08C4, 0x08E4, 0x08E4, 0x08C4, 0x08C4, 0x08C4, 0x08C4, 0x08C4, \
        0x08C4, 0x08C4, 0x08C4, 0x08C4, 0x08C4, 0x08C4, 0x08C4, 0x08C4, 0x08C4, 0x08E4, 0x1105, 0x10E4, \
        0x08C4, 0x08C4, 0x08C4, 0x08C4, 0x08C4, 0x08C4, 0x08C4, 0x08C4, 0x08C4, 0x08C4, 0x08C4, 0x08C4, \
        0x08C4, 0x08C4, 0x08C4, 0x08C4, 0x08C4, 0x08C4, 0x08C4, 0x08C4, 0x08E4, 0x1105, 0x08E4, 0x08C4, \
        0x08C4, 0x08C4, 0x08C4, 0x08C4, 0x08C4, 0x08C4, 0x08C4, 0x08C4, 0x08C4, 0x08C4, 0x08C4, 0x08C4, \
        0x08C4, 0x08C4, 0x08C4, 0x08C4, 0x08C4, 0x08C4, 0x08C4, 0x08C4, 0x08C4, 0x10E4, 0x08E4, 0x08C4, \
        0x08C4, 0x08C4, 0x08C4, 0x08C4, 0x08C4, 0x08C4, 0x08C4, 0x08C4, 0x08C4, 0x08C4, 0x08C4, 0x08C4, \
        0x08C4, 0x08C4, 0x08C4, 0x08C4, 0x08C4, 0x08C4, 0x08C4, 0x08C4, 0x08C4, 0x08C4, 0x08C4, 0x08C4, \
        0x10E4, 0x1125, 0x1966, 0x1966, 0x1966, 0x1966, 0x1966, 0x1966, 0x1966, 0x1966, 0x1966, 0x1966, \
        0x1966, 0x1966, 0x1966, 0x1966, 0x1966, 0x1966, 0x1966, 0x1966, 0x1966, 0x1966, 0x1966, 0x1105, \
        0x08C4, 0x08C4, 0x08C4, 0x08C4, 0x08C4, 0x08C4, 0x08C4, 0x08C4, 0x08C4, 0x08C4, 0x08C4, 0x08C4, \
        0x08C4, 0x08C4, 0x08C4, 0x08C4, 0x08C4, 0x08C4, 0x08C4, 0x08C4, 0x08C4, 0x08C4, 0x08C4, 0x08C4, \
        0x08C4, 0x08C4, 0x08C4, 0x08C4, 0x08C4, 0x10E4, 0x1966, 0x1966, 0x1966, 0x1966, 0x1966, 0x1966, \
        0x1966, 0x1966, 0x1966, 0x1966, 0x1966, 0x1966, 0x1966, 0x1966, 0x1966, 0x1966, 0x1966, 0x1966, \
        0x1966, 0x1966, 0x1966, 0x1966, 0x1125, 0x08C4, 0x08C4, 0x08C4, 0x08C4, 0x08C4, 0x08C4, 0x08C4, \
        0x08C4, 0x08C4, 0x08C4, 0x08C4, 0x08C4, 0x08C4, 0x08C4, 0x08C4, 0x08C4, 0x08C4, 0x08C4, 0x08C4, \
        0x08C4, 0x08C4, 0x08C4, 0x08C4, 0x08C4, 0x08C4, 0x08C4, 0x08C4, 0x08C4, 0x08C4, 0x08C4, 0x08C4, \
        0x08C4, 0x08C4, 0x08C4, 0x08C4, 0x08C4, 0x1125, 0x1966, 0x1966, 0x1966, 0x1966, 0x1966, 0x1966, \
        0x1966, 0x1966, 0x1966, 0x1966, 0x1966, 0x1966, 0x1966, 0x1966, 0x1966, 0x1966, 0x1966, 0x1966, \
        0x1966, 0x1966, 0x1966, 0x1104, 0x08C4, 0x08C4, 0x08C4, 0x08C4, 0x08C4, 0x08C4, 0x08C4, 0x08C4, \
        0x08C4, 0x08C4, 0x08C4, 0x08C4, 0x08C4, 0x08C4, 0x08C4, 0x08C4, 0x08C4, 0x08C4, 0x08C4, 0x08C4, \
        0x08C4, 0x08C4, 0x08C4, 0x08C4, 0x08C4, 0x08C4, 0x08C4, 0x08C4, 0x08C4, 0x08C4, 0x08C4, 0x08C4, \
        0x08C4, 0x08C4, 0x08C4, 0x08C4, 0x08C4, 0x08C4, 0x08C4, 0x1104, 0x08C4, 0x08C4, 0x08C4, 0x08C4, \
        0x08C4, 0x08C4, 0x08C4, 0x08C4, 0x08C4, 0x08C4, 0x08C4, 0x08C4, 0x08C4, 0x08C4, 0x08C4, 0x08E4, \
        0x08C4, 0x08C4, 0x08C4, 0x08C4, 0x08C4, 0x08C4, 0x08C4, 0x08C4, 0x08C4, 0x08C4, 0x08C4, 0x10E4, \
        0x08C4, 0x08C4, 0x08C4, 0x08C4, 0x08C4, 0x08C4, 0x08C4, 0x08C4, 0x08C4, 0x08C4, 0x08C4, 0x08C4, \
        0x08C4, 0x08C4, 0x08C4, 0x08C4, 0x08C4, 0x08C4, 0x08C4, 0x08C4, 0x08C4, 0x08C4, 0x08C4, 0x08C4, \
        0x08C4, 0x08C4, 0x08E4, 0x08E4, 0x08C4, 0x08C4, 0x08C4, 0x08C4, 0x08C4, 0x08C4, 0x08C4, 0x08C4, \
        0x08C4, 0x08C4, 0x08C4, 0x08C4, 0x08C4, 0x08C4, 0x08C4, 0x08C4, 0x08E4, 0x1105, 0x10E4, 0x08C4, \
        0x08C4, 0x08E4, 0x08E4, 0x08E4, 0x08E4, 0x08C4, 0x08C4, 0x08C4, 0x08C4, 0x08C4, 0x08E4, 0x10E4, \
        0x10E4, 0x08E4, 0x10E4, 0x1105, 0x08E4, 0x08C4, 0x08C4, 0x08C4, 0x08C4, 0x08C4, 0x08C4, 0x08C4, \
        0x08C4, 0x08C4, 0x08C4, 0x08C4, 0x08C4, 0x08C4, 0x08C4, 0x08C4, 0x08C4, 0x08C4, 0x08C4, 0x08C4, \
        0x08C4, 0x08C4, 0x08C4, 0x08C4, 0x10E4, 0x08E4, 0x08C4, 0x08C4, 0x08C4, 0x08C4, 0x08C4, 0x08C4, \
        0x08C4, 0x08C4, 0x08C4, 0x08C4, 0x08C4, 0x08C4, 0x08C4, 0x08C4, 0x08C4, 0x08C4, 0x08C4, 0x08C4, \
        0x08C4, 0x08C4, 0x08C4, 0x08C4, 0x08C4, 0x08C4, 0x08C4, 0x08C4, 0x1125, 0x1966, 0x1966, 0x1966, \
        0x1966, 0x1966, 0x1966, 0x1966, 0x1966, 0x1966, 0x1966, 0x1966, 0x1966, 0x1966, 0x1966, 0x1966, \
        0x1966, 0x1966, 0x1966, 0x1966, 0x1966, 0x1966, 0x1125, 0x08C4, 0x08C4, 0x08C4, 0x08C4, 0x08C4, \
        0x08C4, 0x08C4, 0x08C4, 0x08C4, 0x08C4, 0x08C4, 0x08C4, 0x08C4, 0x08C4, 0x08C4, 0x08C4, 0x08C4, \
        0x08C4, 0x08C4, 0x08C4, 0x08C4, 0x08C4, 0x08C4, 0x08C4, 0x08C4, 0x08C4, 0x08C4, 0x08C4, 0x08C4, \
        0x10E4, 0x1946, 0x1966, 0x1966, 0x1966, 0x1966, 0x1966, 0x1966, 0x1966, 0x1966, 0x1966, 0x1966, \
        0x1966, 0x1966, 0x1966, 0x1966, 0x1966, 0x1966, 0x1966, 0x1966, 0x1966, 0x1966, 0x1966, 0x1145, \
        0x08C4, 0x08C4, 0x08C4, 0x08C4, 0x08C4, 0x08C4, 0x08C4, 0x08C4, 0x08C4, 0x08C4, 0x08C4, 0x08C4, \
        0x08C4, 0x08C4, 0x08C4, 0x08C4, 0x08C4, 0x08C4, 0x08C4, 0x08C4, 0x08C4, 0x08C4, 0x08C4, 0x08C4, \
        0x08C4, 0x08C4, 0x08C4, 0x08C4, 0x08C4, 0x08C4, 0x08C4, 0x08C4, 0x08C4, 0x08C4, 0x08C4, 0x08C4, \
        0x08C4, 0x08C4, 0x1146, 0x1966, 0x1966, 0x1966, 0x1966, 0x1966, 0x1966, 0x1966, 0x1966, 0x1966, \
        0x1966, 0x1966, 0x1966, 0x1966, 0x1966, 0x1966, 0x1966, 0x1966, 0x1966, 0x1966, 0x1966, 0x1966, \
        0x10E4, 0x08C4, 0x08C4, 0x08C4, 0x08C4, 0x08C4, 0x08C4, 0x08C4, 0x08C4, 0x08C4, 0x08C4, 0x08C4, \
        0x08C4, 0x08C4, 0x08C4, 0x08C4, 0x08C4, 0x08C4, 0x08C4, 0x08C4, 0x08C4, 0x08C4, 0x08C4, 0x08C4, \
        0x08C4, 0x08C4, 0x08C4, 0x08C4, 0x08C4, 0x08C4, 0x08C4, 0x08C4, 0x08C4, 0x08C4, 0x08C4, 0x08C4, \
        0x08C4, 0x08E4, 0x1105, 0x08C4, 0x08C4, 0x08C4, 0x08C4, 0x08C4, 0x08C4, 0x08C4, 0x08C4, 0x08C4, \
        0x08C4, 0x08C4, 0x08C4, 0x08C4, 0x08C4, 0x08C4, 0x10E4, 0x08E4, 0x08C4, 0x08C4, 0x08C4, 0x08C4, \
        0x08C4, 0x08C4, 0x08C4, 0x08C4, 0x08C4, 0x08C4, 0x08E4, 0x08E4, 0x08C4, 0x08C4, 0x08C4, 0x08C4, \
        0x08C4, 0x08C4, 0x08C4, 0x08C4, 0x08C4, 0x08C4, 0x08C4, 0x08C4, 0x08C4, 0x08C4, 0x08C4, 0x08C4, \
        0x08C4, 0x08C4, 0x08C4, 0x08C4, 0x08C4, 0x08C4, 0x08C4, 0x08C4, 0x08C4, 0x08C4, 0x08C4, 0x08E4, \
        0x08E4, 0x08E4, 0x08C4, 0x08C4, 0x08C4, 0x08C4, 0x08C4, 0x08C4, 0x08C4, 0x08C4, 0x08C4, 0x08C4, \
        0x08C4, 0x08C4, 0x08C4, 0x08C4, 0x08C4, 0x08C4, 0x08C4, 0x08C4, 0x08E4, 0x1104, 0x1105, 0x1104, \
        0x10E4, 0x08E4, 0x08C4, 0x08C4, 0x08C4, 0x08E4, 0x10E4, 0x1105, 0x1105, 0x08E4, 0x08C4, 0x08C4, \
        0x08C4, 0x08C4, 0x08C4, 0x08C4, 0x08C4, 0x08C4, 0x08C4, 0x08C4, 0x08C4, 0x08C4, 0x08C4, 0x08C4, \
        0x08C4, 0x08C4, 0x08C4, 0x08C4, 0x08C4, 0x08C4, 0x08C4, 0x08C4, 0x08C4, 0x08C4, 0x08C4, 0x08C4, \
        0x10E4, 0x08E4, 0x08C4, 0x08C4, 0x08C4, 0x08C4, 0x08C4, 0x08C4, 0x08C4, 0x08C4, 0x08C4, 0x08C4, \
        0x08C4, 0x08C4, 0x08C4, 0x08C4, 0x08C4, 0x08C4, 0x08C4, 0x08C4, 0x08C4, 0x08C4, 0x08C4, 0x08C4, \
        0x08C4, 0x08C4, 0x08C4, 0x1105, 0x1966, 0x1966, 0x1966, 0x1966, 0x1966, 0x1966, 0x1966, 0x1966, \
        0x1966, 0x1966, 0x1966, 0x1966, 0x1966, 0x1966, 0x1966, 0x1966, 0x1966, 0x1966, 0x1966, 0x1966, \
        0x1966, 0x1146, 0x08C4, 0x08C4, 0x08C4, 0x08C4, 0x08C4, 0x08C4, 0x08C4, 0x08C4, 0x08C4, 0x08C4, \
        0x08C4, 0x08C4, 0x08C4, 0x08C4, 0x08C4, 0x08C4, 0x08C4, 0x08C4, 0x08C4, 0x08C4, 0x08C4, 0x08C4, \
        0x08C4, 0x08C4, 0x08C4, 0x08C4, 0x08C4, 0x08C4, 0x08C4, 0x10E4, 0x1145, 0x1966, 0x1966, 0x1966, \
        0x1966, 0x1966, 0x1966, 0x1966, 0x1966, 0x1966, 0x1966, 0x1966, 0x1966, 0x1966, 0x1966, 0x1966, \
        0x1966, 0x1966, 0x1966, 0x1966, 0x1966, 0x1966, 0x1146, 0x08E4, 0x08C4, 0x08C4, 0x08C4, 0x08C4, \
        0x08C4, 0x08C4, 0x08C4, 0x08C4, 0x08C4, 0x08C4, 0x08C4, 0x08C4, 0x08C4, 0x08C4, 0x08C4, 0x08C4, \
        0x08C4, 0x08C4, 0x08C4, 0x08C4, 0x08C4, 0x08C4, 0x08C4, 0x08C4, 0x08C4, 0x08C4, 0x08C4, 0x08C4, \
        0x08C4, 0x08C4, 0x08C4, 0x08C4, 0x08C4, 0x08C4, 0x08C4, 0x08C4, 0x08C4, 0x08C4, 0x10E4, 0x1146, \
        0x1966, 0x1966, 0x1966, 0x1966, 0x1966, 0x1966, 0x1966, 0x1966, 0x1966, 0x1966, 0x1966, 0x1966, \
        0x1966, 0x1966, 0x1966, 0x1966, 0x1966, 0x1966, 0x1966, 0x1966, 0x1146, 0x08E4, 0x08C4, 0x08C4, \
        0x08C4, 0x08C4, 0x08C4, 0x08C4, 0x08C4, 0x08C4, 0x08C4, 0x08C4, 0x08C4, 0x08C4, 0x08C4, 0x08C4, \
        0x08C4, 0x08C4, 0x08C4, 0x08C4, 0x08C4, 0x08C4, 0x08C4, 0x08C4, 0x08C4, 0x08C4, 0x08C4, 0x08C4, \
        0x08C4, 0x08C4, 0x08C4, 0x08C4, 0x08C4, 0x08C4, 0x08C4, 0x08C4, 0x08C4, 0x08E4, 0x08C4, 0x08C4, \
        0x08C4, 0x08C4, 0x08C4, 0x08C4, 0x08C4, 0x08C4, 0x08C4, 0x08C4, 0x08C4, 0x08C4, 0x08C4, 0x08C4, \
        0x08C4, 0x08E4, 0x08E4, 0x08C4, 0x08C4, 0x08C4, 0x08C4, 0x08C4, 0x08C4, 0x08C4, 0x08C4, 0x08C4, \
        0x08C4, 0x08C4, 0x08E4, 0x08C4, 0x08C4, 0x08C4, 0x08C4, 0x08C4, 0x08C4, 0x08C4, 0x08C4, 0x08C4, \
        0x08C4, 0x08C4, 0x08C4, 0x08C4, 0x08C4, 0x08C4, 0x08C4, 0x08C4, 0x08C4, 0x08C4, 0x08C4, 0x08C4, \
        0x08C4, 0x08C4, 0x08C4, 0x08C4, 0x08C4, 0x08C4, 0x08C4, 0x08C4, 0x08C4, 0x08E4, 0x08E4, 0x08C4, \
        0x08C4, 0x08C4, 0x08C4, 0x08C4, 0x08C4, 0x08C4, 0x08C4, 0x08C4, 0x08C4, 0x08C4, 0x08C4, 0x08C4, \
        0x08C4, 0x08C4, 0x08C4, 0x08C4, 0x08C4, 0x08C4, 0x08C4, 0x08C4, 0x08C4, 0x08C4, 0x08C4, 0x08C4, \
        0x08C4, 0x08C4, 0x08C4, 0x08C4, 0x08C4, 0x08C4, 0x08C4, 0x08C4, 0x08C4, 0x08C4, 0x08C4, 0x08C4, \
        0x08C4, 0x08C4, 0x08C4, 0x08C4, 0x08C4, 0x08C4, 0x08C4, 0x08C4, 0x08C4, 0x08C4, 0x08C4, 0x08C4, \
        0x08C4, 0x08C4, 0x08C4, 0x08C4, 0x08C4, 0x08C4, 0x08C4, 0x08E4, 0x08E4, 0x08C4, 0x08C4, 0x08C4, \
        0x08C4, 0x08C4, 0x08C4, 0x08C4, 0x08C4, 0x08C4, 0x08C4, 0x08C4, 0x08C4, 0x08C4, 0x08C4, 0x08C4, \
        0x08C4, 0x08C4, 0x08C4, 0x08C4, 0x08C4, 0x08C4, 0x08C4, 0x08C4, 0x08C4, 0x08C4, 0x1104, 0x1966, \
        0x1966, 0x1966, 0x1966, 0x1966, 0x1966, 0x1966, 0x1966, 0x1966, 0x1966, 0x1966, 0x1966, 0x1966, \
        0x1966, 0x1966, 0x1966, 0x1966, 0x1966, 0x1966, 0x1966, 0x1966, 0x1146, 0x10E4, 0x08C4, 0x08C4, \
        0x08C4, 0x08C4, 0x08C4, 0x08C4, 0x08C4, 0x08C4, 0x08C4, 0x08C4, 0x08C4, 0x08C4, 0x08C4, 0x08C4, \
        0x08C4, 0x08C4, 0x08C4, 0x08C4, 0x08C4, 0x08C4, 0x08C4, 0x08C4, 0x08C4, 0x08C4, 0x08C4, 0x08C4, \
        0x08C4, 0x08C4, 0x08C4, 0x1125, 0x1966, 0x1966, 0x1966, 0x1966, 0x1966, 0x1966, 0x1966, 0x1966, \
        0x1966, 0x1966, 0x1966, 0x1966, 0x1966, 0x1966, 0x1966, 0x1966, 0x1966, 0x1966, 0x1966, 0x1966, \
        0x1966, 0x1146, 0x10E4, 0x08C4, 0x08C4, 0x08C4, 0x08C4, 0x08C4, 0x08C4, 0x08C4, 0x08C4, 0x08C4, \
        0x08C4, 0x08C4, 0x08C4, 0x08C4, 0x08C4, 0x08C4, 0x08C4, 0x08C4, 0x08C4, 0x08C4, 0x08C4, 0x08C4, \
        0x08C4, 0x08C4, 0x08C4, 0x08C4, 0x08C4, 0x08C4, 0x08C4, 0x08C4, 0x08C4, 0x08C4, 0x08C4, 0x08C4, \
        0x08C4, 0x08C4, 0x08C4, 0x08C4, 0x08C4, 0x08C4, 0x08C4, 0x1105, 0x1966, 0x1966, 0x1966, 0x1966, \
        0x1966, 0x1966, 0x1966, 0x1966, 0x1966, 0x1966, 0x1966, 0x1966, 0x1966, 0x1966, 0x1966, 0x1966, \
        0x1966, 0x1966, 0x1966, 0x1966, 0x1966, 0x1125, 0x08C4, 0x08C4, 0x08C4, 0x08C4, 0x08C4, 0x08C4, \
        0x08C4, 0x08C4, 0x08C4, 0x08C4, 0x08C4, 0x08C4, 0x08C4, 0x08C4, 0x08C4, 0x08C4, 0x08C4, 0x08C4, \
        0x08C4, 0x08C4, 0x08C4, 0x08C4, 0x08C4, 0x08C4, 0x08C4, 0x08C4, 0x08C4, 0x08C4, 0x08C4, 0x08C4, \
        0x08C4, 0x08C4, 0x08C4, 0x08C4, 0x08E4, 0x08C4, 0x08C4, 0x08C4, 0x08C4, 0x08C4, 0x08C4, 0x08C4, \
        0x08C4, 0x08C4, 0x08C4, 0x08C4, 0x08C4, 0x08C4, 0x08C4, 0x08C4, 0x08C4, 0x08E4, 0x08C4, 0x08C4, \
        0x08C4, 0x08C4, 0x08C4, 0x08C4, 0x08C4, 0x08C4, 0x08C4, 0x08C4, 0x08C4, 0x08C4, 0x08E4, 0x08C4, \
        0x08C4, 0x08C4, 0x08C4, 0x08C4, 0x08C4, 0x08C4, 0x08C4, 0x08C4, 0x08C4, 0x08C4, 0x08C4, 0x08C4, \
        0x08C4, 0x08C4, 0x08C4, 0x08C4, 0x08C4, 0x08C4, 0x08C4, 0x08C4, 0x08C4, 0x08C4, 0x08C4, 0x08C4, \
        0x08C4, 0x08C4, 0x08C4, 0x08C4, 0x08C4, 0x08C4, 0x08E4, 0x1105, 0x08C4, 0x08C4, 0x08C4, 0x08C4, \
        0x08C4, 0x08C4, 0x08C4, 0x08C4, 0x08C4, 0x08C4, 0x08C4, 0x08C4, 0x08C4, 0x08C4, 0x08C4, 0x08C4, \
        0x08C4, 0x08C4, 0x08C4, 0x08C4, 0x08C4, 0x08C4, 0x08C4, 0x08C4, 0x08C4, 0x08C4, 0x08C4, 0x08C4, \
        0x08C4, 0x08C4, 0x08C4, 0x08C4, 0x08C4, 0x08C4, 0x08C4, 0x08C4, 0x08C4, 0x08C4, 0x08C4, 0x08C4, \
        0x08C4, 0x08C4, 0x08C4, 0x08C4, 0x08C4, 0x08C4, 0x08C4, 0x08C4, 0x08C4, 0x08C4, 0x08C4, 0x08C4, \
        0x08C4, 0x08C4, 0x08C4, 0x08E4, 0x08C4, 0x08C4, 0x08C4, 0x08C4, 0x08C4, 0x08C4, 0x08C4, 0x08C4, \
        0x08C4, 0x08C4, 0x08C4, 0x08C4, 0x08C4, 0x08C4, 0x08C4, 0x08C4, 0x08C4, 0x08C4, 0x08C4, 0x08C4, \
        0x08C4, 0x08C4, 0x08C4, 0x08C4, 0x10C4, 0x10E4, 0x1946, 0x1966, 0x1986, 0x1966, 0x1966, 0x1966, \
        0x1966, 0x1966, 0x1966, 0x1966, 0x1966, 0x1966, 0x1966, 0x1966, 0x1966, 0x1966, 0x1966, 0x1966, \
        0x1966, 0x1966, 0x1966, 0x1146, 0x1105, 0x08C4, 0x08C4, 0x08C4, 0x08C4, 0x08C4, 0x08C4, 0x08C4, \
        0x08C4, 0x08C4, 0x08C4, 0x08C4, 0x08C4, 0x08C4, 0x08C4, 0x08C4, 0x08C4, 0x08C4, 0x08C4, 0x08C4, \
        0x08C4, 0x08C4, 0x08C4, 0x08C4, 0x08C4, 0x08C4, 0x08C4, 0x08C4, 0x08C4, 0x08C4, 0x1105, 0x1966, \
        0x1966, 0x1966, 0x1966, 0x1966, 0x1966, 0x1966, 0x1966, 0x1966, 0x1966, 0x1966, 0x1966, 0x1966, \
        0x1966, 0x1966, 0x1966, 0x1966, 0x1966, 0x1966, 0x1966, 0x1966, 0x1966, 0x1105, 0x08C4, 0x08C4, \
        0x08C4, 0x08C4, 0x08C4, 0x08C4, 0x08C4, 0x08C4, 0x08C4, 0x08C4, 0x08C4, 0x08C4, 0x08C4, 0x08C4, \
        0x08C4, 0x08C4, 0x08C4, 0x08C4, 0x08C4, 0x08C4, 0x08C4, 0x08C4, 0x08C4, 0x08C4, 0x08C4, 0x08C4, \
        0x08C4, 0x08C4, 0x08C4, 0x08C4, 0x08C4, 0x08C4, 0x08C4, 0x08C4, 0x08C4, 0x08C4, 0x08C4, 0x08C4, \
        0x08C4, 0x08C4, 0x08C4, 0x08C4, 0x1125, 0x1966, 0x1966, 0x1966, 0x1966, 0x1966, 0x1966, 0x1966, \
        0x1966, 0x1966, 0x1966, 0x1966, 0x1966, 0x1966, 0x1966, 0x1966, 0x1966, 0x1966, 0x1966, 0x1966, \
        0x1966, 0x1966, 0x1105, 0x08C4, 0x08C4, 0x08C4, 0x08C4, 0x08C4, 0x08C4, 0x08C4, 0x08C4, 0x08C4, \
        0x08C4, 0x08C4, 0x08C4, 0x08C4, 0x08C4, 0x08C4, 0x08C4, 0x08C4, 0x08C4, 0x08C4, 0x08C4, 0x08C4, \
        0x08C4, 0x08C4, 0x08C4, 0x08C4, 0x08C4, 0x08C4, 0x08C4, 0x08C4, 0x08C4, 0x08C4, 0x08C4, 0x10E4, \
        0x08C4, 0x08C4, 0x08C4, 0x08C4, 0x08C4, 0x08C4, 0x08C4, 0x08C4, 0x08C4, 0x08C4, 0x08C4, 0x08C4, \
        0x08C4, 0x08C4, 0x08C4, 0x08C4, 0x10E4, 0x08C4, 0x08C4, 0x08C4, 0x08C4, 0x08C4, 0x08C4, 0x08C4, \
        0x08C4, 0x08C4, 0x08C4, 0x08C4, 0x08C4, 0x08E4, 0x08C4, 0x08C4, 0x08C4, 0x08C4, 0x08C4, 0x08C4, \
        0x08C4, 0x08C4, 0x08C4, 0x08C4, 0x08C4, 0x08C4, 0x08C4, 0x08C4, 0x08C4, 0x08C4, 0x08C4, 0x08C4, \
        0x08C4, 0x08C4, 0x08C4, 0x08C4, 0x08C4, 0x08C4, 0x08C4, 0x08C4, 0x08C4, 0x08C4, 0x08C4, 0x08C4, \
        0x08C4, 0x08C4, 0x08C4, 0x08C4, 0x08E4, 0x08E4, 0x08C4, 0x08C4, 0x08C4, 0x08C4, 0x08C4, 0x08C4, \
        0x08C4, 0x08C4, 0x08C4, 0x08C4, 0x08C4, 0x08C4, 0x08C4, 0x08C4, 0x08C4, 0x08C4, 0x08C4, 0x08C4, \
        0x08C4, 0x08C4, 0x08C4, 0x08C4, 0x08C4, 0x08C4, 0x08C4, 0x08C4, 0x08C4, 0x08C4, 0x08C4, 0x08C4, \
        0x08C4, 0x08C4, 0x08C4, 0x08C4, 0x08C4, 0x08C4, 0x08C4, 0x08C4, 0x08C4, 0x08C4, 0x08C4, 0x08C4, \
        0x08C4, 0x08C4, 0x08C4, 0x08C4, 0x08C4, 0x08C4, 0x08C4, 0x08C4, 0x08C4, 0x08C4, 0x08C4, 0x08E4, \
        0x08C4, 0x08C4, 0x08C4, 0x08C4, 0x08C4, 0x08C4, 0x08C4, 0x08C4, 0x08C4, 0x08C4, 0x08C4, 0x08C4, \
        0x08C4, 0x08C4, 0x08C4, 0x08C4, 0x08C4, 0x08C4, 0x08C4, 0x08C4, 0x08C4, 0x08C4, 0x08C4, 0x08C4, \
        0x10E4, 0x1146, 0x1966, 0x1966, 0x1986, 0x1966, 0x1966, 0x1966, 0x1966, 0x1966, 0x1966, 0x1966, \
        0x1966, 0x1966, 0x1966, 0x1966, 0x1966, 0x1966, 0x1966, 0x1966, 0x1966, 0x1966, 0x1966, 0x1105, \
        0x08C4, 0x08C4, 0x08C4, 0x08C4, 0x08C4, 0x08C4, 0x08C4, 0x08C4, 0x08C4, 0x08C4, 0x08C4, 0x08C4, \
        0x08C4, 0x08C4, 0x08C4, 0x08C4, 0x08C4, 0x08C4, 0x08C4, 0x08C4, 0x08C4, 0x08C4, 0x08C4, 0x08C4, \
        0x08C4, 0x08C4, 0x08C4, 0x08C4, 0x08C4, 0x1105, 0x1946, 0x1966, 0x1966, 0x1966, 0x1966, 0x1966, \
        0x1966, 0x1966, 0x1966, 0x1966, 0x1966, 0x1966, 0x1966, 0x1966, 0x1966, 0x1966, 0x1966, 0x1966, \
        0x1966, 0x1966, 0x1966, 0x1966, 0x1125, 0x08E4, 0x08C4, 0x08C4, 0x08C4, 0x08C4, 0x08C4, 0x08C4, \
        0x08C4, 0x08C4, 0x08C4, 0x08C4, 0x08C4, 0x08C4, 0x08C4, 0x08C4, 0x08C4, 0x08C4, 0x08C4, 0x08C4, \
        0x08C4, 0x08C4, 0x08C4, 0x08C4, 0x08C4, 0x08C4, 0x08C4, 0x08C4, 0x08C4, 0x08C4, 0x08C4, 0x08C4, \
        0x08C4, 0x08C4, 0x08C4, 0x08C4, 0x08C4, 0x08C4, 0x08C4, 0x08C4, 0x08C4, 0x08C4, 0x08C4, 0x08C4, \
        0x08E4, 0x1125, 0x1966, 0x1966, 0x1966, 0x1966, 0x1966, 0x1966, 0x1966, 0x1966, 0x1966, 0x1966, \
        0x1966, 0x1966, 0x1966, 0x1966, 0x1966, 0x1966, 0x1966, 0x1966, 0x1966, 0x1966, 0x1146, 0x10E4, \
        0x08C4, 0x08C4, 0x08C4, 0x08C4, 0x08C4, 0x08C4, 0x08C4, 0x08C4, 0x08C4, 0x08C4, 0x08C4, 0x08C4, \
        0x08C4, 0x08C4, 0x08C4, 0x08C4, 0x08C4, 0x08C4, 0x08C4, 0x08C4, 0x08C4, 0x08C4, 0x08C4, 0x08C4, \
        0x08C4, 0x08C4, 0x08C4, 0x08C4, 0x08C4, 0x08C4, 0x08E4, 0x08E4, 0x08C4, 0x08C4, 0x08C4, 0x08C4, \
        0x08C4, 0x08C4, 0x08C4, 0x08C4, 0x08C4, 0x08C4, 0x08C4, 0x08C4, 0x08C4, 0x08C4, 0x08C4, 0x08E4, \
        0x08E4, 0x08C4, 0x08C4, 0x08C4, 0x08C4, 0x08C4, 0x08C4, 0x08C4, 0x08C4, 0x08C4, 0x08C4, 0x08C4, \
        0x08C4, 0x08E4, 0x08C4, 0x08C4, 0x08C4, 0x08C4, 0x08C4, 0x08C4, 0x08C4, 0x08C4, 0x08C4, 0x08C4, \
        0x08C4, 0x08C4, 0x08C4, 0x08C4, 0x08C4, 0x08C4, 0x08C4, 0x08C4, 0x08C4, 0x08C4, 0x08C4, 0x08C4, \
        0x08C4, 0x08C4, 0x08C4, 0x08C4, 0x08C4, 0x08C4, 0x08C4, 0x08C4, 0x08C4, 0x08C4, 0x08C4, 0x08C4, \
        0x08C4, 0x08E4, 0x10E4, 0x08C4, 0x08C4, 0x08C4, 0x08C4, 0x08C4, 0x08C4, 0x08C4, 0x08C4, 0x08C4, \
        0x08C4, 0x08C4, 0x08C4, 0x08C4, 0x08C4, 0x08C4, 0x08C4, 0x08C4, 0x08C4, 0x08C4, 0x08C4, 0x08C4, \
        0x08C4, 0x08C4, 0x08C4, 0x08C4, 0x08C4, 0x08C4, 0x08C4, 0x08C4, 0x08C4, 0x08C4, 0x08C4, 0x08C4, \
        0x08C4, 0x08C4, 0x08C4, 0x08C4, 0x08C4, 0x08C4, 0x08C4, 0x08C4, 0x08C4, 0x08C4, 0x08C4, 0x08C4, \
        0x08C4, 0x08C4, 0x08C4, 0x08C4, 0x08C4, 0x08C4, 0x10E4, 0x08C4, 0x08C4, 0x08C4, 0x08C4, 0x08C4, \
        0x08C4, 0x08C4, 0x08C4, 0x08C4, 0x08C4, 0x08C4, 0x08C4, 0x08C4, 0x08C4, 0x08C4, 0x08C4, 0x08C4, \
        0x08C4, 0x08C4, 0x10C4, 0x08C4, 0x08C4, 0x08C4, 0x08C4, 0x08C4, 0x1125, 0x1986, 0x1986, 0x1986, \
        0x1966, 0x1966, 0x1966, 0x1966, 0x1966, 0x1966, 0x1966, 0x1966, 0x1966, 0x1966, 0x1966, 0x1966, \
        0x1966, 0x1966, 0x1966, 0x1966, 0x1966, 0x1966, 0x1125, 0x10C4, 0x08C4, 0x08C4, 0x08C4, 0x08C4, \
        0x08C4, 0x08C4, 0x08C4, 0x08C4, 0x08C4, 0x08C4, 0x08C4, 0x08C4, 0x08C4, 0x08C4, 0x08C4, 0x08C4, \
        0x08C4, 0x08C4, 0x08C4, 0x08C4, 0x08C4, 0x08C4, 0x08C4, 0x08C4, 0x08C4, 0x08C4, 0x08C4, 0x08C4, \
        0x10E4, 0x1146, 0x1966, 0x1966, 0x1966, 0x1966, 0x1966, 0x1966, 0x1966, 0x1966, 0x1966, 0x1966, \
        0x1966, 0x1966, 0x1966, 0x1966, 0x1966, 0x1966, 0x1966, 0x1966, 0x1966, 0x1966, 0x1966, 0x1125, \
        0x10E4, 0x08C4, 0x08C4, 0x08C4, 0x08C4, 0x08C4, 0x08C4, 0x08C4, 0x08C4, 0x08C4, 0x08C4, 0x08C4, \
        0x08C4, 0x08C4, 0x08C4, 0x08C4, 0x08C4, 0x08C4, 0x08C4, 0x08C4, 0x08C4, 0x08C4, 0x08C4, 0x08C4, \
        0x08C4, 0x08C4, 0x08C4, 0x08C4, 0x08C4, 0x08C4, 0x08C4, 0x08C4, 0x08C4, 0x08C4, 0x08C4, 0x08C4, \
        0x08C4, 0x08C4, 0x08C4, 0x08C4, 0x08C4, 0x08C4, 0x08C4, 0x08C4, 0x08C4, 0x10E4, 0x1146, 0x1966, \
        0x1966, 0x1966, 0x1966, 0x1966, 0x1966, 0x1966, 0x1966, 0x1966, 0x1966, 0x1966, 0x1966, 0x1966, \
        0x1966, 0x1966, 0x1966, 0x1966, 0x1966, 0x1966, 0x1966, 0x1145, 0x10E4, 0x08C4, 0x08C4, 0x08C4, \
        0x08C4, 0x08C4, 0x08C4, 0x08C4, 0x08C4, 0x08C4, 0x08C4, 0x08C4, 0x08C4, 0x08C4, 0x08C4, 0x08C4, \
        0x08C4, 0x08C4, 0x08C4, 0x08C4, 0x08C4, 0x08C4, 0x08C4, 0x08C4, 0x08C4, 0x08C4, 0x08C4, 0x08C4, \
        0x08C4, 0x08E4, 0x08E4, 0x08C4, 0x08C4, 0x08C4, 0x08C4, 0x08C4, 0x08C4, 0x08C4, 0x08C4, 0x08C4, \
        0x08C4, 0x08C4, 0x08C4, 0x08C4, 0x08C4, 0x08C4, 0x08C4, 0x10E4, 0x08C4, 0x08C4, 0x08C4, 0x08C4, \
        0x08C4, 0x08C4, 0x08C4, 0x08C4, 0x08C4, 0x08C4, 0x08C4, 0x08C4, 0x08C4, 0x08E4, 0x08C4, 0x08C4, \
        0x08C4, 0x08C4, 0x08C4, 0x08C4, 0x08C4, 0x08C4, 0x08C4, 0x08C4, 0x08C4, 0x08C4, 0x08C4, 0x08C4, \
        0x08C4, 0x08C4, 0x08C4, 0x08C4, 0x08C4, 0x08C4, 0x08C4, 0x08C4, 0x08C4, 0x08C4, 0x08C4, 0x08C4, \
        0x08C4, 0x08C4, 0x08C4, 0x08C4, 0x08C4, 0x08C4, 0x08C4, 0x08C4, 0x08C4, 0x08C4, 0x10E4, 0x10E4, \
        0x08C4, 0x08C4, 0x08C4, 0x08C4, 0x08C4, 0x08C4, 0x08C4, 0x08C4, 0x08C4, 0x08C4, 0x08C4, 0x08C4, \
        0x08C4, 0x08C4, 0x08C4, 0x08C4, 0x08C4, 0x08C4, 0x08C4, 0x08C4, 0x08C4, 0x08C4, 0x08C4, 0x08C4, \
        0x08C4, 0x08C4, 0x08C4, 0x08C4, 0x08C4, 0x08C4, 0x08C4, 0x08C4, 0x08C4, 0x08C4, 0x08C4, 0x08C4, \
        0x08C4, 0x08C4, 0x08C4, 0x08C4, 0x08C4, 0x08C4, 0x08C4, 0x08C4, 0x08C4, 0x08C4, 0x08C4, 0x08C4, \
        0x08C4, 0x08C4, 0x10E4, 0x08C4, 0x08C4, 0x08C4, 0x08C4, 0x08C4, 0x08C4, 0x08C4, 0x08C4, 0x08C4, \
        0x08C4, 0x08C4, 0x08C4, 0x08C4, 0x08C4, 0x08C4, 0x08C4, 0x08C4, 0x08C4, 0x08C4, 0x08C4, 0x08C4, \
        0x08C4, 0x08E4, 0x08C4, 0x1105, 0x1966, 0x1986, 0x1986, 0x1986, 0x1966, 0x1966, 0x1966, 0x1966, \
        0x1966, 0x1966, 0x1966, 0x1966, 0x1966, 0x1966, 0x1966, 0x1966, 0x1966, 0x1966, 0x1986, 0x1966, \
        0x1966, 0x1146, 0x10E4, 0x08C4, 0x08C4, 0x08C4, 0x08C4, 0x08C4, 0x08C4, 0x08C4, 0x08C4, 0x08C4, \
        0x08C4, 0x08C4, 0x08C4, 0x08C4, 0x08C4, 0x08C4, 0x08C4, 0x08C4, 0x08C4, 0x08C4, 0x08C4, 0x08C4, \
        0x08C4, 0x08C4, 0x08C4, 0x08C4, 0x08C4, 0x08C4, 0x08C4, 0x08E4, 0x1125, 0x1966, 0x1966, 0x1966, \
        0x1966, 0x1966, 0x1966, 0x1966, 0x1966, 0x1966, 0x1966, 0x1966, 0x1966, 0x1966, 0x1966, 0x1966, \
        0x1966, 0x1966, 0x1966, 0x1966, 0x1986, 0x1966, 0x1146, 0x10E4, 0x08C4, 0x08C4, 0x08C4, 0x08C4, \
        0x08C4, 0x08C4, 0x08C4, 0x08C4, 0x08C4, 0x08C4, 0x08C4, 0x08C4, 0x08C4, 0x08C4, 0x08C4, 0x08C4, \
        0x08C4, 0x08C4, 0x08C4, 0x08C4, 0x08C4, 0x08C4, 0x08C4, 0x08C4, 0x08C4, 0x08C4, 0x08C4, 0x08C4, \
        0x08C4, 0x08C4, 0x08C4, 0x08C4, 0x08C4, 0x08C4, 0x08C4, 0x08C4, 0x08C4, 0x08C4, 0x08C4, 0x08C4, \
        0x08C4, 0x08C4, 0x08C4, 0x08C4, 0x08C4, 0x08C4, 0x1105, 0x1966, 0x1966, 0x1966, 0x1966, 0x1966, \
        0x1966, 0x1966, 0x1966, 0x1966, 0x1966, 0x1966, 0x1966, 0x1966, 0x1966, 0x1966, 0x1966, 0x1966, \
        0x1966, 0x1966, 0x1966, 0x1966, 0x1125, 0x08C4, 0x08C4, 0x08C4, 0x08C4, 0x08C4, 0x08C4, 0x08C4, \
        0x08C4, 0x08C4, 0x08C4, 0x08C4, 0x08C4, 0x08C4, 0x08C4, 0x08C4, 0x08C4, 0x08C4, 0x08C4, 0x08C4, \
        0x08C4, 0x08C4, 0x08C4, 0x08C4, 0x08C4, 0x08C4, 0x08C4, 0x08C4, 0x08C4, 0x08E4, 0x08C4, 0x08C4, \
        0x08C4, 0x08C4, 0x08C4, 0x08C4, 0x08C4, 0x08C4, 0x08C4, 0x08C4, 0x08C4, 0x08C4, 0x08C4, 0x08C4, \
        0x08C4, 0x08C4, 0x10E4, 0x08E4, 0x08C4, 0x08C4, 0x08C4, 0x08C4, 0x08C4, 0x08C4, 0x08C4, 0x08C4, \
        0x08C4, 0x08C4, 0x08C4, 0x08C4, 0x08C4, 0x08E4, 0x08C4, 0x08C4, 0x08C4, 0x08C4, 0x08C4, 0x08C4, \
        0x08C4, 0x08C4, 0x08C4, 0x08C4, 0x08C4, 0x08C4, 0x08C4, 0x08C4, 0x08C4, 0x08C4, 0x08C4, 0x08C4, \
        0x08C4, 0x08C4, 0x08C4, 0x08C4, 0x08C4, 0x08C4, 0x08C4, 0x08C4, 0x08C4, 0x08C4, 0x08C4, 0x08C4, \
        0x08C4, 0x08C4, 0x08C4, 0x08C4, 0x08C4, 0x08C4, 0x08C4, 0x08C4, 0x10E4, 0x10E4, 0x08C4, 0x08C4, \
        0x08C4, 0x08C4, 0x08C4, 0x08C4, 0x08C4, 0x08C4, 0x08C4, 0x08C4, 0x08C4, 0x08C4, 0x08C4, 0x08C4, \
        0x08C4, 0x08C4, 0x08C4, 0x08C4, 0x08C4, 0x08C4, 0x08C4, 0x08C4, 0x08C4, 0x08C4, 0x08C4, 0x08C4, \
        0x08C4, 0x08C4, 0x08C4, 0x08C4, 0x08C4, 0x08C4, 0x08C4, 0x08C4, 0x08C4, 0x08C4, 0x08C4, 0x08C4, \
        0x08C4, 0x08C4, 0x08C4, 0x08C4, 0x08C4, 0x08C4, 0x08C4, 0x08C4, 0x08C4, 0x1104, 0x08C4, 0x08C4, \
        0x08C4, 0x08C4, 0x08C4, 0x08C4, 0x08C4, 0x08C4, 0x08C4, 0x08C4, 0x08C4, 0x08C4, 0x08C4, 0x08C4, \
        0x08C4, 0x08C4, 0x08C4, 0x08C4, 0x08C4, 0x08C4, 0x08C4, 0x08C4, 0x08C4, 0x08C4, 0x1104, 0x1946, \
        0x1966, 0x1966, 0x1966, 0x1966, 0x1966, 0x1966, 0x1966, 0x1966, 0x1966, 0x1966, 0x1966, 0x1966, \
        0x1966, 0x1966, 0x1966, 0x1966, 0x1966, 0x1966, 0x1966, 0x1966, 0x1146, 0x1104, 0x08C4, 0x08C4, \
        0x08C4, 0x08C4, 0x08C4, 0x08C4, 0x08C4, 0x08C4, 0x08C4, 0x08C4, 0x08C4, 0x08C4, 0x08C4, 0x08C4, \
        0x08C4, 0x08C4, 0x08C4, 0x08C4, 0x08C4, 0x08C4, 0x08C4, 0x08C4, 0x08C4, 0x08C4, 0x08C4, 0x08C4, \
        0x08C4, 0x08C4, 0x08C4, 0x1105, 0x1966, 0x1966, 0x1966, 0x1966, 0x1966, 0x1966, 0x1966, 0x1966, \
        0x1966, 0x1966, 0x1966, 0x1966, 0x1966, 0x1966, 0x1966, 0x1966, 0x1966, 0x1966, 0x1966, 0x1966, \
        0x1966, 0x1966, 0x1105, 0x08C4, 0x08C4, 0x08C4, 0x08C4, 0x08C4, 0x08C4, 0x08C4, 0x08C4, 0x08C4, \
        0x08C4, 0x08C4, 0x08C4, 0x08C4, 0x08C4, 0x08C4, 0x08C4, 0x08C4, 0x08C4, 0x08C4, 0x08C4, 0x08C4, \
        0x08C4, 0x08C4, 0x08C4, 0x08C4, 0x08C4, 0x08C4, 0x08C4, 0x08C4, 0x08C4, 0x08C4, 0x08C4, 0x08C4, \
        0x08C4, 0x08C4, 0x08C4, 0x08C4, 0x08C4, 0x08C4, 0x08C4, 0x08C4, 0x08C4, 0x08C4, 0x08C4, 0x08C4, \
        0x08C4, 0x08C4, 0x08C4, 0x1125, 0x1966, 0x1966, 0x1966, 0x1966, 0x1966, 0x1966, 0x1966, 0x1966, \
        0x1966, 0x1966, 0x1966, 0x1966, 0x1966, 0x1966, 0x1966, 0x1966, 0x1966, 0x1966, 0x1966, 0x1966, \
        0x1966, 0x1105, 0x08C4, 0x08C4, 0x08C4, 0x08C4, 0x08C4, 0x08C4, 0x08C4, 0x08C4, 0x08C4, 0x08C4, \
        0x08C4, 0x08C4, 0x08C4, 0x08C4, 0x08C4, 0x08C4, 0x08C4, 0x08C4, 0x08C4, 0x08C4, 0x08C4, 0x08C4, \
        0x08C4, 0x08C4, 0x08C4, 0x08C4, 0x08E4, 0x08E4, 0x08C4, 0x08C4, 0x08C4, 0x08C4, 0x08C4, 0x08C4, \
        0x08C4, 0x08C4, 0x08C4, 0x08C4, 0x08C4, 0x08C4, 0x08C4, 0x08C4, 0x08C4, 0x08C4, 0x08E4, 0x08C4, \
        0x08C4, 0x08C4, 0x08C4, 0x08C4, 0x08C4, 0x08C4, 0x08C4, 0x08C4, 0x08C4, 0x08C4, 0x08C4, 0x08C4, \
        0x08C4, 0x08E4, 0x08C4, 0x08C4, 0x08C4, 0x08C4, 0x08C4, 0x08C4, 0x08C4, 0x08C4, 0x08C4, 0x08C4, \
        0x08C4, 0x08C4, 0x08C4, 0x08C4, 0x08C4, 0x08C4, 0x08C4, 0x08C4, 0x08C4, 0x08C4, 0x08C4, 0x08C4, \
        0x08C4, 0x08C4, 0x08C4, 0x08C4, 0x08C4, 0x08C4, 0x08C4, 0x08C4, 0x08C4, 0x08C4, 0x08C4, 0x08C4, \
        0x08C4, 0x08C4, 0x08C4, 0x08C4, 0x08C4, 0x10E4, 0x08E4, 0x08E4, 0x08C4, 0x08C4, 0x08C4, 0x08C4, \
        0x08C4, 0x08C4, 0x08C4, 0x08C4, 0x08C4, 0x08C4, 0x08C4, 0x08C4, 0x08C4, 0x08C4, 0x08C4, 0x08C4, \
        0x08C4, 0x08C4, 0x08C4, 0x08C4, 0x08C4, 0x08C4, 0x08C4, 0x08C4, 0x08C4, 0x08C4, 0x08C4, 0x08C4, \
        0x08C4, 0x08C4, 0x08C4, 0x08C4, 0x08C4, 0x08C4, 0x08C4, 0x08C4, 0x08C4, 0x08C4, 0x08C4, 0x08C4, \
        0x08C4, 0x08C4, 0x08C4, 0x08C4, 0x10E4, 0x08C4, 0x08C4, 0x08C4, 0x08C4, 0x08C4, 0x08C4, 0x08C4, \
        0x08C4, 0x08C4, 0x08C4, 0x08C4, 0x08C4, 0x08C4, 0x08C4, 0x08C4, 0x08C4, 0x08C4, 0x08C4, 0x08C4, \
        0x08C4, 0x08C4, 0x08C4, 0x08C4, 0x08C4, 0x10E4, 0x1146, 0x1986, 0x1966, 0x1966, 0x1966, 0x1966, \
        0x1966, 0x1966, 0x1966, 0x1966, 0x1966, 0x1966, 0x1966, 0x1966, 0x1966, 0x1966, 0x1966, 0x1966, \
        0x1966, 0x1986, 0x1966, 0x1966, 0x1105, 0x08C4, 0x08C4, 0x08C4, 0x08C4, 0x08C4, 0x08C4, 0x08C4, \
        0x08C4, 0x08C4, 0x08C4, 0x08C4, 0x08C4, 0x08C4, 0x08C4, 0x08C4, 0x08C4, 0x08C4, 0x08C4, 0x08C4, \
        0x08C4, 0x08C4, 0x08C4, 0x08C4, 0x08C4, 0x08C4, 0x08C4, 0x08C4, 0x08C4, 0x08C4, 0x1104, 0x1146, \
        0x1966, 0x1966, 0x1966, 0x1966, 0x1966, 0x1966, 0x1966, 0x1966, 0x1966, 0x1966, 0x1966, 0x1966, \
        0x1966, 0x1966, 0x1966, 0x1966, 0x1966, 0x1966, 0x1966, 0x1966, 0x1966, 0x1105, 0x08C4, 0x08C4, \
        0x08C4, 0x08C4, 0x08C4, 0x08C4, 0x08C4, 0x08C4, 0x08C4, 0x08C4, 0x08C4, 0x08C4, 0x08C4, 0x08C4, \
        0x08C4, 0x08C4, 0x08C4, 0x08C4, 0x08C4, 0x08C4, 0x08C4, 0x08C4, 0x08C4, 0x08C4, 0x08C4, 0x08C4, \
        0x08C4, 0x08C4, 0x08C4, 0x08C4, 0x08C4, 0x08C4, 0x08C4, 0x08C4, 0x08C4, 0x08C4, 0x08C4, 0x08C4, \
        0x08C4, 0x08C4, 0x08C4, 0x08C4, 0x08C4, 0x08C4, 0x08C4, 0x08C4, 0x08C4, 0x08C4, 0x08C4, 0x08C4, \
        0x1145, 0x1966, 0x1966, 0x1966, 0x1966, 0x1966, 0x1966, 0x1966, 0x1966, 0x1966, 0x1966, 0x1966, \
        0x1966, 0x1966, 0x1966, 0x1966, 0x1966, 0x1966, 0x1966, 0x1966, 0x1966, 0x1146, 0x10E4, 0x08C4, \
        0x08C4, 0x08C4, 0x08C4, 0x08C4, 0x08C4, 0x08C4, 0x08C4, 0x08C4, 0x08C4, 0x08C4, 0x08C4, 0x08C4, \
        0x08C4, 0x08C4, 0x08C4, 0x08C4, 0x08C4, 0x08C4, 0x08C4, 0x08C4, 0x08C4, 0x08C4, 0x08C4, 0x08C4, \
        0x1105, 0x08C4, 0x08C4, 0x08C4, 0x08C4, 0x08C4, 0x08C4, 0x08C4, 0x08C4, 0x08C4, 0x08C4, 0x08C4, \
        0x08C4, 0x08C4, 0x08C4, 0x08C4, 0x08C4, 0x10E4, 0x08E4, 0x08C4, 0x08C4, 0x08C4, 0x08C4, 0x08C4, \
        0x08C4, 0x08C4, 0x08C4, 0x08C4, 0x08C4, 0x08C4, 0x08C4, 0x08C4, 0x08C4, 0x08E4, 0x08C4, 0x08C4, \
        0x08C4, 0x08C4, 0x08C4, 0x08C4, 0x08C4, 0x08C4, 0x08C4, 0x08C4, 0x08C4, 0x08C4, 0x08C4, 0x08C4, \
        0x08C4, 0x08C4, 0x08C4, 0x08C4, 0x08C4, 0x08C4, 0x08C4, 0x08C4, 0x08C4, 0x08C4, 0x08C4, 0x08C4, \
        0x08C4, 0x08C4, 0x08C4, 0x08C4, 0x08C4, 0x08C4, 0x08C4, 0x08C4, 0x08C4, 0x08C4, 0x08C4, 0x08C4, \
        0x08C4, 0x08C4, 0x08C4, 0x10E4, 0x08E4, 0x08C4, 0x08C4, 0x08C4, 0x08C4, 0x08C4, 0x08C4, 0x08C4, \
        0x08C4, 0x08C4, 0x08C4, 0x08C4, 0x08C4, 0x08C4, 0x08C4, 0x08C4, 0x08C4, 0x08C4, 0x08C4, 0x08C4, \
        0x08C4, 0x08C4, 0x08C4, 0x08C4, 0x08C4, 0x08C4, 0x08C4, 0x08C4, 0x08C4, 0x08C4, 0x08C4, 0x08C4, \
        0x08C4, 0x08C4, 0x08C4, 0x08C4, 0x08C4, 0x08C4, 0x08C4, 0x08C4, 0x08C4, 0x08C4, 0x08C4, 0x10E4, \
        0x10E4, 0x08C4, 0x08C4, 0x08C4, 0x08C4, 0x08C4, 0x08C4, 0x08C4, 0x08C4, 0x08C4, 0x08C4, 0x08C4, \
        0x08C4, 0x08C4, 0x08C4, 0x08C4, 0x08C4, 0x08C4, 0x08C4, 0x08C4, 0x08C4, 0x08C4, 0x08C4, 0x08C4, \
        0x08C4, 0x1125, 0x1966, 0x1966, 0x1966, 0x1966, 0x1966, 0x1966, 0x1966, 0x1966, 0x1966, 0x1966, \
        0x1966, 0x1966, 0x1966, 0x1966, 0x1966, 0x1966, 0x1966, 0x1966, 0x1966, 0x1966, 0x1966, 0x1125, \
        0x08C4, 0x08C4, 0x08C4, 0x08C4, 0x08C4, 0x08C4, 0x08C4, 0x08C4, 0x08C4, 0x08C4, 0x08C4, 0x08C4, \
        0x08C4, 0x08C4, 0x08C4, 0x08C4, 0x08C4, 0x08C4, 0x08C4, 0x08C4, 0x08C4, 0x08C4, 0x08C4, 0x08C4, \
        0x08C4, 0x08C4, 0x08C4, 0x08C4, 0x08C4, 0x10E4, 0x1146, 0x1966, 0x1966, 0x1966, 0x1966, 0x1966, \
        0x1966, 0x1966, 0x1966, 0x1966, 0x1966, 0x1966, 0x1966, 0x1966, 0x1966, 0x1966, 0x1966, 0x1966, \
        0x1966, 0x1966, 0x1966, 0x1966, 0x1125, 0x08C4, 0x08C4, 0x08C4, 0x08C4, 0x08C4, 0x08C4, 0x08C4, \
        0x08C4, 0x08C4, 0x08C4, 0x08C4, 0x08C4, 0x08C4, 0x08C4, 0x08C4, 0x08C4, 0x08C4, 0x08C4, 0x08C4, \
        0x08C4, 0x08C4, 0x08C4, 0x08C4, 0x08C4, 0x08C4, 0x08C4, 0x08C4, 0x08C4, 0x08C4, 0x08C4, 0x08C4, \
        0x08C4, 0x08C4, 0x08C4, 0x08C4, 0x08C4, 0x08C4, 0x08C4, 0x08C4, 0x08C4, 0x08C4, 0x08C4, 0x08C4, \
        0x08C4, 0x08C4, 0x08C4, 0x08C4, 0x08C4, 0x08C4, 0x08C4, 0x08C4, 0x10E4, 0x1146, 0x1966, 0x1966, \
        0x1966, 0x1966, 0x1966, 0x1966, 0x1966, 0x1966, 0x1966, 0x1966, 0x1966, 0x1966, 0x1966, 0x1966, \
        0x1966, 0x1966, 0x1966, 0x1966, 0x1966, 0x1966, 0x1145, 0x08E4, 0x08C4, 0x08C4, 0x08C4, 0x08C4, \
        0x08C4, 0x08C4, 0x08C4, 0x08C4, 0x08C4, 0x08C4, 0x08C4, 0x08C4, 0x08C4, 0x08C4, 0x08C4, 0x08C4, \
        0x08C4, 0x08C4, 0x08C4, 0x08C4, 0x08C4, 0x08C4, 0x08C4, 0x10E4, 0x08E4, 0x08C4, 0x08C4, 0x08C4, \
        0x08C4, 0x08C4, 0x08C4, 0x08C4, 0x08C4, 0x08C4, 0x08C4, 0x08C4, 0x08C4, 0x08C4, 0x08C4, 0x08C4, \
        0x08C4, 0x08E4, 0x08E4, 0x08C4, 0x08C4, 0x08C4, 0x08C4, 0x08C4, 0x08C4, 0x08C4, 0x08C4, 0x08C4, \
        0x08C4, 0x08C4, 0x08C4, 0x08C4, 0x08C4, 0x08E4, 0x08C4, 0x08C4, 0x08C4, 0x08C4, 0x08C4, 0x08C4, \
        0x08C4, 0x08C4, 0x08C4, 0x08C4, 0x08C4, 0x08C4, 0x08C4, 0x08C4, 0x08C4, 0x08C4, 0x08C4, 0x08C4, \
        0x08C4, 0x08C4, 0x08C4, 0x08C4, 0x08C4, 0x08C4, 0x08C4, 0x08C4, 0x08C4, 0x08C4, 0x08C4, 0x08C4, \
        0x08C4, 0x08C4, 0x08C4, 0x08C4, 0x08C4, 0x08C4, 0x08C4, 0x08C4, 0x08C4, 0x08C4, 0x08C4, 0x08C4, \
        0x08E4, 0x10E4, 0x10E4, 0x08C4, 0x08C4, 0x08C4, 0x08C4, 0x08C4, 0x08C4, 0x08C4, 0x08C4, 0x08C4, \
        0x08C4, 0x08C4, 0x08C4, 0x08C4, 0x08C4, 0x08C4, 0x08C4, 0x08C4, 0x08C4, 0x08C4, 0x08C4, 0x08C4, \
        0x08C4, 0x08C4, 0x08C4, 0x08C4, 0x08C4, 0x08C4, 0x08C4, 0x08C4, 0x08C4, 0x08C4, 0x08C4, 0x08C4, \
        0x08C4, 0x08C4, 0x08C4, 0x08C4, 0x08C4, 0x08C4, 0x10E4, 0x10E4, 0x08C4, 0x08C4, 0x08C4, 0x08C4, \
        0x08C4, 0x08C4, 0x08C4, 0x08C4, 0x08C4, 0x08C4, 0x08C4, 0x08C4, 0x08C4, 0x08C4, 0x08C4, 0x08C4, \
        0x08C4, 0x08C4, 0x08C4, 0x08C4, 0x08C4, 0x08C4, 0x08C4, 0x10C4, 0x1105, 0x1966, 0x1966, 0x1966, \
        0x1966, 0x1966, 0x1966, 0x1966, 0x1966, 0x1966, 0x1966, 0x1966, 0x1966, 0x1966, 0x1966, 0x1966, \
        0x1966, 0x1966, 0x1966, 0x1966, 0x1966, 0x1966, 0x1125, 0x08C4, 0x08C4, 0x08C4, 0x08C4, 0x08C4, \
        0x08C4, 0x08C4, 0x08C4, 0x08C4, 0x08C4, 0x08C4, 0x08C4, 0x08C4, 0x08C4, 0x08C4, 0x08C4, 0x08C4, \
        0x08C4, 0x08C4, 0x08C4, 0x08C4, 0x08C4, 0x08C4, 0x08C4, 0x08C4, 0x08C4, 0x08C4, 0x08C4, 0x08C4, \
        0x10E4, 0x1146, 0x1966, 0x1966, 0x1966, 0x1966, 0x1966, 0x1966, 0x1966, 0x1966, 0x1966, 0x1966, \
        0x1966, 0x1966, 0x1966, 0x1966, 0x1966, 0x1966, 0x1966, 0x1966, 0x1966, 0x1966, 0x1966, 0x1125, \
        0x08C4, 0x08C4, 0x08C4, 0x08C4, 0x08C4, 0x08C4, 0x08C4, 0x08C4, 0x08C4, 0x08C4, 0x08C4, 0x08C4, \
        0x08C4, 0x08C4, 0x08C4, 0x08C4, 0x08C4, 0x08C4, 0x08C4, 0x08C4, 0x08C4, 0x08C4, 0x08C4, 0x08C4, \
        0x08C4, 0x08C4, 0x08C4, 0x08C4, 0x08C4, 0x08C4, 0x08C4, 0x08C4, 0x08C4, 0x08C4, 0x08C4, 0x08C4, \
        0x08C4, 0x08C4, 0x08C4, 0x08C4, 0x08C4, 0x08C4, 0x08C4, 0x08C4, 0x08C4, 0x08C4, 0x08C4, 0x08C4, \
        0x08C4, 0x08C4, 0x08C4, 0x08C4, 0x08C4, 0x10E4, 0x1966, 0x1966, 0x1966, 0x1966, 0x1966, 0x1966, \
        0x1966, 0x1966, 0x1966, 0x1966, 0x1966, 0x1966, 0x1966, 0x1966, 0x1966, 0x1966, 0x1966, 0x1966, \
        0x1966, 0x1966, 0x1966, 0x1125, 0x08C4, 0x08C4, 0x08C4, 0x08C4, 0x08C4, 0x08C4, 0x08C4, 0x08C4, \
        0x08C4, 0x08C4, 0x08C4, 0x08C4, 0x08C4, 0x08C4, 0x08C4, 0x08C4, 0x08C4, 0x08C4, 0x08C4, 0x08C4, \
        0x08C4, 0x08C4, 0x08C4, 0x1105, 0x08C4, 0x08C4, 0x08C4, 0x08C4, 0x08C4, 0x08C4, 0x08C4, 0x08C4, \
        0x08C4, 0x08C4, 0x08C4, 0x08C4, 0x08C4, 0x08C4, 0x08C4, 0x08C4, 0x08E4, 0x08E4, 0x08C4, 0x08C4, \
        0x08C4, 0x08C4, 0x08C4, 0x08C4, 0x08C4, 0x08C4, 0x08C4, 0x08C4, 0x08C4, 0x08C4, 0x08C4, 0x08C4, \
        0x08C4, 0x10E4, 0x08E4, 0x08C4, 0x08C4, 0x08C4, 0x08C4, 0x08C4, 0x08C4, 0x08C4, 0x08C4, 0x08C4, \
        0x08C4, 0x08C4, 0x08C4, 0x08C4, 0x08C4, 0x08C4, 0x08C4, 0x08C4, 0x08C4, 0x08C4, 0x08C4, 0x08C4, \
        0x08C4, 0x08C4, 0x08C4, 0x08C4, 0x08C4, 0x08C4, 0x08C4, 0x08C4, 0x08C4, 0x08C4, 0x08C4, 0x08C4, \
        0x08C4, 0x08C4, 0x08C4, 0x08C4, 0x08C4, 0x08C4, 0x08C4, 0x08C4, 0x08C4, 0x08C4, 0x10E4, 0x10E4, \
        0x08C4, 0x08C4, 0x08C4, 0x08C4, 0x08C4, 0x08C4, 0x08C4, 0x08C4, 0x08C4, 0x08C4, 0x08C4, 0x08C4, \
        0x08C4, 0x08C4, 0x08C4, 0x08C4, 0x08C4, 0x08C4, 0x08C4, 0x08C4, 0x08C4, 0x08C4, 0x08C4, 0x08C4, \
        0x08C4, 0x08C4, 0x08C4, 0x08C4, 0x08C4, 0x08C4, 0x08C4, 0x08C4, 0x08C4, 0x08C4, 0x08C4, 0x08C4, \
        0x08C4, 0x10E4, 0x10E4, 0x08C4, 0x08C4, 0x08C4, 0x08C4, 0x08C4, 0x08C4, 0x08C4, 0x08C4, 0x08C4, \
        0x08C4, 0x08C4, 0x08C4, 0x08C4, 0x08C4, 0x08C4, 0x08C4, 0x08C4, 0x08C4, 0x08C4, 0x08C4, 0x08C4, \
        0x08C4, 0x08C4, 0x08C4, 0x1105, 0x1966, 0x1966, 0x1966, 0x1966, 0x1966, 0x1966, 0x1966, 0x1966, \
        0x1966, 0x1966, 0x1966, 0x1966, 0x1966, 0x1966, 0x1966, 0x1966, 0x1966, 0x1966, 0x1966, 0x1966, \
        0x1966, 0x1145, 0x08C4, 0x08C4, 0x08C4, 0x08C4, 0x08C4, 0x08C4, 0x08C4, 0x08C4, 0x08C4, 0x08C4, \
        0x08C4, 0x08C4, 0x08C4, 0x08C4, 0x08C4, 0x08C4, 0x08C4, 0x08C4, 0x08C4, 0x08C4, 0x08C4, 0x08C4, \
        0x08C4, 0x08C4, 0x08C4, 0x08C4, 0x08C4, 0x08C4, 0x08C4, 0x08C4, 0x1125, 0x1966, 0x1966, 0x1966, \
        0x1966, 0x1966, 0x1966, 0x1966, 0x1966, 0x1966, 0x1966, 0x1966, 0x1966, 0x1966, 0x1966, 0x1966, \
        0x1966, 0x1966, 0x1966, 0x1966, 0x1966, 0x1966, 0x1146, 0x08E4, 0x08C4, 0x08C4, 0x08C4, 0x08C4, \
        0x08C4, 0x08C4, 0x08C4, 0x08C4, 0x08C4, 0x08C4, 0x08C4, 0x08C4, 0x08C4, 0x08C4, 0x08C4, 0x08C4, \
        0x08C4, 0x08C4, 0x08C4, 0x08C4, 0x08C4, 0x08C4, 0x08C4, 0x08C4, 0x08C4, 0x08C4, 0x08C4, 0x08C4, \
        0x08C4, 0x08C4, 0x08C4, 0x08C4, 0x08C4, 0x08C4, 0x08C4, 0x08C4, 0x08C4, 0x08C4, 0x08C4, 0x08C4, \
        0x08C4, 0x08C4, 0x08C4, 0x08C4, 0x08C4, 0x08C4, 0x08C4, 0x08C4, 0x08C4, 0x08C4, 0x08C4, 0x08C4, \
        0x08C4, 0x08C4, 0x1104, 0x1966, 0x1966, 0x1966, 0x1966, 0x1966, 0x1966, 0x1966, 0x1966, 0x1966, \
        0x1966, 0x1966, 0x1966, 0x1966, 0x1966, 0x1966, 0x1966, 0x1966, 0x1966, 0x1966, 0x1966, 0x1966, \
        0x1105, 0x08C4, 0x08C4, 0x08C4, 0x08C4, 0x08C4, 0x08C4, 0x08C4, 0x08C4, 0x08C4, 0x08C4, 0x08C4, \
        0x08C4, 0x08C4, 0x08C4, 0x08C4, 0x08C4, 0x08C4, 0x08C4, 0x08C4, 0x08C4, 0x08C4, 0x08E4, 0x08E4, \
        0x08C4, 0x08C4, 0x08C4, 0x08C4, 0x08C4, 0x08C4, 0x08C4, 0x08C4, 0x08C4, 0x08C4, 0x08C4, 0x08C4, \
        0x08C4, 0x08C4, 0x08C4, 0x08C4, 0x10E4, 0x10E4, 0x08C4, 0x08C4, 0x08C4, 0x08C4, 0x08C4, 0x08C4, \
        0x08C4, 0x08C4, 0x08C4, 0x08C4, 0x08C4, 0x08C4, 0x08C4, 0x08C4, 0x08C4, 0x08C4, 0x08E4, 0x08C4, \
        0x08C4, 0x08C4, 0x08C4, 0x08C4, 0x08C4, 0x08C4, 0x08C4, 0x08C4, 0x08C4, 0x08C4, 0x08C4, 0x08C4, \
        0x08C4, 0x08C4, 0x08C4, 0x08C4, 0x08C4, 0x08C4, 0x08C4, 0x08C4, 0x08C4, 0x08C4, 0x08C4, 0x08C4, \
        0x08C4, 0x08C4, 0x08C4, 0x08C4, 0x08C4, 0x08C4, 0x08C4, 0x08C4, 0x08C4, 0x08C4, 0x08C4, 0x08C4, \
        0x08C4, 0x08C4, 0x08C4, 0x08C4, 0x08C4, 0x08C4, 0x08C4, 0x08C4, 0x10E4, 0x10E4, 0x08C4, 0x08C4, \
        0x08C4, 0x08C4, 0x08C4, 0x08C4, 0x08C4, 0x08C4, 0x08C4, 0x08C4, 0x08C4, 0x08C4, 0x08C4, 0x08C4, \
        0x08C4, 0x08C4, 0x08C4, 0x08C4, 0x08C4, 0x08C4, 0x08C4, 0x08C4, 0x08C4, 0x08C4, 0x08C4, 0x08C4, \
        0x08C4, 0x08C4, 0x08C4, 0x08C4, 0x08C4, 0x08C4, 0x08C4, 0x08C4, 0x08E4, 0x08E4, 0x08C4, 0x08C4, \
        0x08C4, 0x08C4, 0x08C4, 0x08C4, 0x08C4, 0x08C4, 0x08C4, 0x08C4, 0x08C4, 0x08C4, 0x08C4, 0x08C4, \
        0x08C4, 0x08C4, 0x08C4, 0x08C4, 0x08C4, 0x08C4, 0x08C4, 0x08C4, 0x08C4, 0x10C4, 0x10E4, 0x1966, \
        0x1966, 0x1966, 0x1966, 0x1966, 0x1966, 0x1966, 0x1966, 0x1966, 0x1966, 0x1966, 0x1966, 0x1966, \
        0x1966, 0x1966, 0x1966, 0x1966, 0x1966, 0x1966, 0x1966, 0x1966, 0x1946, 0x10E4, 0x08C4, 0x08C4, \
        0x08C4, 0x08C4, 0x08C4, 0x08C4, 0x08C4, 0x08C4, 0x08C4, 0x08C4, 0x08C4, 0x08C4, 0x08C4, 0x08C4, \
        0x08C4, 0x08C4, 0x08C4, 0x08C4, 0x08C4, 0x08C4, 0x08C4, 0x08C4, 0x08C4, 0x08C4, 0x08C4, 0x08C4, \
        0x08C4, 0x08C4, 0x08C4, 0x1105, 0x1966, 0x1966, 0x1966, 0x1966, 0x1966, 0x1966, 0x1966, 0x1966, \
        0x1966, 0x1966, 0x1966, 0x1966, 0x1966, 0x1966, 0x1966, 0x1966, 0x1966, 0x1966, 0x1966, 0x1966, \
        0x1966, 0x1966, 0x10E4, 0x08C4, 0x08C4, 0x08C4, 0x08C4, 0x08C4, 0x08C4, 0x08C4, 0x08C4, 0x08C4, \
        0x08C4, 0x08C4, 0x08C4, 0x08C4, 0x08C4, 0x08C4, 0x08C4, 0x08C4, 0x08C4, 0x08C4, 0x08C4, 0x08C4, \
        0x08C4, 0x08C4, 0x08C4, 0x08C4, 0x08C4, 0x08C4, 0x08C4, 0x08C4, 0x08C4, 0x08C4, 0x08C4, 0x08C4, \
        0x08C4, 0x08C4, 0x08C4, 0x08C4, 0x08C4, 0x08C4, 0x08C4, 0x08C4, 0x08C4, 0x08C4, 0x08C4, 0x08C4, \
        0x08C4, 0x08C4, 0x08C4, 0x08C4, 0x08C4, 0x08C4, 0x08C4, 0x08C4, 0x08C4, 0x08C4, 0x08C4, 0x1125, \
        0x1966, 0x1966, 0x1966, 0x1966, 0x1966, 0x1966, 0x1966, 0x1966, 0x1966, 0x1966, 0x1966, 0x1966, \
        0x1966, 0x1966, 0x1966, 0x1966, 0x1966, 0x1966, 0x1966, 0x1966, 0x1146, 0x08E4, 0x08C4, 0x08C4, \
        0x08C4, 0x08C4, 0x08C4, 0x08C4, 0x08C4, 0x08C4, 0x08C4, 0x08C4, 0x08C4, 0x08C4, 0x08C4, 0x08C4, \
        0x08C4, 0x08C4, 0x08C4, 0x08C4, 0x08C4, 0x08C4, 0x10E4, 0x08C4, 0x08C4, 0x08C4, 0x08C4, 0x08C4, \
        0x08C4, 0x08C4, 0x08C4, 0x08C4, 0x08C4, 0x08C4, 0x08C4, 0x08C4, 0x08C4, 0x08C4, 0x08C4, 0x08C4, \
        0x08E4, 0x08E4, 0x08C4, 0x08C4, 0x08C4, 0x08C4, 0x08C4, 0x08C4, 0x08C4, 0x08C4, 0x08C4, 0x08C4, \
        0x08C4, 0x08C4, 0x08C4, 0x08C4, 0x08C4, 0x08C4, 0x10E4, 0x08E4, 0x08C4, 0x08C4, 0x08C4, 0x08C4, \
        0x08C4, 0x08C4, 0x08C4, 0x08C4, 0x08C4, 0x08C4, 0x08C4, 0x08C4, 0x08C4, 0x08C4, 0x08C4, 0x08C4, \
        0x08C4, 0x08C4, 0x08C4, 0x08C4, 0x08C4, 0x08C4, 0x08C4, 0x08C4, 0x08C4, 0x08C4, 0x08C4, 0x08C4, \
        0x08C4, 0x08C4, 0x08C4, 0x08C4, 0x08C4, 0x08C4, 0x08C4, 0x08C4, 0x08C4, 0x08C4, 0x08C4, 0x08C4, \
        0x08C4, 0x08C4, 0x10C4, 0x08C4, 0x08C4, 0x08C4, 0x1105, 0x08C4, 0x08C4, 0x08C4, 0x08C4, 0x08C4, \
        0x08C4, 0x08C4, 0x08C4, 0x08C4, 0x08C4, 0x08C4, 0x08C4, 0x08C4, 0x08C4, 0x08C4, 0x08C4, 0x08C4, \
        0x08C4, 0x08C4, 0x08C4, 0x08C4, 0x08C4, 0x08C4, 0x08C4, 0x08C4, 0x08C4, 0x08C4, 0x08C4, 0x08C4, \
        0x08C4, 0x08C4, 0x08C4, 0x10E4, 0x08C4, 0x08C4, 0x08C4, 0x08C4, 0x08C4, 0x08C4, 0x08C4, 0x08C4, \
        0x08C4, 0x08C4, 0x08C4, 0x08C4, 0x08C4, 0x08C4, 0x08C4, 0x08C4, 0x08C4, 0x08C4, 0x08C4, 0x08C4, \
        0x08C4, 0x08C4, 0x08C4, 0x08C4, 0x08C4, 0x08C4, 0x1946, 0x1966, 0x1966, 0x1966, 0x1966, 0x1966, \
        0x1966, 0x1966, 0x1966, 0x1966, 0x1966, 0x1966, 0x1966, 0x1966, 0x1966, 0x1966, 0x1966, 0x1966, \
        0x1966, 0x1966, 0x1966, 0x1966, 0x1105, 0x08C4, 0x08C4, 0x08C4, 0x08C4, 0x08C4, 0x08C4, 0x08C4, \
        0x08C4, 0x08C4, 0x08C4, 0x08C4, 0x08C4, 0x08C4, 0x08C4, 0x08C4, 0x08C4, 0x08C4, 0x08C4, 0x08C4, \
        0x08C4, 0x08C4, 0x08C4, 0x08C4, 0x08C4, 0x08C4, 0x08C4, 0x08C4, 0x08C4, 0x08C4, 0x10E4, 0x1946, \
        0x1966, 0x1966, 0x1966, 0x1966, 0x1966, 0x1966, 0x1966, 0x1966, 0x1966, 0x1966, 0x1966, 0x1966, \
        0x1966, 0x1966, 0x1966, 0x1966, 0x1966, 0x1966, 0x1966, 0x1966, 0x1966, 0x1105, 0x08C4, 0x08C4, \
        0x08C4, 0x08C4, 0x08C4, 0x08C4, 0x08C4, 0x08C4, 0x08C4, 0x08C4, 0x08C4, 0x08C4, 0x08C4, 0x08C4, \
        0x08C4, 0x08C4, 0x08C4, 0x08C4, 0x08C4, 0x08C4, 0x08C4, 0x08C4, 0x08C4, 0x08C4, 0x08C4, 0x08C4, \
        0x08C4, 0x08C4, 0x08C4, 0x08C4, 0x08C4, 0x08C4, 0x08C4, 0x08C4, 0x08C4, 0x08C4, 0x08C4, 0x08C4, \
        0x08C4, 0x08C4, 0x08C4, 0x08C4, 0x08C4, 0x08C4, 0x08C4, 0x08C4, 0x08C4, 0x08C4, 0x08C4, 0x08C4, \
        0x08C4, 0x08C4, 0x08C4, 0x08C4, 0x08C4, 0x08C4, 0x08C4, 0x08E4, 0x1145, 0x1966, 0x1966, 0x1966, \
        0x1966, 0x1966, 0x1966, 0x1966, 0x1966, 0x1966, 0x1966, 0x1966, 0x1966, 0x1966, 0x1966, 0x1966, \
        0x1966, 0x1966, 0x1966, 0x1966, 0x1966, 0x1146, 0x08C4, 0x08C4, 0x08C4, 0x08C4, 0x08C4, 0x08C4, \
        0x08C4, 0x08C4, 0x08C4, 0x08C4, 0x08C4, 0x08C4, 0x08C4, 0x08C4, 0x08C4, 0x08C4, 0x08C4, 0x08C4, \
        0x08C4, 0x08C4, 0x0905, 0x08C4, 0x08C4, 0x08C4, 0x08C4, 0x08C4, 0x08C4, 0x08C4, 0x08C4, 0x08C4, \
        0x08C4, 0x08C4, 0x08C4, 0x08C4, 0x08C4, 0x08C4, 0x08C4, 0x08C4, 0x08E4, 0x08E4, 0x08C4, 0x08C4, \
        0x08C4, 0x08C4, 0x08C4, 0x08C4, 0x08C4, 0x08C4, 0x08C4, 0x08C4, 0x08C4, 0x08C4, 0x08C4, 0x08C4, \
        0x08C4, 0x08C4, 0x08C4, 0x10E4, 0x08C4, 0x08C4, 0x08C4, 0x08C4, 0x08C4, 0x08C4, 0x08C4, 0x08C4, \
        0x08C4, 0x08C4, 0x08C4, 0x08C4, 0x08C4, 0x08C4, 0x08C4, 0x08C4, 0x08C4, 0x08C4, 0x08C4, 0x08C4, \
        0x08C4, 0x08C4, 0x08C4, 0x08C4, 0x1105, 0x08C4, 0x08C4, 0x08C4, 0x08C4, 0x08C4, 0x08C4, 0x08C4, \
        0x08C4, 0x08C4, 0x08C4, 0x08C4, 0x08C4, 0x08C4, 0x08C4, 0x08C4, 0x08C4, 0x08C4, 0x08C4, 0x08C4, \
        0x08C4, 0x08C4, 0x08C4, 0x10E4, 0x1105, 0x10E4, 0x10C4, 0x10C4, 0x08C4, 0x08C4, 0x08C4, 0x08C4, \
        0x08C4, 0x08C4, 0x08C4, 0x08C4, 0x10C4, 0x08C4, 0x08C4, 0x08C4, 0x08C4, 0x08C4, 0x08C4, 0x08C4, \
        0x08C4, 0x08C4, 0x08C4, 0x08C4, 0x08C4, 0x08C4, 0x08C4, 0x08C4, 0x10E4, 0x08E4, 0x08E5, 0x08C4, \
        0x08C4, 0x08C4, 0x08C4, 0x08C4, 0x08C4, 0x08C4, 0x08C4, 0x08C4, 0x08C4, 0x08C4, 0x08C4, 0x08C4, \
        0x08C4, 0x08C4, 0x08C4, 0x08C4, 0x08C4, 0x08C4, 0x08C4, 0x08C4, 0x08C4, 0x08C4, 0x08C4, 0x08C4, \
        0x08C4, 0x1125, 0x1966, 0x1966, 0x1966, 0x1966, 0x1966, 0x1966, 0x1966, 0x1966, 0x1966, 0x1966, \
        0x1966, 0x1966, 0x1966, 0x1966, 0x1966, 0x1966, 0x1966, 0x1966, 0x1966, 0x1966, 0x1966, 0x1105, \
        0x08C4, 0x08C4, 0x08C4, 0x08C4, 0x08C4, 0x08C4, 0x08C4, 0x08C4, 0x08C4, 0x08C4, 0x08C4, 0x08C4, \
        0x08C4, 0x08C4, 0x08C4, 0x08C4, 0x08C4, 0x08C4, 0x08C4, 0x08C4, 0x08C4, 0x08C4, 0x08C4, 0x08C4, \
        0x08C4, 0x08C4, 0x08C4, 0x08C4, 0x08C4, 0x10E4, 0x1145, 0x1966, 0x1966, 0x1966, 0x1966, 0x1966, \
        0x1966, 0x1966, 0x1966, 0x1966, 0x1966, 0x1966, 0x1966, 0x1966, 0x1966, 0x1966, 0x1966, 0x1966, \
        0x1966, 0x1966, 0x1966, 0x1966, 0x1125, 0x08C4, 0x08C4, 0x08C4, 0x08C4, 0x08C4, 0x08C4, 0x08C4, \
        0x08C4, 0x08C4, 0x08C4, 0x08C4, 0x08C4, 0x08C4, 0x08C4, 0x08C4, 0x08C4, 0x08C4, 0x08C4, 0x08C4, \
        0x08C4, 0x08C4, 0x08C4, 0x08C4, 0x08C4, 0x08C4, 0x08C4, 0x08C4, 0x08C4, 0x08C4, 0x08C4, 0x08C4, \
        0x08C4, 0x08C4, 0x08C4, 0x08C4, 0x08C4, 0x08C4, 0x08C4, 0x08C4, 0x08C4, 0x08C4, 0x08C4, 0x08C4, \
        0x08C4, 0x08C4, 0x08C4, 0x08C4, 0x08C4, 0x08C4, 0x08C4, 0x08C4, 0x08C4, 0x08C4, 0x08C4, 0x08C4, \
        0x08C4, 0x08C4, 0x08C4, 0x08C4, 0x10E4, 0x1146, 0x1966, 0x1966, 0x1966, 0x1966, 0x1966, 0x1966, \
        0x1966, 0x1966, 0x1966, 0x1966, 0x1966, 0x1966, 0x1966, 0x1966, 0x1966, 0x1966, 0x1966, 0x1966, \
        0x1966, 0x1966, 0x1125, 0x08C4, 0x08C4, 0x08C4, 0x08C4, 0x08C4, 0x08C4, 0x08C4, 0x08C4, 0x08C4, \
        0x08C4, 0x08C4, 0x08C4, 0x08C4, 0x08C4, 0x08C4, 0x08C4, 0x08C4, 0x08C4, 0x08C4, 0x10E4, 0x08C4, \
        0x08C4, 0x08C4, 0x08C4, 0x08C4, 0x08C4, 0x08C4, 0x08C4, 0x08C4, 0x08C4, 0x08C4, 0x08C4, 0x08C4, \
        0x08C4, 0x08C4, 0x08C4, 0x08C4, 0x08E4, 0x08E4, 0x08C4, 0x08C4, 0x08C4, 0x08C4, 0x08C4, 0x08C4, \
        0x08C4, 0x08C4, 0x08C4, 0x08C4, 0x08C4, 0x08C4, 0x08C4, 0x08C4, 0x08C4, 0x08C4, 0x08C4, 0x08C4, \
        0x08E4, 0x08C4, 0x08C4, 0x08C4, 0x08C4, 0x08C4, 0x08C4, 0x08C4, 0x08C4, 0x08C4, 0x08C4, 0x08C4, \
        0x08C4, 0x08C4, 0x08C4, 0x08C4, 0x08C4, 0x08C4, 0x08C4, 0x08C4, 0x08C4, 0x08C4, 0x08C4, 0x08C4, \
        0x08C4, 0x1104, 0x08E4, 0x08C4, 0x08C4, 0x08C4, 0x08C4, 0x08C4, 0x08C4, 0x08C4, 0x08C4, 0x08C4, \
        0x08C4, 0x08C4, 0x08C4, 0x08C4, 0x08C4, 0x08C4, 0x08C4, 0x08C4, 0x08C4, 0x08C4, 0x08C4, 0x08C4, \
        0x08C4, 0x08E4, 0x10E4, 0x08E4, 0x10E4, 0x08E4, 0x08C4, 0x08C4, 0x08C4, 0x08C4, 0x08C4, 0x08C4, \
        0x08C4, 0x08C4, 0x08C4, 0x08C4, 0x08C4, 0x08C4, 0x08C4, 0x08C4, 0x08C4, 0x08C4, 0x08C4, 0x08C4, \
        0x08C4, 0x08C4, 0x08E4, 0x08C4, 0x10E5, 0x08C4, 0x08C4, 0x08C4, 0x08C4, 0x08C4, 0x08C4, 0x08C4, \
        0x08C4, 0x08C4, 0x08C4, 0x08C4, 0x08C4, 0x08C4, 0x08C4, 0x08C4, 0x08C4, 0x08C4, 0x08C4, 0x08C4, \
        0x08C4, 0x08C4, 0x08C4, 0x08C4, 0x08C4, 0x08C4, 0x08C4, 0x08C4, 0x1105, 0x1966, 0x1966, 0x1966, \
        0x1966, 0x1966, 0x1966, 0x1966, 0x1966, 0x1966, 0x1966, 0x1966, 0x1966, 0x1966, 0x1966, 0x1966, \
        0x1966, 0x1966, 0x1966, 0x1966, 0x1966, 0x1966, 0x1125, 0x08E4, 0x08C4, 0x08C4, 0x08C4, 0x08C4, \
        0x08C4, 0x08C4, 0x08C4, 0x08C4, 0x08C4, 0x08C4, 0x08C4, 0x08C4, 0x08C4, 0x08C4, 0x08C4, 0x08C4, \
        0x08C4, 0x08C4, 0x08C4, 0x08C4, 0x08C4, 0x08C4, 0x08C4, 0x08C4, 0x08C4, 0x08C4, 0x08C4, 0x08C4, \
        0x10E4, 0x1125, 0x1966, 0x1966, 0x1966, 0x1966, 0x1966, 0x1966, 0x1966, 0x1966, 0x1966, 0x1966, \
        0x1966, 0x1966, 0x1966, 0x1966, 0x1966, 0x1966, 0x1966, 0x1966, 0x1966, 0x1966, 0x1966, 0x1125, \
        0x08E4, 0x08C4, 0x08C4, 0x08C4, 0x08C4, 0x08C4, 0x08C4, 0x08C4, 0x08C4, 0x08C4, 0x08C4, 0x08C4, \
        0x08C4, 0x08C4, 0x08C4, 0x08C4, 0x08C4, 0x08C4, 0x08C4, 0x08C4, 0x08C4, 0x08C4, 0x08C4, 0x08C4, \
        0x08C4, 0x08C4, 0x08C4, 0x08C4, 0x08C4, 0x08C4, 0x08C4, 0x08C4, 0x08C4, 0x08C4, 0x08C4, 0x08C4, \
        0x08C4, 0x08C4, 0x08C4, 0x08C4, 0x08C4, 0x08C4, 0x08C4, 0x08C4, 0x08C4, 0x08C4, 0x08C4, 0x08C4, \
        0x08C4, 0x08C4, 0x08C4, 0x08C4, 0x08C4, 0x08C4, 0x08C4, 0x08C4, 0x08C4, 0x08C4, 0x08C4, 0x08C4, \
        0x08C4, 0x1105, 0x1166, 0x1966, 0x1966, 0x1966, 0x1966, 0x1966, 0x1966, 0x1966, 0x1966, 0x1966, \
        0x1966, 0x1966, 0x1966, 0x1966, 0x1966, 0x1966, 0x1966, 0x1966, 0x1966, 0x1966, 0x1966, 0x1105, \
        0x08C4, 0x08C4, 0x08C4, 0x08C4, 0x08C4, 0x08C4, 0x08C4, 0x08C4, 0x08C4, 0x08C4, 0x08C4, 0x08C4, \
        0x08C4, 0x08C4, 0x08C4, 0x08C4, 0x08C4, 0x08C4, 0x08E4, 0x08C4, 0x08C4, 0x08C4, 0x08C4, 0x08C4, \
        0x08C4, 0x08C4, 0x08C4, 0x08C4, 0x08C4, 0x08C4, 0x08C4, 0x08C4, 0x08C4, 0x08C4, 0x08C4, 0x08C4, \
        0x08E4, 0x08E4, 0x08C4, 0x08C4, 0x08C4, 0x08C4, 0x08C4, 0x08C4, 0x08C4, 0x08C4, 0x08C4, 0x08C4, \
        0x08C4, 0x08C4, 0x08C4, 0x08C4, 0x08C4, 0x08C4, 0x08C4, 0x08C4, 0x08C4, 0x08E4, 0x08E4, 0x08C4, \
        0x08C4, 0x08C4, 0x08C4, 0x08C4, 0x08C4, 0x08C4, 0x08C4, 0x08C4, 0x08C4, 0x08C4, 0x08C4, 0x08C4, \
        0x08C4, 0x08C4, 0x08C4, 0x08C4, 0x08C4, 0x08C4, 0x08C4, 0x08C4, 0x08C4, 0x08C4, 0x08E4, 0x08E4, \
        0x08C4, 0x08C4, 0x08C4, 0x08C4, 0x08C4, 0x08C4, 0x08C4, 0x08C4, 0x08C4, 0x08C4, 0x08C4, 0x08C4, \
        0x08C4, 0x08C4, 0x08C4, 0x08C4, 0x08C4, 0x08C4, 0x08C4, 0x08C4, 0x08C4, 0x08C4, 0x08C4, 0x08C4, \
        0x10E4, 0x08E4, 0x08E4, 0x10E4, 0x08E4, 0x08C4, 0x08C4, 0x08C4, 0x08C4, 0x08C4, 0x08C4, 0x08C4, \
        0x08C4, 0x08C4, 0x08C4, 0x08C4, 0x08C4, 0x08C4, 0x08C4, 0x10E4, 0x10E4, 0x08E4, 0x08E4, 0x08C4, \
        0x08C4, 0x08C4, 0x08C4, 0x08C4, 0x08C4, 0x08C4, 0x08C4, 0x08C4, 0x08C4, 0x08C4, 0x08C4, 0x08C4, \
        0x08C4, 0x08C4, 0x08C4, 0x08C4, 0x08C4, 0x08C4, 0x08C4, 0x08C4, 0x08C4, 0x08C4, 0x08C4, 0x08C4, \
        0x08C4, 0x08C4, 0x08C4, 0x1104, 0x1946, 0x1966, 0x1966, 0x1966, 0x1966, 0x1966, 0x1966, 0x1966, \
        0x1966, 0x1966, 0x1966, 0x1966, 0x1966, 0x1966, 0x1966, 0x1966, 0x1966, 0x1966, 0x1966, 0x1966, \
        0x1966, 0x1145, 0x10E4, 0x08C4, 0x08C4, 0x08C4, 0x08C4, 0x08C4, 0x08C4, 0x08C4, 0x08C4, 0x08C4, \
        0x08C4, 0x08C4, 0x08C4, 0x08C4, 0x08C4, 0x08C4, 0x08C4, 0x08C4, 0x08C4, 0x08C4, 0x08C4, 0x08C4, \
        0x08C4, 0x08C4, 0x08C4, 0x08C4, 0x08C4, 0x08C4, 0x08C4, 0x08C4, 0x1105, 0x1966, 0x1966, 0x1966, \
        0x1966, 0x1966, 0x1966, 0x1966, 0x1966, 0x1966, 0x1966, 0x1966, 0x1966, 0x1966, 0x1966, 0x1966, \
        0x1966, 0x1966, 0x1966, 0x1966, 0x1966, 0x1966, 0x1146, 0x10E4, 0x08C4, 0x08C4, 0x08C4, 0x08C4, \
        0x08C4, 0x08C4, 0x08C4, 0x08C4, 0x08C4, 0x08C4, 0x08C4, 0x08C4, 0x08C4, 0x08C4, 0x08C4, 0x08C4, \
        0x08C4, 0x08C4, 0x08C4, 0x08C4, 0x08C4, 0x08C4, 0x08C4, 0x08C4, 0x08C4, 0x08C4, 0x08C4, 0x08C4, \
        0x08C4, 0x08C4, 0x08C4, 0x08C4, 0x08C4, 0x08C4, 0x08C4, 0x08C4, 0x08C4, 0x08C4, 0x08C4, 0x08C4, \
        0x08C4, 0x08C4, 0x08C4, 0x08C4, 0x08C4, 0x08C4, 0x08C4, 0x08C4, 0x08C4, 0x08C4, 0x08C4, 0x08C4, \
        0x08C4, 0x08C4, 0x08C4, 0x08C4, 0x08C4, 0x08C4, 0x08C4, 0x08C4, 0x08C4, 0x08C4, 0x1125, 0x1966, \
        0x1966, 0x1966, 0x1966, 0x1966, 0x1966, 0x1966, 0x1966, 0x1966, 0x1966, 0x1966, 0x1966, 0x1966, \
        0x1966, 0x1966, 0x1966, 0x1966, 0x1966, 0x1966, 0x1966, 0x1146, 0x10E4, 0x08C4, 0x08C4, 0x08C4, \
        0x08C4, 0x08C4, 0x08C4, 0x08C4, 0x08C4, 0x08C4, 0x08C4, 0x08C4, 0x08C4, 0x08C4, 0x08C4, 0x08C4, \
        0x08C4, 0x08E4, 0x08E4, 0x08C4, 0x08C4, 0x08C4, 0x08C4, 0x08C4, 0x08C4, 0x08C4, 0x08C4, 0x08C4, \
        0x08C4, 0x08C4, 0x08C4, 0x08C4, 0x08C4, 0x08C4, 0x08C4, 0x08C4, 0x08E4, 0x08E4, 0x08C4, 0x08C4, \
        0x08C4, 0x08C4, 0x08C4, 0x08C4, 0x08C4, 0x08C4, 0x08C4, 0x08C4, 0x08C4, 0x08C4, 0x08C4, 0x08C4, \
        0x08C4, 0x08C4, 0x08C4, 0x08C4, 0x08C4, 0x08C4, 0x08C4, 0x08E4, 0x08E4, 0x08E4, 0x08C4, 0x08C4, \
        0x08C4, 0x08C4, 0x08C4, 0x08C4, 0x08C4, 0x08C4, 0x08C4, 0x08C4, 0x08C4, 0x08C4, 0x08C4, 0x08C4, \
        0x08C4, 0x08C4, 0x08C4, 0x08C4, 0x08C4, 0x08C4, 0x08C4, 0x08C4, 0x10E4, 0x08E4, 0x08C4, 0x08C4, \
        0x08C4, 0x08C4, 0x08C4, 0x08C4, 0x08C4, 0x08C4, 0x08C4, 0x08C4, 0x08C4, 0x08C4, 0x08C4, 0x08C4, \
        0x08C4, 0x08C4, 0x08C4, 0x08C4, 0x08C4, 0x08C4, 0x08C4, 0x08C4, 0x08C4, 0x08C4, 0x08E4, 0x10E4, \
        0x10E4, 0x08C4, 0x10E4, 0x1104, 0x1105, 0x10E4, 0x10E4, 0x08E4, 0x08E4, 0x08E4, 0x10E4, 0x1104, \
        0x10E4, 0x10E4, 0x08C4, 0x10E4, 0x10E4, 0x08C4, 0x08C4, 0x08C4, 0x08C4, 0x08C4, 0x08C4, 0x08C4, \
        0x08C4, 0x08C4, 0x08C4, 0x08C4, 0x08C4, 0x08C4, 0x08C4, 0x08C4, 0x08C4, 0x08C4, 0x08C4, 0x08C4, \
        0x08C4, 0x08C4, 0x08C4, 0x08C4, 0x08C4, 0x08C4, 0x08C4, 0x08C4, 0x08C4, 0x08C4, 0x10E4, 0x1145, \
        0x1966, 0x1966, 0x1966, 0x1966, 0x1966, 0x1966, 0x1966, 0x1966, 0x1966, 0x1966, 0x1966, 0x1966, \
        0x1966, 0x1966, 0x1966, 0x1966, 0x1966, 0x1966, 0x1966, 0x1966, 0x1966, 0x10E4, 0x08C4, 0x08C4, \
        0x08C4, 0x08C4, 0x08C4, 0x08C4, 0x08C4, 0x08C4, 0x08C4, 0x08C4, 0x08C4, 0x08C4, 0x08C4, 0x08C4, \
        0x08C4, 0x08C4, 0x08C4, 0x08C4, 0x08C4, 0x08C4, 0x08C4, 0x08C4, 0x08C4, 0x08C4, 0x08C4, 0x08C4, \
        0x08C4, 0x08C4, 0x08C4, 0x1104, 0x1946, 0x1966, 0x1966, 0x1966, 0x1966, 0x1966, 0x1966, 0x1966, \
        0x1966, 0x1966, 0x1966, 0x1966, 0x1966, 0x1966, 0x1966, 0x1966, 0x1966, 0x1966, 0x1966, 0x1966, \
        0x1966, 0x1966, 0x1104, 0x08C4, 0x08C4, 0x08C4, 0x08C4, 0x08C4, 0x08C4, 0x08C4, 0x08C4, 0x08C4, \
        0x08C4, 0x08C4, 0x08C4, 0x08C4, 0x08C4, 0x08C4, 0x08C4, 0x08C4, 0x08C4, 0x08C4, 0x08C4, 0x08C4, \
        0x08C4, 0x08C4, 0x08C4, 0x08C4, 0x08C4, 0x08C4, 0x08C4, 0x08C4, 0x08C4, 0x08C4, 0x08C4, 0x08C4, \
        0x08C4, 0x08C4, 0x08C4, 0x08C4, 0x08C4, 0x08C4, 0x08C4, 0x08C4, 0x08C4, 0x08C4, 0x08C4, 0x08C4, \
        0x08C4, 0x08C4, 0x08C4, 0x08C4, 0x08C4, 0x08C4, 0x08C4, 0x08C4, 0x08C4, 0x08C4, 0x08C4, 0x08C4, \
        0x08C4, 0x08C4, 0x08C4, 0x08C4, 0x08C4, 0x08C4, 0x10E4, 0x1125, 0x1966, 0x1966, 0x1966, 0x1966, \
        0x1966, 0x1966, 0x1966, 0x1966, 0x1966, 0x1966, 0x1966, 0x1966, 0x1966, 0x1966, 0x1966, 0x1966, \
        0x1966, 0x1966, 0x1966, 0x1966, 0x1145, 0x08E4, 0x08C4, 0x08C4, 0x08C4, 0x08C4, 0x08C4, 0x08C4, \
        0x08C4, 0x08C4, 0x08C4, 0x08C4, 0x08C4, 0x08C4, 0x08C4, 0x08C4, 0x08C4, 0x08E4, 0x08C4, 0x08C4, \
        0x08C4, 0x08C4, 0x08C4, 0x08C4, 0x08C4, 0x08C4, 0x08C4, 0x08C4, 0x08C4, 0x08C4, 0x08C4, 0x08C4, \
        0x08C4, 0x08C4, 0x08C4, 0x08C4, 0x08E4, 0x10E4, 0x08C4, 0x08C4, 0x08C4, 0x08C4, 0x08C4, 0x08C4, \
        0x08C4, 0x08C4, 0x08C4, 0x08C4, 0x08C4, 0x08C4, 0x08C4, 0x08C4, 0x08C4, 0x08C4, 0x08C4, 0x08C4, \
        0x08C4, 0x08C4, 0x08C4, 0x08C4, 0x08C4, 0x08E4, 0x08E4, 0x10E4, 0x08C4, 0x08C4, 0x08C4, 0x08C4, \
        0x08C4, 0x08C4, 0x08C4, 0x08C4, 0x08C4, 0x08C4, 0x08C4, 0x08C4, 0x08C4, 0x08C4, 0x08C4, 0x08C4, \
        0x08C4, 0x08C4, 0x08C4, 0x08C4, 0x08C4, 0x08E4, 0x08E4, 0x08C4, 0x08C4, 0x08C4, 0x08C4, 0x08C4, \
        0x08C4, 0x08C4, 0x08C4, 0x08C4, 0x08C4, 0x08C4, 0x08C4, 0x08C4, 0x08C4, 0x08C4, 0x08C4, 0x08C4, \
        0x08C4, 0x08C4, 0x08C4, 0x08C4, 0x08C4, 0x08C4, 0x08C4, 0x08C4, 0x08C4, 0x08C4, 0x10E4, 0x10E4, \
        0x10E4, 0x10E4, 0x08C4, 0x08C4, 0x08C4, 0x08E4, 0x10E4, 0x10E4, 0x08E4, 0x08C4, 0x08C4, 0x08C4, \
        0x08C4, 0x08C4, 0x08C4, 0x08C4, 0x08C4, 0x08C4, 0x08C4, 0x08C4, 0x08C4, 0x08C4, 0x08C4, 0x08C4, \
        0x08C4, 0x08C4, 0x08C4, 0x08C4, 0x08C4, 0x08C4, 0x08C4, 0x08C4, 0x08C4, 0x08C4, 0x08C4, 0x08C4, \
        0x08C4, 0x08C4, 0x08C4, 0x08C4, 0x08C4, 0x10E4, 0x1125, 0x1966, 0x1966, 0x1966, 0x1966, 0x1966, \
        0x1966, 0x1966, 0x1966, 0x1966, 0x1966, 0x1966, 0x1966, 0x1966, 0x1966, 0x1966, 0x1966, 0x1966, \
        0x1966, 0x1966, 0x1966, 0x1966, 0x1105, 0x08C4, 0x08C4, 0x08C4, 0x08C4, 0x08C4, 0x08C4, 0x08C4, \
        0x08C4, 0x08C4, 0x08C4, 0x08C4, 0x08C4, 0x08C4, 0x08C4, 0x08C4, 0x08C4, 0x08C4, 0x08C4, 0x08C4, \
        0x08C4, 0x08C4, 0x08C4, 0x08C4, 0x08C4, 0x08C4, 0x08C4, 0x08C4, 0x08C4, 0x08C4, 0x10E4, 0x1146, \
        0x1966, 0x1966, 0x1966, 0x1966, 0x1966, 0x1966, 0x1966, 0x1966, 0x1966, 0x1966, 0x1966, 0x1966, \
        0x1966, 0x1966, 0x1966, 0x1966, 0x1966, 0x1966, 0x1966, 0x1966, 0x1966, 0x1105, 0x08C4, 0x08C4, \
        0x08C4, 0x08C4, 0x08C4, 0x08C4, 0x08C4, 0x08C4, 0x08C4, 0x08C4, 0x08C4, 0x08C4, 0x08C4, 0x08C4, \
        0x08C4, 0x08C4, 0x08C4, 0x08C4, 0x08C4, 0x08C4, 0x08C4, 0x08C4, 0x08C4, 0x08C4, 0x08C4, 0x08C4, \
        0x08C4, 0x08C4, 0x08C4, 0x08C4, 0x08C4, 0x08C4, 0x08C4, 0x08C4, 0x08C4, 0x08C4, 0x08C4, 0x08C4, \
        0x08C4, 0x08C4, 0x08C4, 0x08C4, 0x08C4, 0x08C4, 0x08C4, 0x08C4, 0x08C4, 0x08C4, 0x08C4, 0x08C4, \
        0x08C4, 0x08C4, 0x08C4, 0x08C4, 0x08C4, 0x08C4, 0x08C4, 0x08C4, 0x08C4, 0x08C4, 0x08C4, 0x08C4, \
        0x08C4, 0x08C4, 0x08C4, 0x10E4, 0x1966, 0x1966, 0x1966, 0x1966, 0x1966, 0x1966, 0x1966, 0x1966, \
        0x1966, 0x1966, 0x1966, 0x1966, 0x1966, 0x1966, 0x1966, 0x1966, 0x1966, 0x1966, 0x1966, 0x1966, \
        0x1966, 0x1125, 0x08C4, 0x08C4, 0x08C4, 0x08C4, 0x08C4, 0x08C4, 0x08C4, 0x08C4, 0x08C4, 0x08C4, \
        0x08C4, 0x08C4, 0x08C4, 0x08C4, 0x08C4, 0x08E4, 0x08C4, 0x08C4, 0x08C4, 0x08C4, 0x08C4, 0x08C4, \
        0x08C4, 0x08C4, 0x08C4, 0x08C4, 0x08C4, 0x08C4, 0x08C4, 0x08C4, 0x08C4, 0x08C4, 0x08C4, 0x08C4, \
        0x08C4, 0x10E4, 0x08C4, 0x08C4, 0x08C4, 0x08C4, 0x08C4, 0x08C4, 0x08C4, 0x08C4, 0x08C4, 0x08C4, \
        0x08C4, 0x08C4, 0x08C4, 0x08C4, 0x08C4, 0x08C4, 0x08C4, 0x08C4, 0x08C4, 0x08C4, 0x08C4, 0x08C4, \
        0x08C4, 0x08C4, 0x08C4, 0x10E4, 0x08C4, 0x1105, 0x10E4, 0x08C4, 0x08C4, 0x08C4, 0x08C4, 0x08C4, \
        0x08C4, 0x08C4, 0x08C4, 0x08C4, 0x08C4, 0x08C4, 0x08C4, 0x08C4, 0x08C4, 0x08C4, 0x08C4, 0x08C4, \
        0x08C4, 0x08C4, 0x08E4, 0x10E4, 0x08C4, 0x08C4, 0x08C4, 0x08C4, 0x08C4, 0x08C4, 0x08C4, 0x08C4, \
        0x08C4, 0x08C4, 0x08C4, 0x08C4, 0x08C4, 0x08C4, 0x08C4, 0x08C4, 0x08C4, 0x08C4, 0x08C4, 0x08C4, \
        0x08C4, 0x08C4, 0x08C4, 0x08C4, 0x08C4, 0x08C4, 0x08C4, 0x08C4, 0x08C4, 0x08C4, 0x08C4, 0x08C4, \
        0x08C4, 0x08C4, 0x08C4, 0x08C4, 0x08C4, 0x08C4, 0x08C4, 0x08C4, 0x08C4, 0x08C4, 0x08C4, 0x08C4, \
        0x08C4, 0x08C4, 0x08C4, 0x08C4, 0x08C4, 0x08C4, 0x08C4, 0x08C4, 0x08C4, 0x08C4, 0x08C4, 0x08C4, \
        0x08C4, 0x08C4, 0x08C4, 0x08C4, 0x08C4, 0x08C4, 0x08C4, 0x08C4, 0x08C4, 0x08C4, 0x08C4, 0x08C4, \
        0x08C4, 0x1105, 0x1966, 0x1966, 0x1966, 0x1966, 0x1966, 0x1966, 0x1966, 0x1966, 0x1966, 0x1966, \
        0x1966, 0x1966, 0x1966, 0x1966, 0x1966, 0x1966, 0x1966, 0x1966, 0x1966, 0x1966, 0x1966, 0x1125, \
        0x08C4, 0x08C4, 0x08C4, 0x08C4, 0x08C4, 0x08C4, 0x08C4, 0x08C4, 0x08C4, 0x08C4, 0x08C4, 0x08C4, \
        0x08C4, 0x08C4, 0x08C4, 0x08C4, 0x08C4, 0x08C4, 0x08C4, 0x08C4, 0x08C4, 0x08C4, 0x08C4, 0x08C4, \
        0x08C4, 0x08C4, 0x08C4, 0x08C4, 0x08C4, 0x08C4, 0x1145, 0x1966, 0x1966, 0x1966, 0x1966, 0x1966, \
        0x1966, 0x1966, 0x1966, 0x1966, 0x1966, 0x1966, 0x1966, 0x1966, 0x1966, 0x1966, 0x1966, 0x1966, \
        0x1966, 0x1966, 0x1966, 0x1966, 0x1125, 0x08C4, 0x08C4, 0x08C4, 0x08C4, 0x08C4, 0x08C4, 0x08C4, \
        0x08C4, 0x08C4, 0x08C4, 0x08C4, 0x08C4, 0x08C4, 0x08C4, 0x08C4, 0x08C4, 0x08C4, 0x08C4, 0x08C4, \
        0x08C4, 0x08C4, 0x08C4, 0x08C4, 0x08C4, 0x08C4, 0x08C4, 0x08C4, 0x08C4, 0x08C4, 0x08C4, 0x08C4, \
        0x08C4, 0x08C4, 0x08C4, 0x08C4, 0x08C4, 0x08C4, 0x08C4, 0x08C4, 0x08C4, 0x08C4, 0x08C4, 0x08C4, \
        0x08C4, 0x08C4, 0x08C4, 0x08C4, 0x08C4, 0x08C4, 0x08C4, 0x08C4, 0x08C4, 0x08C4, 0x08C4, 0x08C4, \
        0x08C4, 0x08C4, 0x08C4, 0x08C4, 0x08C4, 0x08C4, 0x08C4, 0x08C4, 0x08C4, 0x08C4, 0x08C4, 0x08C4, \
        0x10E4, 0x1966, 0x1966, 0x1966, 0x1966, 0x1966, 0x1966, 0x1966, 0x1966, 0x1966, 0x1966, 0x1966, \
        0x1966, 0x1966, 0x1966, 0x1966, 0x1966, 0x1966, 0x1966, 0x1966, 0x1966, 0x1966, 0x1105, 0x08C4, \
        0x08C4, 0x08C4, 0x08C4, 0x08C4, 0x08C4, 0x08C4, 0x08C4, 0x08C4, 0x08C4, 0x08C4, 0x08C4, 0x08C4, \
        0x08C4, 0x08E4, 0x08E4, 0x08C4, 0x08C4, 0x08C4, 0x08C4, 0x08C4, 0x08C4, 0x08C4, 0x08C4, 0x08C4, \
        0x08C4, 0x08C4, 0x08C4, 0x08C4, 0x08C4, 0x08C4, 0x08C4, 0x08C4, 0x08C4, 0x08E4, 0x08E4, 0x08C4, \
        0x08C4, 0x08C4, 0x08C4, 0x08C4, 0x08C4, 0x08C4, 0x08C4, 0x08C4, 0x08C4, 0x08C4, 0x08C4, 0x08C4, \
        0x08C4, 0x08C4, 0x08C4, 0x08C4, 0x08C4, 0x08C4, 0x08C4, 0x08C4, 0x08C4, 0x08C4, 0x08C4, 0x08C4, \
        0x08C4, 0x08E4, 0x08E4, 0x10E4, 0x08E4, 0x08C4, 0x08C4, 0x08C4, 0x08C4, 0x08C4, 0x08C4, 0x08C4, \
        0x08C4, 0x08C4, 0x08C4, 0x08C4, 0x08C4, 0x08C4, 0x08C4, 0x08C4, 0x08C4, 0x08C4, 0x08C4, 0x10E4, \
        0x10E4, 0x08C4, 0x08C4, 0x08C4, 0x08C4, 0x08C4, 0x08C4, 0x08C4, 0x08C4, 0x08C4, 0x08C4, 0x08C4, \
        0x08C4, 0x08C4, 0x08C4, 0x08C4, 0x08C4, 0x08C4, 0x08C4, 0x08C4, 0x08C4, 0x08C4, 0x08C4, 0x08C4, \
        0x08C4, 0x08C4, 0x08C4, 0x08C4, 0x08C4, 0x08C4, 0x08C4, 0x08C4, 0x08C4, 0x08C4, 0x08C4, 0x08C4, \
        0x08C4, 0x08C4, 0x08C4, 0x08C4, 0x08C4, 0x08C4, 0x08C4, 0x08C4, 0x08C4, 0x08C4, 0x08C4, 0x08C4, \
        0x08C4, 0x08C4, 0x08C4, 0x08C4, 0x08C4, 0x08C4, 0x08C4, 0x08C4, 0x08C4, 0x08C4, 0x08C4, 0x08C4, \
        0x08C4, 0x08C4, 0x08C4, 0x08C4, 0x08C4, 0x08C4, 0x08C4, 0x08C4, 0x10E4, 0x1966, 0x1966, 0x1966, \
        0x1966, 0x1966, 0x1966, 0x1966, 0x1966, 0x1966, 0x1966, 0x1966, 0x1966, 0x1966, 0x1966, 0x1966, \
        0x1966, 0x1966, 0x1966, 0x1966, 0x1966, 0x1966, 0x1145, 0x08C4, 0x08C4, 0x08C4, 0x08C4, 0x08C4, \
        0x08C4, 0x08C4, 0x08C4, 0x08C4, 0x08C4, 0x08C4, 0x08C4, 0x08C4, 0x08C4, 0x08C4, 0x08C4, 0x08C4, \
        0x08C4, 0x08C4, 0x08C4, 0x08C4, 0x08C4, 0x08C4, 0x08C4, 0x08C4, 0x08C4, 0x08C4, 0x08C4, 0x08C4, \
        0x08C4, 0x1125, 0x1966, 0x1966, 0x1966, 0x1966, 0x1966, 0x1966, 0x1966, 0x1966, 0x1966, 0x1966, \
        0x1966, 0x1966, 0x1966, 0x1966, 0x1966, 0x1966, 0x1966, 0x1966, 0x1966, 0x1966, 0x1966, 0x1125, \
        0x08C4, 0x08C4, 0x08C4, 0x08C4, 0x08C4, 0x08C4, 0x08C4, 0x08C4, 0x08C4, 0x08C4, 0x08C4, 0x08C4, \
        0x08C4, 0x08C4, 0x08C4, 0x08C4, 0x08C4, 0x08C4, 0x08C4, 0x08C4, 0x08C4, 0x08C4, 0x08C4, 0x08C4, \
        0x08C4, 0x08C4, 0x08C4, 0x08C4, 0x08C4, 0x08C4, 0x08C4, 0x08C4, 0x08C4, 0x08C4, 0x08C4, 0x08C4, \
        0x08C4, 0x08C4, 0x08C4, 0x08C4, 0x08C4, 0x08C4, 0x08C4, 0x08C4, 0x08C4, 0x08C4, 0x08C4, 0x08C4, \
        0x08C4, 0x08C4, 0x08C4, 0x08C4, 0x08C4, 0x08C4, 0x08C4, 0x08C4, 0x08C4, 0x08C4, 0x08C4, 0x08C4, \
        0x08C4, 0x08C4, 0x08C4, 0x08C4, 0x08C4, 0x08C4, 0x08C4, 0x08C4, 0x08C4, 0x1105, 0x1966, 0x1966, \
        0x1966, 0x1966, 0x1966, 0x1966, 0x1966, 0x1966, 0x1966, 0x1966, 0x1966, 0x1966, 0x1966, 0x1966, \
        0x1966, 0x1966, 0x1966, 0x1966, 0x1966, 0x1966, 0x1966, 0x08E4, 0x08C4, 0x08C4, 0x08C4, 0x08C4, \
        0x08C4, 0x08C4, 0x08C4, 0x08C4, 0x08C4, 0x08C4, 0x08C4, 0x08C4, 0x08C4, 0x08C4, 0x08E4, 0x08C4, \
        0x08C4, 0x08C4, 0x08C4, 0x08C4, 0x08C4, 0x08C4, 0x08C4, 0x08C4, 0x08C4, 0x08C4, 0x08C4, 0x08C4, \
        0x08C4, 0x08C4, 0x08C4, 0x08C4, 0x08C4, 0x08C4, 0x10E4, 0x08E4, 0x08C4, 0x08C4, 0x08C4, 0x08C4, \
        0x08C4, 0x08C4, 0x08C4, 0x08C4, 0x08C4, 0x08C4, 0x08C4, 0x08C4, 0x08C4, 0x08C4, 0x08C4, 0x08C4, \
        0x08C4, 0x08C4, 0x08C4, 0x08C4, 0x08C4, 0x08C4, 0x08C4, 0x08C4, 0x08C4, 0x08C4, 0x08C4, 0x08C4, \
        0x08C4, 0x1104, 0x10E4, 0x08C4, 0x08C4, 0x08C4, 0x08C4, 0x08C4, 0x08C4, 0x08C4, 0x08C4, 0x08C4, \
        0x08C4, 0x08C4, 0x08C4, 0x08C4, 0x08C4, 0x08C4, 0x08C4, 0x08C4, 0x10E4, 0x08E4, 0x08C4, 0x08C4, \
        0x08C4, 0x08C4, 0x08C4, 0x08C4, 0x08C4, 0x08C4, 0x08C4, 0x08C4, 0x08C4, 0x08C4, 0x08C4, 0x08C4, \
        0x08C4, 0x08C4, 0x08C4, 0x08C4, 0x08C4, 0x08C4, 0x08C4, 0x08C4, 0x08C4, 0x08C4, 0x08C4, 0x08C4, \
        0x08C4, 0x08C4, 0x08C4, 0x08C4, 0x08C4, 0x08C4, 0x08C4, 0x08C4, 0x08C4, 0x08C4, 0x08C4, 0x08C4, \
        0x08C4, 0x08C4, 0x08C4, 0x08C4, 0x08C4, 0x08C4, 0x08C4, 0x08C4, 0x08C4, 0x08C4, 0x08C4, 0x08C4, \
        0x08C4, 0x08C4, 0x08C4, 0x08C4, 0x08C4, 0x08C4, 0x08C4, 0x08C4, 0x08C4, 0x08C4, 0x08C4, 0x08C4, \
        0x08C4, 0x08C4, 0x08C4, 0x08E4, 0x1966, 0x1966, 0x1966, 0x1966, 0x1966, 0x1966, 0x1966, 0x1966, \
        0x1966, 0x1966, 0x1966, 0x1966, 0x1966, 0x1966, 0x1966, 0x1966, 0x1966, 0x1966, 0x1966, 0x1966, \
        0x1966, 0x1146, 0x08C4, 0x08C4, 0x08C4, 0x08C4, 0x08C4, 0x08C4, 0x08C4, 0x08C4, 0x08C4, 0x08C4, \
        0x08C4, 0x08C4, 0x08C4, 0x08C4, 0x08C4, 0x08C4, 0x08C4, 0x08C4, 0x08C4, 0x08C4, 0x08C4, 0x08C4, \
        0x08C4, 0x08C4, 0x08C4, 0x08C4, 0x08C4, 0x08C4, 0x08C4, 0x08C4, 0x1105, 0x1966, 0x1966, 0x1966, \
        0x1966, 0x1966, 0x1966, 0x1966, 0x1966, 0x1966, 0x1966, 0x1966, 0x1966, 0x1966, 0x1966, 0x1966, \
        0x1966, 0x1966, 0x1966, 0x1966, 0x1966, 0x1966, 0x1946, 0x08E4, 0x08C4, 0x08C4, 0x08C4, 0x08C4, \
        0x08C4, 0x08C4, 0x08C4, 0x08C4, 0x08C4, 0x08C4, 0x08C4, 0x08C4, 0x08C4, 0x08C4, 0x08C4, 0x08C4, \
        0x08C4, 0x08C4, 0x08C4, 0x08C4, 0x08C4, 0x08C4, 0x08C4, 0x08C4, 0x08C4, 0x08C4, 0x08C4, 0x08C4, \
        0x08C4, 0x08C4, 0x08C4, 0x08C4, 0x08C4, 0x08C4, 0x08C4, 0x08C4, 0x08C4, 0x08C4, 0x08C4, 0x08C4, \
        0x08C4, 0x08C4, 0x08C4, 0x08C4, 0x08C4, 0x08C4, 0x08C4, 0x08C4, 0x08C4, 0x08C4, 0x08C4, 0x08C4, \
        0x08C4, 0x08C4, 0x08C4, 0x08C4, 0x08C4, 0x08C4, 0x08C4, 0x08C4, 0x08C4, 0x08C4, 0x08C4, 0x08C4, \
        0x08C4, 0x08C4, 0x08C4, 0x08C4, 0x08C4, 0x08C4, 0x1125, 0x1966, 0x1966, 0x1966, 0x1966, 0x1966, \
        0x1966, 0x1966, 0x1966, 0x1966, 0x1966, 0x1966, 0x1966, 0x1966, 0x1966, 0x1966, 0x1966, 0x1966, \
        0x1966, 0x1966, 0x1966, 0x1946, 0x08C4, 0x08C4, 0x08C4, 0x08C4, 0x08C4, 0x08C4, 0x08C4, 0x08C4, \
        0x08C4, 0x08C4, 0x08C4, 0x08C4, 0x08C4, 0x08C4, 0x1104, 0x08C4, 0x08C4, 0x08C4, 0x08C4, 0x08C4, \
        0x08C4, 0x08C4, 0x08C4, 0x08C4, 0x08C4, 0x08C4, 0x08C4, 0x08C4, 0x08C4, 0x08C4, 0x08C4, 0x08C4, \
        0x08C4, 0x08C4, 0x08C4, 0x1105, 0x10E4, 0x08C4, 0x08C4, 0x08C4, 0x08C4, 0x08C4, 0x08C4, 0x08C4, \
        0x08C4, 0x08C4, 0x08C4, 0x08C4, 0x08C4, 0x08C4, 0x08C4, 0x08C4, 0x08C4, 0x08C4, 0x08C4, 0x08C4, \
        0x08C4, 0x08C4, 0x08C4, 0x08C4, 0x08C4, 0x08C4, 0x08C4, 0x08C4, 0x08C4, 0x08C4, 0x08C4, 0x1105, \
        0x08E4, 0x08C4, 0x08C4, 0x08C4, 0x08C4, 0x08C4, 0x08C4, 0x08C4, 0x08C4, 0x08C4, 0x08C4, 0x08C4, \
        0x08C4, 0x08C4, 0x08C4, 0x08C4, 0x08C4, 0x10E4, 0x08C4, 0x08C4, 0x08C4, 0x08C4, 0x08C4, 0x08C4, \
        0x08C4, 0x08C4, 0x08C4, 0x08C4, 0x08C4, 0x08C4, 0x08C4, 0x08C4, 0x08C4, 0x08C4, 0x08C4, 0x08C4, \
        0x08C4, 0x08C4, 0x08C4, 0x08C4, 0x08C4, 0x08C4, 0x08C4, 0x08C4, 0x08C4, 0x08C4, 0x08C4, 0x08C4, \
        0x08C4, 0x08C4, 0x08C4, 0x08C4, 0x08C4, 0x08C4, 0x08C4, 0x08C4, 0x08C4, 0x08C4, 0x08C4, 0x08C4, \
        0x08C4, 0x08C4, 0x08C4, 0x08C4, 0x08C4, 0x08C4, 0x08C4, 0x08C4, 0x08C4, 0x08C4, 0x08C4, 0x08C4, \
        0x08C4, 0x08C4, 0x08C4, 0x08C4, 0x08C4, 0x08C4, 0x08C4, 0x08C4, 0x08C4, 0x08C4, 0x10E4, 0x1146, \
        0x1966, 0x1966, 0x1966, 0x1966, 0x1966, 0x1966, 0x1966, 0x1966, 0x1966, 0x1966, 0x1966, 0x1966, \
        0x1966, 0x1966, 0x1966, 0x1966, 0x1966, 0x1966, 0x1966, 0x1966, 0x1146, 0x10E4, 0x08C4, 0x08C4, \
        0x08C4, 0x08C4, 0x08C4, 0x08C4, 0x08C4, 0x08C4, 0x08C4, 0x08C4, 0x08C4, 0x08C4, 0x08C4, 0x08C4, \
        0x08C4, 0x08C4, 0x08C4, 0x08C4, 0x08C4, 0x08C4, 0x08C4, 0x08C4, 0x08C4, 0x08C4, 0x08C4, 0x08C4, \
        0x08C4, 0x08C4, 0x08C4, 0x10E4, 0x1946, 0x1966, 0x1966, 0x1966, 0x1966, 0x1966, 0x1966, 0x1966, \
        0x1966, 0x1966, 0x1966, 0x1966, 0x1966, 0x1966, 0x1966, 0x1966, 0x1966, 0x1966, 0x1966, 0x1966, \
        0x1966, 0x1966, 0x10E4, 0x08C4, 0x08C4, 0x08C4, 0x08C4, 0x08C4, 0x08C4, 0x08C4, 0x08C4, 0x08C4, \
        0x08C4, 0x08C4, 0x08C4, 0x08C4, 0x08C4, 0x08C4, 0x08C4, 0x08C4, 0x08C4, 0x08C4, 0x08C4, 0x08C4, \
        0x08C4, 0x08C4, 0x08C4, 0x08C4, 0x08C4, 0x08C4, 0x08C4, 0x08C4, 0x08C4, 0x08C4, 0x08C4, 0x08C4, \
        0x08C4, 0x08C4, 0x08C4, 0x08C4, 0x08C4, 0x08C4, 0x08C4, 0x08C4, 0x08C4, 0x08C4, 0x08C4, 0x08C4, \
        0x08C4, 0x08C4, 0x08C4, 0x08C4, 0x08C4, 0x08C4, 0x08C4, 0x08C4, 0x08C4, 0x08C4, 0x08C4, 0x08C4, \
        0x08C4, 0x08C4, 0x08C4, 0x08C4, 0x08C4, 0x08C4, 0x08C4, 0x08C4, 0x08C4, 0x08C4, 0x08C4, 0x08C4, \
        0x08C4, 0x08C4, 0x10E4, 0x1146, 0x1966, 0x1966, 0x1966, 0x1966, 0x1966, 0x1966, 0x1966, 0x1966, \
        0x1966, 0x1966, 0x1966, 0x1966, 0x1966, 0x1966, 0x1966, 0x1966, 0x1966, 0x1966, 0x1966, 0x1966, \
        0x1125, 0x08C4, 0x08C4, 0x08C4, 0x08C4, 0x08C4, 0x08C4, 0x08C4, 0x08C4, 0x08C4, 0x08C4, 0x08C4, \
        0x08C4, 0x08C4, 0x1104, 0x08C4, 0x08C4, 0x08C4, 0x08C4, 0x08C4, 0x08C4, 0x08C4, 0x08C4, 0x08C4, \
        0x08C4, 0x08C4, 0x08C4, 0x08C4, 0x08C4, 0x08C4, 0x08C4, 0x08C4, 0x08C4, 0x08C4, 0x08C4, 0x08C4, \
        0x1105, 0x08E4, 0x08E4, 0x08C4, 0x08C4, 0x08C4, 0x08C4, 0x08C4, 0x08C4, 0x08C4, 0x08C4, 0x08C4, \
        0x08C4, 0x08C4, 0x08C4, 0x08C4, 0x08C4, 0x08C4, 0x08C4, 0x08C4, 0x08C4, 0x08C4, 0x08C4, 0x08C4, \
        0x08C4, 0x08C4, 0x08C4, 0x08C4, 0x08C4, 0x08C4, 0x08C4, 0x08C4, 0x08C4, 0x1105, 0x08E4, 0x08C4, \
        0x08C4, 0x08C4, 0x08C4, 0x08C4, 0x08C4, 0x08C4, 0x08C4, 0x08C4, 0x08C4, 0x08C4, 0x08C4, 0x08C4, \
        0x08C4, 0x08E4, 0x10E4, 0x08C4, 0x08C4, 0x08C4, 0x08C4, 0x08C4, 0x08C4, 0x08C4, 0x08C4, 0x08C4, \
        0x08C4, 0x08C4, 0x08C4, 0x08C4, 0x08C4, 0x08C4, 0x08C4, 0x08C4, 0x08C4, 0x08C4, 0x08C4, 0x08C4, \
        0x08C4, 0x08C4, 0x08C4, 0x08C4, 0x08C4, 0x08C4, 0x08C4, 0x08C4, 0x08C4, 0x08C4, 0x08C4, 0x08C4, \
        0x08C4, 0x08C4, 0x08C4, 0x08C4, 0x08C4, 0x08C4, 0x08C4, 0x08C4, 0x08C4, 0x08C4, 0x08C4, 0x08C4, \
        0x08C4, 0x08C4, 0x08C4, 0x08C4, 0x08C4, 0x08C4, 0x08C4, 0x08C4, 0x08C4, 0x08C4, 0x08C4, 0x08C4, \
        0x08C4, 0x08C4, 0x08C4, 0x08C4, 0x08C4, 0x10E4, 0x1125, 0x1966, 0x1966, 0x1966, 0x1966, 0x1966, \
        0x1966, 0x1966, 0x1966, 0x1966, 0x1966, 0x1966, 0x1966, 0x1966, 0x1966, 0x1966, 0x1966, 0x1966, \
        0x1966, 0x1966, 0x1966, 0x1966, 0x1105, 0x08C4, 0x08C4, 0x08C4, 0x08C4, 0x08C4, 0x08C4, 0x08C4, \
        0x08C4, 0x08C4, 0x08C4, 0x08C4, 0x08C4, 0x08C4, 0x08C4, 0x08C4, 0x08C4, 0x08C4, 0x08C4, 0x08C4, \
        0x08C4, 0x08C4, 0x08C4, 0x08C4, 0x08C4, 0x08C4, 0x08C4, 0x08C4, 0x08C4, 0x08C4, 0x10E4, 0x1145, \
        0x1966, 0x1966, 0x1966, 0x1966, 0x1966, 0x1966, 0x1966, 0x1966, 0x1966, 0x1966, 0x1966, 0x1966, \
        0x1966, 0x1966, 0x1966, 0x1966, 0x1966, 0x1966, 0x1966, 0x1966, 0x1966, 0x1105, 0x08C4, 0x08C4, \
        0x08C4, 0x08C4, 0x08C4, 0x08C4, 0x08C4, 0x08C4, 0x08C4, 0x08C4, 0x08C4, 0x08C4, 0x08C4, 0x08C4, \
        0x08C4, 0x08C4, 0x08C4, 0x08C4, 0x08C4, 0x08C4, 0x08C4, 0x08C4, 0x08C4, 0x08C4, 0x08C4, 0x08C4, \
        0x08C4, 0x08C4, 0x08C4, 0x08C4, 0x08C4, 0x08C4, 0x08C4, 0x08C4, 0x08C4, 0x08C4, 0x08C4, 0x08C4, \
        0x08C4, 0x08C4, 0x08C4, 0x08C4, 0x08C4, 0x08C4, 0x08C4, 0x08C4, 0x08C4, 0x08C4, 0x08C4, 0x08C4, \
        0x08C4, 0x08C4, 0x08C4, 0x08C4, 0x08C4, 0x08C4, 0x08C4, 0x08C4, 0x08C4, 0x08C4, 0x08C4, 0x08C4, \
        0x08C4, 0x08C4, 0x08C4, 0x08C4, 0x08C4, 0x08C4, 0x08C4, 0x08C4, 0x08C4, 0x08C4, 0x08C4, 0x10E4, \
        0x1946, 0x1966, 0x1966, 0x1966, 0x1966, 0x1966, 0x1966, 0x1966, 0x1966, 0x1966, 0x1966, 0x1966, \
        0x1966, 0x1966, 0x1966, 0x1966, 0x1966, 0x1966, 0x1966, 0x1966, 0x1966, 0x1105, 0x08C4, 0x08C4, \
        0x08C4, 0x08C4, 0x08C4, 0x08C4, 0x08C4, 0x08C4, 0x08C4, 0x08C4, 0x08C4, 0x08C4, 0x10E4, 0x10E4, \
        0x08C4, 0x08C4, 0x08C4, 0x08C4, 0x08C4, 0x08C4, 0x08C4, 0x08C4, 0x08C4, 0x08C4, 0x08C4, 0x08C4, \
        0x08C4, 0x08C4, 0x08C4, 0x08C4, 0x08C4, 0x08C4, 0x08C4, 0x08C4, 0x08C4, 0x08E4, 0x1105, 0x08E4, \
        0x10E4, 0x08E4, 0x08C4, 0x08C4, 0x08C4, 0x08C4, 0x08C4, 0x08C4, 0x08C4, 0x08C4, 0x08C4, 0x08C4, \
        0x08C4, 0x08C4, 0x08C4, 0x08C4, 0x08C4, 0x08C4, 0x08C4, 0x08C4, 0x08C4, 0x08C4, 0x08C4, 0x08C4, \
        0x08C4, 0x08C4, 0x08C4, 0x08C4, 0x08C4, 0x08C4, 0x08E4, 0x10E4, 0x08E4, 0x08C4, 0x08C4, 0x08C4, \
        0x08C4, 0x08C4, 0x08C4, 0x08C4, 0x08C4, 0x08C4, 0x08C4, 0x08C4, 0x08C4, 0x08C4, 0x10E4, 0x08C4, \
        0x08C4, 0x08C4, 0x08C4, 0x08C4, 0x08C4, 0x08C4, 0x08C4, 0x08C4, 0x08C4, 0x08C4, 0x08C4, 0x08C4, \
        0x08C4, 0x08C4, 0x08C4, 0x08C4, 0x08C4, 0x08C4, 0x08C4, 0x08C4, 0x08C4, 0x08C4, 0x08C4, 0x08C4, \
        0x08C4, 0x08C4, 0x08C4, 0x08C4, 0x08C4, 0x08C4, 0x08C4, 0x08C4, 0x08C4, 0x08C4, 0x08C4, 0x08C4, \
        0x08C4, 0x08C4, 0x08C4, 0x08C4, 0x08C4, 0x08C4, 0x08C4, 0x08C4, 0x08C4, 0x08C4, 0x08C4, 0x08C4, \
        0x08C4, 0x08C4, 0x08C4, 0x08C4, 0x08C4, 0x08C4, 0x08C4, 0x08C4, 0x08C4, 0x08C4, 0x08C4, 0x08C4, \
        0x08C4, 0x1125, 0x1966, 0x1966, 0x1966, 0x1966, 0x1966, 0x1966, 0x1966, 0x1966, 0x1966, 0x1966, \
        0x1966, 0x1966, 0x1966, 0x1966, 0x1966, 0x1966, 0x1966, 0x1966, 0x1966, 0x1966, 0x1966, 0x1125, \
        0x08C4, 0x08C4, 0x08C4, 0x08C4, 0x08C4, 0x08C4, 0x08C4, 0x08C4, 0x08C4, 0x08C4, 0x08C4, 0x08C4, \
        0x08C4, 0x08C4, 0x08C4, 0x08C4, 0x08C4, 0x08C4, 0x08C4, 0x08C4, 0x08C4, 0x08C4, 0x08C4, 0x08C4, \
        0x08C4, 0x08C4, 0x08C4, 0x08C4, 0x08C4, 0x10E4, 0x1125, 0x1966, 0x1966, 0x1966, 0x1966, 0x1966, \
        0x1966, 0x1966, 0x1966, 0x1966, 0x1966, 0x1966, 0x1966, 0x1966, 0x1966, 0x1966, 0x1966, 0x1966, \
        0x1966, 0x1966, 0x1966, 0x1966, 0x1125, 0x08E4, 0x08C4, 0x08C4, 0x08C4, 0x08C4, 0x08C4, 0x08C4, \
        0x08C4, 0x08C4, 0x08C4, 0x08C4, 0x08C4, 0x08C4, 0x08C4, 0x08C4, 0x08C4, 0x08C4, 0x08C4, 0x08C4, \
        0x08C4, 0x08C4, 0x08C4, 0x08C4, 0x08C4, 0x08C4, 0x08C4, 0x08C4, 0x08C4, 0x08C4, 0x08C4, 0x08C4, \
        0x08C4, 0x08C4, 0x08C4, 0x08C4, 0x08C4, 0x08C4, 0x08C4, 0x08C4, 0x08C4, 0x08C4, 0x08C4, 0x08C4, \
        0x08C4, 0x08C4, 0x08C4, 0x08C4, 0x08C4, 0x08C4, 0x08C4, 0x08C4, 0x08C4, 0x08C4, 0x08C4, 0x08C4, \
        0x08C4, 0x08C4, 0x08C4, 0x08C4, 0x08C4, 0x08C4, 0x08C4, 0x08C4, 0x08C4, 0x08C4, 0x08C4, 0x08C4, \
        0x08C4, 0x08C4, 0x08C4, 0x08C4, 0x08C4, 0x08C4, 0x08C4, 0x08C4, 0x1105, 0x1966, 0x1966, 0x1966, \
        0x1966, 0x1966, 0x1966, 0x1966, 0x1966, 0x1966, 0x1966, 0x1966, 0x1966, 0x1966, 0x1966, 0x1966, \
        0x1966, 0x1966, 0x1966, 0x1966, 0x1966, 0x1966, 0x1104, 0x08C4, 0x08C4, 0x08C4, 0x08C4, 0x08C4, \
        0x08C4, 0x08C4, 0x08C4, 0x08C4, 0x08C4, 0x08C4, 0x08C4, 0x1105, 0x08C4, 0x08C4, 0x08C4, 0x08C4, \
        0x08C4, 0x08C4, 0x08C4, 0x08C4, 0x08C4, 0x08C4, 0x08C4, 0x08C4, 0x08C4, 0x08C4, 0x08C4, 0x08C4, \
        0x08C4, 0x08C4, 0x08C4, 0x08C4, 0x08C4, 0x08C4, 0x08C4, 0x08E4, 0x10E4, 0x10E4, 0x08C4, 0x08E4, \
        0x10E4, 0x1104, 0x10E4, 0x08E4, 0x08C4, 0x08C4, 0x08C4, 0x08C4, 0x08C4, 0x08C4, 0x08C4, 0x08C4, \
        0x08C4, 0x08C4, 0x08C4, 0x08C4, 0x08C4, 0x08C4, 0x08C4, 0x08C4, 0x08C4, 0x08C4, 0x08C4, 0x08C4, \
        0x08C4, 0x08C4, 0x08C4, 0x08C4, 0x08E4, 0x10E4, 0x08C4, 0x08C4, 0x08C4, 0x08C4, 0x08C4, 0x08C4, \
        0x08C4, 0x08C4, 0x08C4, 0x08C4, 0x08C4, 0x08C4, 0x08E4, 0x10E4, 0x08C4, 0x08C4, 0x08C4, 0x08C4, \
        0x08C4, 0x08C4, 0x08C4, 0x08C4, 0x08C4, 0x08C4, 0x08C4, 0x08C4, 0x08C4, 0x08C4, 0x08C4, 0x08C4, \
        0x08C4, 0x08C4, 0x08C4, 0x08C4, 0x08C4, 0x08C4, 0x08C4, 0x08C4, 0x08C4, 0x08C4, 0x08C4, 0x08C4, \
        0x08C4, 0x08C4, 0x08C4, 0x08C4, 0x08C4, 0x08C4, 0x08C4, 0x08C4, 0x08C4, 0x08C4, 0x08C4, 0x08C4, \
        0x08C4, 0x08C4, 0x08C4, 0x08C4, 0x08C4, 0x08C4, 0x08C4, 0x08C4, 0x08C4, 0x08C4, 0x08C4, 0x08C4, \
        0x08C4, 0x08C4, 0x08C4, 0x08C4, 0x08C4, 0x08C4, 0x08C4, 0x08C4, 0x1105, 0x1966, 0x1966, 0x1966, \
        0x1966, 0x1966, 0x1966, 0x1966, 0x1966, 0x1966, 0x1966, 0x1966, 0x1966, 0x1966, 0x1966, 0x1966, \
        0x1966, 0x1966, 0x1966, 0x1966, 0x1966, 0x1966, 0x1125, 0x10E4, 0x08C4, 0x08C4, 0x08C4, 0x08C4, \
        0x08C4, 0x08C4, 0x08C4, 0x08C4, 0x08C4, 0x08C4, 0x08C4, 0x08C4, 0x08C4, 0x08C4, 0x08C4, 0x08C4, \
        0x08C4, 0x08C4, 0x08C4, 0x08C4, 0x08C4, 0x08C4, 0x08C4, 0x08C4, 0x08C4, 0x08C4, 0x08C4, 0x08C4, \
        0x08C4, 0x1105, 0x1966, 0x1966, 0x1966, 0x1966, 0x1966, 0x1966, 0x1966, 0x1966, 0x1966, 0x1966, \
        0x1966, 0x1966, 0x1966, 0x1966, 0x1966, 0x1966, 0x1966, 0x1966, 0x1966, 0x1966, 0x1966, 0x1145, \
        0x08E4, 0x08C4, 0x08C4, 0x08C4, 0x08C4, 0x08C4, 0x08C4, 0x08C4, 0x08C4, 0x08C4, 0x08C4, 0x08C4, \
        0x08C4, 0x08C4, 0x08C4, 0x08C4, 0x08C4, 0x08C4, 0x08C4, 0x08C4, 0x08C4, 0x08C4, 0x08C4, 0x08C4, \
        0x08C4, 0x08C4, 0x08C4, 0x08C4, 0x08C4, 0x08C4, 0x08C4, 0x08C4, 0x08C4, 0x08C4, 0x08C4, 0x08C4, \
        0x08C4, 0x08C4, 0x08C4, 0x08C4, 0x08C4, 0x08C4, 0x08C4, 0x08C4, 0x08C4, 0x08C4, 0x08C4, 0x08C4, \
        0x08C4, 0x08C4, 0x08C4, 0x08C4, 0x08C4, 0x08C4, 0x08C4, 0x08C4, 0x08C4, 0x08C4, 0x08C4, 0x08C4, \
        0x08C4, 0x08C4, 0x08C4, 0x08C4, 0x08C4, 0x08C4, 0x08C4, 0x08C4, 0x08C4, 0x08C4, 0x08C4, 0x08C4, \
        0x08C4, 0x08C4, 0x08C4, 0x08C4, 0x10E4, 0x1125, 0x1966, 0x1966, 0x1966, 0x1966, 0x1966, 0x1966, \
        0x1966, 0x1966, 0x1966, 0x1966, 0x1966, 0x1966, 0x1966, 0x1966, 0x1966, 0x1966, 0x1966, 0x1966, \
        0x1966, 0x1966, 0x1145, 0x10E4, 0x08C4, 0x08C4, 0x08C4, 0x08C4, 0x08C4, 0x08C4, 0x08C4, 0x08C4, \
        0x08C4, 0x08C4, 0x08C4, 0x10E4, 0x08E4, 0x08C4, 0x08C4, 0x08C4, 0x08C4, 0x08C4, 0x08C4, 0x08C4, \
        0x08C4, 0x08C4, 0x08C4, 0x08C4, 0x08C4, 0x08C4, 0x08C4, 0x08C4, 0x08C4, 0x08C4, 0x08C4, 0x08C4, \
        0x08C4, 0x08C4, 0x08C4, 0x08C4, 0x08C4, 0x08C4, 0x08C4, 0x08E4, 0x10E4, 0x10E4, 0x10E4, 0x08E4, \
        0x08E4, 0x10E4, 0x1104, 0x1105, 0x1105, 0x08E4, 0x08C4, 0x08C4, 0x08C4, 0x08C4, 0x08C4, 0x08C4, \
        0x08C4, 0x08C4, 0x08C4, 0x08C4, 0x08C4, 0x08C4, 0x08C4, 0x08C4, 0x08C4, 0x08C4, 0x08C4, 0x08C4, \
        0x08C4, 0x08E4, 0x08E4, 0x10E4, 0x08C4, 0x08C4, 0x08C4, 0x08C4, 0x08C4, 0x08C4, 0x08C4, 0x08C4, \
        0x08C4, 0x08C4, 0x10E4, 0x10E4, 0x08C4, 0x08C4, 0x08C4, 0x08C4, 0x08C4, 0x08C4, 0x08C4, 0x08C4, \
        0x08C4, 0x08C4, 0x08C4, 0x08C4, 0x08C4, 0x08C4, 0x08C4, 0x08C4, 0x08C4, 0x08C4, 0x08C4, 0x08C4, \
        0x08C4, 0x08C4, 0x08C4, 0x08C4, 0x08C4, 0x08C4, 0x08C4, 0x08C4, 0x08C4, 0x08C4, 0x08C4, 0x08C4, \
        0x08C4, 0x08C4, 0x08C4, 0x08C4, 0x08C4, 0x08C4, 0x08C4, 0x08C4, 0x08C4, 0x08C4, 0x08C4, 0x08C4, \
        0x08C4, 0x08C4, 0x08C4, 0x08C4, 0x08C4, 0x08C4, 0x08C4, 0x08C4, 0x08C4, 0x08C4, 0x08C4, 0x08C4, \
        0x08C4, 0x08C4, 0x08C4, 0x10E4, 0x1146, 0x1966, 0x1966, 0x1966, 0x1966, 0x1966, 0x1966, 0x1966, \
        0x1966, 0x1966, 0x1966, 0x1966, 0x1966, 0x1966, 0x1966, 0x1966, 0x1966, 0x1966, 0x1966, 0x1966, \
        0x1966, 0x1146, 0x08E4, 0x08C4, 0x08C4, 0x08C4, 0x08C4, 0x08C4, 0x08C4, 0x08C4, 0x08C4, 0x08C4, \
        0x08C4, 0x08C4, 0x08C4, 0x08C4, 0x08C4, 0x08C4, 0x08C4, 0x08C4, 0x08C4, 0x08C4, 0x08C4, 0x08C4, \
        0x08C4, 0x08C4, 0x08C4, 0x08C4, 0x08C4, 0x08C4, 0x08C4, 0x08C4, 0x10E4, 0x1146, 0x1966, 0x1966, \
        0x1966, 0x1966, 0x1966, 0x1966, 0x1966, 0x1966, 0x1966, 0x1966, 0x1966, 0x1966, 0x1966, 0x1966, \
        0x1966, 0x1966, 0x1966, 0x1966, 0x1966, 0x1966, 0x1146, 0x10E4, 0x08C4, 0x08C4, 0x08C4, 0x08C4, \
        0x08C4, 0x08C4, 0x08C4, 0x08C4, 0x08C4, 0x08C4, 0x08C4, 0x08C4, 0x08C4, 0x08C4, 0x08C4, 0x08C4, \
        0x08C4, 0x08C4, 0x08C4, 0x08C4, 0x08C4, 0x08C4, 0x08C4, 0x08C4, 0x08C4, 0x08C4, 0x08C4, 0x08C4, \
        0x08C4, 0x08C4, 0x08C4, 0x08C4, 0x08C4, 0x08C4, 0x08C4, 0x08C4, 0x08C4, 0x08C4, 0x08C4, 0x08C4, \
        0x08C4, 0x08C4, 0x08C4, 0x08C4, 0x08C4, 0x08C4, 0x08C4, 0x08C4, 0x08C4, 0x08C4, 0x08C4, 0x08C4, \
        0x08C4, 0x08C4, 0x08C4, 0x08C4, 0x08C4, 0x08C4, 0x08C4, 0x08C4, 0x08C4, 0x08C4, 0x08C4, 0x08C4, \
        0x08C4, 0x08C4, 0x08C4, 0x08C4, 0x08C4, 0x08C4, 0x08C4, 0x08C4, 0x08C4, 0x08C4, 0x08C4, 0x08C4, \
        0x08C4, 0x10E4, 0x1145, 0x1966, 0x1966, 0x1966, 0x1966, 0x1966, 0x1966, 0x1966, 0x1966, 0x1966, \
        0x1966, 0x1966, 0x1966, 0x1966, 0x1966, 0x1966, 0x1966, 0x1966, 0x1966, 0x1966, 0x1966, 0x1125, \
        0x08C4, 0x08C4, 0x08C4, 0x08C4, 0x08C4, 0x08C4, 0x08C4, 0x08C4, 0x08C4, 0x08C4, 0x08C4, 0x08C4, \
        0x10E4, 0x08C4, 0x08C4, 0x08C4, 0x08C4, 0x08C4, 0x08C4, 0x08C4, 0x08C4, 0x08C4, 0x08C4, 0x08C4, \
        0x08C4, 0x08C4, 0x08C4, 0x08C4, 0x08C4, 0x08C4, 0x08C4, 0x08C4, 0x08C4, 0x08C4, 0x08C4, 0x08C4, \
        0x08C4, 0x08C4, 0x08C4, 0x08C4, 0x08C4, 0x08C4, 0x08C4, 0x08C4, 0x08C4, 0x08C4, 0x08E4, 0x10E4, \
        0x08E4, 0x08E4, 0x10E4, 0x1105, 0x10E4, 0x08C4, 0x08C4, 0x08C4, 0x08C4, 0x08C4, 0x08C4, 0x08C4, \
        0x08C4, 0x08C4, 0x08C4, 0x08C4, 0x08C4, 0x08C4, 0x08C4, 0x08C4, 0x08C4, 0x08C4, 0x08C4, 0x08E4, \
        0x08C4, 0x08C4, 0x08C4, 0x08C4, 0x08C4, 0x08C4, 0x08C4, 0x08C4, 0x08C4, 0x08C4, 0x08E4, 0x10E4, \
        0x08C4, 0x08C4, 0x08C4, 0x08C4, 0x08C4, 0x08C4, 0x08C4, 0x08C4, 0x08C4, 0x08C4, 0x08C4, 0x08C4, \
        0x08C4, 0x08C4, 0x08C4, 0x08C4, 0x08C4, 0x08C4, 0x08C4, 0x08C4, 0x08C4, 0x08C4, 0x08C4, 0x08C4, \
        0x08C4, 0x08C4, 0x08C4, 0x08C4, 0x08C4, 0x08C4, 0x08C4, 0x08C4, 0x08C4, 0x08C4, 0x08C4, 0x08C4, \
        0x08C4, 0x08C4, 0x08C4, 0x08C4, 0x08C4, 0x08C4, 0x08C4, 0x08C4, 0x08C4, 0x08C4, 0x08C4, 0x08C4, \
        0x08C4, 0x08C4, 0x08C4, 0x08C4, 0x08C4, 0x08C4, 0x08C4, 0x08C4, 0x08C4, 0x08C4, 0x10E4, 0x1125, \
        0x1966, 0x1966, 0x1966, 0x1966, 0x1966, 0x1966, 0x1966, 0x1966, 0x1966, 0x1966, 0x1966, 0x1966, \
        0x1966, 0x1966, 0x1966, 0x1966, 0x1966, 0x1966, 0x1966, 0x1966, 0x1966, 0x10E4, 0x08C4, 0x08C4, \
        0x08C4, 0x08C4, 0x08C4, 0x08C4, 0x08C4, 0x08C4, 0x08C4, 0x08C4, 0x08C4, 0x08C4, 0x08C4, 0x08C4, \
        0x08C4, 0x08C4, 0x08C4, 0x08C4, 0x08C4, 0x08C4, 0x08C4, 0x08C4, 0x08C4, 0x08C4, 0x08C4, 0x08C4, \
        0x08C4, 0x08C4, 0x08C4, 0x10E4, 0x1146, 0x1966, 0x1966, 0x1966, 0x1966, 0x1966, 0x1966, 0x1966, \
        0x1966, 0x1966, 0x1966, 0x1966, 0x1966, 0x1966, 0x1966, 0x1966, 0x1966, 0x1966, 0x1966, 0x1966, \
        0x1966, 0x1966, 0x10E4, 0x08C4, 0x08C4, 0x08C4, 0x08C4, 0x08C4, 0x08C4, 0x08C4, 0x08C4, 0x08C4, \
        0x08C4, 0x08C4, 0x08C4, 0x08C4, 0x08C4, 0x08C4, 0x08C4, 0x08C4, 0x08C4, 0x08C4, 0x08C4, 0x08C4, \
        0x08C4, 0x08C4, 0x08C4, 0x08C4, 0x08C4, 0x08C4, 0x08C4, 0x08C4, 0x08C4, 0x08C4, 0x08C4, 0x08C4, \
        0x08C4, 0x08C4, 0x08C4, 0x08C4, 0x08C4, 0x08C4, 0x08C4, 0x08C4, 0x08C4, 0x08C4, 0x08C4, 0x08C4, \
        0x08C4, 0x08C4, 0x08C4, 0x08C4, 0x08C4, 0x08C4, 0x08C4, 0x08C4, 0x08C4, 0x08C4, 0x08C4, 0x08C4, \
        0x08C4, 0x08C4, 0x08C4, 0x08C4, 0x08C4, 0x08C4, 0x08C4, 0x08C4, 0x08C4, 0x08C4, 0x08C4, 0x08C4, \
        0x08C4, 0x08C4, 0x08C4, 0x08C4, 0x08C4, 0x08C4, 0x08C4, 0x08C4, 0x08C4, 0x10C4, 0x10E4, 0x1966, \
        0x1966, 0x1966, 0x1966, 0x1966, 0x1966, 0x1966, 0x1966, 0x1966, 0x1966, 0x1966, 0x1966, 0x1966, \
        0x1966, 0x1966, 0x1966, 0x1966, 0x1966, 0x1966, 0x1966, 0x1966, 0x1105, 0x08C4, 0x08C4, 0x08C4, \
        0x08C4, 0x08C4, 0x08C4, 0x08C4, 0x08C4, 0x08C4, 0x08C4, 0x08C4, 0x10C4, 0x10E4, 0x08C4, 0x08C4, \
        0x08C4, 0x08C4, 0x08C4, 0x08C4, 0x08C4, 0x08C4, 0x08C4, 0x08C4, 0x08C4, 0x08C4, 0x08C4, 0x08C4, \
        0x08C4, 0x08C4, 0x08C4, 0x08C4, 0x08C4, 0x08C4, 0x08C4, 0x08C4, 0x08C4, 0x08C4, 0x08C4, 0x08C4, \
        0x08C4, 0x08C4, 0x08C4, 0x08C4, 0x08C4, 0x08C4, 0x08C4, 0x08C4, 0x08C4, 0x08C4, 0x08C4, 0x08C4, \
        0x08C4, 0x10E4, 0x1105, 0x10E4, 0x08C4, 0x08C4, 0x08C4, 0x08C4, 0x08C4, 0x08C4, 0x08C4, 0x08C4, \
        0x08C4, 0x08C4, 0x08C4, 0x08C4, 0x08C4, 0x08C4, 0x08C4, 0x08C4, 0x08C4, 0x08C4, 0x08C4, 0x08C4, \
        0x08C4, 0x08C4, 0x08C4, 0x08C4, 0x08C4, 0x08C4, 0x08E4, 0x08E4, 0x08C4, 0x08C4, 0x08C4, 0x08C4, \
        0x08C4, 0x08C4, 0x08C4, 0x08C4, 0x08C4, 0x08C4, 0x08C4, 0x08C4, 0x08C4, 0x08C4, 0x08C4, 0x08C4, \
        0x08C4, 0x08C4, 0x08C4, 0x08C4, 0x08C4, 0x08C4, 0x08C4, 0x08C4, 0x08C4, 0x08C4, 0x08C4, 0x08C4, \
        0x08C4, 0x08C4, 0x08C4, 0x08C4, 0x08C4, 0x08C4, 0x08C4, 0x08C4, 0x08C4, 0x08C4, 0x08C4, 0x08C4, \
        0x08C4, 0x08C4, 0x08C4, 0x08C4, 0x08C4, 0x08C4, 0x08C4, 0x08C4, 0x08C4, 0x08C4, 0x08C4, 0x08C4, \
        0x08C4, 0x08C4, 0x08C4, 0x08C4, 0x08C4, 0x08C4, 0x1105, 0x1966, 0x1966, 0x1966, 0x1966, 0x1966, \
        0x1966, 0x1966, 0x1966, 0x1966, 0x1966, 0x1966, 0x1966, 0x1966, 0x1966, 0x1966, 0x1966, 0x1966, \
        0x1966, 0x1966, 0x1966, 0x1966, 0x1105, 0x08C4, 0x08C4, 0x08C4, 0x08C4, 0x08C4, 0x08C4, 0x08C4, \
        0x08C4, 0x08C4, 0x08C4, 0x08C4, 0x08C4, 0x08C4, 0x08C4, 0x08C4, 0x08C4, 0x08C4, 0x08C4, 0x08C4, \
        0x08C4, 0x08C4, 0x08C4, 0x08C4, 0x08C4, 0x08C4, 0x08C4, 0x08C4, 0x08C4, 0x08C4, 0x10E4, 0x1125, \
        0x1966, 0x1966, 0x1966, 0x1966, 0x1966, 0x1966, 0x1966, 0x1966, 0x1966, 0x1966, 0x1966, 0x1966, \
        0x1966, 0x1966, 0x1966, 0x1966, 0x1966, 0x1966, 0x1966, 0x1966, 0x1966, 0x1105, 0x08C4, 0x08C4, \
        0x08C4, 0x08C4, 0x08C4, 0x08C4, 0x08C4, 0x08C4, 0x08C4, 0x08C4, 0x08C4, 0x08C4, 0x08C4, 0x08C4, \
        0x08C4, 0x08C4, 0x08C4, 0x08C4, 0x08C4, 0x08C4, 0x08C4, 0x08C4, 0x08C4, 0x08C4, 0x08C4, 0x08C4, \
        0x08C4, 0x08C4, 0x08C4, 0x08C4, 0x08C4, 0x08C4, 0x08C4, 0x08C4, 0x08C4, 0x08C4, 0x08C4, 0x08C4, \
        0x08C4, 0x08C4, 0x08C4, 0x08C4, 0x08C4, 0x08C4, 0x08C4, 0x08C4, 0x08C4, 0x08C4, 0x08C4, 0x08C4, \
        0x08C4, 0x08C4, 0x08C4, 0x08C4, 0x08C4, 0x08C4, 0x08C4, 0x08C4, 0x08C4, 0x08C4, 0x08C4, 0x08C4, \
        0x08C4, 0x08C4, 0x08C4, 0x08C4, 0x08C4, 0x08C4, 0x08C4, 0x08C4, 0x08C4, 0x08C4, 0x08C4, 0x08C4, \
        0x08C4, 0x08C4, 0x08C4, 0x08C4, 0x08C4, 0x08C4, 0x08C4, 0x1105, 0x1966, 0x1966, 0x1966, 0x1966, \
        0x1966, 0x1966, 0x1966, 0x1966, 0x1966, 0x1966, 0x1966, 0x1966, 0x1966, 0x1966, 0x1966, 0x1966, \
        0x1966, 0x1966, 0x1966, 0x1966, 0x1946, 0x10E4, 0x08C4, 0x08C4, 0x08C4, 0x08C4, 0x08C4, 0x08C4, \
        0x08C4, 0x08C4, 0x08C4, 0x08C4, 0x08C4, 0x10E4, 0x10E4, 0x08C4, 0x08C4, 0x08C4, 0x08C4, 0x08C4, \
        0x08C4, 0x08C4, 0x08C4, 0x08C4, 0x08C4, 0x08C4, 0x08C4, 0x08C4, 0x08C4, 0x08C4, 0x08C4, 0x08C4, \
        0x08C4, 0x08C4, 0x08C4, 0x08C4, 0x08C4, 0x08C4, 0x08C4, 0x08C4, 0x08C4, 0x08C4, 0x08C4, 0x08C4, \
        0x08C4, 0x08C4, 0x08C4, 0x08C4, 0x08C4, 0x08C4, 0x08C4, 0x08C4, 0x08C4, 0x08C4, 0x08C4, 0x10E4, \
        0x1125, 0x1105, 0x08C4, 0x08C4, 0x08C4, 0x08C4, 0x08C4, 0x08C4, 0x08C4, 0x08C4, 0x08C4, 0x08C4, \
        0x08C4, 0x08C4, 0x08C4, 0x08C4, 0x08C4, 0x08C4, 0x08C4, 0x08C4, 0x08C4, 0x08C4, 0x08C4, 0x08C4, \
        0x08C4, 0x08C4, 0x10E4, 0x10E4, 0x08C4, 0x08C4, 0x08C4, 0x08C4, 0x08C4, 0x08C4, 0x08C4, 0x08C4, \
        0x08C4, 0x08C4, 0x08C4, 0x08C4, 0x08C4, 0x08C4, 0x08C4, 0x08C4, 0x08C4, 0x08C4, 0x08C4, 0x08C4, \
        0x08C4, 0x08C4, 0x08C4, 0x08C4, 0x08C4, 0x08C4, 0x08C4, 0x08C4, 0x08C4, 0x08C4, 0x08C4, 0x08C4, \
        0x08C4, 0x08C4, 0x08C4, 0x08C4, 0x08C4, 0x08C4, 0x08C4, 0x08C4, 0x08C4, 0x08C4, 0x08C4, 0x08C4, \
        0x08C4, 0x08C4, 0x08C4, 0x08C4, 0x08C4, 0x08C4, 0x08C4, 0x08C4, 0x08C4, 0x10C4, 0x08C4, 0x08C4, \
        0x08C4, 0x10E4, 0x1966, 0x1966, 0x1966, 0x1966, 0x1966, 0x1966, 0x1966, 0x1966, 0x1966, 0x1966, \
        0x1966, 0x1966, 0x1966, 0x1966, 0x1966, 0x1966, 0x1966, 0x1966, 0x1966, 0x1966, 0x1966, 0x1125, \
        0x08C4, 0x08C4, 0x08C4, 0x08C4, 0x08C4, 0x08C4, 0x08C4, 0x08C4, 0x08C4, 0x08C4, 0x08C4, 0x08C4, \
        0x08C4, 0x08C4, 0x08C4, 0x08C4, 0x08C4, 0x08C4, 0x08C4, 0x08C4, 0x08C4, 0x08C4, 0x08C4, 0x08C4, \
        0x08C4, 0x08C4, 0x08C4, 0x08C4, 0x08C4, 0x08C4, 0x1105, 0x1966, 0x1966, 0x1966, 0x1966, 0x1966, \
        0x1966, 0x1966, 0x1966, 0x1966, 0x1966, 0x1966, 0x1966, 0x1966, 0x1966, 0x1966, 0x1966, 0x1966, \
        0x1966, 0x1966, 0x1966, 0x1966, 0x1125, 0x08C4, 0x08C4, 0x08C4, 0x08C4, 0x08C4, 0x08C4, 0x08C4, \
        0x08C4, 0x08C4, 0x08C4, 0x08C4, 0x08C4, 0x08C4, 0x08C4, 0x08C4, 0x08C4, 0x08C4, 0x08C4, 0x08C4, \
        0x08C4, 0x08C4, 0x08C4, 0x08C4, 0x08C4, 0x08C4, 0x08C4, 0x08C4, 0x08C4, 0x08C4, 0x08C4, 0x08C4, \
        0x08C4, 0x08C4, 0x08C4, 0x08C4, 0x08C4, 0x08C4, 0x08C4, 0x08C4, 0x08C4, 0x08C4, 0x08C4, 0x08C4, \
        0x08C4, 0x08C4, 0x08C4, 0x08C4, 0x08C4, 0x08C4, 0x08C4, 0x08C4, 0x08C4, 0x08C4, 0x08C4, 0x08C4, \
        0x08C4, 0x08C4, 0x08C4, 0x08C4, 0x08C4, 0x08C4, 0x08C4, 0x08C4, 0x08C4, 0x08C4, 0x08C4, 0x08C4, \
        0x08C4, 0x08C4, 0x08C4, 0x08C4, 0x08C4, 0x08C4, 0x08C4, 0x08C4, 0x08C4, 0x08C4, 0x08C4, 0x08C4, \
        0x08C4, 0x08C4, 0x08C4, 0x08C4, 0x1125, 0x1966, 0x1966, 0x1966, 0x1966, 0x1966, 0x1966, 0x1966, \
        0x1966, 0x1966, 0x1966, 0x1966, 0x1966, 0x1966, 0x1966, 0x1966, 0x1966, 0x1966, 0x1966, 0x1966, \
        0x1966, 0x1145, 0x08C4, 0x08C4, 0x08C4, 0x08C4, 0x08C4, 0x08C4, 0x08C4, 0x08C4, 0x08C4, 0x08C4, \
        0x08C4, 0x08C4, 0x08E4, 0x08E4, 0x08C4, 0x08C4, 0x08C4, 0x08C4, 0x08C4, 0x08C4, 0x08C4, 0x08C4, \
        0x08C4, 0x08C4, 0x08C4, 0x08C4, 0x08C4, 0x08C4, 0x08C4, 0x08C4, 0x08C4, 0x08C4, 0x08C4, 0x08C4, \
        0x08C4, 0x08C4, 0x08C4, 0x08C4, 0x08C4, 0x08C4, 0x08C4, 0x08C4, 0x08C4, 0x08C4, 0x08C4, 0x08C4, \
        0x08C4, 0x08C4, 0x08C4, 0x08C4, 0x08C4, 0x08C4, 0x08C4, 0x08C4, 0x08C4, 0x08C4, 0x1105, 0x1104, \
        0x08C4, 0x08C4, 0x08C4, 0x08C4, 0x08C4, 0x08C4, 0x08C4, 0x08C4, 0x08C4, 0x08C4, 0x08C4, 0x08C4, \
        0x08C4, 0x08C4, 0x08C4, 0x08C4, 0x08C4, 0x08C4, 0x08C4, 0x08C4, 0x08C4, 0x08C4, 0x08E4, 0x08E4, \
        0x08C4, 0x08C4, 0x08C4, 0x08C4, 0x08C4, 0x08C4, 0x08C4, 0x08C4, 0x08C4, 0x08C4, 0x08C4, 0x08C4, \
        0x08C4, 0x08C4, 0x08C4, 0x08C4, 0x08C4, 0x08C4, 0x08C4, 0x08C4, 0x08C4, 0x08C4, 0x08C4, 0x08C4, \
        0x08C4, 0x08C4, 0x08C4, 0x08C4, 0x08C4, 0x08C4, 0x08C4, 0x08C4, 0x08C4, 0x08C4, 0x08C4, 0x08C4, \
        0x08C4, 0x08C4, 0x08C4, 0x08C4, 0x08C4, 0x08C4, 0x08C4, 0x08C4, 0x08C4, 0x08C4, 0x08C4, 0x08C4, \
        0x08C4, 0x08C4, 0x08C4, 0x08C4, 0x08C4, 0x08C4, 0x08C4, 0x08C4, 0x10E4, 0x1966, 0x1966, 0x1966, \
        0x1966, 0x1966, 0x1966, 0x1966, 0x1966, 0x1966, 0x1966, 0x1966, 0x1966, 0x1966, 0x1966, 0x1966, \
        0x1966, 0x1966, 0x1966, 0x1966, 0x1966, 0x1966, 0x1125, 0x08C4, 0x08C4, 0x08C4, 0x08C4, 0x08C4, \
        0x08C4, 0x08C4, 0x08C4, 0x08C4, 0x08C4, 0x08C4, 0x08C4, 0x08C4, 0x08C4, 0x08C4, 0x08C4, 0x08C4, \
        0x08C4, 0x08C4, 0x08C4, 0x08C4, 0x08C4, 0x08C4, 0x08C4, 0x08C4, 0x08C4, 0x08C4, 0x08C4, 0x08C4, \
        0x08C4, 0x10E4, 0x1966, 0x1966, 0x1966, 0x1966, 0x1966, 0x1966, 0x1966, 0x1966, 0x1966, 0x1966, \
        0x1966, 0x1966, 0x1966, 0x1966, 0x1966, 0x1966, 0x1966, 0x1966, 0x1966, 0x1966, 0x1966, 0x1125, \
        0x08C4, 0x08C4, 0x08C4, 0x08C4, 0x08C4, 0x08C4, 0x08C4, 0x08C4, 0x08C4, 0x08C4, 0x08C4, 0x08C4, \
        0x08C4, 0x08C4, 0x08C4, 0x08C4, 0x08C4, 0x08C4, 0x08C4, 0x08C4, 0x08C4, 0x08C4, 0x08C4, 0x08C4, \
        0x08C4, 0x08C4, 0x08C4, 0x08C4, 0x08C4, 0x08C4, 0x08C4, 0x08C4, 0x08C4, 0x08C4, 0x08C4, 0x08C4, \
        0x08C4, 0x08C4, 0x08C4, 0x08C4, 0x08C4, 0x08C4, 0x08C4, 0x08C4, 0x08C4, 0x08C4, 0x08C4, 0x08C4, \
        0x08C4, 0x08C4, 0x08C4, 0x08C4, 0x08C4, 0x08C4, 0x08C4, 0x08C4, 0x08C4, 0x08C4, 0x08C4, 0x08C4, \
        0x08C4, 0x08C4, 0x08C4, 0x08C4, 0x08C4, 0x08C4, 0x08C4, 0x08C4, 0x08C4, 0x08C4, 0x08C4, 0x08C4, \
        0x08C4, 0x08C4, 0x08C4, 0x08C4, 0x08C4, 0x08C4, 0x08C4, 0x08C4, 0x08C4, 0x08C4, 0x08C4, 0x08C4, \
        0x08C4, 0x1125, 0x1966, 0x1966, 0x1966, 0x1966, 0x1966, 0x1966, 0x1966, 0x1966, 0x1966, 0x1966, \
        0x1966, 0x1966, 0x1966, 0x1966, 0x1966, 0x1966, 0x1966, 0x1966, 0x1966, 0x1966, 0x1125, 0x08C4, \
        0x08C4, 0x08C4, 0x08C4, 0x08C4, 0x08C4, 0x08C4, 0x08C4, 0x08C4, 0x08C4, 0x08C4, 0x08C4, 0x08E4, \
        0x08E4, 0x08C4, 0x08C4, 0x08C4, 0x08C4, 0x08C4, 0x08C4, 0x08C4, 0x08C4, 0x08C4, 0x08C4, 0x08C4, \
        0x08C4, 0x08C4, 0x08C4, 0x08C4, 0x08C4, 0x08C4, 0x08C4, 0x08C4, 0x08C4, 0x08C4, 0x08C4, 0x08C4, \
        0x08C4, 0x08C4, 0x08C4, 0x08C4, 0x08C4, 0x08C4, 0x08C4, 0x08C4, 0x08C4, 0x08C4, 0x08C4, 0x08C4, \
        0x08C4, 0x08C4, 0x08C4, 0x08C4, 0x08C4, 0x08C4, 0x08C4, 0x08E4, 0x1105, 0x10E4, 0x10C4, 0x08C4, \
        0x08C4, 0x08C4, 0x08C4, 0x08C4, 0x08C4, 0x08C4, 0x08C4, 0x08C4, 0x08C4, 0x08C4, 0x08C4, 0x08C4, \
        0x08C4, 0x08C4, 0x08C4, 0x08C4, 0x08C4, 0x08C4, 0x08E4, 0x08E4, 0x08C4, 0x08C4, 0x08C4, 0x08C4, \
        0x08C4, 0x08C4, 0x08C4, 0x08C4, 0x08C4, 0x08C4, 0x08C4, 0x08C4, 0x08C4, 0x08C4, 0x08C4, 0x08C4, \
        0x08C4, 0x08C4, 0x08C4, 0x08C4, 0x08C4, 0x08C4, 0x08C4, 0x08C4, 0x08C4, 0x08C4, 0x08C4, 0x08C4, \
        0x08C4, 0x08C4, 0x08C4, 0x08C4, 0x08C4, 0x08C4, 0x08C4, 0x08C4, 0x08C4, 0x08C4, 0x08C4, 0x08C4, \
        0x08C4, 0x08C4, 0x08C4, 0x08C4, 0x08C4, 0x08C4, 0x08C4, 0x08C4, 0x08C4, 0x08C4, 0x08C4, 0x08C4, \
        0x08C4, 0x08C4, 0x08C4, 0x10E4, 0x1146, 0x1966, 0x1966, 0x1966, 0x1966, 0x1966, 0x1966, 0x1966, \
        0x1966, 0x1966, 0x1966, 0x1966, 0x1966, 0x1966, 0x1966, 0x1966, 0x1966, 0x1966, 0x1966, 0x1966, \
        0x1966, 0x1146, 0x10E4, 0x08C4, 0x08C4, 0x08C4, 0x08C4, 0x08C4, 0x08C4, 0x08C4, 0x08C4, 0x08C4, \
        0x08C4, 0x08C4, 0x08C4, 0x08C4, 0x08C4, 0x08C4, 0x08C4, 0x08C4, 0x08C4, 0x08C4, 0x08C4, 0x08C4, \
        0x08C4, 0x08C4, 0x08C4, 0x08C4, 0x08C4, 0x08C4, 0x08C4, 0x08C4, 0x10E4, 0x1946, 0x1966, 0x1966, \
        0x1966, 0x1966, 0x1966, 0x1966, 0x1966, 0x1966, 0x1966, 0x1966, 0x1966, 0x1966, 0x1966, 0x1966, \
        0x1966, 0x1966, 0x1966, 0x1966, 0x1966, 0x1966, 0x1146, 0x10E4, 0x08C4, 0x08C4, 0x08C4, 0x08C4, \
        0x08C4, 0x08C4, 0x08C4, 0x08C4, 0x08C4, 0x08C4, 0x08C4, 0x08C4, 0x08C4, 0x08C4, 0x08C4, 0x08C4, \
        0x08C4, 0x08C4, 0x08C4, 0x08C4, 0x08C4, 0x08C4, 0x08C4, 0x08C4, 0x08C4, 0x08C4, 0x08C4, 0x08C4, \
        0x08C4, 0x08C4, 0x08C4, 0x08C4, 0x08C4, 0x08C4, 0x08C4, 0x08C4, 0x08C4, 0x08C4, 0x08C4, 0x08C4, \
        0x08C4, 0x08C4, 0x08C4, 0x08C4, 0x08C4, 0x08C4, 0x08C4, 0x08C4, 0x08C4, 0x08C4, 0x08C4, 0x08C4, \
        0x08C4, 0x08C4, 0x08C4, 0x08C4, 0x08C4, 0x08C4, 0x08C4, 0x08C4, 0x08C4, 0x08C4, 0x08C4, 0x08C4, \
        0x08C4, 0x08C4, 0x08C4, 0x08C4, 0x08C4, 0x08C4, 0x08C4, 0x08C4, 0x08C4, 0x08C4, 0x08C4, 0x08C4, \
        0x08C4, 0x08C4, 0x08C4, 0x08C4, 0x08C4, 0x08C4, 0x08C4, 0x08C4, 0x08C4, 0x08E4, 0x1146, 0x1966, \
        0x1966, 0x1966, 0x1966, 0x1966, 0x1966, 0x1966, 0x1966, 0x1966, 0x1966, 0x1966, 0x1966, 0x1966, \
        0x1966, 0x1966, 0x1966, 0x1966, 0x1966, 0x1966, 0x1966, 0x1105, 0x08C4, 0x08C4, 0x08C4, 0x08C4, \
        0x08C4, 0x08C4, 0x08C4, 0x08C4, 0x08C4, 0x08C4, 0x08C4, 0x08C4, 0x08E4, 0x08E4, 0x08C4, 0x08C4, \
        0x08C4, 0x08C4, 0x08C4, 0x08C4, 0x08C4, 0x08C4, 0x08C4, 0x08C4, 0x08C4, 0x08C4, 0x08C4, 0x08C4, \
        0x08C4, 0x08C4, 0x08C4, 0x08C4, 0x08C4, 0x08C4, 0x08C4, 0x08C4, 0x08C4, 0x08C4, 0x08C4, 0x08C4, \
        0x08C4, 0x08C4, 0x08C4, 0x08C4, 0x08C4, 0x08C4, 0x08C4, 0x08C4, 0x08C4, 0x08C4, 0x08C4, 0x08C4, \
        0x08C4, 0x08C4, 0x08C4, 0x08C4, 0x08C4, 0x10E4, 0x10E4, 0x10E4, 0x08C4, 0x08C4, 0x08C4, 0x08C4, \
        0x08C4, 0x08C4, 0x08C4, 0x08C4, 0x08C4, 0x08C4, 0x08C4, 0x08C4, 0x08C4, 0x08C4, 0x08C4, 0x08C4, \
        0x08C4, 0x08C4, 0x08E4, 0x08C4, 0x08C4, 0x08C4, 0x08C4, 0x08C4, 0x08C4, 0x08C4, 0x08C4, 0x08C4, \
        0x08C4, 0x08C4, 0x08C4, 0x08C4, 0x08C4, 0x08C4, 0x08C4, 0x08C4, 0x08C4, 0x08C4, 0x08C4, 0x08C4, \
        0x08C4, 0x08C4, 0x08C4, 0x08C4, 0x08C4, 0x08C4, 0x08C4, 0x08C4, 0x08C4, 0x08C4, 0x08C4, 0x08C4, \
        0x08C4, 0x08C4, 0x08C4, 0x08C4, 0x08C4, 0x08C4, 0x08C4, 0x08C4, 0x08C4, 0x08C4, 0x08C4, 0x08C4, \
        0x08C4, 0x08C4, 0x08C4, 0x08C4, 0x08C4, 0x08C4, 0x08C4, 0x08C4, 0x08C4, 0x08C4, 0x10E4, 0x1125, \
        0x1966, 0x1966, 0x1966, 0x1966, 0x1966, 0x1966, 0x1966, 0x1966, 0x1966, 0x1966, 0x1966, 0x1966, \
        0x1966, 0x1966, 0x1966, 0x1966, 0x1966, 0x1966, 0x1966, 0x1966, 0x1946, 0x1104, 0x08C4, 0x08C4, \
        0x08C4, 0x08C4, 0x08C4, 0x08C4, 0x08C4, 0x08C4, 0x08C4, 0x08C4, 0x08C4, 0x08C4, 0x08C4, 0x08C4, \
        0x08C4, 0x08C4, 0x08C4, 0x08C4, 0x08C4, 0x08C4, 0x08C4, 0x08C4, 0x08C4, 0x08C4, 0x08C4, 0x08C4, \
        0x08C4, 0x08C4, 0x08C4, 0x10E4, 0x1145, 0x1966, 0x1966, 0x1966, 0x1966, 0x1966, 0x1966, 0x1966, \
        0x1966, 0x1966, 0x1966, 0x1966, 0x1966, 0x1966, 0x1966, 0x1966, 0x1966, 0x1966, 0x1966, 0x1966, \
        0x1966, 0x1946, 0x1105, 0x08C4, 0x08C4, 0x08C4, 0x08C4, 0x08C4, 0x08C4, 0x08C4, 0x08C4, 0x08C4, \
        0x08C4, 0x08C4, 0x08C4, 0x08C4, 0x08C4, 0x08C4, 0x08C4, 0x08C4, 0x08C4, 0x08C4, 0x08C4, 0x08C4, \
        0x08C4, 0x08C4, 0x08C4, 0x08C4, 0x08C4, 0x08C4, 0x08C4, 0x08C4, 0x08C4, 0x08C4, 0x08C4, 0x08C4, \
        0x08C4, 0x08C4, 0x08C4, 0x08C4, 0x08C4, 0x08C4, 0x08C4, 0x08C4, 0x08C4, 0x08C4, 0x08C4, 0x08C4, \
        0x08C4, 0x08C4, 0x08C4, 0x08C4, 0x08C4, 0x08C4, 0x08C4, 0x08C4, 0x08C4, 0x08C4, 0x08C4, 0x08C4, \
        0x08C4, 0x08C4, 0x08C4, 0x08C4, 0x08C4, 0x08C4, 0x08C4, 0x08C4, 0x08C4, 0x08C4, 0x08C4, 0x08C4, \
        0x08C4, 0x08C4, 0x08C4, 0x08C4, 0x08C4, 0x08C4, 0x08C4, 0x08C4, 0x08C4, 0x08C4, 0x08C4, 0x08C4, \
        0x08C4, 0x08C4, 0x08C4, 0x08C4, 0x08C4, 0x08C4, 0x1104, 0x1146, 0x1966, 0x1966, 0x1966, 0x1966, \
        0x1966, 0x1966, 0x1966, 0x1966, 0x1966, 0x1966, 0x1966, 0x1966, 0x1966, 0x1966, 0x1966, 0x1966, \
        0x1966, 0x1966, 0x1966, 0x1166, 0x10E4, 0x08C4, 0x08C4, 0x08C4, 0x08C4, 0x08C4, 0x08C4, 0x08C4, \
        0x08C4, 0x08C4, 0x08C4, 0x08C4, 0x08C4, 0x08E4, 0x08E4, 0x10E4, 0x08C4, 0x08C4, 0x08C4, 0x08C4, \
        0x08C4, 0x08C4, 0x08C4, 0x08C4, 0x08C4, 0x08C4, 0x08C4, 0x08C4, 0x08C4, 0x08C4, 0x08C4, 0x08C4, \
        0x08C4, 0x08C4, 0x08C4, 0x08C4, 0x08C4, 0x08C4, 0x08C4, 0x08C4, 0x08C4, 0x08C4, 0x08C4, 0x08C4, \
        0x08C4, 0x08C4, 0x08C4, 0x08C4, 0x08C4, 0x08C4, 0x08C4, 0x08C4, 0x08C4, 0x08C4, 0x08C4, 0x08C4, \
        0x08C4, 0x08C4, 0x10E4, 0x10E4, 0x10E5, 0x08C4, 0x08C4, 0x08C4, 0x08C4, 0x08C4, 0x08C4, 0x08C4, \
        0x08C4, 0x08C4, 0x08C4, 0x08C4, 0x08C4, 0x08C4, 0x08C4, 0x08C4, 0x08C4, 0x08E4, 0x08E4, 0x08C4, \
        0x08C4, 0x08C4, 0x08C4, 0x08C4, 0x08C4, 0x08C4, 0x08C4, 0x08C4, 0x08C4, 0x08C4, 0x08C4, 0x08C4, \
        0x08C4, 0x08C4, 0x08C4, 0x08C4, 0x08C4, 0x08C4, 0x08C4, 0x08C4, 0x08C4, 0x08C4, 0x08C4, 0x08C4, \
        0x08C4, 0x08C4, 0x08C4, 0x08C4, 0x08C4, 0x08C4, 0x08C4, 0x08C4, 0x08C4, 0x08C4, 0x08C4, 0x08C4, \
        0x08C4, 0x08C4, 0x08C4, 0x08C4, 0x08C4, 0x08C4, 0x08C4, 0x08C4, 0x08C4, 0x08C4, 0x08C4, 0x08C4, \
        0x08C4, 0x08C4, 0x08C4, 0x08C4, 0x08C4, 0x08C4, 0x1125, 0x1966, 0x1966, 0x1966, 0x1966, 0x1966, \
        0x1966, 0x1966, 0x1966, 0x1966, 0x1966, 0x1966, 0x1966, 0x1966, 0x1966, 0x1966, 0x1966, 0x1966, \
        0x1966, 0x1966, 0x1966, 0x1966, 0x1105, 0x08C4, 0x08C4, 0x08C4, 0x08C4, 0x08C4, 0x08C4, 0x08C4, \
        0x08C4, 0x08C4, 0x08C4, 0x08C4, 0x08C4, 0x08C4, 0x08C4, 0x08C4, 0x08C4, 0x08C4, 0x08C4, 0x08C4, \
        0x08C4, 0x08C4, 0x08C4, 0x08C4, 0x08C4, 0x08C4, 0x08C4, 0x08C4, 0x08C4, 0x08C4, 0x08C4, 0x1125, \
        0x1966, 0x1966, 0x1966, 0x1966, 0x1966, 0x1966, 0x1966, 0x1966, 0x1966, 0x1966, 0x1966, 0x1966, \
        0x1966, 0x1966, 0x1966, 0x1966, 0x1966, 0x1966, 0x1966, 0x1966, 0x1966, 0x1105, 0x08C4, 0x08C4, \
        0x08C4, 0x08C4, 0x08C4, 0x08C4, 0x08C4, 0x08C4, 0x08C4, 0x08C4, 0x08C4, 0x08C4, 0x08C4, 0x08C4, \
        0x08C4, 0x08C4, 0x08C4, 0x08C4, 0x08C4, 0x08C4, 0x08C4, 0x08C4, 0x08C4, 0x08C4, 0x08C4, 0x08C4, \
        0x08C4, 0x08C4, 0x08C4, 0x08C4, 0x08C4, 0x08C4, 0x08C4, 0x08C4, 0x08C4, 0x08C4, 0x08C4, 0x08C4, \
        0x08C4, 0x08C4, 0x08C4, 0x08C4, 0x08C4, 0x08C4, 0x08C4, 0x08C4, 0x08C4, 0x08C4, 0x08C4, 0x08C4, \
        0x08C4, 0x08C4, 0x08C4, 0x08C4, 0x08C4, 0x08C4, 0x08C4, 0x08C4, 0x08C4, 0x08C4, 0x08C4, 0x08C4, \
        0x08C4, 0x08C4, 0x08C4, 0x08C4, 0x08C4, 0x08C4, 0x08C4, 0x08C4, 0x08C4, 0x08C4, 0x08C4, 0x08C4, \
        0x08C4, 0x08C4, 0x08C4, 0x08C4, 0x08C4, 0x08C4, 0x08C4, 0x08C4, 0x08C4, 0x08C4, 0x08C4, 0x08C4, \
        0x08C4, 0x08C4, 0x08C4, 0x1105, 0x1966, 0x1966, 0x1966, 0x1966, 0x1966, 0x1966, 0x1966, 0x1966, \
        0x1966, 0x1966, 0x1966, 0x1966, 0x1966, 0x1966, 0x1966, 0x1966, 0x1966, 0x1966, 0x1966, 0x1966, \
        0x1145, 0x08C4, 0x08C4, 0x08C4, 0x08C4, 0x08C4, 0x08C4, 0x08C4, 0x08C4, 0x08C4, 0x08C4, 0x08C4, \
        0x08C4, 0x08C4, 0x08C4, 0x10E4, 0x08E4, 0x10E4, 0x08C4, 0x08C4, 0x08C4, 0x08C4, 0x08C4, 0x08C4, \
        0x08C4, 0x08C4, 0x08C4, 0x08C4, 0x08C4, 0x08C4, 0x08C4, 0x08C4, 0x08C4, 0x08C4, 0x08C4, 0x08C4, \
        0x08C4, 0x08C4, 0x08C4, 0x08C4, 0x08C4, 0x08C4, 0x08C4, 0x08C4, 0x08C4, 0x08C4, 0x08C4, 0x08C4, \
        0x08C4, 0x08C4, 0x08C4, 0x08C4, 0x08C4, 0x08C4, 0x08C4, 0x08C4, 0x08C4, 0x08C4, 0x08C4, 0x08C4, \
        0x08E4, 0x08E4, 0x08E4, 0x08C4, 0x08C4, 0x08C4, 0x08C4, 0x08C4, 0x08C4, 0x08C4, 0x08C4, 0x08C4, \
        0x08C4, 0x08C4, 0x08C4, 0x08C4, 0x08C4, 0x10E4, 0x08C4, 0x08C4, 0x08C4, 0x08C4, 0x08C4, 0x08C4, \
        0x08C4, 0x08C4, 0x08C4, 0x08C4, 0x08C4, 0x08C4, 0x08C4, 0x08C4, 0x08C4, 0x08C4, 0x08C4, 0x08C4, \
        0x08C4, 0x08C4, 0x08C4, 0x08C4, 0x08C4, 0x08C4, 0x08C4, 0x08C4, 0x08C4, 0x08C4, 0x08C4, 0x08C4, \
        0x08C4, 0x08C4, 0x08C4, 0x08C4, 0x08C4, 0x08C4, 0x08C4, 0x08C4, 0x08C4, 0x08C4, 0x08C4, 0x08C4, \
        0x08C4, 0x08C4, 0x08C4, 0x08C4, 0x08C4, 0x08C4, 0x08C4, 0x08C4, 0x08C4, 0x08C4, 0x08C4, 0x08C4, \
        0x08C4, 0x1104, 0x1146, 0x1966, 0x1966, 0x1966, 0x1966, 0x1966, 0x1966, 0x1966, 0x1966, 0x1966, \
        0x1966, 0x1966, 0x1966, 0x1966, 0x1966, 0x1966, 0x1966, 0x1966, 0x1966, 0x1966, 0x1966, 0x1125, \
        0x08C4, 0x08C4, 0x08C4, 0x08C4, 0x08C4, 0x08C4, 0x08C4, 0x08C4, 0x08C4, 0x08C4, 0x08C4, 0x08C4, \
        0x08C4, 0x08C4, 0x08C4, 0x08C4, 0x08C4, 0x08C4, 0x08C4, 0x08C4, 0x08C4, 0x08C4, 0x08C4, 0x08C4, \
        0x08C4, 0x08C4, 0x08C4, 0x08C4, 0x08C4, 0x08C4, 0x1105, 0x1966, 0x1966, 0x1966, 0x1966, 0x1966, \
        0x1966, 0x1966, 0x1966, 0x1966, 0x1966, 0x1966, 0x1966, 0x1966, 0x1966, 0x1966, 0x1966, 0x1966, \
        0x1966, 0x1966, 0x1966, 0x1966, 0x1125, 0x08E4, 0x08C4, 0x08C4, 0x08C4, 0x08C4, 0x08C4, 0x08C4, \
        0x08C4, 0x08C4, 0x08C4, 0x08C4, 0x08C4, 0x08C4, 0x08C4, 0x08C4, 0x08C4, 0x08C4, 0x08C4, 0x08C4, \
        0x08C4, 0x08C4, 0x08C4, 0x08C4, 0x08C4, 0x08C4, 0x08C4, 0x08C4, 0x08C4, 0x08C4, 0x08C4, 0x08C4, \
        0x08C4, 0x08C4, 0x08C4, 0x08C4, 0x08C4, 0x08C4, 0x08C4, 0x08C4, 0x08C4, 0x08C4, 0x08C4, 0x08C4, \
        0x08C4, 0x08C4, 0x08C4, 0x08C4, 0x08C4, 0x08C4, 0x08C4, 0x08C4, 0x08C4, 0x08C4, 0x08C4, 0x08C4, \
        0x08C4, 0x08C4, 0x08C4, 0x08C4, 0x08C4, 0x08C4, 0x08C4, 0x08C4, 0x08C4, 0x08C4, 0x08C4, 0x08C4, \
        0x08C4, 0x08C4, 0x08C4, 0x08C4, 0x08C4, 0x08C4, 0x08C4, 0x08C4, 0x08C4, 0x08C4, 0x08C4, 0x08C4, \
        0x08C4, 0x08C4, 0x08C4, 0x08C4, 0x08C4, 0x08C4, 0x08C4, 0x08C4, 0x08C4, 0x08C4, 0x08C4, 0x08C4, \
        0x1125, 0x1966, 0x1966, 0x1966, 0x1966, 0x1966, 0x1966, 0x1966, 0x1966, 0x1966, 0x1966, 0x1966, \
        0x1966, 0x1966, 0x1966, 0x1966, 0x1966, 0x1966, 0x1966, 0x1966, 0x1966, 0x1125, 0x08C4, 0x08C4, \
        0x08C4, 0x08C4, 0x08C4, 0x08C4, 0x08C4, 0x08C4, 0x08C4, 0x08C4, 0x08C4, 0x08C4, 0x08C4, 0x08C4, \
        0x08C4, 0x08E4, 0x10E4, 0x1105, 0x1105, 0x08C4, 0x08C4, 0x08C4, 0x08C4, 0x08C4, 0x08C4, 0x08C4, \
        0x08C4, 0x08C4, 0x08C4, 0x08C4, 0x08C4, 0x08C4, 0x08C4, 0x08C4, 0x08C4, 0x08C4, 0x08C4, 0x08C4, \
        0x08C4, 0x08C4, 0x08C4, 0x08C4, 0x08C4, 0x08C4, 0x08C4, 0x08C4, 0x08C4, 0x08C4, 0x08C4, 0x08C4, \
        0x08C4, 0x08C4, 0x08C4, 0x08C4, 0x08C4, 0x08C4, 0x08C4, 0x08C4, 0x08C4, 0x08C4, 0x08E4, 0x08E4, \
        0x08C4, 0x08C4, 0x08C4, 0x08C4, 0x08C4, 0x08C4, 0x08C4, 0x08C4, 0x08C4, 0x08C4, 0x08C4, 0x08C4, \
        0x10E4, 0x08E4, 0x08C4, 0x08C4, 0x08C4, 0x08C4, 0x08C4, 0x08C4, 0x08C4, 0x08C4, 0x08C4, 0x08C4, \
        0x08C4, 0x08C4, 0x08C4, 0x08C4, 0x08C4, 0x08C4, 0x08C4, 0x08C4, 0x08C4, 0x08C4, 0x08C4, 0x08C4, \
        0x08C4, 0x08C4, 0x08C4, 0x08C4, 0x08C4, 0x08C4, 0x08C4, 0x08C4, 0x08C4, 0x08C4, 0x08C4, 0x08C4, \
        0x08C4, 0x08C4, 0x08C4, 0x08C4, 0x08C4, 0x08C4, 0x08C4, 0x08C4, 0x08C4, 0x08C4, 0x08C4, 0x08C4, \
        0x08C4, 0x08C4, 0x08C4, 0x08C4, 0x08C4, 0x08C4, 0x08C4, 0x08C4, 0x10E4, 0x1146, 0x1966, 0x1966, \
        0x1966, 0x1966, 0x1966, 0x1966, 0x1966, 0x1966, 0x1966, 0x1966, 0x1966, 0x1966, 0x1966, 0x1966, \
        0x1966, 0x1966, 0x1966, 0x1966, 0x1966, 0x1966, 0x1145, 0x08C4, 0x08C4, 0x08C4, 0x08C4, 0x08C4, \
        0x08C4, 0x08C4, 0x08C4, 0x08C4, 0x08C4, 0x08C4, 0x08C4, 0x08C4, 0x08C4, 0x08C4, 0x08C4, 0x08C4, \
        0x08C4, 0x08C4, 0x08C4, 0x08C4, 0x08C4, 0x08C4, 0x08C4, 0x08C4, 0x08C4, 0x08C4, 0x08C4, 0x08C4, \
        0x08C4, 0x10E4, 0x1146, 0x1966, 0x1966, 0x1966, 0x1966, 0x1966, 0x1966, 0x1966, 0x1966, 0x1966, \
        0x1966, 0x1966, 0x1966, 0x1966, 0x1966, 0x1966, 0x1966, 0x1966, 0x1966, 0x1966, 0x1966, 0x1145, \
        0x08E4, 0x08C4, 0x08C4, 0x08C4, 0x08C4, 0x08C4, 0x08C4, 0x08C4, 0x08C4, 0x08C4, 0x08C4, 0x08C4, \
        0x08C4, 0x08C4, 0x08C4, 0x08C4, 0x08C4, 0x08C4, 0x08C4, 0x08C4, 0x08C4, 0x08C4, 0x08C4, 0x08C4, \
        0x08C4, 0x08C4, 0x08C4, 0x08C4, 0x08C4, 0x08C4, 0x08C4, 0x08C4, 0x08C4, 0x08C4, 0x08C4, 0x08C4, \
        0x08C4, 0x08C4, 0x08C4, 0x08C4, 0x08C4, 0x08C4, 0x08C4, 0x08C4, 0x08C4, 0x08C4, 0x08C4, 0x08C4, \
        0x08C4, 0x08C4, 0x08C4, 0x08C4, 0x08C4, 0x08C4, 0x08C4, 0x08C4, 0x08C4, 0x08C4, 0x08C4, 0x08C4, \
        0x08C4, 0x08C4, 0x08C4, 0x08C4, 0x08C4, 0x08C4, 0x08C4, 0x08C4, 0x08C4, 0x08C4, 0x08C4, 0x08C4, \
        0x08C4, 0x08C4, 0x08C4, 0x08C4, 0x08C4, 0x08C4, 0x08C4, 0x08C4, 0x08C4, 0x08C4, 0x08C4, 0x08C4, \
        0x08C4, 0x08C4, 0x08C4, 0x08C4, 0x08C4, 0x08C4, 0x08C4, 0x08C4, 0x10E4, 0x1146, 0x1966, 0x1966, \
        0x1966, 0x1966, 0x1966, 0x1966, 0x1966, 0x1966, 0x1966, 0x1966, 0x1966, 0x1966, 0x1966, 0x1966, \
        0x1966, 0x1966, 0x1966, 0x1966, 0x1966, 0x1966, 0x1105, 0x08C4, 0x08C4, 0x08C4, 0x08C4, 0x08C4, \
        0x08C4, 0x08C4, 0x08C4, 0x08C4, 0x08C4, 0x08C4, 0x08C4, 0x08C4, 0x08C4, 0x08C4, 0x08C4, 0x08E4, \
        0x08C4, 0x10E4, 0x1105, 0x1125, 0x1125, 0x1105, 0x1105, 0x10E4, 0x08E4, 0x08E4, 0x08E4, 0x08E4, \
        0x10E4, 0x10E4, 0x10E4, 0x10E4, 0x08E4, 0x08E4, 0x08C4, 0x08C4, 0x08C4, 0x08C4, 0x08C4, 0x10C4, \
        0x08C4, 0x08C4, 0x08C4, 0x08C4, 0x08C4, 0x08C4, 0x08C4, 0x08C4, 0x08C4, 0x08C4, 0x08C4, 0x08C4, \
        0x08C4, 0x08C4, 0x08C4, 0x08C4, 0x08C4, 0x08C4, 0x08C4, 0x10E4, 0x10E5, 0x08C4, 0x08C4, 0x08C4, \
        0x08C4, 0x08C4, 0x08C4, 0x08C4, 0x08C4, 0x08C4, 0x08C4, 0x10E4, 0x08E4, 0x08C4, 0x08C4, 0x08C4, \
        0x08C4, 0x08C4, 0x08C4, 0x08C4, 0x08C4, 0x08C4, 0x08C4, 0x08C4, 0x08C4, 0x08C4, 0x08C4, 0x08C4, \
        0x08C4, 0x08C4, 0x08C4, 0x08C4, 0x08C4, 0x08C4, 0x08C4, 0x08C4, 0x08C4, 0x08C4, 0x08C4, 0x08C4, \
        0x08C4, 0x08C4, 0x08C4, 0x08C4, 0x08C4, 0x08C4, 0x08C4, 0x08C4, 0x08C4, 0x08C4, 0x08C4, 0x08C4, \
        0x08C4, 0x08C4, 0x08C4, 0x08C4, 0x08C4, 0x08C4, 0x08C4, 0x08C4, 0x08C4, 0x08C4, 0x08C4, 0x08C4, \
        0x08C4, 0x08C4, 0x08C4, 0x08E4, 0x1125, 0x1966, 0x1966, 0x1966, 0x1966, 0x1966, 0x1966, 0x1966, \
        0x1966, 0x1966, 0x1966, 0x1966, 0x1966, 0x1966, 0x1966, 0x1966, 0x1966, 0x1966, 0x1966, 0x1966, \
        0x1966, 0x1146, 0x08E4, 0x08C4, 0x08C4, 0x08C4, 0x08C4, 0x08C4, 0x08C4, 0x08C4, 0x08C4, 0x08C4, \
        0x08C4, 0x08C4, 0x08C4, 0x08C4, 0x08C4, 0x08C4, 0x08C4, 0x08C4, 0x08C4, 0x08C4, 0x08C4, 0x08C4, \
        0x08C4, 0x08C4, 0x08C4, 0x08C4, 0x08C4, 0x08C4, 0x08C4, 0x08C4, 0x08E4, 0x1125, 0x1966, 0x1966, \
        0x1966, 0x1966, 0x1966, 0x1966, 0x1966, 0x1966, 0x1966, 0x1966, 0x1966, 0x1966, 0x1966, 0x1966, \
        0x1966, 0x1966, 0x1966, 0x1966, 0x1966, 0x1966, 0x1946, 0x10E4, 0x08C4, 0x08C4, 0x08C4, 0x08C4, \
        0x08C4, 0x08C4, 0x08C4, 0x08C4, 0x08C4, 0x08C4, 0x08C4, 0x08C4, 0x08C4, 0x08C4, 0x08C4, 0x08C4, \
        0x08C4, 0x08C4, 0x08C4, 0x08C4, 0x08C4, 0x08C4, 0x08C4, 0x08C4, 0x08C4, 0x08C4, 0x08C4, 0x08C4, \
        0x08C4, 0x08C4, 0x08C4, 0x08C4, 0x08C4, 0x08C4, 0x08C4, 0x08C4, 0x08C4, 0x08C4, 0x08C4, 0x08C4, \
        0x08C4, 0x08C4, 0x08C4, 0x08C4, 0x08C4, 0x08C4, 0x08C4, 0x08C4, 0x08C4, 0x08C4, 0x08C4, 0x08C4, \
        0x08C4, 0x08C4, 0x08C4, 0x08C4, 0x08C4, 0x08C4, 0x08C4, 0x08C4, 0x08C4, 0x08C4, 0x08C4, 0x08C4, \
        0x08C4, 0x08C4, 0x08C4, 0x08C4, 0x08C4, 0x08C4, 0x08C4, 0x08C4, 0x08C4, 0x08C4, 0x08C4, 0x08C4, \
        0x08C4, 0x08C4, 0x08C4, 0x08C4, 0x08C4, 0x08C4, 0x08C4, 0x08C4, 0x08C4, 0x08C4, 0x08C4, 0x08C4, \
        0x08C4, 0x08C4, 0x08C4, 0x08C4, 0x08C4, 0x10E4, 0x1146, 0x1966, 0x1966, 0x1966, 0x1966, 0x1966, \
        0x1966, 0x1966, 0x1966, 0x1966, 0x1966, 0x1966, 0x1966, 0x1966, 0x1966, 0x1966, 0x1966, 0x1966, \
        0x1966, 0x1966, 0x1146, 0x10E4, 0x08C4, 0x08C4, 0x08C4, 0x08C4, 0x08C4, 0x08C4, 0x08C4, 0x08C4, \
        0x08C4, 0x08C4, 0x08C4, 0x08C4, 0x08C4, 0x08C4, 0x08C4, 0x08C4, 0x08C4, 0x08C4, 0x08C4, 0x08C4, \
        0x08C4, 0x08C4, 0x08C4, 0x08C4, 0x08C4, 0x08E4, 0x10E4, 0x08E4, 0x08E4, 0x08E4, 0x08C4, 0x08C4, \
        0x08C4, 0x08E4, 0x08E4, 0x10E4, 0x10E4, 0x1105, 0x1105, 0x1105, 0x08E4, 0x08C4, 0x08C4, 0x08C4, \
        0x08C4, 0x08C4, 0x08C4, 0x08C4, 0x08C4, 0x08C4, 0x08C4, 0x08C4, 0x08C4, 0x08C4, 0x08C4, 0x08C4, \
        0x08C4, 0x08C4, 0x08C4, 0x08C4, 0x08E4, 0x10E5, 0x08E4, 0x08C4, 0x08C4, 0x08C4, 0x08C4, 0x08C4, \
        0x08C4, 0x08C4, 0x08E4, 0x08E4, 0x08C4, 0x08C4, 0x08C4, 0x08C4, 0x08C4, 0x08C4, 0x08C4, 0x08C4, \
        0x08C4, 0x08C4, 0x08C4, 0x08C4, 0x08C4, 0x08C4, 0x08C4, 0x08C4, 0x08C4, 0x08C4, 0x08C4, 0x08C4, \
        0x08C4, 0x08C4, 0x08C4, 0x08C4, 0x08C4, 0x08C4, 0x08C4, 0x08C4, 0x08C4, 0x08C4, 0x08C4, 0x08C4, \
        0x08C4, 0x08C4, 0x08C4, 0x08C4, 0x08C4, 0x08C4, 0x08C4, 0x08C4, 0x08C4, 0x08C4, 0x08C4, 0x08C4, \
        0x08C4, 0x08C4, 0x08C4, 0x08C4, 0x08C4, 0x08C4, 0x08C4, 0x08C4, 0x08C4, 0x08C4, 0x08C4, 0x1105, \
        0x1966, 0x1966, 0x1966, 0x1966, 0x1966, 0x1966, 0x1966, 0x1966, 0x1966, 0x1966, 0x1966, 0x1966, \
        0x1966, 0x1966, 0x1966, 0x1966, 0x1966, 0x1966, 0x1966, 0x1966, 0x1966, 0x1104, 0x08C4, 0x08C4, \
        0x08C4, 0x08C4, 0x08C4, 0x08C4, 0x08C4, 0x08C4, 0x08C4, 0x08C4, 0x08C4, 0x08C4, 0x08C4, 0x08C4, \
        0x08C4, 0x08C4, 0x08C4, 0x08C4, 0x08C4, 0x08C4, 0x08C4, 0x08C4, 0x08C4, 0x08C4, 0x08C4, 0x08C4, \
        0x08C4, 0x08C4, 0x08C4, 0x08C4, 0x1105, 0x1966, 0x1966, 0x1966, 0x1966, 0x1966, 0x1966, 0x1966, \
        0x1966, 0x1966, 0x1966, 0x1966, 0x1966, 0x1966, 0x1966, 0x1966, 0x1966, 0x1966, 0x1966, 0x1966, \
        0x1966, 0x1966, 0x1105, 0x08C4, 0x08C4, 0x08C4, 0x08C4, 0x08C4, 0x08C4, 0x08C4, 0x08C4, 0x08C4, \
        0x08C4, 0x08C4, 0x08C4, 0x08C4, 0x08C4, 0x08C4, 0x08C4, 0x08C4, 0x08C4, 0x08C4, 0x08C4, 0x08C4, \
        0x08C4, 0x08C4, 0x08C4, 0x08C4, 0x08C4, 0x08C4, 0x08C4, 0x08C4, 0x08C4, 0x08C4, 0x08C4, 0x08C4, \
        0x08C4, 0x08C4, 0x08C4, 0x08C4, 0x08C4, 0x08C4, 0x08C4, 0x08C4, 0x08C4, 0x08C4, 0x08C4, 0x08C4, \
        0x08C4, 0x08C4, 0x08C4, 0x08C4, 0x08C4, 0x08C4, 0x08C4, 0x08C4, 0x08C4, 0x08C4, 0x08C4, 0x08C4, \
        0x08C4, 0x08C4, 0x08C4, 0x08C4, 0x08C4, 0x08C4, 0x08C4, 0x08C4, 0x08C4, 0x08C4, 0x08C4, 0x08C4, \
        0x08C4, 0x08C4, 0x08C4, 0x08C4, 0x08C4, 0x08C4, 0x08C4, 0x08C4, 0x08C4, 0x08C4, 0x08C4, 0x08C4, \
        0x08C4, 0x08C4, 0x08C4, 0x08C4, 0x08C4, 0x08C4, 0x08C4, 0x08C4, 0x08C4, 0x08C4, 0x08C4, 0x08C4, \
        0x08C4, 0x08C4, 0x1105, 0x1966, 0x1966, 0x1966, 0x1966, 0x1966, 0x1966, 0x1966, 0x1966, 0x1966, \
        0x1966, 0x1966, 0x1966, 0x1966, 0x1966, 0x1966, 0x1966, 0x1966, 0x1966, 0x1966, 0x1966, 0x1105, \
        0x08C4, 0x08C4, 0x08C4, 0x08C4, 0x08C4, 0x08C4, 0x08C4, 0x08C4, 0x08C4, 0x08C4, 0x08C4, 0x08C4, \
        0x08C4, 0x08C4, 0x08C4, 0x08C4, 0x08C4, 0x08C4, 0x08C4, 0x08C4, 0x08C4, 0x08C4, 0x08C4, 0x08C4, \
        0x08C4, 0x08C4, 0x08C4, 0x08C4, 0x08C4, 0x08C4, 0x08C4, 0x08C4, 0x08C4, 0x08C4, 0x08C4, 0x08C4, \
        0x08C4, 0x08C4, 0x08C4, 0x08C4, 0x08C4, 0x08E4, 0x1105, 0x10E4, 0x08C4, 0x08C4, 0x08C4, 0x08C4, \
        0x08C4, 0x08C4, 0x08C4, 0x08C4, 0x08C4, 0x08C4, 0x08C4, 0x08C4, 0x08C4, 0x08C4, 0x08C4, 0x08C4, \
        0x08C4, 0x08C4, 0x1105, 0x08E4, 0x08C4, 0x08C4, 0x08C4, 0x08C4, 0x10E4, 0x1104, 0x08E4, 0x08C4, \
        0x08C4, 0x08C4, 0x08C4, 0x08C4, 0x08C4, 0x08C4, 0x08C4, 0x08C4, 0x08C4, 0x08C4, 0x08C4, 0x08C4, \
        0x08C4, 0x08C4, 0x08C4, 0x08C4, 0x08C4, 0x08C4, 0x08C4, 0x08C4, 0x08C4, 0x08C4, 0x08C4, 0x08C4, \
        0x08C4, 0x08C4, 0x08C4, 0x08C4, 0x08C4, 0x08C4, 0x08C4, 0x08C4, 0x08C4, 0x08C4, 0x08C4, 0x08C4, \
        0x08C4, 0x08C4, 0x08C4, 0x08C4, 0x08C4, 0x08C4, 0x08C4, 0x08C4, 0x08C4, 0x08C4, 0x08C4, 0x08C4, \
        0x08C4, 0x08C4, 0x08C4, 0x08C4, 0x08C4, 0x08C4, 0x10E4, 0x1146, 0x1966, 0x1966, 0x1966, 0x1966, \
        0x1966, 0x1966, 0x1966, 0x1966, 0x1966, 0x1966, 0x1966, 0x1966, 0x1966, 0x1966, 0x1966, 0x1966, \
        0x1966, 0x1966, 0x1966, 0x1966, 0x1105, 0x08C4, 0x08C4, 0x08C4, 0x08C4, 0x08C4, 0x08C4, 0x08C4, \
        0x08C4, 0x08C4, 0x08C4, 0x08C4, 0x08C4, 0x08C4, 0x08C4, 0x08C4, 0x08C4, 0x08C4, 0x08C4, 0x08C4, \
        0x08C4, 0x08C4, 0x08C4, 0x08C4, 0x08C4, 0x08C4, 0x08C4, 0x08C4, 0x08C4, 0x08C4, 0x08C4, 0x10E4, \
        0x1146, 0x1966, 0x1966, 0x1966, 0x1966, 0x1966, 0x1966, 0x1966, 0x1966, 0x1966, 0x1966, 0x1966, \
        0x1966, 0x1966, 0x1966, 0x1966, 0x1966, 0x1966, 0x1966, 0x1986, 0x1966, 0x1125, 0x08C4, 0x08C4, \
        0x08C4, 0x08C4, 0x08C4, 0x08C4, 0x08C4, 0x08C4, 0x08C4, 0x08C4, 0x08C4, 0x08C4, 0x08C4, 0x08C4, \
        0x08C4, 0x08C4, 0x08C4, 0x08C4, 0x08C4, 0x08C4, 0x08C4, 0x08C4, 0x08C4, 0x08C4, 0x08C4, 0x08C4, \
        0x08C4, 0x08C4, 0x08C4, 0x08C4, 0x08C4, 0x08C4, 0x08C4, 0x08C4, 0x08C4, 0x08C4, 0x08C4, 0x08C4, \
        0x08C4, 0x08C4, 0x08C4, 0x08C4, 0x08C4, 0x08C4, 0x08C4, 0x08C4, 0x08C4, 0x08C4, 0x08C4, 0x08C4, \
        0x08C4, 0x08C4, 0x08C4, 0x08C4, 0x08C4, 0x08C4, 0x08C4, 0x08C4, 0x08C4, 0x08C4, 0x08C4, 0x08C4, \
        0x08C4, 0x08C4, 0x08C4, 0x08C4, 0x08C4, 0x08C4, 0x08C4, 0x08C4, 0x08C4, 0x08C4, 0x08C4, 0x08C4, \
        0x08C4, 0x08C4, 0x08C4, 0x08C4, 0x08C4, 0x08C4, 0x08C4, 0x08C4, 0x08C4, 0x08C4, 0x08C4, 0x08C4, \
        0x08C4, 0x08C4, 0x08C4, 0x08C4, 0x08C4, 0x08C4, 0x08C4, 0x08C4, 0x08C4, 0x08C4, 0x08C4, 0x1125, \
        0x1966, 0x1966, 0x1966, 0x1966, 0x1966, 0x1966, 0x1966, 0x1966, 0x1966, 0x1966, 0x1966, 0x1966, \
        0x1966, 0x1966, 0x1966, 0x1966, 0x1966, 0x1966, 0x1966, 0x1125, 0x08C4, 0x08C4, 0x08C4, 0x08C4, \
        0x08C4, 0x08C4, 0x08C4, 0x08C4, 0x08C4, 0x08C4, 0x08C4, 0x08C4, 0x08C4, 0x08C4, 0x08C4, 0x08C4, \
        0x08C4, 0x08C4, 0x08C4, 0x08C4, 0x08C4, 0x08C4, 0x08C4, 0x08C4, 0x08C4, 0x08C4, 0x08C4, 0x08C4, \
        0x08C4, 0x08C4, 0x08C4, 0x08C4, 0x08C4, 0x08C4, 0x08C4, 0x08C4, 0x08C4, 0x08C4, 0x08C4, 0x08C4, \
        0x08C4, 0x08C4, 0x08C4, 0x08C4, 0x10E4, 0x10E4, 0x08E4, 0x10E4, 0x08C4, 0x08C4, 0x08C4, 0x08C4, \
        0x08C4, 0x08C4, 0x08C4, 0x08C4, 0x08C4, 0x08C4, 0x08C4, 0x08C4, 0x08C4, 0x08C4, 0x08C4, 0x1105, \
        0x08C4, 0x08C4, 0x08E4, 0x10E4, 0x10E4, 0x08C4, 0x08C4, 0x08C4, 0x08C4, 0x08C4, 0x08C4, 0x08C4, \
        0x08C4, 0x08C4, 0x08C4, 0x08C4, 0x08C4, 0x08C4, 0x08C4, 0x08C4, 0x08C4, 0x08C4, 0x08C4, 0x08C4, \
        0x08C4, 0x08C4, 0x08C4, 0x08C4, 0x08C4, 0x08C4, 0x08C4, 0x08C4, 0x08C4, 0x08C4, 0x08C4, 0x08C4, \
        0x08C4, 0x08C4, 0x08C4, 0x08C4, 0x08C4, 0x08C4, 0x08C4, 0x08C4, 0x08C4, 0x08C4, 0x08C4, 0x08C4, \
        0x08C4, 0x08C4, 0x08C4, 0x08C4, 0x08C4, 0x08C4, 0x08C4, 0x08C4, 0x08C4, 0x08C4, 0x08C4, 0x08C4, \
        0x08C4, 0x08C4, 0x10E4, 0x1966, 0x1966, 0x1966, 0x1966, 0x1966, 0x1966, 0x1966, 0x1966, 0x1966, \
        0x1966, 0x1966, 0x1966, 0x1966, 0x1966, 0x1966, 0x1966, 0x1966, 0x1966, 0x1966, 0x1966, 0x1105, \
        0x08C4, 0x08C4, 0x08C4, 0x08C4, 0x08C4, 0x08C4, 0x08C4, 0x08C4, 0x08C4, 0x08C4, 0x08C4, 0x08C4, \
        0x08C4, 0x08C4, 0x08C4, 0x08C4, 0x08C4, 0x08C4, 0x08C4, 0x08C4, 0x08C4, 0x08C4, 0x08C4, 0x08C4, \
        0x08C4, 0x08C4, 0x08C4, 0x08C4, 0x08C4, 0x08C4, 0x08C4, 0x10E4, 0x1966, 0x1966, 0x1966, 0x1966, \
        0x1966, 0x1966, 0x1966, 0x1966, 0x1966, 0x1966, 0x1966, 0x1966, 0x1966, 0x1966, 0x1966, 0x1966, \
        0x1966, 0x1966, 0x1966, 0x1966, 0x1125, 0x08C4, 0x08C4, 0x08C4, 0x08C4, 0x08C4, 0x08C4, 0x08C4, \
        0x08C4, 0x08C4, 0x08C4, 0x08C4, 0x08C4, 0x08C4, 0x08C4, 0x08C4, 0x08C4, 0x08C4, 0x08C4, 0x08C4, \
        0x08C4, 0x08C4, 0x08C4, 0x08C4, 0x08C4, 0x08C4, 0x08C4, 0x08C4, 0x08C4, 0x08C4, 0x08C4, 0x08C4, \
        0x08C4, 0x08C4, 0x08C4, 0x08C4, 0x08C4, 0x08C4, 0x08C4, 0x08C4, 0x08C4, 0x08C4, 0x08C4, 0x08C4, \
        0x08C4, 0x08C4, 0x08C4, 0x08C4, 0x08C4, 0x08C4, 0x08C4, 0x08C4, 0x08C4, 0x08C4, 0x08C4, 0x08C4, \
        0x08C4, 0x08C4, 0x08C4, 0x08C4, 0x08C4, 0x08C4, 0x08C4, 0x08C4, 0x08C4, 0x08C4, 0x08C4, 0x08C4, \
        0x08C4, 0x08C4, 0x08C4, 0x08C4, 0x08C4, 0x08C4, 0x08C4, 0x08C4, 0x08C4, 0x08C4, 0x08C4, 0x08C4, \
        0x08C4, 0x08C4, 0x08C4, 0x08C4, 0x08C4, 0x08C4, 0x08C4, 0x08C4, 0x08C4, 0x08C4, 0x08C4, 0x08C4, \
        0x08C4, 0x08C4, 0x08C4, 0x08C4, 0x08C4, 0x08C4, 0x08C4, 0x08C4, 0x1125, 0x1966, 0x1966, 0x1966, \
        0x1966, 0x1966, 0x1966, 0x1966, 0x1966, 0x1966, 0x1966, 0x1966, 0x1966, 0x1966, 0x1966, 0x1966, \
        0x1966, 0x1966, 0x1966, 0x1125, 0x08C4, 0x08C4, 0x08C4, 0x08C4, 0x08C4, 0x08C4, 0x08C4, 0x08C4, \
        0x08C4, 0x08C4, 0x08C4, 0x08C4, 0x08C4, 0x08C4, 0x08C4, 0x08C4, 0x08C4, 0x08C4, 0x08C4, 0x08C4, \
        0x08C4, 0x08C4, 0x08C4, 0x08C4, 0x08C4, 0x08C4, 0x08C4, 0x08C4, 0x08C4, 0x08C4, 0x08C4, 0x08C4, \
        0x08C4, 0x08C4, 0x08C4, 0x08C4, 0x08C4, 0x08C4, 0x08C4, 0x08C4, 0x08C4, 0x08C4, 0x08C4, 0x08C4, \
        0x08C4, 0x08C4, 0x08C4, 0x10E4, 0x08E4, 0x10E4, 0x08C4, 0x08C4, 0x08C4, 0x08C4, 0x08C4, 0x08C4, \
        0x08C4, 0x08C4, 0x08C4, 0x08C4, 0x08C4, 0x08C4, 0x08C4, 0x08C4, 0x08C4, 0x1104, 0x10E4, 0x08E4, \
        0x08C4, 0x08C4, 0x08C4, 0x08C4, 0x08C4, 0x08C4, 0x08C4, 0x08C4, 0x08C4, 0x08C4, 0x08C4, 0x08C4, \
        0x08C4, 0x08C4, 0x08C4, 0x08C4, 0x08C4, 0x08C4, 0x08C4, 0x08C4, 0x08C4, 0x08C4, 0x08C4, 0x08C4, \
        0x08C4, 0x08C4, 0x08C4, 0x08C4, 0x08C4, 0x08C4, 0x08C4, 0x08C4, 0x08C4, 0x08C4, 0x08C4, 0x08C4, \
        0x08C4, 0x08C4, 0x08C4, 0x08C4, 0x08C4, 0x08C4, 0x08C4, 0x08C4, 0x08C4, 0x08C4, 0x08C4, 0x08C4, \
        0x08C4, 0x08C4, 0x08C4, 0x08C4, 0x08C4, 0x08C4, 0x08C4, 0x08C4, 0x08C4, 0x08C4, 0x10E4, 0x1966, \
        0x1966, 0x1966, 0x1966, 0x1966, 0x1966, 0x1966, 0x1966, 0x1966, 0x1966, 0x1966, 0x1966, 0x1966, \
        0x1966, 0x1966, 0x1966, 0x1966, 0x1966, 0x1966, 0x1125, 0x08C4, 0x08C4, 0x08C4, 0x08C4, 0x08C4, \
        0x08C4, 0x08C4, 0x08C4, 0x08C4, 0x08C4, 0x08C4, 0x08C4, 0x08C4, 0x08C4, 0x08C4, 0x08C4, 0x08C4, \
        0x08C4, 0x08C4, 0x08C4, 0x08C4, 0x08C4, 0x08C4, 0x08C4, 0x08C4, 0x08C4, 0x08C4, 0x08C4, 0x08C4, \
        0x08C4, 0x08C4, 0x08C4, 0x10E4, 0x1966, 0x1966, 0x1966, 0x1966, 0x1966, 0x1966, 0x1966, 0x1966, \
        0x1966, 0x1966, 0x1966, 0x1966, 0x1966, 0x1966, 0x1966, 0x1966, 0x1966, 0x1966, 0x1966, 0x1145, \
        0x10E4, 0x08C4, 0x08C4, 0x08C4, 0x08C4, 0x08C4, 0x08C4, 0x08C4, 0x08C4, 0x08C4, 0x08C4, 0x08C4, \
        0x08C4, 0x08C4, 0x08C4, 0x08C4, 0x08C4, 0x08C4, 0x08C4, 0x08C4, 0x08C4, 0x08C4, 0x08C4, 0x08C4, \
        0x08C4, 0x08C4, 0x08C4, 0x08C4, 0x08C4, 0x08C4, 0x08C4, 0x08C4, 0x08C4, 0x08C4, 0x08C4, 0x08C4, \
        0x08C4, 0x08C4, 0x08C4, 0x08C4, 0x08C4, 0x08C4, 0x08C4, 0x08C4, 0x08C4, 0x08C4, 0x08C4, 0x08C4, \
        0x08C4, 0x08C4, 0x08C4, 0x08C4, 0x08C4, 0x08C4, 0x08C4, 0x08C4, 0x08C4, 0x08C4, 0x08C4, 0x08C4, \
        0x08C4, 0x08C4, 0x08C4, 0x08C4, 0x08C4, 0x08C4, 0x08C4, 0x08C4, 0x08C4, 0x08C4, 0x08C4, 0x08C4, \
        0x08C4, 0x08C4, 0x08C4, 0x08C4, 0x08C4, 0x08C4, 0x08C4, 0x08C4, 0x08C4, 0x08C4, 0x08C4, 0x08C4, \
        0x08C4, 0x08C4, 0x08C4, 0x08C4, 0x08C4, 0x08C4, 0x08C4, 0x08C4, 0x08C4, 0x08C4, 0x08C4, 0x08C4, \
        0x08C4, 0x08C4, 0x08C4, 0x08C4, 0x08E4, 0x1145, 0x1966, 0x1966, 0x1966, 0x1966, 0x1966, 0x1966, \
        0x1966, 0x1966, 0x1966, 0x1966, 0x1966, 0x1966, 0x1966, 0x1966, 0x1966, 0x1966, 0x1966, 0x1105, \
        0x08C4, 0x08C4, 0x08C4, 0x08C4, 0x08C4, 0x08C4, 0x08C4, 0x08C4, 0x08C4, 0x08C4, 0x08C4, 0x08C4, \
        0x08C4, 0x08C4, 0x08C4, 0x08C4, 0x08C4, 0x08C4, 0x08C4, 0x08C4, 0x08C4, 0x08C4, 0x08C4, 0x08C4, \
        0x08C4, 0x08C4, 0x08C4, 0x08C4, 0x08C4, 0x08C4, 0x08C4, 0x08C4, 0x08C4, 0x08C4, 0x08C4, 0x08C4, \
        0x08C4, 0x08C4, 0x08C4, 0x08C4, 0x08C4, 0x08C4, 0x08C4, 0x08C4, 0x08C4, 0x08C4, 0x08C4, 0x08C4, \
        0x08C4, 0x08E4, 0x08E4, 0x08E4, 0x08C4, 0x08C4, 0x08C4, 0x08C4, 0x08C4, 0x08C4, 0x08C4, 0x08C4, \
        0x08C4, 0x08C4, 0x08C4, 0x08C4, 0x10E4, 0x10E4, 0x08C4, 0x08C4, 0x08C4, 0x08C4, 0x08C4, 0x08C4, \
        0x08C4, 0x08C4, 0x08C4, 0x08C4, 0x08C4, 0x08C4, 0x08C4, 0x08C4, 0x08C4, 0x08C4, 0x08C4, 0x08C4, \
        0x08C4, 0x08C4, 0x08C4, 0x08C4, 0x08C4, 0x08C4, 0x08C4, 0x08C4, 0x08C4, 0x08C4, 0x08C4, 0x08C4, \
        0x08C4, 0x08C4, 0x08C4, 0x08C4, 0x08C4, 0x08C4, 0x08C4, 0x08C4, 0x08C4, 0x08C4, 0x08C4, 0x08C4, \
        0x08C4, 0x08C4, 0x08C4, 0x08C4, 0x08C4, 0x08C4, 0x08C4, 0x08C4, 0x08C4, 0x08C4, 0x08C4, 0x08C4, \
        0x08C4, 0x08C4, 0x08C4, 0x08C4, 0x08C4, 0x08C4, 0x10E4, 0x1146, 0x1966, 0x1966, 0x1966, 0x1966, \
        0x1966, 0x1966, 0x1966, 0x1966, 0x1966, 0x1966, 0x1966, 0x1966, 0x1966, 0x1966, 0x1966, 0x1966, \
        0x1966, 0x1145, 0x10E4, 0x08C4, 0x08C4, 0x08C4, 0x08C4, 0x08C4, 0x08C4, 0x08C4, 0x08C4, 0x08C4, \
        0x08C4, 0x08C4, 0x08C4, 0x08C4, 0x08C4, 0x08C4, 0x08C4, 0x08C4, 0x08C4, 0x08C4, 0x08C4, 0x08C4, \
        0x08C4, 0x08C4, 0x08C4, 0x08C4, 0x08C4, 0x08C4, 0x08C4, 0x08C4, 0x08C4, 0x08C4, 0x08C4, 0x10E4, \
        0x1125, 0x1966, 0x1966, 0x1966, 0x1966, 0x1966, 0x1966, 0x1966, 0x1966, 0x1966, 0x1966, 0x1966, \
        0x1966, 0x1966, 0x1966, 0x1966, 0x1966, 0x1966, 0x1146, 0x10E4, 0x08C4, 0x08C4, 0x08C4, 0x08C4, \
        0x08C4, 0x08C4, 0x08C4, 0x08C4, 0x08C4, 0x08C4, 0x08C4, 0x08C4, 0x08C4, 0x08C4, 0x08C4, 0x08C4, \
        0x08C4, 0x08C4, 0x08C4, 0x08C4, 0x08C4, 0x08C4, 0x08C4, 0x08C4, 0x08C4, 0x08C4, 0x08C4, 0x08C4, \
        0x08C4, 0x08C4, 0x08C4, 0x08C4, 0x08C4, 0x08C4, 0x08C4, 0x08C4, 0x08C4, 0x08C4, 0x08C4, 0x08C4, \
        0x08C4, 0x08C4, 0x08C4, 0x08C4, 0x08C4, 0x08C4, 0x08C4, 0x08C4, 0x08C4, 0x08C4, 0x08C4, 0x08C4, \
        0x08C4, 0x08C4, 0x08C4, 0x08C4, 0x08C4, 0x08C4, 0x08C4, 0x08C4, 0x08C4, 0x08C4, 0x08C4, 0x08C4, \
        0x08C4, 0x08C4, 0x08C4, 0x08C4, 0x08C4, 0x08C4, 0x08C4, 0x08C4, 0x08C4, 0x08C4, 0x08C4, 0x08C4, \
        0x08C4, 0x08C4, 0x08C4, 0x08C4, 0x08C4, 0x08C4, 0x08C4, 0x08C4, 0x08C4, 0x08C4, 0x08C4, 0x08C4, \
        0x08C4, 0x08C4, 0x08C4, 0x08C4, 0x08C4, 0x08C4, 0x08C4, 0x08C4, 0x08C4, 0x08C4, 0x08C4, 0x08C4, \
        0x08C4, 0x10E4, 0x1146, 0x1966, 0x1966, 0x1966, 0x1966, 0x1966, 0x1966, 0x1966, 0x1966, 0x1966, \
        0x1966, 0x1966, 0x1966, 0x1966, 0x1966, 0x1966, 0x1146, 0x10E4, 0x08C4, 0x08C4, 0x08C4, 0x08C4, \
        0x08C4, 0x08C4, 0x08C4, 0x08C4, 0x08C4, 0x08C4, 0x08C4, 0x08C4, 0x08C4, 0x08C4, 0x08C4, 0x08C4, \
        0x08C4, 0x08C4, 0x08C4, 0x08C4, 0x08C4, 0x08C4, 0x08C4, 0x08C4, 0x08C4, 0x08C4, 0x08C4, 0x08C4, \
        0x08C4, 0x08C4, 0x08C4, 0x08C4, 0x08C4, 0x08C4, 0x08C4, 0x08C4, 0x08C4, 0x08C4, 0x08C4, 0x08C4, \
        0x08C4, 0x08C4, 0x08C4, 0x08C4, 0x08C4, 0x08C4, 0x08C4, 0x08C4, 0x08C4, 0x08C4, 0x08C4, 0x08E4, \
        0x10E4, 0x08C4, 0x08C4, 0x08C4, 0x08C4, 0x08C4, 0x08C4, 0x08C4, 0x08C4, 0x08C4, 0x08C4, 0x08C4, \
        0x08E4, 0x08C4, 0x08C4, 0x08C4, 0x08C4, 0x08C4, 0x08C4, 0x08C4, 0x08C4, 0x08C4, 0x08C4, 0x08C4, \
        0x08C4, 0x08C4, 0x08C4, 0x08C4, 0x08C4, 0x08C4, 0x08C4, 0x08C4, 0x08C4, 0x08C4, 0x08C4, 0x08C4, \
        0x08C4, 0x08C4, 0x08C4, 0x08C4, 0x08C4, 0x08C4, 0x08C4, 0x08C4, 0x08C4, 0x08C4, 0x08C4, 0x08C4, \
        0x08C4, 0x08C4, 0x08C4, 0x08C4, 0x08C4, 0x08C4, 0x08C4, 0x08C4, 0x08C4, 0x08C4, 0x08C4, 0x08C4, \
        0x08C4, 0x08C4, 0x08C4, 0x08C4, 0x08C4, 0x08C4, 0x08C4, 0x08C4, 0x08C4, 0x08C4, 0x08C4, 0x08C4, \
        0x08C4, 0x08C4, 0x08C4, 0x1125, 0x1966, 0x1966, 0x1966, 0x1966, 0x1966, 0x1966, 0x1966, 0x1966, \
        0x1966, 0x1966, 0x1966, 0x1966, 0x1966, 0x1966, 0x1966, 0x1966, 0x1146, 0x10E4, 0x08C4, 0x08C4, \
        0x08C4, 0x08C4, 0x08C4, 0x08C4, 0x08C4, 0x08C4, 0x08C4, 0x08C4, 0x08C4, 0x08C4, 0x08C4, 0x08C4, \
        0x08C4, 0x08C4, 0x08C4, 0x08C4, 0x08C4, 0x08C4, 0x08C4, 0x08C4, 0x08C4, 0x08C4, 0x08C4, 0x08C4, \
        0x08C4, 0x08C4, 0x08C4, 0x08C4, 0x08C4, 0x08C4, 0x08C4, 0x08C4, 0x10E4, 0x1966, 0x1966, 0x1966, \
        0x1966, 0x1966, 0x1966, 0x1966, 0x1966, 0x1966, 0x1966, 0x1966, 0x1966, 0x1966, 0x1966, 0x1966, \
        0x1966, 0x1966, 0x1105, 0x08C4, 0x08C4, 0x08C4, 0x08C4, 0x08C4, 0x08C4, 0x08C4, 0x08C4, 0x08C4, \
        0x08C4, 0x08C4, 0x08C4, 0x08C4, 0x08C4, 0x08C4, 0x08C4, 0x08C4, 0x08C4, 0x08C4, 0x08C4, 0x08C4, \
        0x08C4, 0x08C4, 0x08C4, 0x08C4, 0x08C4, 0x08C4, 0x08C4, 0x08C4, 0x08C4, 0x08C4, 0x08C4, 0x08C4, \
        0x08C4, 0x08C4, 0x08C4, 0x08C4, 0x08C4, 0x08C4, 0x08C4, 0x08C4, 0x08C4, 0x08C4, 0x08C4, 0x08C4, \
        0x08C4, 0x08C4, 0x08C4, 0x08C4, 0x08C4, 0x08C4, 0x08C4, 0x08C4, 0x08C4, 0x08C4, 0x08C4, 0x08C4, \
        0x08C4, 0x08C4, 0x08C4, 0x08C4, 0x08C4, 0x08C4, 0x08C4, 0x08C4, 0x08C4, 0x08C4, 0x08C4, 0x08C4, \
        0x08C4, 0x08C4, 0x08C4, 0x08C4, 0x08C4, 0x08C4, 0x08C4, 0x08C4, 0x08C4, 0x08C4, 0x08C4, 0x08C4, \
        0x08C4, 0x08C4, 0x08C4, 0x08C4, 0x08C4, 0x08C4, 0x08C4, 0x08C4, 0x08C4, 0x08C4, 0x08C4, 0x08C4, \
        0x08C4, 0x08C4, 0x08C4, 0x08C4, 0x08C4, 0x08C4, 0x08C4, 0x08C4, 0x08C4, 0x08C4, 0x1105, 0x1966, \
        0x1966, 0x1966, 0x1966, 0x1966, 0x1966, 0x1966, 0x1966, 0x1966, 0x1966, 0x1966, 0x1966, 0x1966, \
        0x1966, 0x1146, 0x1105, 0x08C4, 0x08C4, 0x08C4, 0x08C4, 0x08C4, 0x08C4, 0x08C4, 0x08C4, 0x08C4, \
        0x08C4, 0x08C4, 0x08C4, 0x08C4, 0x08C4, 0x08C4, 0x08C4, 0x08C4, 0x08C4, 0x08C4, 0x08C4, 0x08C4, \
        0x08C4, 0x08C4, 0x08C4, 0x08C4, 0x08C4, 0x08C4, 0x08C4, 0x08C4, 0x08C4, 0x08C4, 0x08C4, 0x08C4, \
        0x08C4, 0x08C4, 0x08C4, 0x08C4, 0x08C4, 0x08C4, 0x08C4, 0x08C4, 0x08C4, 0x08C4, 0x08C4, 0x08C4, \
        0x08C4, 0x08C4, 0x08C4, 0x08C4, 0x08C4, 0x08C4, 0x08C4, 0x08C4, 0x08E4, 0x1104, 0x08E4, 0x08C4, \
        0x08C4, 0x08C4, 0x08C4, 0x08C4, 0x08C4, 0x08C4, 0x08C4, 0x08C4, 0x08C4, 0x08C4, 0x08C4, 0x08C4, \
        0x08C4, 0x08C4, 0x08C4, 0x08C4, 0x08C4, 0x08C4, 0x08C4, 0x08C4, 0x08C4, 0x08C4, 0x08C4, 0x08C4, \
        0x08C4, 0x08C4, 0x08C4, 0x08C4, 0x08C4, 0x08C4, 0x08C4, 0x08C4, 0x08C4, 0x08C4, 0x08C4, 0x08C4, \
        0x08C4, 0x08C4, 0x08C4, 0x08C4, 0x08C4, 0x08C4, 0x08C4, 0x08C4, 0x08C4, 0x08C4, 0x08C4, 0x08C4, \
        0x08C4, 0x08C4, 0x08C4, 0x08C4, 0x08C4, 0x08C4, 0x08C4, 0x08C4, 0x08C4, 0x08C4, 0x08C4, 0x08C4, \
        0x08C4, 0x08C4, 0x08C4, 0x08C4, 0x08C4, 0x08C4, 0x08C4, 0x08C4, 0x08C4, 0x08C4, 0x08C4, 0x10C4, \
        0x1125, 0x1966, 0x1966, 0x1966, 0x1966, 0x1966, 0x1966, 0x1966, 0x1966, 0x1966, 0x1966, 0x1966, \
        0x1966, 0x1966, 0x1966, 0x1966, 0x1105, 0x08C4, 0x08C4, 0x08C4, 0x08C4, 0x08C4, 0x08C4, 0x08C4, \
        0x08C4, 0x08C4, 0x08C4, 0x08C4, 0x08C4, 0x08C4, 0x08C4, 0x08C4, 0x08C4, 0x08C4, 0x08C4, 0x08C4, \
        0x08C4, 0x08C4, 0x08C4, 0x08C4, 0x08C4, 0x08C4, 0x08C4, 0x08C4, 0x08C4, 0x08C4, 0x08C4, 0x08C4, \
        0x08C4, 0x08C4, 0x08C4, 0x08C4, 0x08C4, 0x10E4, 0x1146, 0x1966, 0x1966, 0x1966, 0x1966, 0x1966, \
        0x1966, 0x1966, 0x1966, 0x1966, 0x1966, 0x1966, 0x1966, 0x1966, 0x1966, 0x1105, 0x08C4, 0x08C4, \
        0x08C4, 0x08C4, 0x08C4, 0x08C4, 0x08C4, 0x08C4, 0x08C4, 0x08C4, 0x08C4, 0x08C4, 0x08C4, 0x08C4, \
        0x08C4, 0x08C4, 0x08C4, 0x08C4, 0x08C4, 0x08C4, 0x08C4, 0x08C4, 0x08C4, 0x08C4, 0x08C4, 0x08C4, \
        0x08C4, 0x08C4, 0x08C4, 0x08C4, 0x08C4, 0x08C4, 0x08C4, 0x08C4, 0x08C4, 0x08C4, 0x08C4, 0x08C4, \
        0x08C4, 0x08C4, 0x08C4, 0x08C4, 0x08C4, 0x08C4, 0x08C4, 0x08C4, 0x08C4, 0x08C4, 0x08C4, 0x08C4, \
        0x08C4, 0x08C4, 0x08C4, 0x08C4, 0x08C4, 0x08C4, 0x08C4, 0x08C4, 0x08C4, 0x08C4, 0x08C4, 0x08C4, \
        0x08C4, 0x08C4, 0x08C4, 0x08C4, 0x08C4, 0x08C4, 0x08C4, 0x08C4, 0x08C4, 0x08C4, 0x08C4, 0x08C4, \
        0x08C4, 0x08C4, 0x08C4, 0x08C4, 0x08C4, 0x08C4, 0x08C4, 0x08C4, 0x08C4, 0x08C4, 0x08C4, 0x08C4, \
        0x08C4, 0x08C4, 0x08C4, 0x08C4, 0x08C4, 0x08C4, 0x08C4, 0x08C4, 0x08C4, 0x08C4, 0x08C4, 0x08C4, \
        0x08C4, 0x08C4, 0x08C4, 0x08C4, 0x08C4, 0x08C4, 0x10C4, 0x1125, 0x1966, 0x1966, 0x1966, 0x1966, \
        0x1966, 0x1966, 0x1966, 0x1966, 0x1966, 0x1966, 0x1966, 0x1966, 0x1966, 0x10E4, 0x08C4, 0x08C4, \
        0x08C4, 0x08C4, 0x08C4, 0x08C4, 0x08C4, 0x08C4, 0x08C4, 0x08C4, 0x08C4, 0x08C4, 0x08C4, 0x08C4, \
        0x08C4, 0x08C4, 0x08C4, 0x08C4, 0x08C4, 0x08C4, 0x08C4, 0x08C4, 0x08C4, 0x08C4, 0x08C4, 0x08C4, \
        0x08C4, 0x08C4, 0x08C4, 0x08C4, 0x08C4, 0x08C4, 0x08C4, 0x08C4, 0x08C4, 0x08C4, 0x08C4, 0x08C4, \
        0x08C4, 0x08C4, 0x08C4, 0x08C4, 0x08C4, 0x08C4, 0x08C4, 0x08C4, 0x08C4, 0x08C4, 0x08C4, 0x08C4, \
        0x08C4, 0x08C4, 0x08C4, 0x08C4, 0x08C4, 0x08C4, 0x10E4, 0x10E4, 0x08C4, 0x08C4, 0x08C4, 0x08C4, \
        0x08C4, 0x08C4, 0x08C4, 0x08C4, 0x08C4, 0x08C4, 0x08C4, 0x08C4, 0x08C4, 0x08C4, 0x08C4, 0x08C4, \
        0x08C4, 0x08C4, 0x08C4, 0x08C4, 0x08C4, 0x08C4, 0x08C4, 0x08C4, 0x08C4, 0x08C4, 0x08C4, 0x08C4, \
        0x08C4, 0x08C4, 0x08C4, 0x08C4, 0x08C4, 0x08C4, 0x08C4, 0x08C4, 0x08C4, 0x08C4, 0x08C4, 0x08C4, \
        0x08C4, 0x08C4, 0x08C4, 0x08C4, 0x08C4, 0x08C4, 0x08C4, 0x08C4, 0x08C4, 0x08C4, 0x08C4, 0x08C4, \
        0x08C4, 0x08C4, 0x08C4, 0x08C4, 0x08C4, 0x08C4, 0x08C4, 0x08C4, 0x08C4, 0x08C4, 0x08C4, 0x08C4, \
        0x08C4, 0x08C4, 0x08C4, 0x08C4, 0x08C4, 0x08C4, 0x08C4, 0x08C4, 0x08C4, 0x1105, 0x1946, 0x1966, \
        0x1966, 0x1966, 0x1966, 0x1966, 0x1966, 0x1966, 0x1986, 0x1966, 0x1966, 0x1966, 0x1966, 0x1125, \
        0x08C4, 0x08C4, 0x08C4, 0x08C4, 0x08C4, 0x08C4, 0x08C4, 0x08C4, 0x08C4, 0x08C4, 0x08C4, 0x08C4, \
        0x08C4, 0x08C4, 0x08C4, 0x08C4, 0x08C4, 0x08C4, 0x08C4, 0x08C4, 0x08C4, 0x08C4, 0x08C4, 0x08C4, \
        0x08C4, 0x08C4, 0x08C4, 0x08C4, 0x08C4, 0x08C4, 0x08C4, 0x08C4, 0x08C4, 0x08C4, 0x08C4, 0x08C4, \
        0x08C4, 0x08C4, 0x10E4, 0x1125, 0x1166, 0x1966, 0x1966, 0x1966, 0x1966, 0x1966, 0x1966, 0x1966, \
        0x1966, 0x1966, 0x1966, 0x1966, 0x1125, 0x08E4, 0x08C4, 0x08C4, 0x08C4, 0x08C4, 0x08C4, 0x08C4, \
        0x08C4, 0x08C4, 0x08C4, 0x08C4, 0x08C4, 0x08C4, 0x08C4, 0x08C4, 0x08C4, 0x08C4, 0x08C4, 0x08C4, \
        0x08C4, 0x08C4, 0x08C4, 0x08C4, 0x08C4, 0x08C4, 0x08C4, 0x08C4, 0x08C4, 0x08C4, 0x08C4, 0x08C4, \
        0x08C4, 0x08C4, 0x08C4, 0x08C4, 0x08C4, 0x08C4, 0x08C4, 0x08C4, 0x08C4, 0x08C4, 0x08C4, 0x08C4, \
        0x08C4, 0x08C4, 0x08C4, 0x08C4, 0x08C4, 0x08C4, 0x08C4, 0x08C4, 0x08C4, 0x08C4, 0x08C4, 0x08C4, \
        0x08C4, 0x08C4, 0x08C4, 0x08C4, 0x08C4, 0x08C4, 0x08C4, 0x08C4, 0x08C4, 0x08C4, 0x08C4, 0x08C4, \
        0x08C4, 0x08C4, 0x08C4, 0x08C4, 0x08C4, 0x08C4, 0x08C4, 0x08C4, 0x08C4, 0x08C4, 0x08C4, 0x08C4, \
        0x08C4, 0x08C4, 0x08C4, 0x08C4, 0x08C4, 0x08C4, 0x08C4, 0x08C4, 0x08C4, 0x08C4, 0x08C4, 0x08C4, \
        0x08C4, 0x08C4, 0x08C4, 0x08C4, 0x08C4, 0x08C4, 0x08C4, 0x08C4, 0x08C4, 0x08C4, 0x08C4, 0x08C4, \
        0x08C4, 0x08C4, 0x08C4, 0x10E4, 0x1145, 0x1966, 0x1966, 0x1966, 0x1966, 0x1966, 0x1966, 0x1966, \
        0x1966, 0x1966, 0x1966, 0x1946, 0x10E4, 0x08C4, 0x08C4, 0x08C4, 0x08C4, 0x08C4, 0x08C4, 0x08C4, \
        0x08C4, 0x08C4, 0x08C4, 0x08C4, 0x08C4, 0x08C4, 0x08C4, 0x08C4, 0x08C4, 0x08C4, 0x08C4, 0x08C4, \
        0x08C4, 0x08C4, 0x08C4, 0x08C4, 0x08C4, 0x08C4, 0x08C4, 0x08C4, 0x08C4, 0x08C4, 0x08C4, 0x08C4, \
        0x08C4, 0x08C4, 0x08C4, 0x08C4, 0x08C4, 0x08C4, 0x08C4, 0x08C4, 0x08C4, 0x08C4, 0x08C4, 0x08C4, \
        0x08C4, 0x08C4, 0x08C4, 0x08C4, 0x08C4, 0x08C4, 0x08C4, 0x08C4, 0x08C4, 0x08C4, 0x08C4, 0x08C4, \
        0x08C4, 0x08C4, 0x08C4, 0x08E4, 0x1105, 0x08C4, 0x08C4, 0x08C4, 0x08C4, 0x08C4, 0x08C4, 0x08C4, \
        0x08C4, 0x08C4, 0x08C4, 0x08C4, 0x08C4, 0x08C4, 0x08C4, 0x08C4, 0x08C4, 0x08C4, 0x08C4, 0x08C4, \
        0x08C4, 0x08C4, 0x08C4, 0x08C4, 0x08C4, 0x08C4, 0x08C4, 0x08E4, 0x08E4, 0x08C4, 0x08E4, 0x10E4, \
        0x1105, 0x10E4, 0x08E4, 0x08E4, 0x08C4, 0x08C4, 0x08C4, 0x08E4, 0x08E4, 0x10E4, 0x1104, 0x10E4, \
        0x08E4, 0x08C4, 0x10E4, 0x08C4, 0x08C4, 0x08C4, 0x08C4, 0x08C4, 0x08C4, 0x08C4, 0x08C4, 0x08C4, \
        0x08C4, 0x08C4, 0x08C4, 0x08C4, 0x08C4, 0x08C4, 0x08C4, 0x08C4, 0x08C4, 0x08C4, 0x08C4, 0x08C4, \
        0x08C4, 0x08C4, 0x08C4, 0x08C4, 0x08C4, 0x08C4, 0x10E4, 0x1125, 0x1946, 0x1966, 0x1966, 0x1966, \
        0x1966, 0x1966, 0x1966, 0x1966, 0x1966, 0x1966, 0x1125, 0x08C4, 0x08C4, 0x08C4, 0x08C4, 0x08C4, \
        0x08C4, 0x08C4, 0x08C4, 0x08C4, 0x08C4, 0x08C4, 0x08C4, 0x08C4, 0x08C4, 0x08C4, 0x08C4, 0x08C4, \
        0x08C4, 0x08C4, 0x08C4, 0x08C4, 0x08C4, 0x08C4, 0x08C4, 0x08C4, 0x08C4, 0x08C4, 0x08C4, 0x08C4, \
        0x08C4, 0x08C4, 0x08C4, 0x08C4, 0x08C4, 0x08C4, 0x08C4, 0x08C4, 0x08C4, 0x08C4, 0x08C4, 0x08C4, \
        0x1105, 0x1146, 0x1966, 0x1966, 0x1966, 0x1966, 0x1966, 0x1966, 0x1986, 0x1986, 0x1966, 0x1146, \
        0x10E4, 0x08C4, 0x08C4, 0x08C4, 0x08C4, 0x08C4, 0x08C4, 0x08C4, 0x08C4, 0x08C4, 0x08C4, 0x08C4, \
        0x08C4, 0x08C4, 0x08C4, 0x08C4, 0x08C4, 0x08C4, 0x08C4, 0x08C4, 0x08C4, 0x08C4, 0x08C4, 0x08C4, \
        0x08C4, 0x08C4, 0x08C4, 0x08C4, 0x08C4, 0x08C4, 0x08C4, 0x08C4, 0x08C4, 0x08C4, 0x08C4, 0x08C4, \
        0x08C4, 0x08C4, 0x08C4, 0x08C4, 0x08C4, 0x08C4, 0x08C4, 0x08C4, 0x08C4, 0x08C4, 0x08C4, 0x08C4, \
        0x08C4, 0x08C4, 0x08C4, 0x08C4, 0x08C4, 0x08C4, 0x08C4, 0x08C4, 0x08C4, 0x08C4, 0x08C4, 0x08C4, \
        0x08C4, 0x08C4, 0x08C4, 0x08C4, 0x08C4, 0x08C4, 0x08C4, 0x08C4, 0x08C4, 0x08C4, 0x08C4, 0x08C4, \
        0x08C4, 0x08C4, 0x08C4, 0x08C4, 0x08C4, 0x08C4, 0x08C4, 0x08C4, 0x08C4, 0x08C4, 0x08C4, 0x08C4, \
        0x08C4, 0x08C4, 0x08C4, 0x08C4, 0x08C4, 0x08C4, 0x08C4, 0x08C4, 0x08C4, 0x08C4, 0x08C4, 0x08C4, \
        0x08C4, 0x08C4, 0x08C4, 0x08C4, 0x08C4, 0x08C4, 0x08C4, 0x08C4, 0x08C4, 0x08C4, 0x08C4, 0x08C4, \
        0x10E4, 0x1145, 0x1966, 0x1966, 0x1966, 0x1966, 0x1966, 0x1966, 0x1966, 0x1966, 0x1145, 0x10E4, \
        0x08C4, 0x08C4, 0x08C4, 0x08C4, 0x08C4, 0x08C4, 0x08C4, 0x08C4, 0x08C4, 0x08C4, 0x08C4, 0x08C4, \
        0x08C4, 0x08C4, 0x08C4, 0x08C4, 0x08C4, 0x08C4, 0x08C4, 0x08C4, 0x08C4, 0x08C4, 0x08C4, 0x08C4, \
        0x08C4, 0x08C4, 0x08C4, 0x08C4, 0x08C4, 0x08C4, 0x08C4, 0x08C4, 0x08C4, 0x08C4, 0x08C4, 0x08C4, \
        0x08C4, 0x08C4, 0x08C4, 0x08C4, 0x08C4, 0x08C4, 0x08C4, 0x08C4, 0x08C4, 0x08C4, 0x08C4, 0x08C4, \
        0x08C4, 0x08C4, 0x08C4, 0x08C4, 0x08C4, 0x08C4, 0x08C4, 0x08C4, 0x08C4, 0x08C4, 0x08C4, 0x08C4, \
        0x08C4, 0x10E4, 0x08E4, 0x08C4, 0x08C4, 0x08C4, 0x08C4, 0x08C4, 0x08C4, 0x08C4, 0x08C4, 0x08C4, \
        0x08C4, 0x08C4, 0x08C4, 0x08C4, 0x08C4, 0x08C4, 0x08C4, 0x08C4, 0x08C4, 0x08C4, 0x08C4, 0x08C4, \
        0x08E4, 0x10E4, 0x08E4, 0x10E4, 0x10E4, 0x08E4, 0x08C4, 0x08C4, 0x08C4, 0x08C4, 0x08C4, 0x08C4, \
        0x08C4, 0x08C4, 0x08C4, 0x08C4, 0x08C4, 0x08C4, 0x08C4, 0x08C4, 0x08C4, 0x08E4, 0x10E4, 0x08E4, \
        0x08C4, 0x08E4, 0x08C4, 0x08C4, 0x08C4, 0x08C4, 0x08C4, 0x08C4, 0x08C4, 0x08C4, 0x08C4, 0x08C4, \
        0x08C4, 0x08C4, 0x08C4, 0x08C4, 0x08C4, 0x08C4, 0x08C4, 0x08C4, 0x08C4, 0x08C4, 0x08C4, 0x08C4, \
        0x08C4, 0x08C4, 0x08C4, 0x08C4, 0x1104, 0x1125, 0x1966, 0x1966, 0x1966, 0x1966, 0x1966, 0x1966, \
        0x1966, 0x1125, 0x08E4, 0x08C4, 0x08C4, 0x08C4, 0x08C4, 0x08C4, 0x08C4, 0x08C4, 0x08C4, 0x08C4, \
        0x08C4, 0x08C4, 0x08C4, 0x08C4, 0x08C4, 0x08C4, 0x08C4, 0x08C4, 0x08C4, 0x08C4, 0x08C4, 0x08C4, \
        0x08C4, 0x08C4, 0x08C4, 0x08C4, 0x08C4, 0x08C4, 0x08C4, 0x08C4, 0x08C4, 0x08C4, 0x08C4, 0x08C4, \
        0x08C4, 0x08C4, 0x08C4, 0x08C4, 0x08C4, 0x08C4, 0x08C4, 0x08C4, 0x08C4, 0x10E4, 0x1125, 0x1146, \
        0x1966, 0x1966, 0x1966, 0x1966, 0x1966, 0x1966, 0x1125, 0x10E4, 0x08C4, 0x08C4, 0x08C4, 0x08C4, \
        0x08C4, 0x08C4, 0x08C4, 0x08C4, 0x08C4, 0x08C4, 0x08C4, 0x08C4, 0x08C4, 0x08C4, 0x08C4, 0x08C4, \
        0x08C4, 0x08C4, 0x08C4, 0x08C4, 0x08C4, 0x08C4, 0x08C4, 0x08C4, 0x08C4, 0x08C4, 0x08C4, 0x08C4, \
        0x08C4, 0x08C4, 0x08C4, 0x08C4, 0x08C4, 0x08C4, 0x08C4, 0x08C4, 0x08C4, 0x08C4, 0x08C4, 0x08C4, \
        0x08C4, 0x08C4, 0x08C4, 0x08C4, 0x08C4, 0x08C4, 0x08C4, 0x08C4, 0x08C4, 0x08C4, 0x08C4, 0x08C4, \
        0x08C4, 0x08C4, 0x08C4, 0x08C4, 0x08C4, 0x08C4, 0x08C4, 0x08C4, 0x08C4, 0x08C4, 0x08C4, 0x08C4, \
        0x08C4, 0x08C4, 0x08C4, 0x08C4, 0x08C4, 0x08C4, 0x08C4, 0x08C4, 0x08C4, 0x08C4, 0x08C4, 0x08C4, \
        0x08C4, 0x08C4, 0x08C4, 0x08C4, 0x08C4, 0x08C4, 0x08C4, 0x08C4, 0x08C4, 0x08C4, 0x08C4, 0x08C4, \
        0x08C4, 0x08C4, 0x08C4, 0x08C4, 0x08C4, 0x08C4, 0x08C4, 0x08C4, 0x08C4, 0x08C4, 0x08C4, 0x08C4, \
        0x08C4, 0x08C4, 0x08C4, 0x08C4, 0x08C4, 0x08C4, 0x08C4, 0x08C4, 0x08C4, 0x10E4, 0x1145, 0x1966, \
        0x1966, 0x1966, 0x1966, 0x1966, 0x1146, 0x1125, 0x08E4, 0x08C4, 0x08C4, 0x08C4, 0x08C4, 0x08C4, \
        0x08C4, 0x08C4, 0x08C4, 0x08C4, 0x08C4, 0x08C4, 0x08C4, 0x08C4, 0x08C4, 0x08C4, 0x08C4, 0x08C4, \
        0x08C4, 0x08C4, 0x08C4, 0x08C4, 0x08C4, 0x08C4, 0x08C4, 0x08C4, 0x08C4, 0x08C4, 0x08C4, 0x08C4, \
        0x08C4, 0x08C4, 0x08C4, 0x08C4, 0x08C4, 0x08C4, 0x08C4, 0x08C4, 0x10C4, 0x08C4, 0x08C4, 0x08C4, \
        0x08C4, 0x08C4, 0x08C4, 0x08C4, 0x08C4, 0x08C4, 0x08C4, 0x08C4, 0x08C4, 0x08C4, 0x08C4, 0x08C4, \
        0x08C4, 0x08C4, 0x08C4, 0x08C4, 0x08C4, 0x08C4, 0x08C4, 0x08C4, 0x08C4, 0x08C4, 0x10E4, 0x10E4, \
        0x08E4, 0x08C4, 0x08C4, 0x08C4, 0x08C4, 0x08C4, 0x08C4, 0x08C4, 0x08C4, 0x08C4, 0x08C4, 0x08C4, \
        0x08C4, 0x08C4, 0x08C4, 0x08C4, 0x08C4, 0x08C4, 0x10E4, 0x08E4, 0x10E4, 0x10E4, 0x08E4, 0x08C4, \
        0x08C4, 0x08C4, 0x08C4, 0x08C4, 0x08C4, 0x08C4, 0x08C4, 0x08C4, 0x08C4, 0x08C4, 0x08C4, 0x08C4, \
        0x08C4, 0x08C4, 0x08C4, 0x08C4, 0x08C4, 0x08C4, 0x08C4, 0x08C4, 0x08E4, 0x08E4, 0x08E4, 0x08E4, \
        0x08C4, 0x08C4, 0x08C4, 0x08C4, 0x08C4, 0x08C4, 0x08C4, 0x08C4, 0x08C4, 0x08C4, 0x08C4, 0x08C4, \
        0x08C4, 0x08C4, 0x08C4, 0x08C4, 0x08C4, 0x08C4, 0x08C4, 0x08C4, 0x08C4, 0x08C4, 0x08C4, 0x08C4, \
        0x08C4, 0x08C4, 0x1105, 0x1125, 0x1125, 0x1145, 0x1145, 0x1125, 0x1105, 0x08E4, 0x08C4, 0x08C4, \
        0x08C4, 0x08C4, 0x08C4, 0x08C4, 0x08C4, 0x08C4, 0x08C4, 0x08C4, 0x08C4, 0x08C4, 0x08C4, 0x08C4, \
        0x08C4, 0x08C4, 0x08C4, 0x08C4, 0x08C4, 0x08C4, 0x08C4, 0x08C4, 0x08C4, 0x08C4, 0x08C4, 0x08C4, \
        0x08C4, 0x08C4, 0x08C4, 0x08C4, 0x08C4, 0x08C4, 0x08C4, 0x08C4, 0x08C4, 0x08C4, 0x08C4, 0x08C4, \
        0x08C4, 0x08C4, 0x08C4, 0x08C4, 0x08C4, 0x08C4, 0x08C4, 0x10E4, 0x1105, 0x1125, 0x1125, 0x1125, \
        0x1125, 0x1125, 0x10E4, 0x08C4, 0x08C4, 0x08C4, 0x08C4, 0x08C4, 0x08C4, 0x08C4, 0x08C4, 0x08C4, \
        0x08C4, 0x08C4, 0x08C4, 0x08C4, 0x08C4, 0x08C4, 0x08C4, 0x08C4, 0x08C4, 0x08C4, 0x08C4, 0x08C4, \
        0x08C4, 0x08C4, 0x08C4, 0x08C4, 0x08C4, 0x08C4, 0x08C4, 0x08C4, 0x08C4, 0x08C4, 0x08C4, 0x08C4, \
        0x08C4, 0x08C4, 0x08C4, 0x08C4, 0x08C4, 0x08C4, 0x08C4, 0x08C4, 0x08C4, 0x08C4, 0x08C4, 0x08C4, \
        0x08C4, 0x08C4, 0x08C4, 0x08C4, 0x08C4, 0x08C4, 0x08C4, 0x08C4, 0x08C4, 0x08C4, 0x08C4, 0x08C4, \
        0x08C4, 0x08C4, 0x08C4, 0x08C4, 0x08C4, 0x08C4, 0x08C4, 0x08C4, 0x08C4, 0x08C4, 0x08C4, 0x08C4, \
        0x08C4, 0x08C4, 0x08C4, 0x08C4, 0x08C4, 0x08C4, 0x08C4, 0x08C4, 0x08C4, 0x08C4, 0x08C4, 0x08C4, \
        0x08C4, 0x08C4, 0x08C4, 0x08C4, 0x08C4, 0x08C4, 0x08C4, 0x08C4, 0x08C4, 0x08C4, 0x08C4, 0x08C4, \
        0x08C4, 0x08C4, 0x08C4, 0x08C4, 0x08C4, 0x08C4, 0x08C4, 0x08C4, 0x08C4, 0x08C4, 0x08C4, 0x08C4, \
        0x08C4, 0x08C4, 0x08C4, 0x08C4, 0x08C4, 0x08C4, 0x10E4, 0x1125, 0x1125, 0x1125, 0x1125, 0x1125, \
        0x1104, 0x08C4, 0x08C4, 0x08C4, 0x08C4, 0x08C4, 0x08C4, 0x08C4, 0x08C4, 0x08C4, 0x08C4, 0x08C4, \
        0x08C4, 0x08C4, 0x08C4, 0x08C4, 0x08C4, 0x08C4, 0x08C4, 0x08C4, 0x08C4, 0x08C4, 0x08C4, 0x08C4, \
        0x08C4, 0x08C4, 0x08C4, 0x08C4, 0x08C4, 0x08C4, 0x08C4, 0x08C4, 0x08C4, 0x08C4, 0x08C4, 0x08C4, \
        0x08C4, 0x08E4, 0x10E4, 0x10E4, 0x08E4, 0x08C4, 0x08E4, 0x08E4, 0x08E4, 0x08E4, 0x08E4, 0x10E4, \
        0x1104, 0x10E4, 0x08C4, 0x08C4, 0x08C4, 0x08C4, 0x08C4, 0x08C4, 0x08C4, 0x08C4, 0x08C4, 0x08C4, \
        0x08C4, 0x08C4, 0x08C4, 0x08C4, 0x08C4, 0x08C4, 0x08C4, 0x10E4, 0x10E4, 0x08E4, 0x08C4, 0x08C4, \
        0x08C4, 0x08C4, 0x08C4, 0x08C4, 0x08C4, 0x08C4, 0x08C4, 0x08C4, 0x08C4, 0x08C4, 0x08C4, 0x08E4, \
        0x10E4, 0x08E4, 0x08E4, 0x08C4, 0x08C4, 0x08C4, 0x08C4, 0x08C4, 0x08C4, 0x08C4, 0x08C4, 0x08C4, \
        0x08C4, 0x08C4, 0x08C4, 0x08C4, 0x08C4, 0x08C4, 0x08C4, 0x08C4, 0x08C4, 0x08C4, 0x08C4, 0x08C4, \
        0x08C4, 0x08C4, 0x08C4, 0x08C4, 0x08C4, 0x08C4, 0x08E4, 0x08E4, 0x10E4, 0x08E4, 0x08C4, 0x08C4, \
        0x08C4, 0x08C4, 0x08C4, 0x08C4, 0x08C4, 0x08C4, 0x08C4, 0x08C4, 0x08C4, 0x08C4, 0x08C4, 0x08C4, \
        0x08C4, 0x08C4, 0x08C4, 0x08C4, 0x08C4, 0x08C4, 0x08C4, 0x08C4, 0x08C4, 0x08C4, 0x08C4, 0x08C4, \
        0x10E4, 0x10E4, 0x08E4, 0x08E4, 0x08C4, 0x08C4, 0x08C4, 0x08C4, 0x08C4, 0x08C4, 0x08C4, 0x08C4, \
        0x08C4, 0x08C4, 0x08C4, 0x08C4, 0x08C4, 0x08C4, 0x08C4, 0x08C4, 0x08C4, 0x08C4, 0x08C4, 0x08C4, \
        0x08C4, 0x08C4, 0x08C4, 0x08C4, 0x08C4, 0x08C4, 0x08C4, 0x08C4, 0x08C4, 0x08C4, 0x08C4, 0x08C4, \
        0x08C4, 0x08C4, 0x08C4, 0x08C4, 0x08C4, 0x08C4, 0x08C4, 0x08C4, 0x08C4, 0x08C4, 0x08C4, 0x08C4, \
        0x08C4, 0x08C4, 0x08C4, 0x08C4, 0x08C4, 0x08C4, 0x08E4, 0x08E4, 0x08C4, 0x08C4, 0x08C4, 0x08C4, \
        0x08C4, 0x08C4, 0x08C4, 0x08C4, 0x08C4, 0x08C4, 0x08C4, 0x08C4, 0x08C4, 0x08C4, 0x08C4, 0x08C4, \
        0x08C4, 0x08C4, 0x08C4, 0x08C4, 0x08C4, 0x08C4, 0x08C4, 0x08C4, 0x08C4, 0x08C4, 0x08C4, 0x08C4, \
        0x08C4, 0x08C4, 0x08C4, 0x08C4, 0x08C4, 0x08C4, 0x08C4, 0x08C4, 0x08C4, 0x08C4, 0x08C4, 0x08C4, \
        0x08C4, 0x08C4, 0x08C4, 0x08C4, 0x08C4, 0x08C4, 0x08C4, 0x08C4, 0x08C4, 0x08C4, 0x08C4, 0x08C4, \
        0x08C4, 0x08C4, 0x08C4, 0x08C4, 0x08C4, 0x08C4, 0x08C4, 0x08C4, 0x08C4, 0x08C4, 0x08C4, 0x08C4, \
        0x08C4, 0x08C4, 0x08C4, 0x08C4, 0x08C4, 0x08C4, 0x08C4, 0x08C4, 0x08C4, 0x08C4, 0x08C4, 0x08C4, \
        0x08C4, 0x08C4, 0x08C4, 0x08C4, 0x08C4, 0x08C4, 0x08C4, 0x08C4, 0x08C4, 0x08C4, 0x08C4, 0x08C4, \
        0x08C4, 0x08C4, 0x08C4, 0x08C4, 0x08C4, 0x08C4, 0x08C4, 0x08C4, 0x08C4, 0x08C4, 0x08C4, 0x08C4, \
        0x08C4, 0x08C4, 0x08C4, 0x08C4, 0x08C4, 0x08C4, 0x08C4, 0x08C4, 0x08C4, 0x08C4, 0x08C4, 0x08C4, \
        0x08C4, 0x08C4, 0x08C4, 0x08C4, 0x10C4, 0x08E4, 0x08C4, 0x08C4, 0x08C4, 0x08C4, 0x08C4, 0x08C4, \
        0x08C4, 0x08C4, 0x08C4, 0x08C4, 0x08C4, 0x08C4, 0x08C4, 0x08C4, 0x08C4, 0x08C4, 0x08C4, 0x08C4, \
        0x08C4, 0x08C4, 0x08C4, 0x08C4, 0x08C4, 0x08C4, 0x08C4, 0x08C4, 0x08C4, 0x08C4, 0x08C4, 0x08C4, \
        0x08C4, 0x08C4, 0x08C4, 0x08C4, 0x08C4, 0x08E4, 0x10E5, 0x08E4, 0x08E4, 0x08E4, 0x08E4, 0x08E4, \
        0x08C4, 0x08C4, 0x08C4, 0x08C4, 0x08C4, 0x08C4, 0x08E4, 0x10E4, 0x10E4, 0x08E4, 0x08E4, 0x10E4, \
        0x10E4, 0x08C4, 0x08C4, 0x08C4, 0x08C4, 0x08C4, 0x08C4, 0x08C4, 0x08C4, 0x08C4, 0x08C4, 0x08C4, \
        0x08C4, 0x08C4, 0x08C4, 0x08C4, 0x08E4, 0x10E4, 0x08E4, 0x08C4, 0x08C4, 0x08C4, 0x08C4, 0x08C4, \
        0x08C4, 0x08C4, 0x08C4, 0x08C4, 0x08C4, 0x10E4, 0x08E4, 0x08C4, 0x08C4, 0x08C4, 0x08C4, 0x08C4, \
        0x08C4, 0x08C4, 0x08C4, 0x08C4, 0x08C4, 0x08C4, 0x08C4, 0x08C4, 0x08C4, 0x08C4, 0x08C4, 0x08C4, \
        0x08C4, 0x08C4, 0x08C4, 0x08C4, 0x08C4, 0x08C4, 0x08C4, 0x08C4, 0x08C4, 0x08C4, 0x08C4, 0x08C4, \
        0x08C4, 0x08C4, 0x08C4, 0x08C4, 0x08C4, 0x08C4, 0x10E4, 0x08C4, 0x08C4, 0x08C4, 0x08C4, 0x08C4, \
        0x08C4, 0x08C4, 0x08C4, 0x08C4, 0x08C4, 0x08C4, 0x08C4, 0x08C4, 0x08C4, 0x08C4, 0x08C4, 0x08C4, \
        0x08C4, 0x08C4, 0x08C4, 0x08C4, 0x08C4, 0x08C4, 0x08C4, 0x08C4, 0x08C4, 0x08C4, 0x08C4, 0x08C4, \
        0x08C4, 0x08C4, 0x08C4, 0x08C4, 0x08C4, 0x08C4, 0x08C4, 0x08C4, 0x08C4, 0x08C4, 0x08C4, 0x08C4, \
        0x08C4, 0x08C4, 0x08C4, 0x08C4, 0x08C4, 0x08C4, 0x08C4, 0x08C4, 0x08C4, 0x08C4, 0x08C4, 0x08C4, \
        0x08C4, 0x08C4, 0x08C4, 0x08C4, 0x08C4, 0x08C4, 0x08C4, 0x08C4, 0x08C4, 0x08C4, 0x08C4, 0x08C4, \
        0x08C4, 0x08C4, 0x08C4, 0x08C4, 0x08C4, 0x08C4, 0x08C4, 0x08C4, 0x08C4, 0x08C4, 0x08C4, 0x08C4, \
        0x08C4, 0x08C4, 0x08C4, 0x08C4, 0x08C4, 0x08C4, 0x08C4, 0x08C4, 0x08C4, 0x08C4, 0x08C4, 0x08C4, \
        0x08C4, 0x08C4, 0x08C4, 0x08C4, 0x08C4, 0x08C4, 0x08C4, 0x08C4, 0x08C4, 0x08C4, 0x08C4, 0x08C4, \
        0x08C4, 0x08C4, 0x08C4, 0x08C4, 0x08C4, 0x08C4, 0x08C4, 0x08C4, 0x08C4, 0x08C4, 0x08C4, 0x08C4, \
        0x08C4, 0x08C4, 0x08C4, 0x08C4, 0x08C4, 0x08C4, 0x08C4, 0x08C4, 0x08C4, 0x08C4, 0x08C4, 0x08C4, \
        0x08C4, 0x08C4, 0x08C4, 0x08C4, 0x08C4, 0x08C4, 0x08C4, 0x08C4, 0x08C4, 0x08C4, 0x08C4, 0x08C4, \
        0x08C4, 0x08C4, 0x08C4, 0x08C4, 0x08C4, 0x08C4, 0x08C4, 0x08C4, 0x08C4, 0x08C4, 0x08C4, 0x08C4, \
        0x08C4, 0x08C4, 0x08C4, 0x08C4, 0x08C4, 0x08C4, 0x08C4, 0x08C4, 0x08C4, 0x08C4, 0x08C4, 0x08C4, \
        0x08C4, 0x08C4, 0x08C4, 0x08C4, 0x08C4, 0x08C4, 0x08C4, 0x08C4, 0x08C4, 0x08C4, 0x08C4, 0x08C4, \
        0x08C4, 0x08C4, 0x08C4, 0x08C4, 0x08C4, 0x08C4, 0x08C4, 0x08C4, 0x08C4, 0x08C4, 0x08C4, 0x08C4, \
        0x08C4, 0x08C4, 0x08C4, 0x08C4, 0x08C4, 0x08C4, 0x08C4, 0x08C4, 0x08C4, 0x08C4, 0x08C4, 0x08C4, \
        0x08C4, 0x08C4, 0x08C4, 0x08C4, 0x08C4, 0x08C4, 0x08C4, 0x08C4, 0x08C4, 0x08C4, 0x08C4, 0x08C4, \
        0x08C4, 0x08C4, 0x08C4, 0x08C4, 0x08C4, 0x08C4, 0x08C4, 0x08C4, 0x08C4, 0x08C4, 0x08C4, 0x08C4, \
        0x08C4, 0x08C4, 0x08C4, 0x08C4, 0x08C4, 0x08C4, 0x08C4, 0x08C4, 0x08C4, 0x08C4, 0x08C4, 0x10E4, \
        0x10E4, 0x08E4, 0x08E4, 0x08C4, 0x08C4, 0x08C4, 0x08C4, 0x08C4, 0x08C4, 0x08C4, 0x08C4, 0x08C4, \
        0x08C4, 0x08C4, 0x08C4, 0x08C4, 0x08C4, 0x08C4, 0x08C4, 0x08C4, 0x08E4, 0x10E4, 0x10E4, 0x08C4, \
        0x08C4, 0x08C4, 0x08C4, 0x08C4, 0x08C4, 0x08C4, 0x08C4, 0x08C4, 0x08C4, 0x08C4, 0x08C4, 0x08C4, \
        0x08C4, 0x08C4, 0x10E4, 0x08E4, 0x08C4, 0x08C4, 0x08C4, 0x08C4, 0x08C4, 0x08C4, 0x10E4, 0x1105, \
        0x08E4, 0x08C4, 0x08C4, 0x08C4, 0x08C4, 0x08C4, 0x08C4, 0x08C4, 0x08C4, 0x08C4, 0x08C4, 0x08C4, \
        0x08C4, 0x08C4, 0x08C4, 0x08C4, 0x08C4, 0x08C4, 0x08C4, 0x08C4, 0x08C4, 0x08C4, 0x08C4, 0x08C4, \
        0x08C4, 0x08C4, 0x08C4, 0x08C4, 0x08C4, 0x08C4, 0x08C4, 0x08C4, 0x08C4, 0x08C4, 0x08C4, 0x08C4, \
        0x08C4, 0x08C4, 0x08C4, 0x08E4, 0x08E4, 0x08C4, 0x08C4, 0x08C4, 0x08C4, 0x08C4, 0x08C4, 0x08C4, \
        0x08C4, 0x08C4, 0x08C4, 0x08C4, 0x08C4, 0x08C4, 0x08C4, 0x08C4, 0x08C4, 0x08C4, 0x08C4, 0x08C4, \
        0x08C4, 0x08C4, 0x08C4, 0x08C4, 0x08C4, 0x08C4, 0x08C4, 0x08C4, 0x08C4, 0x08C4, 0x08C4, 0x08C4, \
        0x08C4, 0x08C4, 0x08C4, 0x08C4, 0x08C4, 0x08C4, 0x08C4, 0x08C4, 0x08C4, 0x08C4, 0x08C4, 0x08C4, \
        0x08C4, 0x08C4, 0x08C4, 0x08C4, 0x08C4, 0x08C4, 0x08C4, 0x08C4, 0x08C4, 0x08C4, 0x08C4, 0x08C4, \
        0x08C4, 0x08C4, 0x08C4, 0x08C4, 0x08C4, 0x08C4, 0x08C4, 0x08C4, 0x08C4, 0x08C4, 0x08C4, 0x08C4, \
        0x08C4, 0x08C4, 0x08C4, 0x08C4, 0x08C4, 0x08C4, 0x08C4, 0x08C4, 0x08C4, 0x08C4, 0x08C4, 0x08C4, \
        0x08C4, 0x08C4, 0x08C4, 0x08C4, 0x08C4, 0x08C4, 0x08C4, 0x08C4, 0x08C4, 0x08C4, 0x08C4, 0x08C4, \
        0x08C4, 0x08C4, 0x08C4, 0x08C4, 0x08C4, 0x08C4, 0x08C4, 0x08C4, 0x08C4, 0x08C4, 0x08C4, 0x08C4, \
        0x08C4, 0x08C4, 0x08C4, 0x08C4, 0x08C4, 0x08C4, 0x08C4, 0x08C4, 0x08C4, 0x08C4, 0x08C4, 0x08C4, \
        0x08C4, 0x08C4, 0x08C4, 0x08C4, 0x08C4, 0x08C4, 0x08C4, 0x08C4, 0x08C4, 0x08C4, 0x08C4, 0x08C4, \
        0x08C4, 0x08C4, 0x08C4, 0x08C4, 0x08C4, 0x08C4, 0x08C4, 0x08C4, 0x08C4, 0x08C4, 0x08C4, 0x08C4, \
        0x08C4, 0x08C4, 0x08C4, 0x08C4, 0x08C4, 0x08C4, 0x08C4, 0x08C4, 0x08C4, 0x08C4, 0x08C4, 0x08C4, \
        0x08C4, 0x08C4, 0x08C4, 0x08C4, 0x08C4, 0x08C4, 0x08C4, 0x08C4, 0x08C4, 0x08C4, 0x08C4, 0x08C4, \
        0x08C4, 0x08C4, 0x08C4, 0x08C4, 0x08C4, 0x08C4, 0x08C4, 0x08C4, 0x08C4, 0x08C4, 0x08C4, 0x08C4, \
        0x08C4, 0x08C4, 0x08C4, 0x08C4, 0x08C4, 0x08C4, 0x08C4, 0x08C4, 0x08C4, 0x08C4, 0x08C4, 0x08C4, \
        0x08C4, 0x08C4, 0x08C4, 0x08C4, 0x08C4, 0x08C4, 0x08C4, 0x08C4, 0x08C4, 0x08C4, 0x08C4, 0x08C4, \
        0x08C4, 0x08C4, 0x08C4, 0x08C4, 0x08C4, 0x08C4, 0x08C4, 0x08C4, 0x08C4, 0x08C4, 0x08C4, 0x08C4, \
        0x08C4, 0x08C4, 0x08C4, 0x08C4, 0x08C4, 0x08C4, 0x08C4, 0x08C4, 0x08C4, 0x08C4, 0x08C4, 0x08C4, \
        0x08C4, 0x08C4, 0x08C4, 0x08C4, 0x10E4, 0x1105, 0x10E4, 0x08C4, 0x08C4, 0x08C4, 0x08C4, 0x08C4, \
        0x08C4, 0x08C4, 0x08C4, 0x08C4, 0x08C4, 0x08C4, 0x08C4, 0x08C4, 0x08C4, 0x08C4, 0x08C4, 0x08C4, \
        0x08C4, 0x08C4, 0x08C4, 0x08C4, 0x08C4, 0x08C4, 0x08C4, 0x1104, 0x10E4, 0x08C4, 0x08C4, 0x08C4, \
        0x08C4, 0x08C4, 0x08C4, 0x08C4, 0x08C4, 0x08C4, 0x08C4, 0x08C4, 0x08C4, 0x08C4, 0x08C4, 0x10E4, \
        0x08C4, 0x08C4, 0x08C4, 0x08C4, 0x10E4, 0x1105, 0x08E4, 0x08C4, 0x08C4, 0x08C4, 0x08C4, 0x08C4, \
        0x08C4, 0x08C4, 0x08C4, 0x08C4, 0x08C4, 0x08C4, 0x08C4, 0x08C4, 0x08C4, 0x08C4, 0x08C4, 0x08C4, \
        0x08C4, 0x08C4, 0x08C4, 0x08C4, 0x08C4, 0x08C4, 0x08C4, 0x08C4, 0x08C4, 0x08C4, 0x08C4, 0x08C4, \
        0x08C4, 0x08C4, 0x08C4, 0x08C4, 0x08C4, 0x08C4, 0x08C4, 0x08C4, 0x08C4, 0x08C4, 0x08C4, 0x08C4, \
        0x08E4, 0x08E4, 0x08C4, 0x08C4, 0x08C4, 0x08C4, 0x08C4, 0x08C4, 0x08C4, 0x08C4, 0x08C4, 0x08C4, \
        0x08C4, 0x08C4, 0x08C4, 0x08C4, 0x08C4, 0x08C4, 0x08C4, 0x08C4, 0x08C4, 0x08C4, 0x08C4, 0x08C4, \
        0x08C4, 0x08C4, 0x08C4, 0x08C4, 0x08C4, 0x08C4, 0x08C4, 0x08C4, 0x08C4, 0x08C4, 0x08C4, 0x08C4, \
        0x08C4, 0x08C4, 0x08C4, 0x08C4, 0x08C4, 0x08C4, 0x08C4, 0x08C4, 0x08C4, 0x08C4, 0x08C4, 0x08C4, \
        0x08C4, 0x08C4, 0x08C4, 0x08C4, 0x08C4, 0x08C4, 0x08C4, 0x08C4, 0x08C4, 0x08C4, 0x08C4, 0x08C4, \
        0x08C4, 0x08C4, 0x08C4, 0x08C4, 0x08C4, 0x08C4, 0x08C4, 0x08C4, 0x08C4, 0x08C4, 0x08C4, 0x08C4, \
        0x08C4, 0x08C4, 0x08C4, 0x08C4, 0x08C4, 0x08C4, 0x08C4, 0x08C4, 0x08C4, 0x08C4, 0x08C4, 0x08C4, \
        0x08C4, 0x08C4, 0x08C4, 0x08C4, 0x08C4, 0x08C4, 0x08C4, 0x08C4, 0x08C4, 0x08C4, 0x08C4, 0x08C4, \
        0x08C4, 0x08C4, 0x08C4, 0x08C4, 0x08C4, 0x08C4, 0x08C4, 0x08C4, 0x08C4, 0x08C4, 0x08C4, 0x08C4, \
        0x08C4, 0x08C4, 0x08C4, 0x08C4, 0x08C4, 0x08C4, 0x08C4, 0x08C4, 0x08C4, 0x08C4, 0x08C4, 0x08C4, \
        0x08C4, 0x08C4, 0x08C4, 0x08C4, 0x08C4, 0x08C4, 0x08C4, 0x08C4, 0x08C4, 0x08C4, 0x08C4, 0x08C4, \
        0x08C4, 0x08C4, 0x08C4, 0x08C4, 0x08C4, 0x08C4, 0x08C4, 0x08C4, 0x08C4, 0x08C4, 0x08C4, 0x08C4, \
        0x08C4, 0x08C4, 0x08C4, 0x08C4, 0x08C4, 0x08C4, 0x08C4, 0x08C4, 0x08C4, 0x08C4, 0x08C4, 0x08C4, \
        0x08C4, 0x08C4, 0x08C4, 0x08C4, 0x08C4, 0x08C4, 0x08C4, 0x08C4, 0x08C4, 0x08C4, 0x08C4, 0x08C4, \
        0x08C4, 0x08C4, 0x08C4, 0x08C4, 0x08C4, 0x08C4, 0x08C4, 0x08C4, 0x08C4, 0x08C4, 0x08C4, 0x08C4, \
        0x08C4, 0x08C4, 0x08C4, 0x08C4, 0x08C4, 0x08C4, 0x08C4, 0x08C4, 0x08C4, 0x08C4, 0x08C4, 0x08C4, \
        0x08C4, 0x08C4, 0x08C4, 0x08C4, 0x08C4, 0x08C4, 0x08C4, 0x08C4, 0x08C4, 0x08C4, 0x08C4, 0x08C4, \
        0x08C4, 0x08C4, 0x08C4, 0x08C4, 0x08C4, 0x08C4, 0x08C4, 0x08C4, 0x08C4, 0x08C4, 0x08C4, 0x08C4, \
        0x08C4, 0x08C4, 0x08C4, 0x08C4, 0x08C4, 0x08C4, 0x08C4, 0x08C4, 0x08C4, 0x08C4, 0x08C4, 0x1105, \
        0x08E4, 0x08C4, 0x08C4, 0x08C4, 0x08C4, 0x08C4, 0x08C4, 0x08C4, 0x08C4, 0x08C4, 0x08C4, 0x08C4, \
        0x08C4, 0x08C4, 0x08C4, 0x08C4, 0x08C4, 0x08C4, 0x08C4, 0x08C4, 0x08C4, 0x08C4, 0x08C4, 0x08C4, \
        0x08C4, 0x08C4, 0x08C4, 0x08C4, 0x08E4, 0x1105, 0x08C4, 0x08C4, 0x08C4, 0x08C4, 0x08C4, 0x08C4, \
        0x08C4, 0x08C4, 0x08C4, 0x08C4, 0x08C4, 0x08C4, 0x08C4, 0x08C4, 0x08C4, 0x08E4, 0x08E4, 0x10E4, \
        0x08E4, 0x08C4, 0x08C4, 0x08C4, 0x08C4, 0x08C4, 0x08C4, 0x08C4, 0x08C4, 0x08C4, 0x08C4, 0x08C4, \
        0x08C4, 0x08C4, 0x08C4, 0x08C4, 0x08C4, 0x08C4, 0x08C4, 0x08C4, 0x08C4, 0x08C4, 0x08C4, 0x08C4, \
        0x08C4, 0x08C4, 0x08C4, 0x08C4, 0x08C4, 0x08C4, 0x08C4, 0x08C4, 0x08C4, 0x08C4, 0x08C4, 0x08C4, \
        0x08C4, 0x08C4, 0x08C4, 0x08C4, 0x08C4, 0x08C4, 0x08C4, 0x08C4, 0x08C4, 0x08C4, 0x10E4, 0x08E4, \
        0x08C4, 0x08C4, 0x08C4, 0x08C4, 0x08C4, 0x08C4, 0x08C4, 0x08C4, 0x08C4, 0x08C4, 0x08C4, 0x08C4, \
        0x08C4, 0x08C4, 0x08C4, 0x08C4, 0x08C4, 0x08C4, 0x08C4, 0x08C4, 0x08C4, 0x08C4, 0x08C4, 0x08C4, \
        0x08C4, 0x08C4, 0x08C4, 0x08C4, 0x08C4, 0x08C4, 0x08C4, 0x08C4, 0x08C4, 0x08C4, 0x08C4, 0x08C4, \
        0x08C4, 0x08C4, 0x08C4, 0x08C4, 0x08C4, 0x08C4, 0x08C4, 0x08C4, 0x08C4, 0x08C4, 0x08C4, 0x08C4, \
        0x08C4, 0x08C4, 0x08C4, 0x08C4, 0x08C4, 0x08C4, 0x08C4, 0x08C4, 0x08C4, 0x08C4, 0x08C4, 0x08C4, \
        0x08C4, 0x08C4, 0x08C4, 0x08C4, 0x08C4, 0x08C4, 0x08C4, 0x08C4, 0x08C4, 0x08C4, 0x08C4, 0x08C4, \
        0x08C4, 0x08C4, 0x08C4, 0x08C4, 0x08C4, 0x08C4, 0x08C4, 0x08C4, 0x08C4, 0x08C4, 0x08C4, 0x08C4, \
        0x08C4, 0x08C4, 0x08C4, 0x08C4, 0x08C4, 0x08C4, 0x08C4, 0x08C4, 0x08C4, 0x08C4, 0x08C4, 0x08C4, \
        0x08C4, 0x08C4, 0x08C4, 0x08C4, 0x08C4, 0x08C4, 0x08C4, 0x08C4, 0x08C4, 0x08C4, 0x08C4, 0x08C4, \
        0x08C4, 0x08C4, 0x08C4, 0x08C4, 0x08C4, 0x08C4, 0x08C4, 0x08C4, 0x08C4, 0x08C4, 0x08C4, 0x08C4, \
        0x08C4, 0x08C4, 0x08C4, 0x08C4, 0x08C4, 0x08C4, 0x08C4, 0x08C4, 0x08C4, 0x08C4, 0x08C4, 0x08C4, \
        0x08C4, 0x08C4, 0x08C4, 0x08C4, 0x08C4, 0x08C4, 0x08C4, 0x08C4, 0x08C4, 0x08C4, 0x08C4, 0x08C4, \
        0x08C4, 0x08C4, 0x08C4, 0x08C4, 0x08C4, 0x08C4, 0x08C4, 0x08C4, 0x08C4, 0x08C4, 0x08C4, 0x08C4, \
        0x08C4, 0x08C4, 0x08C4, 0x08C4, 0x08C4, 0x08C4, 0x08C4, 0x08C4, 0x08C4, 0x08C4, 0x08C4, 0x08C4, \
        0x08C4, 0x08C4, 0x08C4, 0x08C4, 0x08C4, 0x08C4, 0x08C4, 0x08C4, 0x08C4, 0x08C4, 0x08C4, 0x08C4, \
        0x08C4, 0x08C4, 0x08C4, 0x08C4, 0x08C4, 0x08C4, 0x08C4, 0x08C4, 0x08C4, 0x08C4, 0x08C4, 0x08C4, \
        0x08C4, 0x08C4, 0x08C4, 0x08C4, 0x08C4, 0x08C4, 0x08C4, 0x08C4, 0x08C4, 0x08C4, 0x08C4, 0x08C4, \
        0x08C4, 0x08C4, 0x08C4, 0x08C4, 0x08C4, 0x08C4, 0x08C4, 0x08C4, 0x08C4, 0x08C4, 0x08C4, 0x08C4, \
        0x08C4, 0x08C4, 0x08C4, 0x08C4, 0x08C4, 0x10E4, 0x08E4, 0x08C4, 0x08C4, 0x08C4, 0x08C4, 0x08C4, \
        0x08C4, 0x08C4, 0x08C4, 0x08C4, 0x08C4, 0x08C4, 0x08C4, 0x08C4, 0x08C4, 0x08C4, 0x08C4, 0x08C4, \
        0x08C4, 0x08C4, 0x08C4, 0x08C4, 0x08C4, 0x08C4, 0x08C4, 0x08C4, 0x08C4, 0x08C4, 0x08C4, 0x08C4, \
        0x08C4, 0x08C4, 0x10E4, 0x10E4, 0x08C4, 0x08C4, 0x08C4, 0x08C4, 0x08C4, 0x08C4, 0x08C4, 0x08C4, \
        0x08C4, 0x08C4, 0x08C4, 0x08C4, 0x08E4, 0x10E4, 0x08C4, 0x08C4, 0x08C4, 0x08C4, 0x08C4, 0x08C4, \
        0x08C4, 0x08C4, 0x08C4, 0x08C4, 0x08C4, 0x08C4, 0x08C4, 0x08C4, 0x08C4, 0x08C4, 0x08C4, 0x08C4, \
        0x08C4, 0x08C4, 0x08C4, 0x08C4, 0x08C4, 0x08C4, 0x08C4, 0x08C4, 0x08C4, 0x08C4, 0x08C4, 0x08C4, \
        0x08C4, 0x08C4, 0x08C4, 0x08C4, 0x08C4, 0x08C4, 0x08C4, 0x08C4, 0x08C4, 0x08C4, 0x08C4, 0x08C4, \
        0x08C4, 0x08C4, 0x08C4, 0x08C4, 0x08C4, 0x08C4, 0x08C4, 0x10E4, 0x08E4, 0x08C4, 0x08C4, 0x08C4, \
        0x08C4, 0x08C4, 0x08C4, 0x08C4, 0x08C4, 0x08C4, 0x08C4, 0x08C4, 0x08C4, 0x08C4, 0x08C4, 0x08C4, \
        0x08C4, 0x08C4, 0x08C4, 0x08C4, 0x08C4, 0x08C4, 0x08C4, 0x08C4, 0x08C4, 0x08C4, 0x08C4, 0x08C4, \
        0x08C4, 0x08C4, 0x08C4, 0x08C4, 0x08C4, 0x08C4, 0x08C4, 0x08C4, 0x08C4, 0x08C4, 0x08C4, 0x08C4, \
        0x08C4, 0x08C4, 0x08C4, 0x08C4, 0x08C4, 0x08C4, 0x08C4, 0x08C4, 0x08C4, 0x08C4, 0x08C4, 0x08C4, \
        0x08C4, 0x08C4, 0x08C4, 0x08C4, 0x08C4, 0x08C4, 0x08C4, 0x08C4, 0x08C4, 0x08C4, 0x08C4, 0x08C4, \
        0x08C4, 0x08C4, 0x08C4, 0x08C4, 0x08C4, 0x08C4, 0x08C4, 0x08C4, 0x08C4, 0x08C4, 0x08C4, 0x08C4, \
        0x08C4, 0x08C4, 0x08C4, 0x08C4, 0x08C4, 0x08C4, 0x08C4, 0x08C4, 0x08C4, 0x08C4, 0x08C4, 0x08C4, \
        0x08C4, 0x08C4, 0x08C4, 0x08C4, 0x08C4, 0x08C4, 0x08C4, 0x08C4, 0x08C4, 0x08C4, 0x08C4, 0x08C4, \
        0x08C4, 0x08C4, 0x08C4, 0x08C4, 0x08C4, 0x08C4, 0x08C4, 0x08C4, 0x08C4, 0x08C4, 0x08C4, 0x08C4, \
        0x08C4, 0x08C4, 0x08C4, 0x08C4, 0x08C4, 0x08C4, 0x08C4, 0x08C4, 0x08C4, 0x08C4, 0x08C4, 0x08C4, \
        0x08C4, 0x08C4, 0x08C4, 0x08C4, 0x08C4, 0x08C4, 0x08C4, 0x08C4, 0x08C4, 0x08C4, 0x08C4, 0x08C4, \
        0x08C4, 0x08C4, 0x08C4, 0x08C4, 0x08C4, 0x08C4, 0x08C4, 0x08C4, 0x08C4, 0x08C4, 0x08C4, 0x08C4, \
        0x08C4, 0x08C4, 0x08C4, 0x08C4, 0x08C4, 0x08C4, 0x08C4, 0x08C4, 0x08C4, 0x08C4, 0x08C4, 0x08C4, \
        0x08C4, 0x08C4, 0x08C4, 0x08C4, 0x08C4, 0x08C4, 0x08C4, 0x08C4, 0x08C4, 0x08C4, 0x08C4, 0x08C4, \
        0x08C4, 0x08C4, 0x08C4, 0x08C4, 0x08C4, 0x08C4, 0x08C4, 0x08C4, 0x08C4, 0x08C4, 0x08C4, 0x08C4, \
        0x08C4, 0x08C4, 0x08C4, 0x08C4, 0x08C4, 0x08C4, 0x08C4, 0x08C4, 0x08C4, 0x08C4, 0x08C4, 0x08C4, \
        0x08C4, 0x08C4, 0x08C4, 0x08C4, 0x08C4, 0x08C4, 0x08C4, 0x08C4, 0x08C4, 0x08C4, 0x08C4, 0x08C4, \
        0x08C4, 0x08C4, 0x08C4, 0x08C4, 0x08C4, 0x08C4, 0x08C4, 0x08C4, 0x08C4, 0x08C4, 0x08E4, 0x10E4, \
        0x08E4, 0x08C4, 0x08C4, 0x08C4, 0x08C4, 0x08C4, 0x08C4, 0x08C4, 0x08C4, 0x08C4, 0x08C4, 0x08C4, \
        0x08C4, 0x08C4, 0x08C4, 0x08C4, 0x08C4, 0x08C4, 0x08C4, 0x08C4, 0x08C4, 0x08C4, 0x08C4, 0x08C4, \
        0x08C4, 0x08C4, 0x08C4, 0x08C4, 0x08C4, 0x08C4, 0x08C4, 0x08C4, 0x08C4, 0x08C4, 0x08C4, 0x08E4, \
        0x08E4, 0x08C4, 0x08C4, 0x08C4, 0x08C4, 0x08C4, 0x08C4, 0x08C4, 0x08C4, 0x08C4, 0x08C4, 0x08C4, \
        0x08C4, 0x08C4, 0x08C4, 0x08C4, 0x08C4, 0x08C4, 0x08C4, 0x08C4, 0x08C4, 0x08C4, 0x08C4, 0x08C4, \
        0x08C4, 0x08C4, 0x08C4, 0x08C4, 0x08C4, 0x08C4, 0x08C4, 0x08C4, 0x08E4, 0x08E4, 0x08C4, 0x08C4, \
        0x08C4, 0x08C4, 0x08C4, 0x08C4, 0x08C4, 0x08C4, 0x08C4, 0x08C4, 0x08C4, 0x08C4, 0x08C4, 0x08C4, \
        0x08C4, 0x08C4, 0x08C4, 0x08C4, 0x08C4, 0x08C4, 0x08C4, 0x08C4, 0x08C4, 0x08C4, 0x08C4, 0x08C4, \
        0x08C4, 0x08C4, 0x08C4, 0x08C4, 0x08E4, 0x08E4, 0x08C4, 0x08C4, 0x08C4, 0x08C4, 0x08C4, 0x08C4, \
        0x08C4, 0x08C4, 0x08C4, 0x08C4, 0x08C4, 0x08C4, 0x08C4, 0x08C4, 0x08C4, 0x08C4, 0x08C4, 0x08C4, \
        0x08C4, 0x08C4, 0x08C4, 0x08C4, 0x08C4, 0x08C4, 0x08C4, 0x08C4, 0x08C4, 0x08C4, 0x08C4, 0x08C4, \
        0x08C4, 0x08C4, 0x08C4, 0x08C4, 0x08C4, 0x08C4, 0x08C4, 0x08C4, 0x08C4, 0x08C4, 0x08C4, 0x08C4, \
        0x08C4, 0x08C4, 0x08C4, 0x08C4, 0x08C4, 0x08C4, 0x08C4, 0x08C4, 0x08C4, 0x08C4, 0x08C4, 0x08C4, \
        0x08C4, 0x08C4, 0x08C4, 0x08C4, 0x08C4, 0x08C4, 0x08C4, 0x08C4, 0x08C4, 0x08C4, 0x08C4, 0x08C4, \
        0x08C4, 0x08C4, 0x08C4, 0x08C4, 0x08C4, 0x08C4, 0x08C4, 0x08C4, 0x08C4, 0x08C4, 0x08C4, 0x08C4, \
        0x08C4, 0x08C4, 0x08C4, 0x08C4, 0x08C4, 0x08C4, 0x08C4, 0x08C4, 0x08C4, 0x08C4, 0x08C4, 0x08C4, \
        0x08C4, 0x08C4, 0x08C4, 0x08C4, 0x08C4, 0x08C4, 0x08C4, 0x08C4, 0x08C4, 0x08C4, 0x08C4, 0x08C4, \
        0x08C4, 0x08C4, 0x08C4, 0x08C4, 0x08C4, 0x08C4, 0x08C4, 0x08C4, 0x08C4, 0x08C4, 0x08C4, 0x08C4, \
        0x08C4, 0x08C4, 0x08C4, 0x08C4, 0x08C4, 0x08C4, 0x08C4, 0x08C4, 0x08C4, 0x08C4, 0x08C4, 0x08C4, \
        0x08C4, 0x08C4, 0x08C4, 0x08C4, 0x08C4, 0x08C4, 0x08C4, 0x08C4, 0x08C4, 0x08C4, 0x08C4, 0x08C4, \
        0x08C4, 0x08C4, 0x08C4, 0x08C4, 0x08C4, 0x08C4, 0x08C4, 0x08C4, 0x08C4, 0x08C4, 0x08C4, 0x08C4, \
        0x08C4, 0x08C4, 0x08C4, 0x08C4, 0x08C4, 0x08C4, 0x08C4, 0x08C4, 0x08C4, 0x08C4, 0x08C4, 0x08C4, \
        0x08C4, 0x08C4, 0x08C4, 0x08C4, 0x08C4, 0x08C4, 0x08C4, 0x08C4, 0x08C4, 0x08C4, 0x08C4, 0x08C4, \
        0x08C4, 0x08C4, 0x08C4, 0x08C4, 0x08C4, 0x08C4, 0x08C4, 0x08C4, 0x08C4, 0x08C4, 0x08C4, 0x08C4, \
        0x08C4, 0x08C4, 0x08C4, 0x08C4, 0x08C4, 0x08C4, 0x08C4, 0x08C4, 0x08C4, 0x08C4, 0x08C4, 0x08C4, \
        0x08C4, 0x08C4, 0x08C4, 0x08C4, 0x08C4, 0x08C4, 0x08C4, 0x08C4, 0x08C4, 0x08C4, 0x08C4, 0x08C4, \
        0x08C4, 0x08C4, 0x08C4, 0x08C4, 0x08E4, 0x10E4, 0x10E4, 0x08C4, 0x08C4, 0x08C4, 0x08C4, 0x08C4, \
        0x08C4, 0x08C4, 0x08C4, 0x08C4, 0x08C4, 0x08C4, 0x08C4, 0x08C4, 0x08C4, 0x08C4, 0x08C4, 0x08C4, \
        0x08C4, 0x08C4, 0x08C4, 0x08C4, 0x08C4, 0x08C4, 0x08C4, 0x08C4, 0x08C4, 0x08C4, 0x08C4, 0x08C4, \
        0x08C4, 0x08C4, 0x08C4, 0x08C4, 0x08C4, 0x08C4, 0x08C4, 0x08C4, 0x08C4, 0x08E4, 0x08E4, 0x08C4, \
        0x08C4, 0x08C4, 0x08C4, 0x08C4, 0x08C4, 0x08C4, 0x08C4, 0x08C4, 0x08C4, 0x08C4, 0x08C4, 0x08C4, \
        0x08C4, 0x08C4, 0x08C4, 0x08C4, 0x08C4, 0x08C4, 0x08C4, 0x08C4, 0x08C4, 0x08E4, 0x10E4, 0x10E4, \
        0x10E4, 0x08E4, 0x08E4, 0x08C4, 0x08E4, 0x08C4, 0x08C4, 0x08C4, 0x08C4, 0x08C4, 0x08E4, 0x10E4, \
        0x10E4, 0x10E4, 0x08C4, 0x08C4, 0x08C4, 0x08C4, 0x08C4, 0x08C4, 0x08C4, 0x08C4, 0x08C4, 0x08C4, \
        0x08C4, 0x08C4, 0x08C4, 0x08C4, 0x08C4, 0x08C4, 0x08C4, 0x08C4, 0x08C4, 0x08C4, 0x08C4, 0x08C4, \
        0x08C4, 0x08C4, 0x08E4, 0x08C4, 0x08C4, 0x08C4, 0x08C4, 0x08C4, 0x08C4, 0x08C4, 0x08C4, 0x08C4, \
        0x08C4, 0x08C4, 0x08C4, 0x08C4, 0x08C4, 0x08C4, 0x08C4, 0x08C4, 0x08C4, 0x08C4, 0x08C4, 0x08C4, \
        0x08C4, 0x08C4, 0x08C4, 0x08C4, 0x08C4, 0x08C4, 0x08C4, 0x08C4, 0x08C4, 0x08C4, 0x08C4, 0x08C4, \
        0x08C4, 0x08C4, 0x08C4, 0x08C4, 0x08C4, 0x08C4, 0x08C4, 0x08C4, 0x08C4, 0x08C4, 0x08C4, 0x08C4, \
        0x08C4, 0x08C4, 0x08C4, 0x08C4, 0x08C4, 0x08C4, 0x08C4, 0x08C4, 0x08C4, 0x08C4, 0x08C4, 0x08C4, \
        0x08C4, 0x08C4, 0x08C4, 0x08C4, 0x08C4, 0x08C4, 0x08C4, 0x08C4, 0x08C4, 0x08C4, 0x08C4, 0x08C4, \
        0x08C4, 0x08C4, 0x08C4, 0x08C4, 0x08C4, 0x08C4, 0x08C4, 0x08C4, 0x08C4, 0x08C4, 0x08C4, 0x08C4, \
        0x08C4, 0x08C4, 0x08C4, 0x08C4, 0x08C4, 0x08C4, 0x08C4, 0x08C4, 0x08C4, 0x08C4, 0x08C4, 0x08C4, \
        0x08C4, 0x08C4, 0x08C4, 0x08C4, 0x08C4, 0x08C4, 0x08C4, 0x08C4, 0x08C4, 0x08C4, 0x08C4, 0x08C4, \
        0x08C4, 0x08C4, 0x08C4, 0x08C4, 0x08C4, 0x08C4, 0x08C4, 0x08C4, 0x08C4, 0x08C4, 0x08C4, 0x08C4, \
        0x08C4, 0x08C4, 0x08C4, 0x08C4, 0x08C4, 0x08C4, 0x08C4, 0x08C4, 0x08C4, 0x08C4, 0x08C4, 0x08C4, \
        0x08C4, 0x08C4, 0x08C4, 0x08C4, 0x08C4, 0x08C4, 0x08C4, 0x08C4, 0x08C4, 0x08C4, 0x08C4, 0x08C4, \
        0x08C4, 0x08C4, 0x08C4, 0x08C4, 0x08C4, 0x08C4, 0x08C4, 0x08C4, 0x08C4, 0x08C4, 0x08C4, 0x08C4, \
        0x08C4, 0x08C4, 0x08C4, 0x08C4, 0x08C4, 0x08C4, 0x08C4, 0x08C4, 0x08C4, 0x08C4, 0x08C4, 0x08C4, \
        0x08C4, 0x08C4, 0x08C4, 0x08C4, 0x08C4, 0x08C4, 0x08C4, 0x08C4, 0x08C4, 0x08C4, 0x08C4, 0x08C4, \
        0x08C4, 0x08C4, 0x08C4, 0x08C4, 0x08C4, 0x08C4, 0x08C4, 0x08C4, 0x08C4, 0x08C4, 0x08C4, 0x08C4, \
        0x08C4, 0x08C4, 0x08C4, 0x08C4, 0x08C4, 0x08C4, 0x08C4, 0x08C4, 0x08C4, 0x08C4, 0x08C4, 0x08C4, \
        0x08C4, 0x08C4, 0x08C4, 0x08C4, 0x08C4, 0x08C4, 0x08C4, 0x08C4, 0x08C4, 0x08C4, 0x08C4, 0x10E4, \
        0x10E4, 0x08E4, 0x08C4, 0x08C4, 0x08C4, 0x08C4, 0x08C4, 0x08C4, 0x08C4, 0x08C4, 0x08C4, 0x08C4, \
        0x08C4, 0x08C4, 0x08C4, 0x08C4, 0x08C4, 0x08C4, 0x08C4, 0x08C4, 0x08C4, 0x08C4, 0x08C4, 0x08C4, \
        0x08C4, 0x08C4, 0x08C4, 0x08C4, 0x08C4, 0x08C4, 0x08C4, 0x08C4, 0x08C4, 0x08C4, 0x08C4, 0x08C4, \
        0x08C4, 0x08C4, 0x08C4, 0x08C4, 0x08C4, 0x08C4, 0x08E4, 0x10E4, 0x08C4, 0x08C4, 0x08C4, 0x08C4, \
        0x08C4, 0x08C4, 0x08C4, 0x08C4, 0x08C4, 0x08C4, 0x08C4, 0x08C4, 0x08C4, 0x08C4, 0x08C4, 0x08C4, \
        0x08C4, 0x08C4, 0x10E4, 0x10E4, 0x10E4, 0x08E4, 0x08E4, 0x08E4, 0x08C4, 0x08C4, 0x08C4, 0x08C4, \
        0x08C4, 0x08C4, 0x08C4, 0x08C4, 0x08C4, 0x08C4, 0x08C4, 0x08C4, 0x08E4, 0x08E4, 0x08C4, 0x10E4, \
        0x10E4, 0x08C4, 0x08C4, 0x08C4, 0x08C4, 0x08C4, 0x08C4, 0x08C4, 0x08C4, 0x08C4, 0x08C4, 0x08C4, \
        0x08C4, 0x08C4, 0x08C4, 0x08C4, 0x08C4, 0x08C4, 0x08C4, 0x08C4, 0x08C4, 0x08C4, 0x08C4, 0x10E4, \
        0x10E4, 0x08C4, 0x08C4, 0x08C4, 0x08C4, 0x08C4, 0x08C4, 0x08C4, 0x08C4, 0x08C4, 0x08C4, 0x08C4, \
        0x08C4, 0x08C4, 0x08C4, 0x08C4, 0x08C4, 0x08C4, 0x08C4, 0x08C4, 0x08C4, 0x08C4, 0x08C4, 0x08C4, \
        0x08C4, 0x08C4, 0x08C4, 0x08C4, 0x08C4, 0x08C4, 0x08C4, 0x08C4, 0x08C4, 0x08C4, 0x08C4, 0x08C4, \
        0x08C4, 0x08C4, 0x08C4, 0x08C4, 0x08C4, 0x08C4, 0x08C4, 0x08C4, 0x08C4, 0x08C4, 0x08C4, 0x08C4, \
        0x08C4, 0x08C4, 0x08C4, 0x08C4, 0x08C4, 0x08C4, 0x08C4, 0x08C4, 0x08C4, 0x08C4, 0x08C4, 0x08C4, \
        0x08C4, 0x08C4, 0x08C4, 0x08C4, 0x08C4, 0x08C4, 0x08C4, 0x08C4, 0x08C4, 0x08C4, 0x08C4, 0x08C4, \
        0x08C4, 0x08C4, 0x08C4, 0x08C4, 0x08C4, 0x08C4, 0x08C4, 0x08C4, 0x08C4, 0x08C4, 0x08C4, 0x08C4, \
        0x08C4, 0x08C4, 0x08C4, 0x08C4, 0x08C4, 0x08C4, 0x08C4, 0x08C4, 0x08C4, 0x08C4, 0x08C4, 0x08C4, \
        0x08C4, 0x08C4, 0x08C4, 0x08C4, 0x08C4, 0x08C4, 0x08C4, 0x08C4, 0x08C4, 0x08C4, 0x08C4, 0x08C4, \
        0x08C4, 0x08C4, 0x08C4, 0x08C4, 0x08C4, 0x08C4, 0x08C4, 0x08C4, 0x08C4, 0x08C4, 0x08C4, 0x08C4, \
        0x08C4, 0x08C4, 0x08C4, 0x08C4, 0x08C4, 0x08C4, 0x08C4, 0x08C4, 0x08C4, 0x08C4, 0x08C4, 0x08C4, \
        0x08C4, 0x08C4, 0x08C4, 0x08C4, 0x08C4, 0x08C4, 0x08C4, 0x08C4, 0x08C4, 0x08C4, 0x08C4, 0x08C4, \
        0x08C4, 0x08C4, 0x08C4, 0x08C4, 0x08C4, 0x08C4, 0x08C4, 0x08C4, 0x08C4, 0x08C4, 0x08C4, 0x08C4, \
        0x08C4, 0x08C4, 0x08C4, 0x08C4, 0x08C4, 0x08C4, 0x08C4, 0x08C4, 0x08C4, 0x08C4, 0x08C4, 0x08C4, \
        0x08C4, 0x08C4, 0x08C4, 0x08C4, 0x08C4, 0x08C4, 0x08C4, 0x08C4, 0x08C4, 0x08C4, 0x08C4, 0x08C4, \
        0x08C4, 0x08C4, 0x08C4, 0x08C4, 0x08C4, 0x08C4, 0x08C4, 0x08C4, 0x08C4, 0x08C4, 0x08C4, 0x08C4, \
        0x08C4, 0x08C4, 0x08C4, 0x08C4, 0x08C4, 0x08C4, 0x08C4, 0x08C4, 0x08C4, 0x08C4, 0x08C4, 0x08C4, \
        0x08C4, 0x08C4, 0x08C4, 0x08C4, 0x08C4, 0x08E4, 0x1105, 0x08E4, 0x08C4, 0x08C4, 0x08C4, 0x08C4, \
        0x08C4, 0x08C4, 0x08C4, 0x08C4, 0x08C4, 0x08C4, 0x08C4, 0x08C4, 0x08C4, 0x08C4, 0x08C4, 0x08C4, \
        0x08C4, 0x10E4, 0x1105, 0x10E4, 0x08E4, 0x08E4, 0x08E4, 0x08E4, 0x08E4, 0x08E4, 0x10E4, 0x10E4, \
        0x08C4, 0x08C4, 0x08C4, 0x08C4, 0x08C4, 0x08C4, 0x08C4, 0x08C4, 0x08C4, 0x08C4, 0x08C4, 0x08C4, \
        0x08C4, 0x08C4, 0x08C4, 0x08E4, 0x1105, 0x08C4, 0x08C4, 0x08C4, 0x08C4, 0x08C4, 0x08C4, 0x08C4, \
        0x08C4, 0x08C4, 0x08C4, 0x08C4, 0x08C4, 0x08C4, 0x08C4, 0x10E4, 0x1105, 0x08E4, 0x08E4, 0x08E4, \
        0x08C4, 0x08C4, 0x08C4, 0x08C4, 0x08C4, 0x08C4, 0x08C4, 0x08C4, 0x08C4, 0x08C4, 0x08C4, 0x08C4, \
        0x08C4, 0x08C4, 0x08C4, 0x08C4, 0x08C4, 0x08C4, 0x08C4, 0x08C4, 0x08C4, 0x10E4, 0x10E4, 0x10E4, \
        0x08C4, 0x08C4, 0x08C4, 0x08C4, 0x08C4, 0x08C4, 0x08C4, 0x08C4, 0x08C4, 0x08C4, 0x08C4, 0x08C4, \
        0x08C4, 0x08C4, 0x08C4, 0x08C4, 0x08C4, 0x08C4, 0x08C4, 0x08C4, 0x10E4, 0x10E4, 0x08C4, 0x08C4, \
        0x08C4, 0x08C4, 0x08C4, 0x08C4, 0x08C4, 0x08C4, 0x08C4, 0x08C4, 0x08C4, 0x08C4, 0x08C4, 0x08C4, \
        0x08C4, 0x08C4, 0x08C4, 0x08C4, 0x08C4, 0x08C4, 0x08C4, 0x08C4, 0x08C4, 0x08C4, 0x08C4, 0x08C4, \
        0x08C4, 0x08C4, 0x08C4, 0x08C4, 0x08C4, 0x08C4, 0x08C4, 0x08C4, 0x08C4, 0x08C4, 0x08C4, 0x08C4, \
        0x08C4, 0x08C4, 0x08C4, 0x08C4, 0x08C4, 0x08C4, 0x08C4, 0x08C4, 0x08C4, 0x08C4, 0x08C4, 0x08C4, \
        0x08C4, 0x08C4, 0x08C4, 0x08C4, 0x08C4, 0x08C4, 0x08C4, 0x08C4, 0x08C4, 0x08C4, 0x08C4, 0x08C4, \
        0x08C4, 0x08C4, 0x08C4, 0x08C4, 0x08C4, 0x08C4, 0x08C4, 0x08C4, 0x08C4, 0x08C4, 0x08C4, 0x08C4, \
        0x08C4, 0x08C4, 0x08C4, 0x08C4, 0x08C4, 0x08C4, 0x08C4, 0x08C4, 0x08C4, 0x08C4, 0x08C4, 0x08C4, \
        0x08C4, 0x08C4, 0x08C4, 0x08C4, 0x08C4, 0x08C4, 0x08C4, 0x08E4, 0x10E4, 0x10E4, 0x10E4, 0x10E4, \
        0x10E4, 0x08E4, 0x08E4, 0x08C4, 0x08C4, 0x08C4, 0x08C4, 0x08C4, 0x08C4, 0x08C4, 0x08C4, 0x08C4, \
        0x08C4, 0x08C4, 0x08C4, 0x08C4, 0x08C4, 0x08C4, 0x08C4, 0x08C4, 0x08C4, 0x08C4, 0x08C4, 0x08C4, \
        0x08C4, 0x08C4, 0x08C4, 0x08C4, 0x08C4, 0x08C4, 0x08C4, 0x08C4, 0x08C4, 0x08C4, 0x08C4, 0x08C4, \
        0x08C4, 0x08C4, 0x08C4, 0x08C4, 0x08C4, 0x08C4, 0x08C4, 0x08C4, 0x08C4, 0x08C4, 0x08C4, 0x08C4, \
        0x08C4, 0x08C4, 0x08C4, 0x08C4, 0x08C4, 0x08C4, 0x08C4, 0x08C4, 0x08C4, 0x08C4, 0x08C4, 0x08C4, \
        0x08C4, 0x08C4, 0x08C4, 0x08C4, 0x08C4, 0x08C4, 0x08C4, 0x08C4, 0x08C4, 0x08C4, 0x08C4, 0x08C4, \
        0x08C4, 0x08C4, 0x08C4, 0x08C4, 0x08C4, 0x08C4, 0x08C4, 0x08C4, 0x08C4, 0x08C4, 0x08C4, 0x08C4, \
        0x08C4, 0x08C4, 0x08C4, 0x08C4, 0x08C4, 0x08C4, 0x08C4, 0x08C4, 0x08C4, 0x08C4, 0x08C4, 0x08C4, \
        0x08C4, 0x08C4, 0x08C4, 0x08C4, 0x08C4, 0x08C4, 0x08C4, 0x08C4, 0x08C4, 0x08C4, 0x08C4, 0x08C4, \
        0x10E4, 0x10E4, 0x08C4, 0x08C4, 0x08C4, 0x08C4, 0x08C4, 0x08C4, 0x08C4, 0x08C4, 0x08C4, 0x08C4, \
        0x08C4, 0x08C4, 0x08C4, 0x08C4, 0x08C4, 0x08C4, 0x1105, 0x1105, 0x10E4, 0x08E4, 0x08E4, 0x08E4, \
        0x08C4, 0x08C4, 0x08C4, 0x08C4, 0x08C4, 0x08C4, 0x08C4, 0x08C4, 0x08E4, 0x08E4, 0x1104, 0x08C4, \
        0x08C4, 0x08C4, 0x08C4, 0x08C4, 0x08C4, 0x08C4, 0x08C4, 0x08C4, 0x08C4, 0x08C4, 0x08C4, 0x08C4, \
        0x08C4, 0x10E4, 0x08C4, 0x08C4, 0x08C4, 0x08C4, 0x08C4, 0x08C4, 0x08C4, 0x08C4, 0x08C4, 0x08C4, \
        0x08E4, 0x1105, 0x10E4, 0x08C4, 0x08C4, 0x08C4, 0x08C4, 0x08C4, 0x08C4, 0x08C4, 0x08C4, 0x08C4, \
        0x08C4, 0x08C4, 0x08C4, 0x08C4, 0x08C4, 0x08C4, 0x08C4, 0x08C4, 0x08C4, 0x08C4, 0x08C4, 0x08C4, \
        0x08C4, 0x08C4, 0x08C4, 0x08C4, 0x08C4, 0x08C4, 0x08C4, 0x08E4, 0x1105, 0x08E4, 0x08C4, 0x08C4, \
        0x08C4, 0x08C4, 0x08C4, 0x08C4, 0x08C4, 0x08C4, 0x08C4, 0x08C4, 0x08C4, 0x08C4, 0x08C4, 0x08C4, \
        0x08C4, 0x08C4, 0x08C4, 0x08C4, 0x08C4, 0x10E4, 0x08E4, 0x08C4, 0x08C4, 0x08C4, 0x08C4, 0x08C4, \
        0x08C4, 0x08C4, 0x08C4, 0x08C4, 0x08C4, 0x08C4, 0x08C4, 0x08C4, 0x08C4, 0x08C4, 0x08C4, 0x08C4, \
        0x08C4, 0x08C4, 0x08C4, 0x08C4, 0x08C4, 0x08C4, 0x08C4, 0x08C4, 0x08C4, 0x08C4, 0x08C4, 0x08C4, \
        0x08C4, 0x08C4, 0x08C4, 0x08C4, 0x08C4, 0x08C4, 0x08C4, 0x08C4, 0x08C4, 0x08C4, 0x08C4, 0x08C4, \
        0x08C4, 0x08C4, 0x08C4, 0x08C4, 0x08C4, 0x08C4, 0x08C4, 0x08C4, 0x08C4, 0x08C4, 0x08C4, 0x08C4, \
        0x08C4, 0x08C4, 0x08C4, 0x08C4, 0x08C4, 0x08C4, 0x08C4, 0x08C4, 0x08C4, 0x08C4, 0x08C4, 0x08C4, \
        0x08C4, 0x08C4, 0x08C4, 0x08C4, 0x08C4, 0x08C4, 0x08C4, 0x08C4, 0x08C4, 0x08C4, 0x08C4, 0x08C4, \
        0x08C4, 0x08C4, 0x08C4, 0x08C4, 0x08C4, 0x08C4, 0x08C4, 0x08C4, 0x10E4, 0x1105, 0x1125, 0x1105, \
        0x1105, 0x08E4, 0x08E4, 0x08E4, 0x08C4, 0x08E4, 0x08E4, 0x08C4, 0x08C4, 0x08C4, 0x08C4, 0x08C4, \
        0x08E4, 0x08E4, 0x1105, 0x1105, 0x1105, 0x10E4, 0x08C4, 0x08C4, 0x08C4, 0x08C4, 0x08C4, 0x08C4, \
        0x08C4, 0x08C4, 0x08C4, 0x08C4, 0x08C4, 0x08C4, 0x08C4, 0x08C4, 0x08C4, 0x08C4, 0x08C4, 0x08C4, \
        0x08C4, 0x08C4, 0x08C4, 0x08C4, 0x08C4, 0x08C4, 0x08C4, 0x08C4, 0x08C4, 0x08C4, 0x08C4, 0x08C4, \
        0x08C4, 0x08C4, 0x08C4, 0x08C4, 0x08C4, 0x08C4, 0x08C4, 0x08C4, 0x08C4, 0x08C4, 0x08C4, 0x08C4, \
        0x08C4, 0x08C4, 0x08C4, 0x08C4, 0x08C4, 0x08C4, 0x08C4, 0x08C4, 0x08C4, 0x08C4, 0x08C4, 0x08C4, \
        0x08C4, 0x08C4, 0x08C4, 0x08C4, 0x08C4, 0x08C4, 0x08C4, 0x08C4, 0x08C4, 0x08C4, 0x08C4, 0x08C4, \
        0x08C4, 0x08C4, 0x08C4, 0x08C4, 0x08C4, 0x08C4, 0x08C4, 0x08C4, 0x08C4, 0x08C4, 0x08C4, 0x08C4, \
        0x08C4, 0x08C4, 0x08C4, 0x08C4, 0x08C4, 0x08C4, 0x08C4, 0x08C4, 0x08C4, 0x08C4, 0x08C4, 0x08C4, \
        0x08C4, 0x08C4, 0x08C4, 0x08C4, 0x08C4, 0x08C4, 0x08C4, 0x10E5, 0x08E4, 0x08C4, 0x08C4, 0x08C4, \
        0x08C4, 0x08C4, 0x08C4, 0x08C4, 0x08C4, 0x08C4, 0x08C4, 0x08C4, 0x08C4, 0x08C4, 0x08C4, 0x08C4, \
        0x1105, 0x10E4, 0x08C4, 0x08C4, 0x08C4, 0x08C4, 0x08C4, 0x08C4, 0x08C4, 0x08C4, 0x08C4, 0x08C4, \
        0x08C4, 0x08C4, 0x08C4, 0x08C4, 0x08C4, 0x08C4, 0x08C4, 0x10E4, 0x10E4, 0x08C4, 0x08C4, 0x08C4, \
        0x08C4, 0x08C4, 0x08C4, 0x08C4, 0x08C4, 0x08C4, 0x08C4, 0x08C4, 0x08C4, 0x08C4, 0x08E4, 0x08C4, \
        0x08C4, 0x08C4, 0x08C4, 0x08C4, 0x08C4, 0x08C4, 0x08E4, 0x1105, 0x08E4, 0x08C4, 0x08C4, 0x08C4, \
        0x08C4, 0x08C4, 0x08C4, 0x08C4, 0x08C4, 0x08C4, 0x08C4, 0x08C4, 0x08C4, 0x08C4, 0x08C4, 0x08C4, \
        0x08C4, 0x08C4, 0x08C4, 0x08C4, 0x08C4, 0x08C4, 0x08C4, 0x08C4, 0x08C4, 0x08C4, 0x08C4, 0x08C4, \
        0x08C4, 0x08C4, 0x08C4, 0x08C4, 0x08C4, 0x10C4, 0x1104, 0x10C4, 0x08C4, 0x08C4, 0x08C4, 0x08C4, \
        0x08C4, 0x08C4, 0x08C4, 0x08C4, 0x08C4, 0x08C4, 0x08C4, 0x08C4, 0x08C4, 0x08C4, 0x08C4, 0x08C4, \
        0x08C4, 0x08C4, 0x10E4, 0x10E4, 0x08C4, 0x08C4, 0x08C4, 0x08C4, 0x08C4, 0x08C4, 0x08C4, 0x08C4, \
        0x08C4, 0x08C4, 0x08C4, 0x08C4, 0x08C4, 0x08C4, 0x08C4, 0x08C4, 0x08C4, 0x08C4, 0x08C4, 0x08C4, \
        0x08C4, 0x08C4, 0x08C4, 0x08C4, 0x08C4, 0x08C4, 0x08C4, 0x08C4, 0x08C4, 0x08C4, 0x08C4, 0x08C4, \
        0x08C4, 0x08C4, 0x08C4, 0x08C4, 0x08C4, 0x08C4, 0x08C4, 0x08C4, 0x08C4, 0x08C4, 0x08C4, 0x08C4, \
        0x08C4, 0x08C4, 0x08C4, 0x08C4, 0x08C4, 0x08C4, 0x08C4, 0x08C4, 0x08C4, 0x08C4, 0x08C4, 0x08C4, \
        0x08C4, 0x08C4, 0x08C4, 0x08C4, 0x08C4, 0x08C4, 0x08C4, 0x08C4, 0x08C4, 0x08C4, 0x08C4, 0x08C4, \
        0x08C4, 0x08C4, 0x08C4, 0x08C4, 0x08C4, 0x08C4, 0x08C4, 0x08C4, 0x08C4, 0x08C4, 0x08C4, 0x08E4, \
        0x1105, 0x1105, 0x10E4, 0x10E4, 0x08E4, 0x08C4, 0x08C4, 0x08C4, 0x08C4, 0x08C4, 0x08C4, 0x08C4, \
        0x08C4, 0x08C4, 0x08C4, 0x08C4, 0x08C4, 0x08C4, 0x08C4, 0x08C4, 0x08C4, 0x08C4, 0x08C4, 0x08C4, \
        0x08C4, 0x08C4, 0x10E4, 0x10E4, 0x10E4, 0x10E4, 0x08C4, 0x08C4, 0x08C4, 0x08C4, 0x08C4, 0x10C4, \
        0x08C4, 0x08C4, 0x08C4, 0x08C4, 0x08C4, 0x08C4, 0x08C4, 0x08C4, 0x08C4, 0x08C4, 0x08C4, 0x08C4, \
        0x08C4, 0x08C4, 0x08C4, 0x08C4, 0x08C4, 0x08C4, 0x08C4, 0x08C4, 0x08C4, 0x08C4, 0x08C4, 0x08C4, \
        0x08C4, 0x08C4, 0x08C4, 0x08C4, 0x08C4, 0x08C4, 0x08C4, 0x08C4, 0x08C4, 0x08C4, 0x08C4, 0x08C4, \
        0x08C4, 0x08C4, 0x08C4, 0x08C4, 0x08C4, 0x08C4, 0x08C4, 0x08C4, 0x08C4, 0x08C4, 0x08C4, 0x08C4, \
        0x08C4, 0x08C4, 0x08C4, 0x08C4, 0x08C4, 0x08C4, 0x08C4, 0x08C4, 0x08C4, 0x08C4, 0x08C4, 0x08C4, \
        0x08C4, 0x08C4, 0x08C4, 0x08C4, 0x08C4, 0x08C4, 0x08C4, 0x08C4, 0x08C4, 0x08C4, 0x08C4, 0x08C4, \
        0x08C4, 0x08C4, 0x08C4, 0x08C4, 0x08C4, 0x08C4, 0x08C4, 0x08C4, 0x08C4, 0x08C4, 0x08C4, 0x08C4, \
        0x08C4, 0x08E4, 0x10E4, 0x08E4, 0x08C4, 0x08C4, 0x08C4, 0x08C4, 0x08C4, 0x08C4, 0x08C4, 0x08C4, \
        0x08C4, 0x08C4, 0x08C4, 0x08C4, 0x08C4, 0x08C4, 0x10E4, 0x08E4, 0x08C4, 0x08C4, 0x08C4, 0x08C4, \
        0x08C4, 0x08C4, 0x08C4, 0x08C4, 0x08C4, 0x08C4, 0x08C4, 0x08C4, 0x08C4, 0x08C4, 0x08C4, 0x08C4, \
        0x08C4, 0x08C4, 0x08C4, 0x08C4, 0x08C4, 0x10E4, 0x10E4, 0x08C4, 0x08C4, 0x08C4, 0x08C4, 0x08C4, \
        0x08C4, 0x08C4, 0x08C4, 0x08C4, 0x08C4, 0x08C4, 0x08C4, 0x08E4, 0x08C4, 0x08C4, 0x08C4, 0x08C4, \
        0x08E4, 0x10E5, 0x08E4, 0x08C4, 0x08C4, 0x08C4, 0x08C4, 0x08C4, 0x08C4, 0x08C4, 0x08C4, 0x08C4, \
        0x08C4, 0x08C4, 0x08C4, 0x08C4, 0x08C4, 0x08C4, 0x08C4, 0x08C4, 0x08C4, 0x08C4, 0x08C4, 0x08C4, \
        0x08C4, 0x08C4, 0x08C4, 0x08C4, 0x08C4, 0x08C4, 0x08C4, 0x08C4, 0x08C4, 0x08C4, 0x08C4, 0x08C4, \
        0x08C4, 0x08C4, 0x08C4, 0x10E4, 0x10E4, 0x10E4, 0x08C4, 0x08C4, 0x08C4, 0x08C4, 0x08C4, 0x08C4, \
        0x08C4, 0x08C4, 0x08C4, 0x08C4, 0x08C4, 0x08C4, 0x08C4, 0x08C4, 0x08C4, 0x08C4, 0x08C4, 0x10E4, \
        0x10E4, 0x08C4, 0x08C4, 0x08C4, 0x08C4, 0x08C4, 0x08C4, 0x08C4, 0x08C4, 0x08C4, 0x08C4, 0x08C4, \
        0x08C4, 0x08C4, 0x08C4, 0x08C4, 0x08C4, 0x08C4, 0x08C4, 0x08C4, 0x08C4, 0x08C4, 0x08C4, 0x08C4, \
        0x08C4, 0x08C4, 0x08C4, 0x08C4, 0x08C4, 0x08C4, 0x08C4, 0x08C4, 0x08C4, 0x08C4, 0x08C4, 0x08C4, \
        0x08C4, 0x08C4, 0x08C4, 0x08C4, 0x08C4, 0x08C4, 0x08C4, 0x08C4, 0x08C4, 0x08C4, 0x08C4, 0x08C4, \
        0x08C4, 0x08C4, 0x08C4, 0x08C4, 0x08C4, 0x08C4, 0x08C4, 0x08C4, 0x08C4, 0x08C4, 0x08C4, 0x08C4, \
        0x08C4, 0x08C4, 0x08C4, 0x08C4, 0x08C4, 0x08C4, 0x08C4, 0x08C4, 0x08C4, 0x08C4, 0x08C4, 0x08C4, \
        0x08C4, 0x10E4, 0x08E4, 0x08C4, 0x10E4, 0x1105, 0x08E4, 0x08C4, 0x08C4, 0x08C4, 0x08C4, 0x08C4, \
        0x08C4, 0x08C4, 0x08C4, 0x08C4, 0x08C4, 0x08C4, 0x08C4, 0x08C4, 0x08C4, 0x08C4, 0x08C4, 0x08C4, \
        0x08C4, 0x08C4, 0x08C4, 0x08C4, 0x08C4, 0x08C4, 0x08C4, 0x08C4, 0x08C4, 0x08C4, 0x08C4, 0x08C4, \
        0x08C4, 0x08C4, 0x08E4, 0x10E4, 0x10E4, 0x08E4, 0x10E4, 0x08C4, 0x08C4, 0x08C4, 0x08C4, 0x08C4, \
        0x08C4, 0x08C4, 0x08C4, 0x08C4, 0x08C4, 0x08C4, 0x08C4, 0x08C4, 0x08C4, 0x08C4, 0x08C4, 0x08C4, \
        0x08C4, 0x08C4, 0x08C4, 0x08C4, 0x08C4, 0x08C4, 0x08C4, 0x08C4, 0x08C4, 0x08C4, 0x08C4, 0x08C4, \
        0x08C4, 0x08C4, 0x08C4, 0x08C4, 0x08C4, 0x08C4, 0x08C4, 0x08C4, 0x08C4, 0x08C4, 0x08C4, 0x08C4, \
        0x08C4, 0x08C4, 0x08C4, 0x08C4, 0x08C4, 0x08C4, 0x08C4, 0x08C4, 0x08C4, 0x08C4, 0x08C4, 0x08C4, \
        0x08C4, 0x08C4, 0x08C4, 0x08C4, 0x08C4, 0x08C4, 0x08C4, 0x08C4, 0x08C4, 0x08C4, 0x08C4, 0x08C4, \
        0x08C4, 0x08C4, 0x08C4, 0x08C4, 0x08C4, 0x08C4, 0x08C4, 0x08C4, 0x08C4, 0x08C4, 0x08C4, 0x08C4, \
        0x08C4, 0x08C4, 0x08C4, 0x08C4, 0x08C4, 0x08C4, 0x08C4, 0x08C4, 0x08E4, 0x08E4, 0x08C4, 0x08C4, \
        0x08C4, 0x08C4, 0x08C4, 0x08C4, 0x08C4, 0x08C4, 0x08C4, 0x08C4, 0x08C4, 0x08C4, 0x08C4, 0x08C4, \
        0x08E4, 0x10E4, 0x08C4, 0x08C4, 0x08C4, 0x08C4, 0x08C4, 0x08C4, 0x08C4, 0x08C4, 0x08C4, 0x08C4, \
        0x08C4, 0x08C4, 0x08C4, 0x08C4, 0x08C4, 0x08C4, 0x08C4, 0x08C4, 0x08C4, 0x08C4, 0x08C4, 0x08C4, \
        0x08C4, 0x08C4, 0x10E4, 0x10E4, 0x08E4, 0x08C4, 0x08C4, 0x08C4, 0x08C4, 0x08C4, 0x08C4, 0x08C4, \
        0x08C4, 0x08C4, 0x08C4, 0x10E4, 0x10E4, 0x08C4, 0x08C4, 0x08C4, 0x08C4, 0x08C4, 0x08C4, 0x08C4, \
        0x08C4, 0x08C4, 0x08C4, 0x08C4, 0x08C4, 0x08C4, 0x08C4, 0x08C4, 0x08C4, 0x08C4, 0x08C4, 0x08C4, \
        0x08C4, 0x08C4, 0x08C4, 0x08C4, 0x08C4, 0x08C4, 0x08C4, 0x08C4, 0x08C4, 0x08C4, 0x08C4, 0x08C4, \
        0x08C4, 0x08C4, 0x08C4, 0x08C4, 0x08C4, 0x08C4, 0x08C4, 0x08C4, 0x08C4, 0x08C4, 0x08C4, 0x08C4, \
        0x10C4, 0x10E4, 0x10E4, 0x08E4, 0x08C4, 0x08C4, 0x08C4, 0x08C4, 0x08C4, 0x08C4, 0x08C4, 0x08C4, \
        0x08C4, 0x08C4, 0x08C4, 0x08C4, 0x08C4, 0x08C4, 0x08C4, 0x08C4, 0x08E4, 0x10E4, 0x10E4, 0x08C4, \
        0x08C4, 0x08C4, 0x08C4, 0x08C4, 0x08C4, 0x08C4, 0x08C4, 0x08C4, 0x08C4, 0x08C4, 0x08C4, 0x08C4, \
        0x08C4, 0x08C4, 0x08C4, 0x08C4, 0x08C4, 0x08C4, 0x08C4, 0x08C4, 0x08C4, 0x08C4, 0x08C4, 0x08C4, \
        0x08C4, 0x08C4, 0x08C4, 0x08C4, 0x08C4, 0x08C4, 0x08C4, 0x08C4, 0x08C4, 0x08C4, 0x08C4, 0x08C4, \
        0x08C4, 0x08C4, 0x08C4, 0x08C4, 0x08C4, 0x08C4, 0x08C4, 0x08C4, 0x08C4, 0x08C4, 0x08C4, 0x08C4, \
        0x08C4, 0x08C4, 0x08C4, 0x08C4, 0x08C4, 0x08C4, 0x08C4, 0x08C4, 0x08C4, 0x08C4, 0x08C4, 0x08C4, \
        0x08C4, 0x08C4, 0x08C4, 0x08C4, 0x08C4, 0x08C4, 0x10E4, 0x10E4, 0x10E4, 0x10E4, 0x10E4, 0x08E4, \
        0x08C4, 0x08C4, 0x08C4, 0x08C4, 0x08C4, 0x08C4, 0x08C4, 0x08C4, 0x08C4, 0x08C4, 0x08C4, 0x08C4, \
        0x08C4, 0x08C4, 0x08C4, 0x08C4, 0x08C4, 0x08C4, 0x08C4, 0x08C4, 0x08C4, 0x08C4, 0x08C4, 0x08C4, \
        0x08C4, 0x08C4, 0x08C4, 0x08C4, 0x08C4, 0x08C4, 0x08C4, 0x08C4, 0x08C4, 0x08C4, 0x08C4, 0x08C4, \
        0x08C4, 0x08E4, 0x10E4, 0x08E4, 0x10E4, 0x10C4, 0x08C4, 0x08C4, 0x08C4, 0x08C4, 0x08C4, 0x08C4, \
        0x08C4, 0x08C4, 0x08C4, 0x08C4, 0x08C4, 0x08C4, 0x08C4, 0x08C4, 0x08C4, 0x08C4, 0x08C4, 0x08C4, \
        0x08C4, 0x08C4, 0x08C4, 0x08C4, 0x08C4, 0x08C4, 0x08C4, 0x08C4, 0x08C4, 0x08C4, 0x08C4, 0x08C4, \
        0x08C4, 0x08C4, 0x08C4, 0x08C4, 0x08C4, 0x08C4, 0x08C4, 0x08C4, 0x08C4, 0x08C4, 0x08C4, 0x08C4, \
        0x08C4, 0x08C4, 0x08C4, 0x08C4, 0x08C4, 0x08C4, 0x08C4, 0x08C4, 0x08C4, 0x08C4, 0x08C4, 0x08C4, \
        0x08C4, 0x08C4, 0x08C4, 0x08C4, 0x08C4, 0x08C4, 0x08C4, 0x08C4, 0x08C4, 0x08C4, 0x08C4, 0x08C4, \
        0x08C4, 0x08C4, 0x08C4, 0x08C4, 0x08C4, 0x08C4, 0x08C4, 0x08C4, 0x08C4, 0x08C4, 0x08C4, 0x08C4, \
        0x08C4, 0x08C4, 0x08C4, 0x10E4, 0x10E4, 0x08C4, 0x08C4, 0x08C4, 0x08C4, 0x08C4, 0x08C4, 0x08C4, \
        0x08C4, 0x08C4, 0x08C4, 0x08C4, 0x08C4, 0x08C4, 0x08E4, 0x08E4, 0x08E4, 0x08C4, 0x08C4, 0x08C4, \
        0x08C4, 0x08C4, 0x08C4, 0x08C4, 0x08C4, 0x08C4, 0x08C4, 0x08C4, 0x08C4, 0x08C4, 0x08C4, 0x08C4, \
        0x08C4, 0x08C4, 0x08C4, 0x08C4, 0x08C4, 0x08C4, 0x08C4, 0x08C4, 0x08C4, 0x08C4, 0x08C4, 0x08C4, \
        0x10E4, 0x10E4, 0x08C4, 0x08C4, 0x08C4, 0x08C4, 0x08C4, 0x08C4, 0x08C4, 0x08C4, 0x08C4, 0x08C4, \
        0x08E4, 0x08E4, 0x08C4, 0x08C4, 0x08C4, 0x08C4, 0x08C4, 0x08C4, 0x08C4, 0x08C4, 0x08C4, 0x08C4, \
        0x08C4, 0x08C4, 0x08C4, 0x08C4, 0x08C4, 0x08C4, 0x08C4, 0x08C4, 0x08C4, 0x08C4, 0x08C4, 0x08C4, \
        0x08C4, 0x08C4, 0x08C4, 0x08C4, 0x08C4, 0x08C4, 0x08C4, 0x08C4, 0x08C4, 0x08C4, 0x08C4, 0x08C4, \
        0x08C4, 0x08C4, 0x08C4, 0x08C4, 0x08C4, 0x08C4, 0x08C4, 0x08C4, 0x08C4, 0x08C4, 0x08E4, 0x08E4, \
        0x08E4, 0x08C4, 0x08C4, 0x08C4, 0x08C4, 0x08C4, 0x08C4, 0x08C4, 0x08C4, 0x08C4, 0x08C4, 0x08C4, \
        0x08C4, 0x08C4, 0x08C4, 0x08C4, 0x08C4, 0x08C4, 0x10E4, 0x08E4, 0x08C4, 0x08C4, 0x08C4, 0x08C4, \
        0x08C4, 0x08C4, 0x08C4, 0x08C4, 0x08C4, 0x08C4, 0x08C4, 0x08C4, 0x08C4, 0x08C4, 0x08C4, 0x08C4, \
        0x08C4, 0x08C4, 0x08C4, 0x08C4, 0x08C4, 0x08C4, 0x08C4, 0x08C4, 0x08C4, 0x08C4, 0x08C4, 0x08C4, \
        0x08C4, 0x08C4, 0x08C4, 0x08C4, 0x08C4, 0x08C4, 0x08C4, 0x08C4, 0x08C4, 0x08C4, 0x08C4, 0x08C4, \
        0x08C4, 0x08C4, 0x08C4, 0x08C4, 0x08C4, 0x08C4, 0x08C4, 0x08C4, 0x08C4, 0x08C4, 0x08C4, 0x08C4, \
        0x08C4, 0x08C4, 0x08C4, 0x08C4, 0x08C4, 0x08C4, 0x08C4, 0x08C4, 0x08C4, 0x08C4, 0x08C4, 0x08C4, \
        0x10E4, 0x10E4, 0x10E4, 0x10E4, 0x08E4, 0x08C4, 0x08C4, 0x08C4, 0x08C4, 0x08C4, 0x08C4, 0x08C4, \
        0x08C4, 0x08C4, 0x08C4, 0x08C4, 0x08C4, 0x08C4, 0x08C4, 0x08C4, 0x08C4, 0x08C4, 0x08C4, 0x08C4, \
        0x08C4, 0x08C4, 0x08C4, 0x08C4, 0x08C4, 0x08C4, 0x08C4, 0x08C4, 0x08C4, 0x08C4, 0x08C4, 0x08C4, \
        0x08C4, 0x08C4, 0x08C4, 0x08C4, 0x08C4, 0x08C4, 0x08C4, 0x08C4, 0x08C4, 0x08C4, 0x08C4, 0x08C4, \
        0x10E4, 0x10E4, 0x10E4, 0x08C4, 0x08C4, 0x08C4, 0x08C4, 0x08C4, 0x08C4, 0x08C4, 0x08C4, 0x08C4, \
        0x08C4, 0x08C4, 0x08C4, 0x08C4, 0x08C4, 0x08C4, 0x08C4, 0x08C4, 0x08C4, 0x08C4, 0x08C4, 0x08C4, \
        0x08C4, 0x08C4, 0x08C4, 0x08C4, 0x08C4, 0x08C4, 0x08C4, 0x08C4, 0x08C4, 0x08C4, 0x08C4, 0x08C4, \
        0x08C4, 0x08C4, 0x08C4, 0x08C4, 0x08C4, 0x08C4, 0x08C4, 0x08C4, 0x08C4, 0x08C4, 0x08C4, 0x08C4, \
        0x08C4, 0x08C4, 0x08C4, 0x08C4, 0x08C4, 0x08C4, 0x08C4, 0x08C4, 0x08C4, 0x08C4, 0x08C4, 0x08C4, \
        0x08C4, 0x08C4, 0x08C4, 0x08C4, 0x08C4, 0x08C4, 0x08C4, 0x08C4, 0x08C4, 0x08C4, 0x08C4, 0x08C4, \
        0x08C4, 0x08C4, 0x08C4, 0x08C4, 0x08C4, 0x08C4, 0x08C4, 0x08C4, 0x08C4, 0x08C4, 0x08E4, 0x08E4, \
        0x08C4, 0x08C4, 0x08C4, 0x08C4, 0x08C4, 0x08C4, 0x08C4, 0x08C4, 0x08C4, 0x08C4, 0x08C4, 0x08C4, \
        0x08C4, 0x08E4, 0x08E4, 0x08C4, 0x08C4, 0x08C4, 0x08C4, 0x08C4, 0x08C4, 0x08C4, 0x08C4, 0x08C4, \
        0x08C4, 0x08C4, 0x08C4, 0x08C4, 0x08C4, 0x08C4, 0x08C4, 0x08C4, 0x08C4, 0x08C4, 0x08C4, 0x08C4, \
        0x08C4, 0x08C4, 0x08C4, 0x08C4, 0x08C4, 0x08C4, 0x08C4, 0x08C4, 0x08C4, 0x10E4, 0x10E4, 0x08C4, \
        0x08C4, 0x08C4, 0x08C4, 0x08C4, 0x08C4, 0x08C4, 0x08C4, 0x08C4, 0x08C4, 0x08E4, 0x08E4, 0x08C4, \
        0x08C4, 0x08C4, 0x08C4, 0x08C4, 0x08C4, 0x08C4, 0x08C4, 0x08C4, 0x08C4, 0x08C4, 0x08C4, 0x10E4, \
        0x1104, 0x1105, 0x1105, 0x10E4, 0x10E4, 0x1105, 0x1104, 0x1104, 0x10E4, 0x08C4, 0x08C4, 0x08C4, \
        0x08C4, 0x08C4, 0x08C4, 0x08C4, 0x08C4, 0x08C4, 0x08C4, 0x08C4, 0x08C4, 0x08C4, 0x08C4, 0x08C4, \
        0x08C4, 0x08C4, 0x08C4, 0x08C4, 0x08C4, 0x08C4, 0x08C4, 0x08C4, 0x08E4, 0x10E4, 0x08C4, 0x08C4, \
        0x08C4, 0x08C4, 0x08C4, 0x08C4, 0x08C4, 0x08C4, 0x08C4, 0x08C4, 0x08C4, 0x08C4, 0x08C4, 0x08C4, \
        0x08C4, 0x08C4, 0x08C4, 0x08E4, 0x08E4, 0x08C4, 0x08C4, 0x08C4, 0x08C4, 0x08C4, 0x08C4, 0x08C4, \
        0x08C4, 0x08C4, 0x08C4, 0x08C4, 0x08C4, 0x08C4, 0x08C4, 0x08C4, 0x08C4, 0x08C4, 0x08C4, 0x08C4, \
        0x08C4, 0x08C4, 0x08C4, 0x08C4, 0x08C4, 0x08C4, 0x08C4, 0x08C4, 0x08C4, 0x08C4, 0x08C4, 0x08C4, \
        0x08C4, 0x08C4, 0x08C4, 0x08C4, 0x08C4, 0x08C4, 0x08C4, 0x08C4, 0x08C4, 0x08C4, 0x08C4, 0x08C4, \
        0x08C4, 0x08C4, 0x08C4, 0x08C4, 0x08C4, 0x08C4, 0x08C4, 0x08C4, 0x08C4, 0x08C4, 0x08C4, 0x08C4, \
        0x08C4, 0x08C4, 0x08C4, 0x08C4, 0x08C4, 0x10E4, 0x10E4, 0x08E4, 0x08E4, 0x08E4, 0x08C4, 0x08C4, \
        0x08C4, 0x08C4, 0x08C4, 0x08C4, 0x08C4, 0x08C4, 0x08C4, 0x08C4, 0x08C4, 0x08C4, 0x08C4, 0x08C4, \
        0x08C4, 0x08C4, 0x08C4, 0x08C4, 0x08C4, 0x08C4, 0x08C4, 0x08C4, 0x08C4, 0x08C4, 0x08C4, 0x08C4, \
        0x08C4, 0x08C4, 0x08C4, 0x08C4, 0x08C4, 0x08C4, 0x08C4, 0x08C4, 0x08C4, 0x08C4, 0x08C4, 0x08C4, \
        0x08C4, 0x08C4, 0x08C4, 0x08C4, 0x08C4, 0x08C4, 0x08C4, 0x08C4, 0x08C4, 0x10C4, 0x10E4, 0x10E4, \
        0x10C4, 0x08C4, 0x08C4, 0x08C4, 0x08C4, 0x08C4, 0x08C4, 0x08C4, 0x08C4, 0x08C4, 0x08C4, 0x08C4, \
        0x08C4, 0x08C4, 0x08C4, 0x08C4, 0x08C4, 0x08C4, 0x08C4, 0x08C4, 0x08C4, 0x08C4, 0x08C4, 0x08C4, \
        0x08C4, 0x08C4, 0x08C4, 0x08C4, 0x08C4, 0x08C4, 0x08C4, 0x08C4, 0x08C4, 0x08C4, 0x08C4, 0x08C4, \
        0x08C4, 0x08C4, 0x08C4, 0x08C4, 0x08C4, 0x08C4, 0x08C4, 0x08C4, 0x08C4, 0x08C4, 0x08C4, 0x08C4, \
        0x08C4, 0x08C4, 0x08C4, 0x08C4, 0x08C4, 0x08C4, 0x08C4, 0x08C4, 0x08C4, 0x08C4, 0x08C4, 0x08C4, \
        0x08C4, 0x08C4, 0x08C4, 0x08C4, 0x08C4, 0x08C4, 0x08C4, 0x08C4, 0x08C4, 0x08C4, 0x08C4, 0x08C4, \
        0x08C4, 0x08C4, 0x08C4, 0x08C4, 0x08C4, 0x10E4, 0x08E4, 0x08C4, 0x08C4, 0x08C4, 0x08C4, 0x08C4, \
        0x08C4, 0x08C4, 0x08C4, 0x08C4, 0x08C4, 0x08C4, 0x08C4, 0x08E4, 0x08E4, 0x08E4, 0x08C4, 0x08C4, \
        0x08C4, 0x08C4, 0x08C4, 0x08C4, 0x08C4, 0x08C4, 0x08C4, 0x08C4, 0x08C4, 0x08C4, 0x08C4, 0x08C4, \
        0x08C4, 0x08C4, 0x08C4, 0x08C4, 0x08C4, 0x08C4, 0x08C4, 0x08C4, 0x08C4, 0x08C4, 0x08C4, 0x08C4, \
        0x08C4, 0x08C4, 0x08C4, 0x08C4, 0x08C4, 0x08C4, 0x10E4, 0x10E4, 0x08C4, 0x08C4, 0x08C4, 0x08C4, \
        0x08C4, 0x08C4, 0x08C4, 0x08C4, 0x08C4, 0x08C4, 0x08E4, 0x08E4, 0x08C4, 0x08C4, 0x08C4, 0x08C4, \
        0x08C4, 0x08C4, 0x08C4, 0x10E4, 0x1105, 0x0904, 0x08E4, 0x08E4, 0x10E4, 0x10E4, 0x08E4, 0x08C4, \
        0x08C4, 0x08C4, 0x08E4, 0x08E4, 0x10E4, 0x10E4, 0x1105, 0x1105, 0x08E4, 0x08C4, 0x08C4, 0x08C4, \
        0x08C4, 0x08C4, 0x08C4, 0x08C4, 0x08C4, 0x08C4, 0x08C4, 0x08C4, 0x08C4, 0x08C4, 0x08C4, 0x08C4, \
        0x08C4, 0x08C4, 0x08C4, 0x08C4, 0x08C4, 0x08E4, 0x10E4, 0x10E4, 0x08C4, 0x08C4, 0x08C4, 0x08C4, \
        0x08C4, 0x08C4, 0x08C4, 0x08C4, 0x08C4, 0x08C4, 0x08C4, 0x08C4, 0x08C4, 0x08C4, 0x08C4, 0x08C4, \
        0x08E4, 0x10E4, 0x08E4, 0x08C4, 0x08C4, 0x08C4, 0x08C4, 0x08C4, 0x08C4, 0x08C4, 0x08C4, 0x08C4, \
        0x08C4, 0x08C4, 0x08C4, 0x08C4, 0x08C4, 0x08C4, 0x08C4, 0x08C4, 0x08C4, 0x08C4, 0x08C4, 0x08C4, \
        0x08C4, 0x08C4, 0x08C4, 0x08C4, 0x08C4, 0x08C4, 0x08C4, 0x08C4, 0x08C4, 0x08C4, 0x08C4, 0x08C4, \
        0x08C4, 0x08C4, 0x08C4, 0x08C4, 0x08C4, 0x08C4, 0x08C4, 0x08C4, 0x08C4, 0x08C4, 0x08C4, 0x08C4, \
        0x08C4, 0x08C4, 0x08C4, 0x08C4, 0x08C4, 0x08C4, 0x08C4, 0x08C4, 0x08C4, 0x08C4, 0x08C4, 0x10E4, \
        0x10E4, 0x08E4, 0x08C4, 0x08C4, 0x08C4, 0x08C4, 0x08C4, 0x08C4, 0x08C4, 0x08C4, 0x08C4, 0x08C4, \
        0x08C4, 0x08C4, 0x08C4, 0x08C4, 0x08C4, 0x08C4, 0x08C4, 0x08C4, 0x08C4, 0x08C4, 0x08C4, 0x08C4, \
        0x08C4, 0x08C4, 0x08C4, 0x08C4, 0x08C4, 0x08C4, 0x08C4, 0x08C4, 0x08C4, 0x08C4, 0x08C4, 0x08C4, \
        0x08C4, 0x08C4, 0x08C4, 0x08C4, 0x08C4, 0x08C4, 0x08C4, 0x08C4, 0x08C4, 0x08C4, 0x08C4, 0x08C4, \
        0x08C4, 0x08C4, 0x08C4, 0x08C4, 0x08C4, 0x08C4, 0x08C4, 0x10C4, 0x10E4, 0x10E4, 0x08C4, 0x08C4, \
        0x10C4, 0x08C4, 0x08C4, 0x08C4, 0x08C4, 0x08C4, 0x08C4, 0x08C4, 0x08C4, 0x08C4, 0x08C4, 0x08C4, \
        0x08C4, 0x08C4, 0x08C4, 0x08C4, 0x08C4, 0x08C4, 0x08C4, 0x08C4, 0x08C4, 0x08C4, 0x08C4, 0x08C4, \
        0x08C4, 0x08C4, 0x08C4, 0x08C4, 0x08C4, 0x08C4, 0x08C4, 0x08C4, 0x08C4, 0x08C4, 0x08C4, 0x08C4, \
        0x08C4, 0x08C4, 0x08C4, 0x08C4, 0x08C4, 0x08C4, 0x08C4, 0x08C4, 0x08C4, 0x08C4, 0x08C4, 0x08C4, \
        0x08C4, 0x08C4, 0x08C4, 0x08C4, 0x08C4, 0x08C4, 0x08C4, 0x08C4, 0x08C4, 0x08C4, 0x08C4, 0x08C4, \
        0x08C4, 0x08C4, 0x08C4, 0x08C4, 0x08C4, 0x08C4, 0x08C4, 0x08C4, 0x08C4, 0x08C4, 0x08C4, 0x08C4, \
        0x10E4, 0x08E4, 0x08C4, 0x08C4, 0x08C4, 0x08C4, 0x08C4, 0x08C4, 0x08C4, 0x08C4, 0x08C4, 0x08C4, \
        0x08C4, 0x08C4, 0x08E4, 0x10E4, 0x08C4, 0x08C4, 0x08C4, 0x08C4, 0x08C4, 0x08C4, 0x08C4, 0x08C4, \
        0x08C4, 0x08C4, 0x08C4, 0x08C4, 0x08C4, 0x08C4, 0x08C4, 0x08C4, 0x08C4, 0x08C4, 0x08C4, 0x08C4, \
        0x08C4, 0x08C4, 0x08C4, 0x08C4, 0x08C4, 0x08C4, 0x08C4, 0x08C4, 0x08C4, 0x08C4, 0x08C4, 0x08C4, \
        0x08C4, 0x08C4, 0x08C4, 0x10E4, 0x10E4, 0x08C4, 0x08C4, 0x08C4, 0x08C4, 0x08C4, 0x08C4, 0x08C4, \
        0x08C4, 0x08C4, 0x08C4, 0x08E4, 0x08C4, 0x08C4, 0x08C4, 0x08C4, 0x08E4, 0x1105, 0x10E4, 0x08E4, \
        0x08C4, 0x08C4, 0x08C4, 0x08C4, 0x08C4, 0x08C4, 0x08C4, 0x08C4, 0x08C4, 0x08C4, 0x08C4, 0x08C4, \
        0x08C4, 0x08C4, 0x08C4, 0x08C4, 0x08E4, 0x1105, 0x10E4, 0x08C4, 0x08C4, 0x08C4, 0x08C4, 0x08C4, \
        0x08C4, 0x08C4, 0x08C4, 0x08C4, 0x08C4, 0x08C4, 0x08C4, 0x08C4, 0x08C4, 0x08C4, 0x08C4, 0x08C4, \
        0x08C4, 0x08C4, 0x08C4, 0x10E4, 0x10E4, 0x08C4, 0x08C4, 0x08C4, 0x08C4, 0x08C4, 0x08C4, 0x08C4, \
        0x08C4, 0x08C4, 0x08C4, 0x08C4, 0x08C4, 0x08C4, 0x08C4, 0x08C4, 0x08C4, 0x08C4, 0x08E4, 0x08E4, \
        0x08C4, 0x08C4, 0x08C4, 0x08C4, 0x08C4, 0x08C4, 0x08C4, 0x08C4, 0x08C4, 0x08C4, 0x08C4, 0x08C4, \
        0x08C4, 0x08C4, 0x08C4, 0x08C4, 0x08C4, 0x08C4, 0x08C4, 0x08C4, 0x08C4, 0x08C4, 0x08C4, 0x08C4, \
        0x08C4, 0x08C4, 0x08C4, 0x08C4, 0x08C4, 0x08C4, 0x08C4, 0x08C4, 0x08C4, 0x08C4, 0x08C4, 0x08C4, \
        0x08C4, 0x08C4, 0x08C4, 0x08C4, 0x08C4, 0x08C4, 0x08C4, 0x08C4, 0x08C4, 0x08C4, 0x08C4, 0x08C4, \
        0x08C4, 0x08C4, 0x08C4, 0x08C4, 0x08C4, 0x10E4, 0x08E4, 0x08C4, 0x08C4, 0x08C4, 0x08C4, 0x08C4, \
        0x08C4, 0x08C4, 0x08C4, 0x08C4, 0x08C4, 0x08C4, 0x08C4, 0x08C4, 0x08C4, 0x08C4, 0x08C4, 0x08C4, \
        0x08C4, 0x08C4, 0x08C4, 0x08C4, 0x08C4, 0x08C4, 0x08C4, 0x08C4, 0x08C4, 0x08C4, 0x08C4, 0x08C4, \
        0x08C4, 0x08C4, 0x08C4, 0x08C4, 0x08C4, 0x08C4, 0x08C4, 0x08C4, 0x08C4, 0x08C4, 0x08C4, 0x08C4, \
        0x08C4, 0x08C4, 0x08C4, 0x08C4, 0x08C4, 0x08C4, 0x08C4, 0x08C4, 0x08C4, 0x08C4, 0x08C4, 0x08C4, \
        0x08C4, 0x08C4, 0x08C4, 0x08C4, 0x08C4, 0x10E4, 0x10E4, 0x08C4, 0x08C4, 0x08C4, 0x08C4, 0x08C4, \
        0x08C4, 0x08C4, 0x08C4, 0x08C4, 0x08C4, 0x08C4, 0x08C4, 0x08C4, 0x08C4, 0x08C4, 0x08C4, 0x08C4, \
        0x08C4, 0x08C4, 0x08C4, 0x08C4, 0x08C4, 0x08C4, 0x08C4, 0x08C4, 0x08C4, 0x08C4, 0x08C4, 0x08C4, \
        0x08C4, 0x08C4, 0x08C4, 0x08C4, 0x08C4, 0x08C4, 0x08C4, 0x08C4, 0x08C4, 0x08C4, 0x08C4, 0x08C4, \
        0x08C4, 0x08C4, 0x08C4, 0x08C4, 0x08C4, 0x08C4, 0x08C4, 0x08C4, 0x08C4, 0x08C4, 0x08C4, 0x08C4, \
        0x08C4, 0x08C4, 0x08C4, 0x08C4, 0x08C4, 0x08C4, 0x08C4, 0x08C4, 0x08C4, 0x08C4, 0x08C4, 0x08C4, \
        0x08C4, 0x08C4, 0x08C4, 0x08C4, 0x08C4, 0x08C4, 0x08C4, 0x10E4, 0x08E4, 0x08C4, 0x08C4, 0x08C4, \
        0x08C4, 0x08C4, 0x08C4, 0x08C4, 0x08C4, 0x08C4, 0x08C4, 0x08C4, 0x08C4, 0x08E4, 0x10E4, 0x08C4, \
        0x08C4, 0x08C4, 0x08C4, 0x08C4, 0x08C4, 0x08C4, 0x08C4, 0x08C4, 0x08C4, 0x08C4, 0x08C4, 0x08C4, \
        0x08C4, 0x08C4, 0x08C4, 0x08C4, 0x08C4, 0x08C4, 0x08C4, 0x08C4, 0x08C4, 0x08C4, 0x08C4, 0x08C4, \
        0x08C4, 0x08C4, 0x08C4, 0x08C4, 0x08C4, 0x08C4, 0x08C4, 0x08C4, 0x08C4, 0x08C4, 0x08C4, 0x08C4, \
        0x08E4, 0x08E4, 0x08C4, 0x08C4, 0x08C4, 0x08C4, 0x08C4, 0x08C4, 0x08C4, 0x08C4, 0x08C4, 0x08C4, \
        0x08C4, 0x08C4, 0x10E4, 0x1105, 0x08E4, 0x08C4, 0x08C4, 0x08C4, 0x08C4, 0x08C4, 0x08C4, 0x08C4, \
        0x08C4, 0x08C4, 0x08C4, 0x08C4, 0x08C4, 0x08C4, 0x08C4, 0x08C4, 0x08C4, 0x08C4, 0x08C4, 0x08C4, \
        0x08C4, 0x08C4, 0x08E4, 0x1105, 0x10E4, 0x08C4, 0x08C4, 0x08C4, 0x08C4, 0x08C4, 0x08C4, 0x08C4, \
        0x08C4, 0x08C4, 0x08C4, 0x08C4, 0x08C4, 0x08C4, 0x08C4, 0x08C4, 0x08C4, 0x08C4, 0x08C4, 0x08C4, \
        0x10E4, 0x10E4, 0x08C4, 0x08C4, 0x08C4, 0x08C4, 0x08C4, 0x08C4, 0x08C4, 0x08C4, 0x08C4, 0x08C4, \
        0x08C4, 0x08C4, 0x08C4, 0x08C4, 0x08C4, 0x08C4, 0x08C4, 0x10E4, 0x1105, 0x08C4, 0x08C4, 0x08C4, \
        0x08C4, 0x08C4, 0x08C4, 0x08C4, 0x08C4, 0x08C4, 0x08C4, 0x08C4, 0x08C4, 0x08C4, 0x08C4, 0x08C4, \
        0x08C4, 0x08C4, 0x08C4, 0x08C4, 0x08C4, 0x08C4, 0x08C4, 0x08C4, 0x08C4, 0x08C4, 0x08C4, 0x08C4, \
        0x08C4, 0x08C4, 0x08C4, 0x08C4, 0x08C4, 0x08C4, 0x08C4, 0x08C4, 0x08C4, 0x08C4, 0x08C4, 0x08C4, \
        0x08C4, 0x08C4, 0x08C4, 0x08C4, 0x08C4, 0x08C4, 0x08C4, 0x08C4, 0x08C4, 0x08C4, 0x10E4, 0x10E4, \
        0x08E4, 0x08C4, 0x08C4, 0x08C4, 0x08C4, 0x08C4, 0x08C4, 0x08C4, 0x08C4, 0x08C4, 0x08C4, 0x08C4, \
        0x08C4, 0x08C4, 0x08C4, 0x08C4, 0x08C4, 0x08C4, 0x08C4, 0x08C4, 0x08C4, 0x08C4, 0x08C4, 0x08C4, \
        0x08C4, 0x08C4, 0x08C4, 0x08C4, 0x08C4, 0x08C4, 0x08C4, 0x08C4, 0x08C4, 0x08C4, 0x08C4, 0x08C4, \
        0x08C4, 0x08C4, 0x08C4, 0x08C4, 0x08C4, 0x08C4, 0x08C4, 0x08C4, 0x08C4, 0x08C4, 0x08C4, 0x08C4, \
        0x08C4, 0x08C4, 0x08C4, 0x08C4, 0x08C4, 0x08C4, 0x08C4, 0x08C4, 0x08C4, 0x08C4, 0x08C4, 0x08C4, \
        0x08C4, 0x08C4, 0x08C4, 0x1104, 0x08C4, 0x08C4, 0x08C4, 0x08C4, 0x08C4, 0x08C4, 0x08C4, 0x08C4, \
        0x08C4, 0x08C4, 0x08C4, 0x08C4, 0x08C4, 0x08C4, 0x08C4, 0x08C4, 0x08C4, 0x08C4, 0x08C4, 0x08C4, \
        0x08C4, 0x08C4, 0x08C4, 0x08C4, 0x08C4, 0x08C4, 0x08C4, 0x08C4, 0x08C4, 0x08C4, 0x08C4, 0x08C4, \
        0x08C4, 0x08C4, 0x08C4, 0x08C4, 0x08C4, 0x08C4, 0x08C4, 0x08C4, 0x08C4, 0x08C4, 0x08C4, 0x08C4, \
        0x08C4, 0x08C4, 0x08C4, 0x08C4, 0x08C4, 0x08C4, 0x08C4, 0x08C4, 0x08C4, 0x08C4, 0x08C4, 0x08C4, \
        0x08C4, 0x08C4, 0x08C4, 0x08C4, 0x08C4, 0x08C4, 0x08C4, 0x08C4, 0x08C4, 0x08C4, 0x08C4, 0x08C4, \
        0x08C4, 0x08C4, 0x08E4, 0x08E4, 0x08C4, 0x08C4, 0x08C4, 0x08C4, 0x08C4, 0x08C4, 0x08C4, 0x08C4, \
        0x08C4, 0x08C4, 0x08C4, 0x08C4, 0x08E4, 0x08E4, 0x08C4, 0x08C4, 0x08C4, 0x08C4, 0x08C4, 0x08C4, \
        0x08C4, 0x08C4, 0x08C4, 0x08C4, 0x08C4, 0x08C4, 0x08C4, 0x08C4, 0x08C4, 0x08C4, 0x08C4, 0x08C4, \
        0x08C4, 0x08C4, 0x08C4, 0x08C4, 0x08C4, 0x08C4, 0x08C4, 0x08C4, 0x08C4, 0x08C4, 0x08C4, 0x08C4, \
        0x08C4, 0x08C4, 0x08C4, 0x08C4, 0x08C4, 0x08C4, 0x08C4, 0x08C4, 0x08C4, 0x08E4, 0x08E4, 0x08C4, \
        0x08C4, 0x08C4, 0x08C4, 0x08C4, 0x08C4, 0x08C4, 0x08C4, 0x08C4, 0x08E4, 0x1105, 0x08E4, 0x08C4, \
        0x08C4, 0x08C4, 0x08C4, 0x08C4, 0x08C4, 0x08C4, 0x08C4, 0x08C4, 0x08C4, 0x08C4, 0x08C4, 0x08C4, \
        0x08C4, 0x08C4, 0x08C4, 0x08C4, 0x08C4, 0x08C4, 0x08C4, 0x08C4, 0x08C4, 0x08C4, 0x08C4, 0x08C4, \
        0x10E4, 0x1105, 0x10E4, 0x08C4, 0x08C4, 0x08C4, 0x08C4, 0x08C4, 0x08C4, 0x08C4, 0x08C4, 0x08C4, \
        0x08C4, 0x08C4, 0x08C4, 0x08C4, 0x08C4, 0x08C4, 0x08C4, 0x08C4, 0x08C4, 0x08E4, 0x10E4, 0x08E4, \
        0x08C4, 0x08C4, 0x08C4, 0x08C4, 0x08C4, 0x08C4, 0x08C4, 0x08C4, 0x08C4, 0x08C4, 0x08C4, 0x08C4, \
        0x08C4, 0x08C4, 0x08C4, 0x08C4, 0x08C4, 0x10E4, 0x10E4, 0x08C4, 0x08C4, 0x08C4, 0x08C4, 0x08C4, \
        0x08C4, 0x08C4, 0x08C4, 0x08C4, 0x08C4, 0x08C4, 0x08C4, 0x08C4, 0x08C4, 0x08C4, 0x08C4, 0x08C4, \
        0x08C4, 0x08C4, 0x08C4, 0x08C4, 0x08C4, 0x08C4, 0x08C4, 0x08C4, 0x08C4, 0x08C4, 0x08C4, 0x08C4, \
        0x08C4, 0x08C4, 0x08C4, 0x08C4, 0x08C4, 0x08C4, 0x08C4, 0x08C4, 0x08C4, 0x08C4, 0x08C4, 0x08C4, \
        0x08C4, 0x08C4, 0x08E4, 0x08C4, 0x10E4, 0x10E4, 0x08E4, 0x08C4, 0x08C4, 0x08C4, 0x08C4, 0x08C4, \
        0x08C4, 0x08C4, 0x08C4, 0x08C4, 0x08C4, 0x08C4, 0x08C4, 0x08C4, 0x08C4, 0x08C4, 0x08C4, 0x08C4, \
        0x08C4, 0x08C4, 0x08C4, 0x08C4, 0x08C4, 0x08C4, 0x08C4, 0x08C4, 0x08C4, 0x08C4, 0x08C4, 0x08C4, \
        0x08C4, 0x08C4, 0x08C4, 0x08C4, 0x08C4, 0x08C4, 0x08C4, 0x08C4, 0x08C4, 0x08C4, 0x08C4, 0x08C4, \
        0x08C4, 0x08C4, 0x08C4, 0x08C4, 0x08C4, 0x08C4, 0x08C4, 0x08C4, 0x08C4, 0x08C4, 0x08C4, 0x08C4, \
        0x08C4, 0x08C4, 0x08C4, 0x08C4, 0x08C4, 0x08C4, 0x08C4, 0x08C4, 0x08C4, 0x08C4, 0x08C4, 0x08C4, \
        0x10E4, 0x08E4, 0x08C4, 0x08C4, 0x08C4, 0x08C4, 0x08C4, 0x08C4, 0x08C4, 0x08C4, 0x08C4, 0x08C4, \
        0x08C4, 0x08C4, 0x08C4, 0x08C4, 0x08C4, 0x08C4, 0x08C4, 0x08C4, 0x08C4, 0x08C4, 0x08C4, 0x08C4, \
        0x08C4, 0x08C4, 0x08C4, 0x08C4, 0x08C4, 0x08C4, 0x08C4, 0x08C4, 0x08C4, 0x08C4, 0x08C4, 0x08C4, \
        0x08C4, 0x08C4, 0x08C4, 0x08C4, 0x08C4, 0x08C4, 0x08C4, 0x08C4, 0x08C4, 0x08C4, 0x08C4, 0x08C4, \
        0x08C4, 0x08C4, 0x08C4, 0x08C4, 0x08C4, 0x08C4, 0x08C4, 0x08C4, 0x08C4, 0x08C4, 0x08C4, 0x08C4, \
        0x08C4, 0x08C4, 0x08C4, 0x08C4, 0x08C4, 0x08C4, 0x08C4, 0x08C4, 0x08C4, 0x08C4, 0x08E4, 0x08E4, \
        0x08C4, 0x08C4, 0x08C4, 0x08C4, 0x08C4, 0x08C4, 0x08C4, 0x08C4, 0x08C4, 0x08C4, 0x08C4, 0x08E4, \
        0x08E4, 0x08C4, 0x08C4, 0x08C4, 0x08C4, 0x08C4, 0x08C4, 0x08C4, 0x08C4, 0x08C4, 0x08C4, 0x08C4, \
        0x08C4, 0x08C4, 0x08C4, 0x08C4, 0x08E4, 0x08C4, 0x08C4, 0x08C4, 0x10E4, 0x08E4, 0x10E4, 0x08E4, \
        0x08C4, 0x08C4, 0x08E4, 0x08C4, 0x08C4, 0x08C4, 0x08C4, 0x08C4, 0x08C4, 0x08C4, 0x08C4, 0x08C4, \
        0x08C4, 0x08C4, 0x08C4, 0x08C4, 0x08C4, 0x08C4, 0x10E4, 0x08E4, 0x08C4, 0x08C4, 0x08C4, 0x08C4, \
        0x08C4, 0x08C4, 0x08C4, 0x08C4, 0x08E4, 0x08C4, 0x08C4, 0x08C4, 0x08C4, 0x08C4, 0x08C4, 0x08C4, \
        0x08C4, 0x08C4, 0x08C4, 0x08C4, 0x08C4, 0x08C4, 0x08C4, 0x08C4, 0x08C4, 0x08C4, 0x08C4, 0x08C4, \
        0x08C4, 0x08C4, 0x08C4, 0x08C4, 0x08C4, 0x08C4, 0x08C4, 0x08C4, 0x08C4, 0x08C4, 0x1105, 0x10E4, \
        0x08E4, 0x08C4, 0x08C4, 0x08C4, 0x08C4, 0x08C4, 0x08C4, 0x08C4, 0x08C4, 0x08C4, 0x08C4, 0x08C4, \
        0x08C4, 0x08C4, 0x08C4, 0x08C4, 0x08C4, 0x08C4, 0x08C4, 0x10E4, 0x08E4, 0x08C4, 0x08C4, 0x08C4, \
        0x08C4, 0x08C4, 0x08C4, 0x08C4, 0x08C4, 0x08C4, 0x08C4, 0x08C4, 0x08C4, 0x08C4, 0x08C4, 0x08C4, \
        0x08C4, 0x08C4, 0x10E4, 0x10E4, 0x10E4, 0x08C4, 0x08C4, 0x08C4, 0x08C4, 0x08C4, 0x08C4, 0x08C4, \
        0x08C4, 0x08C4, 0x08C4, 0x08C4, 0x08C4, 0x08C4, 0x08C4, 0x08C4, 0x08C4, 0x08C4, 0x08C4, 0x08C4, \
        0x08C4, 0x08C4, 0x08C4, 0x08C4, 0x08C4, 0x08C4, 0x08C4, 0x08C4, 0x08C4, 0x08C4, 0x08C4, 0x08C4, \
        0x08C4, 0x08C4, 0x08C4, 0x08C4, 0x08C4, 0x08C4, 0x08C4, 0x08C4, 0x08E4, 0x08C4, 0x10E4, 0x10E4, \
        0x08E4, 0x08C4, 0x08C4, 0x08C4, 0x08C4, 0x08C4, 0x08C4, 0x08C4, 0x08C4, 0x08C4, 0x08C4, 0x08C4, \
        0x08C4, 0x08C4, 0x08C4, 0x08C4, 0x08C4, 0x08C4, 0x08C4, 0x08C4, 0x08C4, 0x08C4, 0x08C4, 0x08C4, \
        0x08C4, 0x08C4, 0x08C4, 0x08C4, 0x08C4, 0x08C4, 0x08C4, 0x08C4, 0x08C4, 0x08C4, 0x08C4, 0x08C4, \
        0x08C4, 0x08C4, 0x08C4, 0x08C4, 0x08C4, 0x08C4, 0x08C4, 0x08C4, 0x08C4, 0x08C4, 0x08C4, 0x08C4, \
        0x08C4, 0x08C4, 0x08C4, 0x08C4, 0x08C4, 0x08C4, 0x08C4, 0x08C4, 0x08C4, 0x08C4, 0x08C4, 0x08C4, \
        0x08C4, 0x08C4, 0x08C4, 0x08C4, 0x08C4, 0x08C4, 0x08C4, 0x08C4, 0x08C4, 0x10E4, 0x10E4, 0x08C4, \
        0x08C4, 0x08C4, 0x08C4, 0x08C4, 0x08C4, 0x08C4, 0x08C4, 0x08C4, 0x08C4, 0x08C4, 0x08C4, 0x08C4, \
        0x08C4, 0x08C4, 0x08C4, 0x08C4, 0x08C4, 0x08C4, 0x08C4, 0x08C4, 0x08C4, 0x08C4, 0x08C4, 0x08C4, \
        0x08C4, 0x08C4, 0x08C4, 0x08C4, 0x08C4, 0x08C4, 0x08C4, 0x08C4, 0x08C4, 0x08C4, 0x08C4, 0x08C4, \
        0x08C4, 0x08C4, 0x08C4, 0x08C4, 0x08C4, 0x08C4, 0x08C4, 0x08C4, 0x08C4, 0x08C4, 0x08C4, 0x08C4, \
        0x08C4, 0x08C4, 0x08C4, 0x08C4, 0x08C4, 0x08C4, 0x08C4, 0x08C4, 0x08C4, 0x08C4, 0x08C4, 0x08C4, \
        0x08C4, 0x08C4, 0x08C4, 0x08C4, 0x08C4, 0x08E4, 0x08E4, 0x08C4, 0x08C4, 0x08C4, 0x08C4, 0x08C4, \
        0x08C4, 0x08C4, 0x08C4, 0x08C4, 0x08C4, 0x08C4, 0x08E4, 0x08E4, 0x08C4, 0x08C4, 0x08C4, 0x08C4, \
        0x08C4, 0x08C4, 0x08C4, 0x08C4, 0x08C4, 0x08C4, 0x08C4, 0x08C4, 0x08C4, 0x08C4, 0x08E4, 0x08E4, \
        0x10E4, 0x10E4, 0x08E4, 0x08C4, 0x08C4, 0x08C4, 0x08C4, 0x08E4, 0x08E4, 0x10E4, 0x1105, 0x08E4, \
        0x10E4, 0x08E4, 0x08C4, 0x08C4, 0x08C4, 0x08C4, 0x08C4, 0x08C4, 0x08C4, 0x08C4, 0x08C4, 0x08C4, \
        0x08C4, 0x08C4, 0x08C4, 0x10E4, 0x08E4, 0x08C4, 0x08C4, 0x08C4, 0x08C4, 0x08C4, 0x08C4, 0x08C4, \
        0x08C4, 0x08C4, 0x08C4, 0x08C4, 0x08C4, 0x08C4, 0x08C4, 0x08C4, 0x08C4, 0x08C4, 0x08C4, 0x08C4, \
        0x08C4, 0x08C4, 0x08C4, 0x08C4, 0x08C4, 0x08C4, 0x08C4, 0x08C4, 0x08C4, 0x08C4, 0x08C4, 0x08C4, \
        0x08C4, 0x08C4, 0x08C4, 0x08C4, 0x08C4, 0x08C4, 0x08C4, 0x10E4, 0x10E4, 0x10E4, 0x08C4, 0x08C4, \
        0x08C4, 0x08C4, 0x08C4, 0x08C4, 0x08C4, 0x08C4, 0x08C4, 0x08C4, 0x08C4, 0x08C4, 0x08C4, 0x08C4, \
        0x08C4, 0x08C4, 0x08C4, 0x08C4, 0x08E4, 0x08E4, 0x08E4, 0x08C4, 0x08C4, 0x08C4, 0x08C4, 0x08C4, \
        0x08C4, 0x08C4, 0x08C4, 0x08C4, 0x08C4, 0x08C4, 0x08C4, 0x08C4, 0x08C4, 0x08C4, 0x08C4, 0x08C4, \
        0x10E4, 0x08E4, 0x10E4, 0x08C4, 0x08C4, 0x08C4, 0x08C4, 0x08C4, 0x08C4, 0x08C4, 0x08C4, 0x08C4, \
        0x08C4, 0x08C4, 0x08C4, 0x08C4, 0x08C4, 0x08C4, 0x08C4, 0x08C4, 0x08C4, 0x08C4, 0x08C4, 0x08C4, \
        0x08C4, 0x08C4, 0x08C4, 0x08C4, 0x08C4, 0x08C4, 0x08C4, 0x08C4, 0x08C4, 0x08C4, 0x08C4, 0x08C4, \
        0x08C4, 0x08C4, 0x08E4, 0x08E4, 0x10E4, 0x08E4, 0x08C4, 0x08C4, 0x08C4, 0x08C4, 0x08C4, 0x08C4, \
        0x08C4, 0x08C4, 0x08C4, 0x08C4, 0x08C4, 0x08C4, 0x08C4, 0x08C4, 0x08C4, 0x08C4, 0x08C4, 0x08C4, \
        0x08C4, 0x08C4, 0x08C4, 0x08C4, 0x08C4, 0x08C4, 0x08E4, 0x08E4, 0x10E4, 0x10E4, 0x10E4, 0x10E4, \
        0x08E4, 0x08E4, 0x10E4, 0x10E4, 0x10E4, 0x10E4, 0x08E4, 0x08C4, 0x08C4, 0x08C4, 0x08C4, 0x08C4, \
        0x08C4, 0x08C4, 0x08C4, 0x08C4, 0x08C4, 0x08C4, 0x08C4, 0x08C4, 0x08C4, 0x08C4, 0x08C4, 0x08C4, \
        0x08C4, 0x08C4, 0x08C4, 0x08C4, 0x08C4, 0x08C4, 0x08C4, 0x08C4, 0x08C4, 0x08C4, 0x08C4, 0x08C4, \
        0x08C4, 0x08C4, 0x08C4, 0x08C4, 0x08C4, 0x08C4, 0x08E4, 0x08E4, 0x08C4, 0x08C4, 0x08C4, 0x08C4, \
        0x08C4, 0x08C4, 0x08C4, 0x08C4, 0x08C4, 0x08C4, 0x08C4, 0x08C4, 0x08C4, 0x08C4, 0x08C4, 0x08C4, \
        0x08C4, 0x08C4, 0x08C4, 0x08C4, 0x08C4, 0x08C4, 0x08C4, 0x08C4, 0x08C4, 0x08C4, 0x08C4, 0x08C4, \
        0x08C4, 0x08C4, 0x08C4, 0x08C4, 0x08C4, 0x08C4, 0x08C4, 0x08C4, 0x08C4, 0x08C4, 0x08C4, 0x08C4, \
        0x08C4, 0x08C4, 0x08C4, 0x08C4, 0x08C4, 0x08C4, 0x08C4, 0x08C4, 0x08C4, 0x08C4, 0x08C4, 0x08C4, \
        0x08C4, 0x08C4, 0x08C4, 0x08C4, 0x08C4, 0x08C4, 0x08C4, 0x08C4, 0x08C4, 0x08C4, 0x08C4, 0x08C4, \
        0x10E4, 0x08E4, 0x08C4, 0x08C4, 0x08C4, 0x08C4, 0x08C4, 0x08C4, 0x08C4, 0x08C4, 0x08C4, 0x08C4, \
        0x08C4, 0x08E4, 0x08E4, 0x08C4, 0x08C4, 0x08C4, 0x08C4, 0x08C4, 0x08C4, 0x08C4, 0x08C4, 0x08C4, \
        0x08C4, 0x08C4, 0x08C4, 0x08E4, 0x10E4, 0x08E4, 0x10E4, 0x08C4, 0x08C4, 0x08C4, 0x08C4, 0x08C4, \
        0x08C4, 0x08C4, 0x08C4, 0x08C4, 0x08C4, 0x08C4, 0x08C4, 0x08C4, 0x10E4, 0x10E4, 0x10E4, 0x08C4, \
        0x08C4, 0x08C4, 0x08C4, 0x08C4, 0x08C4, 0x08C4, 0x08C4, 0x08C4, 0x08C4, 0x08C4, 0x08C4, 0x08C4, \
        0x08E4, 0x08C4, 0x08C4, 0x08C4, 0x08C4, 0x08C4, 0x08C4, 0x08C4, 0x08C4, 0x08C4, 0x08C4, 0x08C4, \
        0x08C4, 0x08C4, 0x08C4, 0x08C4, 0x08C4, 0x08C4, 0x08C4, 0x08C4, 0x08C4, 0x08C4, 0x08C4, 0x08C4, \
        0x08C4, 0x08C4, 0x08C4, 0x08C4, 0x08C4, 0x08C4, 0x08C4, 0x08C4, 0x08C4, 0x08C4, 0x08C4, 0x08C4, \
        0x08C4, 0x08C4, 0x08C4, 0x08C4, 0x10E4, 0x10E4, 0x08E4, 0x08C4, 0x08C4, 0x08C4, 0x08C4, 0x08C4, \
        0x08C4, 0x08C4, 0x08C4, 0x08C4, 0x08C4, 0x08C4, 0x08C4, 0x08C4, 0x08C4, 0x08C4, 0x08C4, 0x08C4, \
        0x08C4, 0x08C4, 0x10E4, 0x10E4, 0x08E4, 0x08C4, 0x08C4, 0x08C4, 0x08C4, 0x08C4, 0x08C4, 0x08C4, \
        0x08C4, 0x08C4, 0x08C4, 0x08C4, 0x08C4, 0x08C4, 0x08C4, 0x08C4, 0x08C4, 0x08C4, 0x10E4, 0x10E4, \
        0x10E4, 0x10E4, 0x08C4, 0x08C4, 0x08C4, 0x08C4, 0x08C4, 0x08C4, 0x08C4, 0x08C4, 0x08C4, 0x08C4, \
        0x08C4, 0x08C4, 0x08C4, 0x08C4, 0x08C4, 0x08C4, 0x08C4, 0x08C4, 0x08C4, 0x08C4, 0x08C4, 0x08C4, \
        0x08C4, 0x08C4, 0x08C4, 0x08C4, 0x08C4, 0x08C4, 0x08C4, 0x08C4, 0x10E4, 0x08E4, 0x08E4, 0x08E4, \
        0x08C4, 0x08C4, 0x08C4, 0x08C4, 0x08C4, 0x08C4, 0x08C4, 0x08C4, 0x08C4, 0x08C4, 0x08C4, 0x08C4, \
        0x08C4, 0x08C4, 0x08C4, 0x08C4, 0x08C4, 0x08C4, 0x08C4, 0x08C4, 0x08C4, 0x08E4, 0x10E4, 0x10E4, \
        0x08E4, 0x08E4, 0x08E4, 0x10E4, 0x10E4, 0x08E4, 0x08E4, 0x10E4, 0x10E4, 0x08E4, 0x10E4, 0x10E4, \
        0x10E4, 0x10E4, 0x08E4, 0x08E4, 0x10E4, 0x10E4, 0x10E4, 0x08E4, 0x08C4, 0x08C4, 0x08C4, 0x08C4, \
        0x08C4, 0x08C4, 0x08C4, 0x08C4, 0x08C4, 0x08C4, 0x08C4, 0x08C4, 0x08C4, 0x08C4, 0x08C4, 0x08C4, \
        0x08C4, 0x08C4, 0x08C4, 0x08C4, 0x08C4, 0x08C4, 0x08C4, 0x08C4, 0x08C4, 0x08C4, 0x08C4, 0x08C4, \
        0x08C4, 0x08C4, 0x08C4, 0x08E4, 0x08E4, 0x08C4, 0x08C4, 0x08C4, 0x08C4, 0x08C4, 0x08C4, 0x08C4, \
        0x08C4, 0x08C4, 0x08C4, 0x08C4, 0x08C4, 0x08C4, 0x08C4, 0x08C4, 0x08C4, 0x08C4, 0x08C4, 0x08C4, \
        0x08C4, 0x08C4, 0x08C4, 0x08C4, 0x08C4, 0x08C4, 0x08C4, 0x08C4, 0x08C4, 0x08C4, 0x08C4, 0x08C4, \
        0x08C4, 0x08C4, 0x08C4, 0x08C4, 0x08C4, 0x08C4, 0x08C4, 0x08C4, 0x08C4, 0x08C4, 0x08C4, 0x08C4, \
        0x08C4, 0x08C4, 0x08C4, 0x08C4, 0x08C4, 0x08C4, 0x08C4, 0x08C4, 0x08C4, 0x08C4, 0x08C4, 0x08C4, \
        0x08C4, 0x08C4, 0x08C4, 0x08C4, 0x08C4, 0x08C4, 0x08C4, 0x10E4, 0x08E4, 0x08C4, 0x08C4, 0x08C4, \
        0x08C4, 0x08C4, 0x08C4, 0x08C4, 0x08C4, 0x08C4, 0x08C4, 0x08C4, 0x08C4, 0x08E4, 0x08C4, 0x08C4, \
        0x08C4, 0x08C4, 0x08C4, 0x08C4, 0x08C4, 0x08C4, 0x08C4, 0x08C4, 0x08C4, 0x08C4, 0x10E4, 0x10E4, \
        0x10E4, 0x08C4, 0x08C4, 0x08C4, 0x08C4, 0x08C4, 0x08C4, 0x08C4, 0x08C4, 0x08C4, 0x08C4, 0x08C4, \
        0x08C4, 0x08C4, 0x08C4, 0x08C4, 0x08C4, 0x08C4, 0x08E4, 0x10E4, 0x08E4, 0x08C4, 0x08C4, 0x08C4, \
        0x08C4, 0x08C4, 0x08C4, 0x08C4, 0x08C4, 0x08C4, 0x08C4, 0x08C4, 0x08E4, 0x08E4, 0x08C4, 0x08C4, \
        0x08C4, 0x08C4, 0x08C4, 0x08C4, 0x08C4, 0x08C4, 0x08C4, 0x08C4, 0x08C4, 0x08C4, 0x08C4, 0x08C4, \
        0x08C4, 0x10E4, 0x1105, 0x1105, 0x1105, 0x1105, 0x1105, 0x1104, 0x08E4, 0x08C4, 0x08C4, 0x08C4, \
        0x08C4, 0x08C4, 0x08C4, 0x08C4, 0x08C4, 0x08C4, 0x08C4, 0x08C4, 0x08C4, 0x08C4, 0x08C4, 0x08C4, \
        0x08C4, 0x08C4, 0x10E4, 0x08E4, 0x08C4, 0x08C4, 0x08C4, 0x08C4, 0x08C4, 0x08C4, 0x08C4, 0x08C4, \
        0x08C4, 0x08C4, 0x08C4, 0x08C4, 0x08C4, 0x08C4, 0x08C4, 0x08C4, 0x08C4, 0x08C4, 0x08C4, 0x10E4, \
        0x10E4, 0x10E4, 0x08C4, 0x08C4, 0x08C4, 0x08C4, 0x08C4, 0x08C4, 0x08C4, 0x08C4, 0x08C4, 0x08C4, \
        0x08C4, 0x08C4, 0x08C4, 0x08C4, 0x08C4, 0x08C4, 0x08C4, 0x08C4, 0x10E4, 0x10E4, 0x10E4, 0x08E4, \
        0x08C4, 0x08C4, 0x08C4, 0x08C4, 0x08C4, 0x08C4, 0x08C4, 0x08C4, 0x08C4, 0x08C4, 0x08C4, 0x08C4, \
        0x08C4, 0x08C4, 0x08C4, 0x08C4, 0x08C4, 0x08C4, 0x08C4, 0x08C4, 0x08C4, 0x08C4, 0x08C4, 0x08C4, \
        0x08C4, 0x10E4, 0x08E4, 0x08E4, 0x08E4, 0x08C4, 0x08C4, 0x08C4, 0x08C4, 0x08C4, 0x08C4, 0x08C4, \
        0x08C4, 0x08C4, 0x08C4, 0x08C4, 0x08C4, 0x08C4, 0x08C4, 0x08C4, 0x08C4, 0x08C4, 0x08C4, 0x08C4, \
        0x08C4, 0x08C4, 0x10E4, 0x10E4, 0x08E4, 0x08E4, 0x08E4, 0x08E4, 0x08C4, 0x08C4, 0x08C4, 0x08C4, \
        0x08C4, 0x08C4, 0x08C4, 0x08C4, 0x08C4, 0x08C4, 0x08C4, 0x08C4, 0x08C4, 0x08C4, 0x08C4, 0x08C4, \
        0x08C4, 0x10E4, 0x10E4, 0x10E4, 0x10E4, 0x10E5, 0x10E4, 0x08C4, 0x08C4, 0x08C4, 0x08C4, 0x08C4, \
        0x08C4, 0x08C4, 0x08C4, 0x08C4, 0x08C4, 0x08C4, 0x08C4, 0x08C4, 0x08C4, 0x08C4, 0x08C4, 0x08C4, \
        0x08C4, 0x08C4, 0x08C4, 0x08C4, 0x08C4, 0x08C4, 0x08C4, 0x08C4, 0x08C4, 0x08C4, 0x08C4, 0x08C4, \
        0x08E4, 0x10E4, 0x08C4, 0x08C4, 0x08C4, 0x08C4, 0x08C4, 0x08C4, 0x08C4, 0x08C4, 0x08C4, 0x08C4, \
        0x08C4, 0x08C4, 0x08C4, 0x08C4, 0x08C4, 0x08C4, 0x08C4, 0x08C4, 0x08C4, 0x08C4, 0x08C4, 0x08C4, \
        0x08C4, 0x08C4, 0x08C4, 0x08C4, 0x08C4, 0x08C4, 0x08C4, 0x08C4, 0x08C4, 0x08C4, 0x08C4, 0x08C4, \
        0x08C4, 0x08C4, 0x08C4, 0x08C4, 0x08C4, 0x08C4, 0x08C4, 0x08C4, 0x08C4, 0x08C4, 0x08C4, 0x08C4, \
        0x08C4, 0x08C4, 0x08C4, 0x08C4, 0x08C4, 0x08C4, 0x08C4, 0x08C4, 0x08C4, 0x08C4, 0x08C4, 0x08C4, \
        0x08C4, 0x08C4, 0x08E4, 0x10E4, 0x08C4, 0x08C4, 0x08C4, 0x08C4, 0x08C4, 0x08C4, 0x08C4, 0x08C4, \
        0x08C4, 0x08C4, 0x08C4, 0x08C4, 0x10E4, 0x08C4, 0x08C4, 0x08C4, 0x08C4, 0x08C4, 0x08C4, 0x08C4, \
        0x08C4, 0x08C4, 0x08C4, 0x08C4, 0x08C4, 0x10E4, 0x08E4, 0x08C4, 0x08C4, 0x08C4, 0x08C4, 0x08C4, \
        0x08C4, 0x08C4, 0x08C4, 0x08C4, 0x08C4, 0x08C4, 0x08C4, 0x08C4, 0x08C4, 0x08C4, 0x08C4, 0x08C4, \
        0x08C4, 0x08C4, 0x08C4, 0x08C4, 0x08E4, 0x10E4, 0x08C4, 0x08C4, 0x08C4, 0x08C4, 0x08C4, 0x08C4, \
        0x08C4, 0x08C4, 0x08C4, 0x08C4, 0x08C4, 0x08E4, 0x08E4, 0x08C4, 0x08C4, 0x08C4, 0x08C4, 0x08C4, \
        0x08C4, 0x08C4, 0x08C4, 0x08C4, 0x08C4, 0x08C4, 0x1104, 0x1105, 0x10E4, 0x08E4, 0x08E4, 0x08C4, \
        0x08E4, 0x08E4, 0x08C4, 0x08E4, 0x08E4, 0x10E4, 0x1105, 0x08E4, 0x08C4, 0x08C4, 0x08C4, 0x08C4, \
        0x08C4, 0x08C4, 0x08C4, 0x08C4, 0x08C4, 0x08C4, 0x08C4, 0x08C4, 0x08C4, 0x08C4, 0x08C4, 0x10E4, \
        0x10E4, 0x08C4, 0x08C4, 0x08C4, 0x08C4, 0x08C4, 0x08C4, 0x08C4, 0x08C4, 0x08C4, 0x08C4, 0x08C4, \
        0x08C4, 0x08C4, 0x08C4, 0x08C4, 0x08C4, 0x08C4, 0x08C4, 0x08C4, 0x08C4, 0x10E4, 0x10E5, 0x08C4, \
        0x08C4, 0x08C4, 0x08C4, 0x08C4, 0x08C4, 0x08C4, 0x08C4, 0x08C4, 0x08C4, 0x08C4, 0x08C4, 0x08C4, \
        0x08C4, 0x08C4, 0x08C4, 0x08C4, 0x08C4, 0x08C4, 0x08E4, 0x08E4, 0x10E4, 0x10E4, 0x08C4, 0x08C4, \
        0x08C4, 0x08C4, 0x08C4, 0x08C4, 0x08C4, 0x08C4, 0x08C4, 0x08C4, 0x08C4, 0x08C4, 0x08C4, 0x08C4, \
        0x08C4, 0x08C4, 0x08C4, 0x08C4, 0x08C4, 0x08C4, 0x10E4, 0x10E5, 0x08E4, 0x08E4, 0x08C4, 0x08C4, \
        0x08C4, 0x08C4, 0x08C4, 0x08C4, 0x08C4, 0x08C4, 0x08C4, 0x08C4, 0x08C4, 0x08C4, 0x08C4, 0x08C4, \
        0x08C4, 0x08C4, 0x08C4, 0x08C4, 0x08C4, 0x08C4, 0x08C4, 0x1104, 0x1105, 0x08E4, 0x08E4, 0x08C4, \
        0x08C4, 0x08C4, 0x08C4, 0x08C4, 0x08C4, 0x08C4, 0x08C4, 0x08C4, 0x08C4, 0x08C4, 0x08C4, 0x08C4, \
        0x08C4, 0x08C4, 0x08C4, 0x08C4, 0x08C4, 0x08C4, 0x08C4, 0x08C4, 0x08C4, 0x08C4, 0x08C4, 0x08C4, \
        0x08C4, 0x08C4, 0x08E4, 0x10E4, 0x1105, 0x08C4, 0x08C4, 0x08C4, 0x08C4, 0x08C4, 0x08C4, 0x08C4, \
        0x08C4, 0x08C4, 0x08C4, 0x08C4, 0x08C4, 0x08C4, 0x08C4, 0x08C4, 0x08C4, 0x08C4, 0x08C4, 0x08C4, \
        0x08C4, 0x08C4, 0x08C4, 0x08C4, 0x08C4, 0x08C4, 0x08C4, 0x08C4, 0x08C4, 0x08E4, 0x10E4, 0x08C4, \
        0x08C4, 0x08C4, 0x08C4, 0x08C4, 0x08C4, 0x08C4, 0x08C4, 0x08C4, 0x08C4, 0x08C4, 0x08C4, 0x08C4, \
        0x08C4, 0x08C4, 0x08C4, 0x08C4, 0x08C4, 0x08C4, 0x08C4, 0x08C4, 0x08C4, 0x08C4, 0x08C4, 0x08C4, \
        0x08C4, 0x08C4, 0x08C4, 0x08C4, 0x08C4, 0x08C4, 0x08C4, 0x08C4, 0x08C4, 0x08C4, 0x08C4, 0x08C4, \
        0x08C4, 0x08C4, 0x08C4, 0x08C4, 0x08C4, 0x08C4, 0x08C4, 0x08C4, 0x08C4, 0x08C4, 0x08C4, 0x08C4, \
        0x08C4, 0x08C4, 0x08C4, 0x08C4, 0x08C4, 0x08C4, 0x08C4, 0x08C4, 0x08C4, 0x08C4, 0x1105, 0x08C4, \
        0x08C4, 0x08C4, 0x08C4, 0x08C4, 0x08C4, 0x08C4, 0x08C4, 0x08C4, 0x08C4, 0x08C4, 0x08C4, 0x10E4, \
        0x08E4, 0x08C4, 0x08C4, 0x08C4, 0x08C4, 0x08C4, 0x08C4, 0x08C4, 0x08C4, 0x08C4, 0x08C4, 0x08C4, \
        0x10E4, 0x08E4, 0x08C4, 0x08C4, 0x08C4, 0x08C4, 0x08C4, 0x08C4, 0x08C4, 0x08C4, 0x08C4, 0x08C4, \
        0x08C4, 0x08C4, 0x08C4, 0x08C4, 0x08C4, 0x08C4, 0x08C4, 0x08C4, 0x08C4, 0x08C4, 0x08C4, 0x08C4, \
        0x08C4, 0x08E4, 0x10E4, 0x08C4, 0x08C4, 0x08C4, 0x08C4, 0x08C4, 0x08C4, 0x08C4, 0x08C4, 0x08C4, \
        0x08C4, 0x08C4, 0x08E4, 0x08C4, 0x08C4, 0x08C4, 0x08C4, 0x08C4, 0x08C4, 0x08C4, 0x08C4, 0x08C4, \
        0x1105, 0x10E4, 0x08C4, 0x08C4, 0x08C4, 0x08C4, 0x08C4, 0x08C4, 0x08C4, 0x08C4, 0x08C4, 0x08C4, \
        0x08C4, 0x08C4, 0x08C4, 0x10E4, 0x1105, 0x08C4, 0x08C4, 0x08C4, 0x08C4, 0x08C4, 0x08C4, 0x08C4, \
        0x08C4, 0x08C4, 0x08C4, 0x08C4, 0x08C4, 0x08C4, 0x08C4, 0x08C4, 0x10E4, 0x08E4, 0x08C4, 0x08C4, \
        0x08C4, 0x08C4, 0x08C4, 0x08C4, 0x08C4, 0x08C4, 0x08C4, 0x08C4, 0x08C4, 0x08C4, 0x08C4, 0x08C4, \
        0x08C4, 0x08C4, 0x08C4, 0x08C4, 0x08C4, 0x08C4, 0x08C4, 0x1105, 0x10E4, 0x08C4, 0x08C4, 0x08C4, \
        0x08C4, 0x08C4, 0x08C4, 0x08C4, 0x08C4, 0x08C4, 0x08C4, 0x08C4, 0x08C4, 0x08C4, 0x08C4, 0x08C4, \
        0x08C4, 0x08C4, 0x08C4, 0x08C4, 0x08C4, 0x08C4, 0x08E4, 0x10E4, 0x1105, 0x10E4, 0x08C4, 0x08C4, \
        0x08C4, 0x08C4, 0x08C4, 0x08C4, 0x08C4, 0x08C4, 0x08C4, 0x08C4, 0x08C4, 0x08C4, 0x08E4, 0x1105, \
        0x10E4, 0x08E4, 0x08C4, 0x08C4, 0x08C4, 0x08C4, 0x08C4, 0x08C4, 0x08C4, 0x08C4, 0x08C4, 0x08C4, \
        0x08C4, 0x08C4, 0x08C4, 0x08C4, 0x08C4, 0x08C4, 0x08C4, 0x08C4, 0x08C4, 0x08C4, 0x08C4, 0x08C4, \
        0x10E4, 0x1105, 0x08E4, 0x08C4, 0x08C4, 0x08C4, 0x08C4, 0x08C4, 0x08C4, 0x08C4, 0x08C4, 0x08C4, \
        0x08C4, 0x08C4, 0x08C4, 0x08C4, 0x08C4, 0x08C4, 0x08C4, 0x08C4, 0x08C4, 0x08C4, 0x08C4, 0x08C4, \
        0x08C4, 0x08C4, 0x08C4, 0x08C4, 0x08C4, 0x08C4, 0x08C4, 0x08C4, 0x08C4, 0x08C4, 0x08C4, 0x08C4, \
        0x08C4, 0x10E4, 0x1105, 0x08E4, 0x08C4, 0x08C4, 0x08C4, 0x08C4, 0x08C4, 0x08C4, 0x08C4, 0x08C4, \
        0x08C4, 0x08C4, 0x08C4, 0x08C4, 0x08C4, 0x08C4, 0x08C4, 0x08C4, 0x08C4, 0x08C4, 0x08C4, 0x08C4, \
        0x08C4, 0x08C4, 0x08C4, 0x08C4, 0x08C4, 0x08C4, 0x08C4, 0x1105, 0x08C4, 0x08C4, 0x08C4, 0x08C4, \
        0x08C4, 0x08C4, 0x08C4, 0x08C4, 0x08C4, 0x08C4, 0x08C4, 0x08C4, 0x08C4, 0x08C4, 0x08C4, 0x08C4, \
        0x08C4, 0x08C4, 0x08C4, 0x08C4, 0x08C4, 0x08C4, 0x08C4, 0x08C4, 0x08C4, 0x08C4, 0x08C4, 0x08C4, \
        0x08C4, 0x08C4, 0x08C4, 0x08C4, 0x08C4, 0x08C4, 0x08C4, 0x08C4, 0x08C4, 0x08C4, 0x08C4, 0x08C4, \
        0x08C4, 0x08C4, 0x08C4, 0x08C4, 0x08C4, 0x08C4, 0x08C4, 0x08C4, 0x08C4, 0x08C4, 0x08C4, 0x08C4, \
        0x08C4, 0x08C4, 0x08C4, 0x08C4, 0x08C4, 0x1105, 0x08C4, 0x08C4, 0x08C4, 0x08C4, 0x08C4, 0x08C4, \
        0x08C4, 0x08C4, 0x08C4, 0x08C4, 0x08C4, 0x08C4, 0x08E4, 0x08E4, 0x08C4, 0x08C4, 0x08C4, 0x08C4, \
        0x08C4, 0x08C4, 0x08C4, 0x08C4, 0x08C4, 0x08C4, 0x08C4, 0x1104, 0x08E4, 0x08C4, 0x08C4, 0x08C4, \
        0x08C4, 0x08C4, 0x08C4, 0x08C4, 0x08C4, 0x08C4, 0x08C4, 0x08C4, 0x08C4, 0x08C4, 0x08C4, 0x08C4, \
        0x08C4, 0x08C4, 0x08C4, 0x08C4, 0x08C4, 0x08C4, 0x08C4, 0x08C4, 0x08C4, 0x08C4, 0x08C4, 0x1104, \
        0x08C4, 0x08C4, 0x08C4, 0x08C4, 0x08C4, 0x08C4, 0x08C4, 0x08C4, 0x08C4, 0x08C4, 0x08C4, 0x10E4, \
        0x08C4, 0x08C4, 0x08C4, 0x08C4, 0x08C4, 0x08C4, 0x10E4, 0x10E4, 0x08C4, 0x08C4, 0x08C4, 0x08C4, \
        0x08C4, 0x08C4, 0x08C4, 0x08C4, 0x08C4, 0x08C4, 0x08C4, 0x08C4, 0x08C4, 0x08C4, 0x08C4, 0x08C4, \
        0x08C4, 0x1105, 0x08E4, 0x08C4, 0x08C4, 0x08C4, 0x08C4, 0x08C4, 0x08C4, 0x08C4, 0x08C4, 0x08C4, \
        0x08C4, 0x08C4, 0x08C4, 0x08C4, 0x08C4, 0x10E4, 0x1105, 0x08C4, 0x08C4, 0x08C4, 0x08C4, 0x08C4, \
        0x08C4, 0x08C4, 0x08C4, 0x08C4, 0x08C4, 0x08C4, 0x08C4, 0x08C4, 0x08C4, 0x08C4, 0x08C4, 0x08C4, \
        0x08C4, 0x08C4, 0x08C4, 0x08C4, 0x10E4, 0x1105, 0x08E4, 0x08C4, 0x08C4, 0x08C4, 0x08C4, 0x08C4, \
        0x08C4, 0x08C4, 0x08C4, 0x08C4, 0x08C4, 0x08C4, 0x08C4, 0x08C4, 0x08C4, 0x08C4, 0x08C4, 0x08C4, \
        0x08C4, 0x08C4, 0x08C4, 0x08C4, 0x08C4, 0x08C4, 0x08E4, 0x08E4, 0x10E4, 0x10E4, 0x10E4, 0x1105, \
        0x1105, 0x1105, 0x10E4, 0x08E4, 0x08E4, 0x08C4, 0x08C4, 0x08C4, 0x08C4, 0x08C4, 0x08C4, 0x08C4, \
        0x08C4, 0x08C4, 0x08C4, 0x08C4, 0x08C4, 0x08C4, 0x08C4, 0x08C4, 0x08C4, 0x08C4, 0x08C4, 0x08C4, \
        0x08C4, 0x08C4, 0x08C4, 0x08C4, 0x08C4, 0x08C4, 0x1105, 0x10E4, 0x08E4, 0x08C4, 0x08C4, 0x08C4, \
        0x08C4, 0x08C4, 0x08C4, 0x08C4, 0x08C4, 0x08C4, 0x08C4, 0x08C4, 0x08C4, 0x08C4, 0x08C4, 0x08C4, \
        0x08C4, 0x08C4, 0x08C4, 0x08C4, 0x08C4, 0x08C4, 0x08C4, 0x08C4, 0x08C4, 0x08C4, 0x08C4, 0x08C4, \
        0x08C4, 0x08C4, 0x08C4, 0x08C4, 0x08C4, 0x08C4, 0x08C4, 0x08C4, 0x10C4, 0x08C4, 0x08C4, 0x10E4, \
        0x10E4, 0x08E4, 0x08C4, 0x08C4, 0x08C4, 0x08C4, 0x08C4, 0x08C4, 0x08C4, 0x08C4, 0x08C4, 0x08C4, \
        0x08C4, 0x08C4, 0x08C4, 0x08C4, 0x08C4, 0x08C4, 0x08C4, 0x08C4, 0x08C4, 0x08C4, 0x08C4, 0x08C4, \
        0x08C4, 0x08C4, 0x08C4, 0x08C4, 0x10E4, 0x08C4, 0x08C4, 0x08C4, 0x08C4, 0x08C4, 0x08C4, 0x08C4, \
        0x08C4, 0x08C4, 0x08C4, 0x08C4, 0x08C4, 0x08C4, 0x08C4, 0x08C4, 0x08C4, 0x08C4, 0x08C4, 0x08C4, \
        0x08C4, 0x08C4, 0x08C4, 0x08C4, 0x08C4, 0x08C4, 0x08C4, 0x08C4, 0x08C4, 0x08C4, 0x08C4, 0x08C4, \
        0x08C4, 0x08C4, 0x08C4, 0x08C4, 0x08C4, 0x08C4, 0x08C4, 0x08C4, 0x08C4, 0x08C4, 0x08C4, 0x08C4, \
        0x08C4, 0x08C4, 0x08C4, 0x08C4, 0x08C4, 0x08C4, 0x08C4, 0x08C4, 0x08C4, 0x08C4, 0x08C4, 0x08C4, \
        0x10E5, 0x08E4, 0x08C4, 0x08C4, 0x08C4, 0x08C4, 0x08C4, 0x08C4, 0x08C4, 0x08C4, 0x08C4, 0x08C4, \
        0x08C4, 0x08C4, 0x08E4, 0x08E4, 0x08C4, 0x08C3, 0x08C4, 0x08C4, 0x08C4, 0x08C4, 0x08C4, 0x08C4, \
        0x08C4, 0x08C4, 0x1105, 0x10E4, 0x08C4, 0x08C4, 0x08C4, 0x08C4, 0x08C4, 0x08C4, 0x08C4, 0x08C4, \
        0x08C4, 0x08C4, 0x08C4, 0x08C4, 0x08C4, 0x08C4, 0x08C4, 0x08C4, 0x08C4, 0x08C4, 0x08C4, 0x08C4, \
        0x08C4, 0x08C4, 0x08C4, 0x08C4, 0x08C4, 0x08C4, 0x08C4, 0x08C4, 0x1105, 0x08C4, 0x08C4, 0x08C4, \
        0x08C4, 0x08C4, 0x08C4, 0x08C4, 0x08C4, 0x08C4, 0x08C4, 0x08E4, 0x08E4, 0x08C4, 0x08C4, 0x08C4, \
        0x08E4, 0x1105, 0x08E4, 0x08C4, 0x08C4, 0x08C4, 0x08C4, 0x08C4, 0x08C4, 0x08C4, 0x08C4, 0x08C4, \
        0x08C4, 0x08C4, 0x08C4, 0x08C4, 0x08C4, 0x08C4, 0x08C4, 0x08C4, 0x08C4, 0x08C4, 0x10E4, 0x10E4, \
        0x08C4, 0x08C4, 0x08C4, 0x08C4, 0x08C4, 0x08C4, 0x08C4, 0x08C4, 0x08C4, 0x08C4, 0x08C4, 0x08C4, \
        0x08C4, 0x08C4, 0x10E4, 0x1105, 0x10E4, 0x08C4, 0x08C4, 0x08C4, 0x08C4, 0x08C4, 0x08C4, 0x08C4, \
        0x08C4, 0x08C4, 0x08C4, 0x08C4, 0x08C4, 0x08C4, 0x08C4, 0x08C4, 0x08C4, 0x08C4, 0x08C4, 0x08C4, \
        0x08C4, 0x08C4, 0x10E4, 0x10E4, 0x10E4, 0x08C4, 0x08C4, 0x08C4, 0x08C4, 0x08C4, 0x08C4, 0x08C4, \
        0x08C4, 0x08C4, 0x08C4, 0x08C4, 0x08C4, 0x08C4, 0x08C4, 0x08C4, 0x08C4, 0x08C4, 0x08C4, 0x08C4, \
        0x08C4, 0x08C4, 0x08C4, 0x08C4, 0x08C4, 0x08C4, 0x08C4, 0x08C4, 0x08C4, 0x08C4, 0x08C4, 0x08C4, \
        0x08C4, 0x08C4, 0x08C4, 0x08C4, 0x08C4, 0x08C4, 0x08C4, 0x08C4, 0x08C4, 0x08C4, 0x08C4, 0x08C4, \
        0x08C4, 0x08C4, 0x08C4, 0x08C4, 0x08C4, 0x08C4, 0x08C4, 0x08C4, 0x08C4, 0x08C4, 0x08E4, 0x08E4, \
        0x1105, 0x10E4, 0x08C4, 0x08C4, 0x08C4, 0x08C4, 0x08C4, 0x08C4, 0x08C4, 0x08C4, 0x08C4, 0x08C4, \
        0x08C4, 0x08C4, 0x08C4, 0x08C4, 0x08C4, 0x08C4, 0x08C4, 0x08C4, 0x08C4, 0x08C4, 0x08C4, 0x08C4, \
        0x08C4, 0x08C4, 0x08C4, 0x08C4, 0x08C4, 0x08C4, 0x08C4, 0x08C4, 0x08C4, 0x08C4, 0x08C4, 0x08C4, \
        0x08C4, 0x08C4, 0x08C4, 0x08C4, 0x08C4, 0x08C4, 0x08C4, 0x08C4, 0x08C4, 0x10E4, 0x10E4, 0x10E4, \
        0x08C4, 0x08C4, 0x08C4, 0x08C4, 0x08C4, 0x08C4, 0x08C4, 0x08C4, 0x08C4, 0x08C4, 0x08C4, 0x08C4, \
        0x08C4, 0x08C4, 0x08C4, 0x08C4, 0x08C4, 0x08C4, 0x08C4, 0x08C4, 0x08C4, 0x08C4, 0x08C4, 0x08C4, \
        0x08C4, 0x10E4, 0x08E4, 0x08C4, 0x08C4, 0x08C4, 0x08C4, 0x08C4, 0x08C4, 0x08C4, 0x08C4, 0x08C4, \
        0x08C4, 0x08C4, 0x08C4, 0x08C4, 0x08C4, 0x08C4, 0x08C4, 0x08C4, 0x08C4, 0x08C4, 0x08C4, 0x08C4, \
        0x08C4, 0x08C4, 0x08C4, 0x08C4, 0x08C4, 0x08C4, 0x08C4, 0x08C4, 0x08C4, 0x08C4, 0x08C4, 0x08C4, \
        0x08C4, 0x08C4, 0x08C4, 0x08C4, 0x08C4, 0x08C4, 0x08C4, 0x08C4, 0x08C4, 0x08C4, 0x08C4, 0x08C4, \
        0x08C4, 0x08C4, 0x08C4, 0x08C4, 0x08C4, 0x08C4, 0x08C4, 0x10E4, 0x08E4, 0x08C4, 0x08C4, 0x08C4, \
        0x08C4, 0x08C4, 0x08C4, 0x08C4, 0x08C4, 0x08C4, 0x08C4, 0x08C4, 0x08C4, 0x08E4, 0x08E4, 0x08C4, \
        0x08C4, 0x08C4, 0x08C4, 0x08C4, 0x08C4, 0x08C4, 0x08C4, 0x08C4, 0x08C4, 0x10E5, 0x08C4, 0x08C4, \
        0x08C4, 0x08C4, 0x08C4, 0x08C4, 0x08C4, 0x08C4, 0x08C4, 0x08C4, 0x08C4, 0x08C4, 0x08C4, 0x08C4, \
        0x08C4, 0x08C4, 0x08C4, 0x08C4, 0x08C4, 0x08C4, 0x08C4, 0x08C4, 0x08C4, 0x08C4, 0x08C4, 0x08C4, \
        0x08C4, 0x08C4, 0x08C4, 0x08C4, 0x08C4, 0x10E4, 0x08E4, 0x08C4, 0x08C4, 0x08C4, 0x08C4, 0x08C4, \
        0x08C4, 0x08C4, 0x08C4, 0x08C4, 0x08E4, 0x08C4, 0x08C4, 0x08C4, 0x10E4, 0x08C4, 0x08C4, 0x08C4, \
        0x08C4, 0x08C4, 0x08C4, 0x08C4, 0x08C4, 0x08C4, 0x08C4, 0x08C4, 0x08C4, 0x08C4, 0x08C4, 0x08C4, \
        0x08C4, 0x08C4, 0x08C4, 0x08C4, 0x08C4, 0x08C4, 0x08C4, 0x08E4, 0x10E4, 0x08C4, 0x08C4, 0x08C4, \
        0x08C4, 0x08C4, 0x08C4, 0x08C4, 0x08C4, 0x08C4, 0x08C4, 0x08C4, 0x08C4, 0x08C4, 0x08C4, 0x08C4, \
        0x10E4, 0x10E4, 0x08C4, 0x08C4, 0x08C4, 0x08C4, 0x08C4, 0x08C4, 0x08C4, 0x08C4, 0x08C4, 0x08C4, \
        0x08C4, 0x08C4, 0x08C4, 0x08C4, 0x08C4, 0x08C4, 0x08C4, 0x08C4, 0x08C4, 0x08C4, 0x08C4, 0x08C4, \
        0x10E4, 0x10E4, 0x08E4, 0x08C4, 0x08C4, 0x08C4, 0x08C4, 0x08C4, 0x08C4, 0x08C4, 0x08C4, 0x08C4, \
        0x08C4, 0x08C4, 0x08C4, 0x08C4, 0x08C4, 0x08C4, 0x08C4, 0x08C4, 0x08C4, 0x08C4, 0x08C4, 0x08C4, \
        0x08C4, 0x08C4, 0x08C4, 0x08C4, 0x08C4, 0x08C4, 0x08C4, 0x08C4, 0x08C4, 0x08C4, 0x08C4, 0x08C4, \
        0x08C4, 0x08C4, 0x08C4, 0x08C4, 0x08C4, 0x08C4, 0x08C4, 0x08C4, 0x08C4, 0x08C4, 0x08C4, 0x08C4, \
        0x08C4, 0x08C4, 0x08C4, 0x08C4, 0x08E4, 0x08E4, 0x10E4, 0x10E4, 0x08C4, 0x08C4, 0x08C4, 0x08C4, \
        0x08C4, 0x08C4, 0x08C4, 0x08C4, 0x08C4, 0x08C4, 0x08C4, 0x08C4, 0x08C4, 0x08C4, 0x08C4, 0x08C4, \
        0x08C4, 0x08C4, 0x08C4, 0x08C4, 0x08C4, 0x08C4, 0x08C4, 0x08C4, 0x08C4, 0x08C4, 0x08C4, 0x08C4, \
        0x08C4, 0x08C4, 0x08C4, 0x08C4, 0x08C4, 0x08C4, 0x08C4, 0x08C4, 0x08C4, 0x08C4, 0x08C4, 0x08C4, \
        0x08C4, 0x08C4, 0x08C4, 0x08C4, 0x08C4, 0x08C4, 0x08E4, 0x10E4, 0x08E4, 0x08C4, 0x08C4, 0x08C4, \
        0x08C4, 0x08C4, 0x08C4, 0x08C4, 0x08C4, 0x08C4, 0x08C4, 0x08C4, 0x08C4, 0x08C4, 0x08C4, 0x08C4, \
        0x08C4, 0x08C4, 0x08C4, 0x08C4, 0x08C4, 0x08C4, 0x08C4, 0x08C4, 0x08C4, 0x08C4, 0x08E4, 0x10E4, \
        0x08C4, 0x08C4, 0x08C4, 0x08C4, 0x08C4, 0x08C4, 0x08C4, 0x08C4, 0x08C4, 0x08C4, 0x08C4, 0x08C4, \
        0x08C4, 0x08C4, 0x08C4, 0x08C4, 0x08C4, 0x08C4, 0x08C4, 0x08C4, 0x08C4, 0x08C4, 0x08C4, 0x08C4, \
        0x08C4, 0x08C4, 0x08C4, 0x08C4, 0x08C4, 0x08C4, 0x08C4, 0x08C4, 0x08C4, 0x08C4, 0x08C4, 0x08C4, \
        0x08C4, 0x08C4, 0x08C4, 0x08C4, 0x08C4, 0x08C4, 0x08C4, 0x08C4, 0x08C4, 0x08C4, 0x08C4, 0x08C4, \
        0x08C4, 0x08C4, 0x10E4, 0x08E4, 0x08C4, 0x08C4, 0x08C4, 0x08C4, 0x08C4, 0x08C4, 0x08C4, 0x08C4, \
        0x08C4, 0x08C4, 0x08C4, 0x08C4, 0x08C4, 0x08E4, 0x08C4, 0x08C4, 0x08C4, 0x08C4, 0x08C4, 0x08C4, \
        0x08C4, 0x08C4, 0x08C4, 0x08C4, 0x10E4, 0x08E4, 0x08C4, 0x08C4, 0x08C4, 0x08C4, 0x08C4, 0x08C4, \
        0x08C4, 0x08C4, 0x08C4, 0x08C4, 0x08C4, 0x08C4, 0x08C4, 0x08C4, 0x08C4, 0x08C4, 0x08C4, 0x08C4, \
        0x08C4, 0x08C4, 0x08C4, 0x08C4, 0x08C4, 0x08C4, 0x08C4, 0x08C4, 0x08C4, 0x08C4, 0x08C4, 0x08C4, \
        0x08C4, 0x08E4, 0x10E4, 0x08C4, 0x08C4, 0x08C4, 0x08C4, 0x08C4, 0x08C4, 0x08C4, 0x08C4, 0x08C4, \
        0x10E4, 0x10E4, 0x08C4, 0x08C4, 0x08C4, 0x08C4, 0x08C4, 0x08C4, 0x08C4, 0x08C4, 0x08C4, 0x08C4, \
        0x08C4, 0x08C4, 0x08C4, 0x08C4, 0x08C4, 0x08C4, 0x08C4, 0x08C4, 0x08C4, 0x08C4, 0x08C4, 0x08C4, \
        0x08C4, 0x08C4, 0x08C4, 0x08C4, 0x10E4, 0x08E4, 0x08C4, 0x08C4, 0x08C4, 0x08C4, 0x08C4, 0x08C4, \
        0x08C4, 0x08C4, 0x08C4, 0x08C4, 0x08C4, 0x08C4, 0x08C4, 0x08C4, 0x08C4, 0x10E4, 0x10E4, 0x08E4, \
        0x08C4, 0x08C4, 0x08C4, 0x08C4, 0x08C4, 0x08C4, 0x08C4, 0x08C4, 0x08C4, 0x08C4, 0x08C4, 0x08C4, \
        0x08C4, 0x08C4, 0x08C4, 0x08C4, 0x08C4, 0x08C4, 0x08C4, 0x08C4, 0x08C4, 0x08C4, 0x08E4, 0x08E4, \
        0x10E4, 0x08E4, 0x08C4, 0x08C4, 0x08C4, 0x08C4, 0x08C4, 0x08C4, 0x08C4, 0x08C4, 0x08C4, 0x08C4, \
        0x08C4, 0x08C4, 0x08C4, 0x08C4, 0x08C4, 0x08C4, 0x08C4, 0x08C4, 0x08C4, 0x08C4, 0x08C4, 0x08C4, \
        0x08C4, 0x08C4, 0x08C4, 0x08C4, 0x08C4, 0x08C4, 0x08C4, 0x08C4, 0x08C4, 0x08C4, 0x08C4, 0x08C4, \
        0x08C4, 0x08C4, 0x08C4, 0x08C4, 0x08C4, 0x08C4, 0x08C4, 0x08C4, 0x08C4, 0x08E4, 0x10E4, 0x08E4, \
        0x08E4, 0x08C4, 0x08C4, 0x08C4, 0x08C4, 0x08C4, 0x08C4, 0x08C4, 0x08C4, 0x08C4, 0x08C4, 0x08C4, \
        0x08C4, 0x08C4, 0x08C4, 0x08C4, 0x08C4, 0x08C4, 0x08C4, 0x08C4, 0x08C4, 0x08C4, 0x08C4, 0x08C4, \
        0x08C4, 0x08C4, 0x08C4, 0x08C4, 0x08C4, 0x08C4, 0x08C4, 0x08C4, 0x08C4, 0x08C4, 0x08C4, 0x08C4, \
        0x08C4, 0x08C4, 0x08C4, 0x08C4, 0x08C4, 0x08C4, 0x08C4, 0x08C4, 0x08C4, 0x08C4, 0x08C4, 0x08C4, \
        0x08C4, 0x08C4, 0x08C4, 0x08C4, 0x10E4, 0x08E4, 0x08C4, 0x08C4, 0x08C4, 0x08C4, 0x08C4, 0x08C4, \
        0x08C4, 0x08C4, 0x08C4, 0x08C4, 0x08C4, 0x08C4, 0x08C4, 0x08C4, 0x08C4, 0x08C4, 0x08C4, 0x08C4, \
        0x08C4, 0x08C4, 0x08C4, 0x08C4, 0x08C4, 0x08C4, 0x08C4, 0x08E4, 0x08E4, 0x08E4, 0x08C4, 0x08C4, \
        0x08C4, 0x08C4, 0x08C4, 0x08C4, 0x08C4, 0x08C4, 0x08C4, 0x08C4, 0x08C4, 0x08C4, 0x08C4, 0x08C4, \
        0x08C4, 0x08C4, 0x08C4, 0x08C4, 0x08C4, 0x08C4, 0x08C4, 0x08C4, 0x08C4, 0x08C4, 0x08C4, 0x08C4, \
        0x08C4, 0x08C4, 0x08C4, 0x08C4, 0x08C4, 0x08C4, 0x08C4, 0x08C4, 0x08C4, 0x08C4, 0x08C4, 0x08C4, \
        0x08C4, 0x08C4, 0x08C4, 0x08C4, 0x08C4, 0x08C4, 0x08C4, 0x08C4, 0x10E4, 0x10E4, 0x08E4, 0x08C4, \
        0x08C4, 0x08C4, 0x08C4, 0x08C4, 0x08C4, 0x08C4, 0x08C4, 0x08C4, 0x08C4, 0x08C4, 0x08C4, 0x08C4, \
        0x08E4, 0x08E4, 0x08C4, 0x08C4, 0x08C4, 0x08C4, 0x08C4, 0x08C4, 0x08C4, 0x08C4, 0x08C4, 0x10E4, \
        0x08E4, 0x08C4, 0x08C4, 0x08C4, 0x08C4, 0x08C4, 0x08C4, 0x08C4, 0x08C4, 0x08C4, 0x08C4, 0x08C4, \
        0x08C4, 0x08C4, 0x08C4, 0x08C4, 0x08C4, 0x08C4, 0x08C4, 0x08C4, 0x08C4, 0x08C4, 0x08C4, 0x08C4, \
        0x08C4, 0x08C4, 0x08C4, 0x08C4, 0x08C4, 0x08C4, 0x08C4, 0x08C4, 0x08C4, 0x08C4, 0x08E4, 0x08E4, \
        0x08C4, 0x08C4, 0x08C4, 0x08C4, 0x08C4, 0x08C4, 0x08C4, 0x08C4, 0x08C4, 0x10E4, 0x08E4, 0x08C4, \
        0x08C4, 0x08C4, 0x08C4, 0x08C4, 0x08C4, 0x08C4, 0x08C4, 0x08C4, 0x08C4, 0x08C4, 0x08C4, 0x08C4, \
        0x08C4, 0x08C4, 0x08C4, 0x08C4, 0x08C4, 0x08C4, 0x08C4, 0x08C4, 0x08C4, 0x08C4, 0x08C4, 0x08C4, \
        0x08C4, 0x08E4, 0x08E4, 0x08C4, 0x08C4, 0x08C4, 0x08C4, 0x08C4, 0x08C4, 0x08C4, 0x08C4, 0x08C4, \
        0x08C4, 0x08C4, 0x08C4, 0x08C4, 0x08C4, 0x08C4, 0x08E4, 0x08E4, 0x10E4, 0x08C4, 0x08C4, 0x08C4, \
        0x08C4, 0x08C4, 0x08C4, 0x08C4, 0x08C4, 0x08C4, 0x08C4, 0x08C4, 0x08C4, 0x08C4, 0x08C4, 0x08C4, \
        0x08C4, 0x08C4, 0x08C4, 0x08C4, 0x08C4, 0x08C4, 0x08C4, 0x08C4, 0x10E4, 0x10E4, 0x1104, 0x10E4, \
        0x08C4, 0x08C4, 0x08C4, 0x08C4, 0x08C4, 0x08C4, 0x08C4, 0x08C4, 0x08C4, 0x08C4, 0x08C4, 0x08C4, \
        0x08C4, 0x08C4, 0x08C4, 0x08C4, 0x08C4, 0x08C4, 0x08C4, 0x08C4, 0x08C4, 0x08C4, 0x08C4, 0x08C4, \
        0x08C4, 0x08C4, 0x08C4, 0x08C4, 0x08C4, 0x08C4, 0x08C4, 0x08C4, 0x08C4, 0x08C4, 0x08C4, 0x08C4, \
        0x08C4, 0x08C4, 0x08C4, 0x08E4, 0x08E4, 0x08E4, 0x08E4, 0x08C4, 0x08C4, 0x08C4, 0x08C4, 0x08C4, \
        0x08C4, 0x08C4, 0x08C4, 0x08C4, 0x08C4, 0x08C4, 0x08C4, 0x08C4, 0x08C4, 0x08C4, 0x08C4, 0x08C4, \
        0x08C4, 0x08C4, 0x08C4, 0x08C4, 0x08C4, 0x08C4, 0x08C4, 0x08C4, 0x08C4, 0x08C4, 0x08C4, 0x08C4, \
        0x08C4, 0x08C4, 0x08C4, 0x08C4, 0x08C4, 0x08C4, 0x08C4, 0x08C4, 0x08C4, 0x08C4, 0x08C4, 0x08C4, \
        0x08C4, 0x08C4, 0x08C4, 0x08C4, 0x08C4, 0x08C4, 0x08C4, 0x08C4, 0x08C4, 0x08C4, 0x08C4, 0x08C4, \
        0x08C4, 0x08E4, 0x10E4, 0x08E4, 0x08C4, 0x08C4, 0x08C4, 0x08C4, 0x08C4, 0x08C4, 0x08C4, 0x08C4, \
        0x08C4, 0x08C4, 0x08C4, 0x08C4, 0x08C4, 0x08C4, 0x08C4, 0x08C4, 0x08C4, 0x08C4, 0x08C4, 0x08C4, \
        0x08C4, 0x08C4, 0x08C4, 0x08C4, 0x08E4, 0x08E4, 0x10E4, 0x10C4, 0x08C4, 0x08C4, 0x08C4, 0x08C4, \
        0x08C4, 0x08C4, 0x08C4, 0x08C4, 0x08C4, 0x08C4, 0x08C4, 0x08C4, 0x08C4, 0x08C4, 0x08C4, 0x08C4, \
        0x08C4, 0x08C4, 0x08C4, 0x08C4, 0x08C4, 0x08C4, 0x08C4, 0x08C4, 0x08C4, 0x08C4, 0x08C4, 0x08C4, \
        0x08C4, 0x08C4, 0x08C4, 0x08C4, 0x08C4, 0x08C4, 0x08C4, 0x08C4, 0x08C4, 0x08C4, 0x08C4, 0x08C4, \
        0x08C4, 0x08C4, 0x08C4, 0x1105, 0x08E4, 0x08E4, 0x08C4, 0x08C4, 0x08C4, 0x08C4, 0x08C4, 0x08C4, \
        0x08C4, 0x08C4, 0x08C4, 0x08C4, 0x08C4, 0x08C4, 0x08C4, 0x08E4, 0x10E4, 0x08C4, 0x08C4, 0x08C4, \
        0x08C4, 0x08C4, 0x08C4, 0x08C4, 0x08C4, 0x08C4, 0x08E4, 0x08E4, 0x08C4, 0x08C4, 0x08C4, 0x08C4, \
        0x08C4, 0x08C4, 0x08C4, 0x08C4, 0x08C4, 0x08C4, 0x08C4, 0x08C4, 0x08C4, 0x08C4, 0x08C4, 0x08C4, \
        0x08C4, 0x08C4, 0x08C4, 0x08C4, 0x08C4, 0x08C4, 0x08C4, 0x08C4, 0x08C4, 0x08C4, 0x08C4, 0x08C4, \
        0x08C4, 0x08C4, 0x08C4, 0x08C4, 0x08C4, 0x08C4, 0x08C4, 0x08E4, 0x10E4, 0x08C4, 0x08C4, 0x08C4, \
        0x08C4, 0x08C4, 0x08C4, 0x08C4, 0x08C4, 0x10E4, 0x1104, 0x08C4, 0x08C4, 0x08C4, 0x08C4, 0x08C4, \
        0x08C4, 0x08C4, 0x08C4, 0x08C4, 0x08C4, 0x08C4, 0x08C4, 0x08C4, 0x08C4, 0x08C4, 0x08C4, 0x08C4, \
        0x08C4, 0x08C4, 0x08C4, 0x08C4, 0x08C4, 0x08C4, 0x08C4, 0x08C4, 0x08C4, 0x08C4, 0x08E4, 0x08E4, \
        0x08C4, 0x08C4, 0x08C4, 0x08C4, 0x08C4, 0x08C4, 0x08C4, 0x08C4, 0x08C4, 0x08C4, 0x08C4, 0x08C4, \
        0x08C4, 0x08C4, 0x08C4, 0x08C4, 0x08C4, 0x10E4, 0x10E4, 0x08C4, 0x08C4, 0x08C4, 0x08C4, 0x08C4, \
        0x08C4, 0x08C4, 0x08C4, 0x08C4, 0x08C4, 0x08C4, 0x08C4, 0x08C4, 0x08C4, 0x08C4, 0x08C4, 0x08C4, \
        0x08C4, 0x08C4, 0x08C4, 0x08C4, 0x08C4, 0x08C4, 0x10E4, 0x10E4, 0x10E4, 0x10E4, 0x08E4, 0x08C4, \
        0x08C4, 0x08C4, 0x08C4, 0x08C4, 0x08C4, 0x08C4, 0x08C4, 0x08C4, 0x08C4, 0x08C4, 0x08C4, 0x08C4, \
        0x08C4, 0x08C4, 0x08C4, 0x08C4, 0x08C4, 0x08C4, 0x08C4, 0x08C4, 0x08C4, 0x08C4, 0x08C4, 0x08C4, \
        0x08C4, 0x08C4, 0x08C4, 0x08C4, 0x08C4, 0x08C4, 0x08C4, 0x08C4, 0x08C4, 0x10E4, 0x10E4, 0x08E4, \
        0x08C4, 0x08C4, 0x08C4, 0x08C4, 0x08C4, 0x08C4, 0x08C4, 0x08C4, 0x08C4, 0x08C4, 0x08C4, 0x08C4, \
        0x08C4, 0x08C4, 0x08C4, 0x08C4, 0x08C4, 0x08C4, 0x08C4, 0x08C4, 0x08C4, 0x08C4, 0x08C4, 0x08C4, \
        0x08C4, 0x08C4, 0x08C4, 0x08C4, 0x08C4, 0x08C4, 0x08C4, 0x08C4, 0x08C4, 0x08C4, 0x08C4, 0x08C4, \
        0x08C4, 0x08C4, 0x08C4, 0x08C4, 0x08C4, 0x08C4, 0x08C4, 0x08C4, 0x08C4, 0x08C4, 0x08C4, 0x08C4, \
        0x08C4, 0x08C4, 0x08C4, 0x08C4, 0x08C4, 0x08C4, 0x08C4, 0x08C4, 0x08C4, 0x08C4, 0x08C4, 0x10E4, \
        0x10E4, 0x08C4, 0x08C4, 0x08C4, 0x08C4, 0x08C4, 0x08C4, 0x08C4, 0x08C4, 0x08C4, 0x08C4, 0x08C4, \
        0x08C4, 0x08C4, 0x08C4, 0x08C4, 0x08C4, 0x08C4, 0x08C4, 0x08C4, 0x08C4, 0x08C4, 0x08C4, 0x08C4, \
        0x08C4, 0x08C4, 0x08C4, 0x10E4, 0x10E4, 0x08C4, 0x08C4, 0x08C4, 0x08C4, 0x08C4, 0x08C4, 0x08C4, \
        0x08C4, 0x08C4, 0x08C4, 0x08C4, 0x08C4, 0x08C4, 0x08C4, 0x08C4, 0x08C4, 0x08C4, 0x08C4, 0x08C4, \
        0x08C4, 0x08C4, 0x08C4, 0x08C4, 0x08C4, 0x08C4, 0x08C4, 0x08C4, 0x08C4, 0x08C4, 0x08C4, 0x08C4, \
        0x08C4, 0x08C4, 0x08C4, 0x08C4, 0x08C4, 0x08C4, 0x08C4, 0x08C4, 0x08C4, 0x10E4, 0x10E4, 0x08E4, \
        0x08C4, 0x08C4, 0x08C4, 0x08C4, 0x08C4, 0x08C4, 0x08C4, 0x08C4, 0x08C4, 0x08C4, 0x08C4, 0x08C4, \
        0x08C4, 0x08C4, 0x08C4, 0x1105, 0x08C4, 0x08C4, 0x08C4, 0x08C4, 0x08C4, 0x08C4, 0x08C4, 0x08C4, \
        0x08C4, 0x08C4, 0x10E4, 0x08C4, 0x08C4, 0x08C4, 0x08C4, 0x08C4, 0x08C4, 0x08C4, 0x08C4, 0x08C4, \
        0x08C4, 0x08C4, 0x08C4, 0x08C4, 0x08C4, 0x08C4, 0x08C4, 0x08C4, 0x08C4, 0x08C4, 0x08C4, 0x08C4, \
        0x08C4, 0x08C4, 0x08C4, 0x08C4, 0x08C4, 0x08C4, 0x08C4, 0x08C4, 0x08C4, 0x08C4, 0x08C4, 0x08C4, \
        0x08C4, 0x08C4, 0x08C4, 0x08C4, 0x10E4, 0x08E4, 0x08C4, 0x08C4, 0x08C4, 0x08C4, 0x08C4, 0x08C4, \
        0x08C4, 0x08C4, 0x08E4, 0x1104, 0x08C4, 0x08C4, 0x08C4, 0x08C4, 0x08C4, 0x08C4, 0x08C4, 0x08C4, \
        0x08C4, 0x08C4, 0x08C4, 0x08C4, 0x08C4, 0x08C4, 0x08C4, 0x08C4, 0x08C4, 0x08C4, 0x08C4, 0x08C4, \
        0x08C4, 0x08C4, 0x08C4, 0x08C4, 0x08C4, 0x08C4, 0x08E4, 0x10E4, 0x08C4, 0x08C4, 0x08C4, 0x08C4, \
        0x08C4, 0x08C4, 0x08C4, 0x08C4, 0x08C4, 0x08C4, 0x08C4, 0x08C4, 0x08C4, 0x08C4, 0x08C4, 0x08C4, \
        0x08C4, 0x08C4, 0x08E4, 0x1105, 0x10E4, 0x08C4, 0x08C4, 0x08C4, 0x08C4, 0x08C4, 0x08C4, 0x08C4, \
        0x08C4, 0x08C4, 0x08C4, 0x08C4, 0x08C4, 0x08C4, 0x08C4, 0x08C4, 0x08C4, 0x08C4, 0x08C4, 0x08C4, \
        0x08C4, 0x08C4, 0x08C4, 0x08C4, 0x08C4, 0x10E4, 0x10E4, 0x1105, 0x10E4, 0x08C4, 0x08C4, 0x08C4, \
        0x08C4, 0x08C4, 0x08C4, 0x08C4, 0x08C4, 0x08C4, 0x08C4, 0x08C4, 0x08C4, 0x08C4, 0x08C4, 0x08C4, \
        0x08C4, 0x08C4, 0x08C4, 0x08C4, 0x08C4, 0x08C4, 0x08C4, 0x08C4, 0x08C4, 0x08C4, 0x08C4, 0x08C4, \
        0x08C4, 0x08C4, 0x08E4, 0x1105, 0x08E4, 0x08E4, 0x08C4, 0x08C4, 0x08C4, 0x08C4, 0x08C4, 0x08C4, \
        0x08C4, 0x08C4, 0x08C4, 0x08C4, 0x08C4, 0x08C4, 0x08C4, 0x08C4, 0x08C4, 0x08C4, 0x08C4, 0x08C4, \
        0x08C4, 0x08C4, 0x08C4, 0x08C4, 0x08C4, 0x08C4, 0x08C4, 0x08C4, 0x08C4, 0x08C4, 0x08C4, 0x08C4, \
        0x08C4, 0x08C4, 0x08C4, 0x08C4, 0x08C4, 0x08C4, 0x08C4, 0x08C4, 0x08C4, 0x08C4, 0x08C4, 0x08C4, \
        0x08C4, 0x08C4, 0x08C4, 0x08C4, 0x08C4, 0x08C4, 0x08C4, 0x08C4, 0x08C4, 0x08C4, 0x08C4, 0x08C4, \
        0x08C4, 0x08C4, 0x08C4, 0x08C4, 0x08C4, 0x08C4, 0x08C4, 0x08C4, 0x10E4, 0x10E4, 0x08C4, 0x08C4, \
        0x08C4, 0x08C4, 0x08C4, 0x08C4, 0x08C4, 0x08C4, 0x08C4, 0x08C4, 0x08C4, 0x08C4, 0x08C4, 0x08C4, \
        0x08C4, 0x08C4, 0x08C4, 0x08C4, 0x08C4, 0x08C4, 0x08C4, 0x08C4, 0x08C4, 0x08C4, 0x08C4, 0x08C4, \
        0x08E4, 0x10E4, 0x10E4, 0x08C4, 0x08C4, 0x08C4, 0x08C4, 0x10C4, 0x10C4, 0x08C4, 0x08C4, 0x08C4, \
        0x08C4, 0x08C4, 0x08C4, 0x08C4, 0x08C4, 0x08C4, 0x08C4, 0x08C4, 0x08C4, 0x08C4, 0x08C4, 0x08C4, \
        0x08C4, 0x08C4, 0x08C4, 0x08C4, 0x08C4, 0x08C4, 0x08C4, 0x08C4, 0x08C4, 0x08C4, 0x08C4, 0x08C4, \
        0x08C4, 0x08C4, 0x08C4, 0x10E4, 0x1105, 0x08E4, 0x08C4, 0x08C4, 0x08C4, 0x08C4, 0x08C4, 0x08C4, \
        0x08C4, 0x08C4, 0x08C4, 0x08C4, 0x08C4, 0x08C4, 0x08C4, 0x08C4, 0x08C4, 0x08C4, 0x10E4, 0x08E4, \
        0x08C4, 0x08C4, 0x08C4, 0x08C4, 0x08C4, 0x08C4, 0x08C4, 0x08C4, 0x08C4, 0x08E4, 0x08E4, 0x08C4, \
        0x08C4, 0x08C4, 0x08C4, 0x08C4, 0x08C4, 0x08C4, 0x08C4, 0x08C4, 0x08C4, 0x08C4, 0x08C4, 0x08C4, \
        0x08C4, 0x08C4, 0x08C4, 0x08C4, 0x10E4, 0x10E4, 0x08C4, 0x08C4, 0x08C4, 0x08C4, 0x08C4, 0x08C4, \
        0x08C4, 0x08C4, 0x08C4, 0x08C4, 0x08C4, 0x08C4, 0x08C4, 0x08C4, 0x08C4, 0x08C4, 0x08C4, 0x08C4, \
        0x08E4, 0x10E4, 0x08C4, 0x08C4, 0x08C4, 0x08C4, 0x08C4, 0x08C4, 0x08C4, 0x08C4, 0x08C4, 0x1105, \
        0x08C4, 0x08C4, 0x08C4, 0x08C4, 0x08C4, 0x08C4, 0x08C4, 0x1105, 0x1104, 0x10E4, 0x08E4, 0x10E4, \
        0x1104, 0x1105, 0x08E4, 0x08C4, 0x08C4, 0x08C4, 0x08C4, 0x08C4, 0x08C4, 0x08C4, 0x08C4, 0x08C4, \
        0x08C4, 0x08C4, 0x08C4, 0x10E4, 0x08E4, 0x08C4, 0x08C4, 0x08C4, 0x08C4, 0x08C4, 0x08C4, 0x08C4, \
        0x08C4, 0x08C4, 0x08C4, 0x08C4, 0x08C4, 0x08C4, 0x08C4, 0x08C4, 0x08C4, 0x08C4, 0x08C4, 0x08C4, \
        0x10E4, 0x1105, 0x08E4, 0x08C4, 0x08C4, 0x08C4, 0x08C4, 0x08C4, 0x08C4, 0x08C4, 0x08C4, 0x08C4, \
        0x08C4, 0x08C4, 0x08C4, 0x08C4, 0x08C4, 0x08C4, 0x08C4, 0x08C4, 0x08C4, 0x08C4, 0x08C4, 0x08C4, \
        0x08C4, 0x08C4, 0x08C4, 0x08C4, 0x08C4, 0x08E4, 0x1105, 0x10E4, 0x08C4, 0x08C4, 0x08C4, 0x08C4, \
        0x08C4, 0x08C4, 0x08C4, 0x08C4, 0x08C4, 0x08C4, 0x08C4, 0x08C4, 0x08C4, 0x08C4, 0x08C4, 0x08C4, \
        0x08C4, 0x08C4, 0x08C4, 0x08C4, 0x08C4, 0x08C4, 0x08C4, 0x10E4, 0x1104, 0x10E4, 0x08E4, 0x08C4, \
        0x08C4, 0x08C4, 0x08C4, 0x08C4, 0x08C4, 0x08C4, 0x08C4, 0x08C4, 0x08C4, 0x08C4, 0x08C4, 0x08C4, \
        0x08C4, 0x08C4, 0x08C4, 0x08C4, 0x08C4, 0x08C4, 0x08C4, 0x08C4, 0x08C4, 0x08C4, 0x08C4, 0x08C4, \
        0x08C4, 0x08C4, 0x08C4, 0x08C4, 0x08C4, 0x08E4, 0x08C4, 0x08C4, 0x08C4, 0x08C4, 0x08C4, 0x08C4, \
        0x08C4, 0x08C4, 0x08C4, 0x08C4, 0x08C4, 0x08C4, 0x08C4, 0x08C4, 0x08C4, 0x08C4, 0x08C4, 0x08C4, \
        0x08C4, 0x08C4, 0x08C4, 0x08C4, 0x08C4, 0x08C4, 0x08C4, 0x08C4, 0x08C4, 0x08C4, 0x08C4, 0x08C4, \
        0x08C4, 0x08C4, 0x08C4, 0x08C4, 0x08C4, 0x10E5, 0x08E4, 0x08C4, 0x08C4, 0x08C4, 0x08C4, 0x08C4, \
        0x08C4, 0x08C4, 0x08C4, 0x08C4, 0x08C4, 0x08C4, 0x08C4, 0x08C4, 0x08C4, 0x08C4, 0x08C4, 0x08C4, \
        0x08C4, 0x08C4, 0x08C4, 0x08C4, 0x08C4, 0x08C4, 0x08C4, 0x08C4, 0x08C4, 0x08C4, 0x08C4, 0x10E4, \
        0x1105, 0x1105, 0x08C4, 0x08C4, 0x08C4, 0x08C4, 0x08C4, 0x08C4, 0x08C4, 0x08C4, 0x08C4, 0x08C4, \
        0x08C4, 0x08C4, 0x08C4, 0x08C4, 0x08C4, 0x08C4, 0x08C4, 0x08C4, 0x08C4, 0x08C4, 0x08C4, 0x08C4, \
        0x08E4, 0x08E4, 0x08C4, 0x08C4, 0x08C4, 0x08C4, 0x08C4, 0x08E4, 0x1104, 0x1105, 0x10E4, 0x08E4, \
        0x08C4, 0x08C4, 0x08C4, 0x08C4, 0x08C4, 0x08C4, 0x08C4, 0x08C4, 0x08C4, 0x08C4, 0x08C4, 0x08C4, \
        0x08C4, 0x08C4, 0x08C4, 0x08C4, 0x08C4, 0x08C4, 0x10E4, 0x08C4, 0x08C4, 0x08C4, 0x08C4, 0x08C4, \
        0x08C4, 0x08C4, 0x08C4, 0x08C4, 0x08C4, 0x08E4, 0x08C4, 0x08C4, 0x08C4, 0x08C4, 0x08C4, 0x08C4, \
        0x08C4, 0x08C4, 0x08C4, 0x08C4, 0x08C4, 0x08C4, 0x08C4, 0x08C4, 0x08C4, 0x1104, 0x1105, 0x10E4, \
        0x10E4, 0x10E4, 0x10E4, 0x1105, 0x1105, 0x08E4, 0x08C4, 0x08C4, 0x08C4, 0x08C4, 0x08C4, 0x08C4, \
        0x08C4, 0x08C4, 0x08C4, 0x08C4, 0x08C4, 0x08C4, 0x08C4, 0x08C4, 0x08C4, 0x10E4, 0x08E4, 0x08C4, \
        0x08C4, 0x08C4, 0x08C4, 0x08C4, 0x08C4, 0x08C4, 0x08C4, 0x08C4, 0x08C4, 0x08C4, 0x08C4, 0x08C4, \
        0x08C4, 0x10E4, 0x10E5, 0x08C4, 0x08C4, 0x08C4, 0x08C4, 0x08C4, 0x08C4, 0x08E4, 0x10E4, 0x10E4, \
        0x08C4, 0x08C4, 0x08C4, 0x08C4, 0x08C4, 0x08C4, 0x08C4, 0x08C4, 0x08C4, 0x08C4, 0x08C4, 0x08C4, \
        0x10E5, 0x08C4, 0x08C4, 0x08C4, 0x08C4, 0x08C4, 0x08C4, 0x08C4, 0x08C4, 0x08C4, 0x08C4, 0x08C4, \
        0x08C4, 0x08C4, 0x08C4, 0x08C4, 0x08C4, 0x08C4, 0x08C4, 0x08C4, 0x08C4, 0x08C4, 0x10E4, 0x1104, \
        0x08E4, 0x08C4, 0x08C4, 0x08C4, 0x08C4, 0x08C4, 0x08C4, 0x08C4, 0x08C4, 0x08C4, 0x08C4, 0x08C4, \
        0x08C4, 0x08C4, 0x08C4, 0x08C4, 0x08C4, 0x08C4, 0x08C4, 0x08C4, 0x08C4, 0x08C4, 0x08C4, 0x08C4, \
        0x08C4, 0x08C4, 0x08C4, 0x08C4, 0x10E4, 0x10E4, 0x10E4, 0x10E4, 0x08E4, 0x08C4, 0x08C4, 0x08C4, \
        0x08C4, 0x08C4, 0x08C4, 0x08C4, 0x08C4, 0x08C4, 0x08C4, 0x08C4, 0x08C4, 0x08C4, 0x08C4, 0x08C4, \
        0x10E4, 0x10E4, 0x08E4, 0x08C4, 0x08C4, 0x08C4, 0x08C4, 0x08C4, 0x08C4, 0x08C4, 0x08C4, 0x08C4, \
        0x08C4, 0x08C4, 0x08C4, 0x08C4, 0x08C4, 0x08C4, 0x08C4, 0x08C4, 0x08C4, 0x08C4, 0x08C4, 0x08C4, \
        0x08C4, 0x08C4, 0x08C4, 0x08C4, 0x08C4, 0x08C4, 0x08C4, 0x08C4, 0x08C4, 0x08E4, 0x10E4, 0x1105, \
        0x1105, 0x1105, 0x1105, 0x1105, 0x1105, 0x1105, 0x1105, 0x1105, 0x10E4, 0x10E4, 0x08C4, 0x08C4, \
        0x08C4, 0x08C4, 0x08C4, 0x08C4, 0x08C4, 0x08C4, 0x08C4, 0x08C4, 0x08C4, 0x08C4, 0x08C4, 0x08C4, \
        0x08C4, 0x08C4, 0x08C4, 0x08C4, 0x08C4, 0x08C4, 0x08C4, 0x08C4, 0x08C4, 0x08C4, 0x08C4, 0x08C4, \
        0x08C4, 0x08C4, 0x1105, 0x08C4, 0x08C4, 0x08C4, 0x08C4, 0x08C4, 0x08C4, 0x08C4, 0x08C4, 0x08C4, \
        0x08C4, 0x08C4, 0x08C4, 0x08C4, 0x08C4, 0x08C4, 0x08C4, 0x08C4, 0x08C4, 0x08C4, 0x08C4, 0x08C4, \
        0x08C4, 0x08C4, 0x08C4, 0x08C4, 0x08C4, 0x08C4, 0x08C4, 0x08C4, 0x08C4, 0x10E4, 0x10E4, 0x10E4, \
        0x1105, 0x1105, 0x1105, 0x1104, 0x10E4, 0x08E4, 0x08E4, 0x08E4, 0x08E4, 0x10E4, 0x10E4, 0x1104, \
        0x1104, 0x1105, 0x1105, 0x1105, 0x1105, 0x1105, 0x1105, 0x1105, 0x1105, 0x1105, 0x1105, 0x1105, \
        0x1105, 0x1105, 0x10E4, 0x08E4, 0x08C4, 0x08C4, 0x08C4, 0x08C4, 0x08C4, 0x08C4, 0x08C4, 0x08C4, \
        0x08C4, 0x08C4, 0x08C4, 0x08C4, 0x08C4, 0x08C4, 0x08C4, 0x08C4, 0x08C4, 0x08C4, 0x08C4, 0x08C4, \
        0x08C4, 0x10E5, 0x08C4, 0x08C4, 0x08C4, 0x08C4, 0x08C4, 0x08C4, 0x08C4, 0x08C4, 0x08C4, 0x08C4, \
        0x08E4, 0x08E4, 0x08C4, 0x08C4, 0x08C4, 0x08C4, 0x08C4, 0x08C4, 0x08C4, 0x08C4, 0x08C4, 0x08C4, \
        0x08C4, 0x08C4, 0x08C4, 0x10E4, 0x1105, 0x08E4, 0x08C4, 0x08C4, 0x08C4, 0x08C4, 0x08C4, 0x10C4, \
        0x08C4, 0x10E4, 0x1105, 0x10E4, 0x08C4, 0x08C4, 0x08C4, 0x08C4, 0x08C4, 0x08C4, 0x08C4, 0x08C4, \
        0x08C4, 0x08C4, 0x08C4, 0x08C4, 0x08C4, 0x08C4, 0x1104, 0x08C4, 0x08C4, 0x08C4, 0x08C4, 0x08C4, \
        0x08C4, 0x08C4, 0x08C4, 0x08C4, 0x08C4, 0x08C4, 0x08C4, 0x08C4, 0x08E4, 0x10E4, 0x08C4, 0x08C4, \
        0x08C4, 0x08C4, 0x08C4, 0x08C4, 0x08C4, 0x08C4, 0x08C4, 0x10E4, 0x10E4, 0x08C4, 0x08C4, 0x08C4, \
        0x08C4, 0x08C4, 0x08C4, 0x08C4, 0x08C4, 0x08C4, 0x08C4, 0x08C4, 0x10E4, 0x10E4, 0x08C4, 0x08C4, \
        0x08C4, 0x08C4, 0x08C4, 0x08C4, 0x08C4, 0x08C4, 0x08C4, 0x08C4, 0x08C4, 0x08C4, 0x08C4, 0x08C4, \
        0x08C4, 0x08C4, 0x08C4, 0x08C4, 0x08C4, 0x08C4, 0x08C4, 0x08C4, 0x10E4, 0x10E4, 0x10E4, 0x08C4, \
        0x08C4, 0x08C4, 0x08C4, 0x08C4, 0x08C4, 0x08C4, 0x08C4, 0x08C4, 0x08C4, 0x08C4, 0x08C4, 0x08C4, \
        0x08C4, 0x08C4, 0x08C4, 0x08C4, 0x08C4, 0x08C4, 0x08C4, 0x08C4, 0x08C4, 0x08C4, 0x08C4, 0x08C4, \
        0x08C4, 0x08C4, 0x08C4, 0x08C4, 0x08C4, 0x08E4, 0x10E4, 0x08E4, 0x10E4, 0x10E4, 0x10E4, 0x08E4, \
        0x10E4, 0x08E4, 0x10E4, 0x10E4, 0x10E4, 0x08E4, 0x08E4, 0x08C4, 0x08C4, 0x08C4, 0x08C4, 0x08C4, \
        0x08C4, 0x08C4, 0x08C4, 0x08C4, 0x08C4, 0x08C4, 0x08C4, 0x08C4, 0x08C4, 0x08C4, 0x08C4, 0x08C4, \
        0x08C4, 0x08C4, 0x08C4, 0x08C4, 0x08C4, 0x08C4, 0x08C4, 0x08C4, 0x08C4, 0x08C4, 0x08E4, 0x10E4, \
        0x08C4, 0x08E4, 0x10E4, 0x1104, 0x10E4, 0x10E4, 0x08E4, 0x08C4, 0x08C4, 0x08C4, 0x08C4, 0x08C4, \
        0x08C4, 0x08C4, 0x08C4, 0x08C4, 0x08C4, 0x08E4, 0x08E4, 0x10E4, 0x10E4, 0x08E4, 0x08C4, 0x08C4, \
        0x08C4, 0x08C4, 0x08C4, 0x08C4, 0x08C4, 0x08C4, 0x08C4, 0x08C4, 0x08C4, 0x08C4, 0x08C4, 0x08C4, \
        0x08C4, 0x08C4, 0x08C4, 0x08C4, 0x08C4, 0x08C4, 0x08C4, 0x08C4, 0x08C4, 0x08C4, 0x08C4, 0x10E4, \
        0x08C4, 0x08C4, 0x08C4, 0x08C4, 0x08C4, 0x08C4, 0x08C4, 0x08C4, 0x08C4, 0x08C4, 0x08C4, 0x08C4, \
        0x08C4, 0x08C4, 0x08C4, 0x08C4, 0x08C4, 0x08C4, 0x08C4, 0x08C4, 0x08C4, 0x08C4, 0x08C4, 0x08C4, \
        0x08C4, 0x08C4, 0x08C4, 0x08C4, 0x08C4, 0x08C4, 0x10C4, 0x08C4, 0x08C4, 0x08C4, 0x08C4, 0x08E4, \
        0x10E4, 0x10E4, 0x08E4, 0x08E4, 0x10E4, 0x10E4, 0x08E4, 0x08E4, 0x08C4, 0x08C4, 0x08C4, 0x08C4, \
        0x08C4, 0x08C4, 0x08C4, 0x08C4, 0x08C4, 0x08C4, 0x08C4, 0x08C4, 0x08C4, 0x08C4, 0x08C4, 0x08C4, \
        0x08C4, 0x08C4, 0x08C4, 0x08C4, 0x08C4, 0x08C4, 0x08C4, 0x08C4, 0x08C4, 0x08C4, 0x08C4, 0x08C4, \
        0x08C4, 0x08C4, 0x08C4, 0x08C4, 0x08C4, 0x08C4, 0x08C4, 0x08C4, 0x10E4, 0x08E4, 0x08C4, 0x08C4, \
        0x08C4, 0x08C4, 0x08C4, 0x08C4, 0x08C4, 0x08C4, 0x08C4, 0x08E4, 0x10E4, 0x08C4, 0x08C4, 0x08C4, \
        0x08C4, 0x08C4, 0x08C4, 0x08C4, 0x08C4, 0x08C4, 0x08C4, 0x08C4, 0x08C4, 0x08E4, 0x10E4, 0x08E4, \
        0x08C4, 0x08C4, 0x08C4, 0x08C4, 0x08C4, 0x08C4, 0x08C4, 0x08C4, 0x08C4, 0x08C4, 0x08C4, 0x10E4, \
        0x10E4, 0x08E4, 0x08C4, 0x08C4, 0x08C4, 0x08C4, 0x08C4, 0x08C4, 0x08C4, 0x08C4, 0x08C4, 0x08C4, \
        0x08C4, 0x08C4, 0x08E4, 0x08E4, 0x08C4, 0x08C4, 0x08C4, 0x08C4, 0x08C4, 0x08C4, 0x08C4, 0x08C4, \
        0x08C4, 0x08C4, 0x08C4, 0x08E4, 0x10E4, 0x08C4, 0x08C4, 0x08C4, 0x08C4, 0x08C4, 0x08C4, 0x08C4, \
        0x08C4, 0x08C4, 0x08C4, 0x08C4, 0x10E4, 0x10E4, 0x08C4, 0x08C4, 0x08C4, 0x08C4, 0x08C4, 0x08C4, \
        0x08C4, 0x08C4, 0x08C4, 0x08C4, 0x08C4, 0x10E4, 0x08E4, 0x08C4, 0x08C4, 0x08C4, 0x08C4, 0x08C4, \
        0x08C4, 0x08C4, 0x08C4, 0x08C4, 0x08C4, 0x08C4, 0x08C4, 0x08C4, 0x08C4, 0x08C4, 0x08C4, 0x08C4, \
        0x08C4, 0x08C4, 0x08C4, 0x08C4, 0x08C4, 0x08C4, 0x10E4, 0x10E4, 0x08E4, 0x08C4, 0x08C4, 0x08C4, \
        0x08C4, 0x08C4, 0x08C4, 0x08C4, 0x08C4, 0x08C4, 0x08C4, 0x08C4, 0x08C4, 0x08C4, 0x08C4, 0x08C4, \
        0x08C4, 0x08C4, 0x08C4, 0x08C4, 0x08C4, 0x08C4, 0x08C4, 0x08C4, 0x08C4, 0x08C4, 0x08C4, 0x08C4, \
        0x08C4, 0x08C4, 0x08C4, 0x08C4, 0x08C4, 0x08C4, 0x08C4, 0x08C4, 0x08C4, 0x08C4, 0x08C4, 0x08C4, \
        0x08C4, 0x08C4, 0x08C4, 0x08C4, 0x08C4, 0x08C4, 0x08C4, 0x08C4, 0x08C4, 0x08C4, 0x08C4, 0x08C4, \
        0x08C4, 0x08C4, 0x08C4, 0x08C4, 0x08C4, 0x08C4, 0x08C4, 0x08C4, 0x08C4, 0x08C4, 0x08C4, 0x08C4, \
        0x08C4, 0x08C4, 0x08C4, 0x08E4, 0x10E4, 0x10E4, 0x10E4, 0x10E4, 0x08E4, 0x08C4, 0x08C4, 0x08C4, \
        0x08C4, 0x08C4, 0x08C4, 0x08C4, 0x08C4, 0x08C4, 0x08C4, 0x08C4, 0x08C4, 0x08C4, 0x08C4, 0x08C4, \
        0x08C4, 0x08C4, 0x08C4, 0x08C4, 0x08C4, 0x08C4, 0x08E4, 0x08E4, 0x08C4, 0x08E4, 0x08C4, 0x08C4, \
        0x08C4, 0x08C4, 0x08C4, 0x10C4, 0x08C4, 0x08C4, 0x08C4, 0x08C4, 0x08C4, 0x08C4, 0x08C4, 0x08C4, \
        0x08C4, 0x08C4, 0x08C4, 0x08C4, 0x08C4, 0x08C4, 0x08C4, 0x08C4, 0x10E4, 0x08C4, 0x08C4, 0x08C4, \
        0x08C4, 0x08C4, 0x08C4, 0x08C4, 0x08C4, 0x08C4, 0x08C4, 0x08C4, 0x08C4, 0x08C4, 0x08C4, 0x08C4, \
        0x08C4, 0x08C4, 0x08C4, 0x08C4, 0x08C4, 0x08C4, 0x08C4, 0x08C4, 0x08C4, 0x08C4, 0x08C4, 0x08C4, \
        0x08C4, 0x08C4, 0x08C4, 0x08C4, 0x08C4, 0x08C4, 0x08C4, 0x08C4, 0x08C4, 0x08C4, 0x08C4, 0x08C4, \
        0x08C4, 0x08C4, 0x08C4, 0x08C4, 0x08C4, 0x08C4, 0x08C4, 0x08C4, 0x08C4, 0x08C4, 0x08C4, 0x08C4, \
        0x08C4, 0x08C4, 0x08C4, 0x08C4, 0x08C4, 0x08C4, 0x08C4, 0x08C4, 0x08C4, 0x08C4, 0x08C4, 0x08C4, \
        0x08C4, 0x08C4, 0x08C4, 0x08C4, 0x08C4, 0x08C4, 0x08C4, 0x08C4, 0x08C4, 0x08C4, 0x08C4, 0x08C4, \
        0x08C4, 0x08C4, 0x08C4, 0x08E4, 0x10E4, 0x08C4, 0x08C4, 0x08C4, 0x08C4, 0x08C4, 0x08C4, 0x08C4, \
        0x08C4, 0x08C4, 0x08C4, 0x10E4, 0x08E4, 0x08C4, 0x08C4, 0x08C4, 0x08C4, 0x08C4, 0x08C4, 0x08C4, \
        0x08C4, 0x08C4, 0x08C4, 0x08C4, 0x10E4, 0x10E5, 0x08C4, 0x08C4, 0x08C4, 0x08C4, 0x08C4, 0x08C4, \
        0x08C4, 0x08C4, 0x08C4, 0x08C4, 0x08C4, 0x08C4, 0x08C4, 0x08C4, 0x08C4, 0x10E4, 0x08E4, 0x08C4, \
        0x08C4, 0x08C4, 0x08C4, 0x08C4, 0x08C4, 0x08C4, 0x08C4, 0x08C4, 0x08C4, 0x08C4, 0x08C4, 0x08E4, \
        0x08E4, 0x08C4, 0x08C4, 0x08C4, 0x08C4, 0x08C4, 0x08C4, 0x08C4, 0x08C4, 0x08C4, 0x08C4, 0x08E4, \
        0x08E4, 0x08C4, 0x08C4, 0x08C4, 0x08C4, 0x08C4, 0x08C4, 0x08C4, 0x08C4, 0x08C4, 0x08C4, 0x08C4, \
        0x10E4, 0x1105, 0x08C4, 0x08C4, 0x08C4, 0x08C4, 0x08C4, 0x08C4, 0x08C4, 0x08C4, 0x08C4, 0x08C4, \
        0x08C4, 0x08C4, 0x1105, 0x08C4, 0x08C4, 0x08C4, 0x08C4, 0x08C4, 0x08C4, 0x08C4, 0x08C4, 0x08C4, \
        0x08C4, 0x08C4, 0x08C4, 0x08C4, 0x08C4, 0x08C4, 0x08C4, 0x08C4, 0x08C4, 0x08C4, 0x08C4, 0x08C4, \
        0x08C4, 0x08C4, 0x08C4, 0x08C4, 0x10E4, 0x10E4, 0x08C4, 0x08C4, 0x08C4, 0x08C4, 0x08C4, 0x08C4, \
        0x08C4, 0x08C4, 0x08C4, 0x08C4, 0x08C4, 0x08C4, 0x08C4, 0x08C4, 0x08C4, 0x08C4, 0x08C4, 0x08C4, \
        0x08C4, 0x08C4, 0x08C4, 0x08C4, 0x08C4, 0x08C4, 0x08C4, 0x08C4, 0x08C4, 0x08C4, 0x08C4, 0x08C4, \
        0x08C4, 0x08C4, 0x08C4, 0x08C4, 0x08C4, 0x08C4, 0x08C4, 0x08C4, 0x08C4, 0x08C4, 0x08C4, 0x08C4, \
        0x08C4, 0x08C4, 0x08C4, 0x08C4, 0x08C4, 0x08C4, 0x08C4, 0x08C4, 0x08C4, 0x08C4, 0x08C4, 0x08C4, \
        0x08C4, 0x08C4, 0x08C4, 0x08C4, 0x08C4, 0x08C4, 0x08C4, 0x08C4, 0x08E4, 0x10E4, 0x08E4, 0x10E4, \
        0x10E4, 0x08C4, 0x08C4, 0x08C4, 0x08C4, 0x08C4, 0x08C4, 0x08C4, 0x08C4, 0x08C4, 0x08C4, 0x08C4, \
        0x08C4, 0x08C4, 0x08C4, 0x08C4, 0x08C4, 0x08C4, 0x08C4, 0x08C4, 0x08C4, 0x08C4, 0x08C4, 0x08C4, \
        0x08C4, 0x08C4, 0x08C4, 0x08C4, 0x08C4, 0x10E4, 0x10E4, 0x10E4, 0x10E4, 0x08C4, 0x08C4, 0x08C4, \
        0x08C4, 0x08C4, 0x08C4, 0x08C4, 0x08C4, 0x08C4, 0x08C4, 0x08C4, 0x08C4, 0x08C4, 0x08C4, 0x08C4, \
        0x08C4, 0x08C4, 0x08C4, 0x08C4, 0x08C4, 0x10E4, 0x08C4, 0x08C4, 0x08C4, 0x08C4, 0x08C4, 0x08C4, \
        0x08C4, 0x08C4, 0x08C4, 0x08C4, 0x08C4, 0x08C4, 0x08C4, 0x08C4, 0x08C4, 0x08C4, 0x08C4, 0x08C4, \
        0x08C4, 0x08C4, 0x08C4, 0x08C4, 0x08C4, 0x08C4, 0x08C4, 0x08C4, 0x08C4, 0x08C4, 0x08C4, 0x08C4, \
        0x08C4, 0x08C4, 0x08C4, 0x08C4, 0x08C4, 0x08C4, 0x08C4, 0x08C4, 0x08C4, 0x08C4, 0x08C4, 0x08C4, \
        0x08C4, 0x08C4, 0x08C4, 0x08C4, 0x08C4, 0x08C4, 0x08C4, 0x08C4, 0x08C4, 0x08C4, 0x08C4, 0x08C4, \
        0x08C4, 0x08C4, 0x08C4, 0x08C4, 0x08C4, 0x08C4, 0x08C4, 0x08C4, 0x08C4, 0x08C4, 0x08C4, 0x08C4, \
        0x08C4, 0x08C4, 0x08C4, 0x08C4, 0x08C4, 0x08C4, 0x08C4, 0x08C4, 0x08C4, 0x08C4, 0x08C4, 0x08E4, \
        0x08C4, 0x08C4, 0x08C4, 0x08C4, 0x08C4, 0x08C4, 0x08C4, 0x08C4, 0x08C4, 0x08C4, 0x08E4, 0x1104, \
        0x08C4, 0x08C4, 0x08C4, 0x08C4, 0x08C4, 0x08C4, 0x08C4, 0x08C4, 0x08C4, 0x08C4, 0x08C4, 0x10E4, \
        0x10E4, 0x08C4, 0x08C4, 0x08C4, 0x08C4, 0x08C4, 0x08C4, 0x08C4, 0x08C4, 0x08C4, 0x08C4, 0x08C4, \
        0x08C4, 0x08C4, 0x08C4, 0x08C4, 0x08C4, 0x08C4, 0x10E4, 0x10E4, 0x08C4, 0x08C4, 0x08C4, 0x08C4, \
        0x08C4, 0x08C4, 0x08C4, 0x08C4, 0x08C4, 0x08C4, 0x08C4, 0x08C4, 0x1105, 0x08C4, 0x08C4, 0x08C4, \
        0x08C4, 0x08C4, 0x08C4, 0x08C4, 0x08C4, 0x08C4, 0x08E4, 0x10E4, 0x08C4, 0x08C4, 0x08C4, 0x08C4, \
        0x08C4, 0x08C4, 0x08C4, 0x08C4, 0x08C4, 0x10C4, 0x08C4, 0x08C4, 0x10E4, 0x10E4, 0x08C4, 0x08C4, \
        0x08C4, 0x08C4, 0x08C4, 0x08C4, 0x08C4, 0x08C4, 0x08C4, 0x08C4, 0x08C4, 0x08C4, 0x10E4, 0x10E4, \
        0x08C4, 0x08C4, 0x08C4, 0x08C4, 0x08C4, 0x08C4, 0x08C4, 0x08C4, 0x08C4, 0x08C4, 0x08C4, 0x08C4, \
        0x08C4, 0x08C4, 0x08C4, 0x08C4, 0x08C4, 0x08C4, 0x08C4, 0x08C4, 0x08C4, 0x08C4, 0x08C4, 0x08C4, \
        0x08C4, 0x10E4, 0x10E4, 0x08E4, 0x08C4, 0x08C4, 0x08C4, 0x08C4, 0x08C4, 0x08C4, 0x08C4, 0x08C4, \
        0x08C4, 0x08C4, 0x08C4, 0x08C4, 0x08C4, 0x08C4, 0x08C4, 0x08C4, 0x08C4, 0x08C4, 0x08C4, 0x08C4, \
        0x08C4, 0x08C4, 0x08C4, 0x08C4, 0x08C4, 0x08C4, 0x08C4, 0x08C4, 0x08C4, 0x08C4, 0x08C4, 0x08C4, \
        0x08C4, 0x08C4, 0x08C4, 0x08C4, 0x08C4, 0x08C4, 0x08C4, 0x08C4, 0x08C4, 0x08C4, 0x08C4, 0x08C4, \
        0x08C4, 0x08C4, 0x08C4, 0x08C4, 0x08C4, 0x08C4, 0x08C4, 0x08C4, 0x08C4, 0x08C4, 0x08C4, 0x08C4, \
        0x08C4, 0x08C4, 0x10E4, 0x10E4, 0x10E4, 0x10E4, 0x08E4, 0x08C4, 0x08C4, 0x08C4, 0x08C4, 0x08C4, \
        0x08C4, 0x08C4, 0x08C4, 0x08C4, 0x08C4, 0x08C4, 0x08C4, 0x08C4, 0x08C4, 0x08C4, 0x08C4, 0x08C4, \
        0x08C4, 0x08C4, 0x08C4, 0x08C4, 0x08C4, 0x08C4, 0x08C4, 0x08C4, 0x08C4, 0x08C4, 0x08C4, 0x08C4, \
        0x08C4, 0x08C4, 0x08C4, 0x10E4, 0x10E4, 0x10E4, 0x08C4, 0x08C4, 0x08C4, 0x08C4, 0x08C4, 0x08C4, \
        0x08C4, 0x08C4, 0x08C4, 0x08C4, 0x08C4, 0x08C4, 0x08C4, 0x08C4, 0x08C4, 0x08C4, 0x08C4, 0x08C4, \
        0x08C4, 0x08E4, 0x10E4, 0x08C4, 0x08C4, 0x08C4, 0x08C4, 0x08C4, 0x08C4, 0x08C4, 0x08C4, 0x08C4, \
        0x08C4, 0x08C4, 0x08C4, 0x08C4, 0x08C4, 0x08C4, 0x08C4, 0x08C4, 0x08C4, 0x08C4, 0x08C4, 0x08C4, \
        0x08C4, 0x08C4, 0x08C4, 0x08C4, 0x08C4, 0x08C4, 0x08C4, 0x08C4, 0x08C4, 0x08C4, 0x08C4, 0x08C4, \
        0x08C4, 0x08C4, 0x08C4, 0x08C4, 0x08C4, 0x08C4, 0x08C4, 0x08C4, 0x08C4, 0x08C4, 0x08C4, 0x08C4, \
        0x08C4, 0x08C4, 0x08C4, 0x08C4, 0x08C4, 0x08C4, 0x08C4, 0x08C4, 0x08C4, 0x08C4, 0x08C4, 0x08C4, \
        0x08C4, 0x08C4, 0x08C4, 0x08C4, 0x08C4, 0x08C4, 0x08C4, 0x08C4, 0x08C4, 0x08C4, 0x08C4, 0x08C4, \
        0x08C4, 0x08C4, 0x08C4, 0x08C4, 0x08C4, 0x08C4, 0x10E4, 0x08E4, 0x08C4, 0x08C4, 0x08C4, 0x08C4, \
        0x08C4, 0x08C4, 0x08C4, 0x08C4, 0x08C4, 0x08C4, 0x1105, 0x08C4, 0x08C4, 0x08C4, 0x08C4, 0x08C4, \
        0x08C4, 0x08C4, 0x08C4, 0x08C4, 0x08C4, 0x08C4, 0x08C4, 0x10E4, 0x08E4, 0x08C4, 0x08C4, 0x08C4, \
        0x08C4, 0x08C4, 0x08C4, 0x08C4, 0x08C4, 0x08C4, 0x08C4, 0x08C4, 0x08C4, 0x08C4, 0x08C4, 0x08C4, \
        0x08C4, 0x08C4, 0x08C4, 0x10E4, 0x08E4, 0x08C4, 0x08C4, 0x08C4, 0x08C4, 0x08C4, 0x08C4, 0x08C4, \
        0x08C4, 0x08C4, 0x08C4, 0x08C4, 0x10E4, 0x10E4, 0x08C4, 0x08C4, 0x08C4, 0x08C4, 0x08C4, 0x08C4, \
        0x08C4, 0x08C4, 0x08E4, 0x08E4, 0x08C4, 0x08C4, 0x08C4, 0x08C4, 0x08C4, 0x08C4, 0x08C4, 0x08C4, \
        0x08C4, 0x08C4, 0x08C4, 0x08C4, 0x08E4, 0x10E4, 0x08C4, 0x08C4, 0x08C4, 0x08C4, 0x08C4, 0x08C4, \
        0x08C4, 0x08C4, 0x08C4, 0x08C4, 0x08C4, 0x08C4, 0x08C4, 0x10E4, 0x08E4, 0x08C4, 0x08C4, 0x08C4, \
        0x08C4, 0x08C4, 0x08C4, 0x08C4, 0x08C4, 0x08C4, 0x08C4, 0x08C4, 0x08C4, 0x08C4, 0x08C4, 0x08C4, \
        0x08C4, 0x08C4, 0x08C4, 0x08C4, 0x08C4, 0x08C4, 0x08C4, 0x08C4, 0x08C4, 0x08C4, 0x08C4, 0x08E4, \
        0x1105, 0x08C4, 0x08C4, 0x08C4, 0x08C4, 0x08C4, 0x08C4, 0x08C4, 0x08C4, 0x08C4, 0x08C4, 0x08C4, \
        0x08C4, 0x08C4, 0x08C4, 0x08C4, 0x08C4, 0x08C4, 0x08C4, 0x08C4, 0x08C4, 0x08C4, 0x08C4, 0x08C4, \
        0x08C4, 0x08C4, 0x08C4, 0x08C4, 0x08C4, 0x08C4, 0x08C4, 0x08C4, 0x08C4, 0x08C4, 0x08C4, 0x08C4, \
        0x08C4, 0x08C4, 0x08C4, 0x08C4, 0x08C4, 0x08C4, 0x08C4, 0x08C4, 0x08C4, 0x08C4, 0x08C4, 0x08C4, \
        0x08C4, 0x08C4, 0x08C4, 0x08C4, 0x08C4, 0x08C4, 0x08C4, 0x08C4, 0x10E4, 0x10E4, 0x08E4, 0x08C4, \
        0x08C4, 0x08C4, 0x08C4, 0x08C4, 0x08C4, 0x08C4, 0x08C4, 0x08C4, 0x08C4, 0x08C4, 0x08C4, 0x08C4, \
        0x08C4, 0x08C4, 0x08C4, 0x08C4, 0x08C4, 0x08C4, 0x08C4, 0x08C4, 0x08C4, 0x08C4, 0x08C4, 0x08C4, \
        0x08C4, 0x08C4, 0x08C4, 0x08C4, 0x08C4, 0x08C4, 0x08C4, 0x08C4, 0x08C4, 0x08C4, 0x08C4, 0x08C4, \
        0x08C4, 0x08E4, 0x10E4, 0x08C4, 0x08C4, 0x08C4, 0x08C4, 0x08C4, 0x08C4, 0x08C4, 0x08C4, 0x08C4, \
        0x08C4, 0x08C4, 0x08C4, 0x08C4, 0x08C4, 0x08C4, 0x08C4, 0x08C4, 0x08C4, 0x08C4, 0x08E4, 0x08C4, \
        0x08C4, 0x08C4, 0x08C4, 0x08C4, 0x08C4, 0x08C4, 0x08C4, 0x08C4, 0x08C4, 0x08C4, 0x08C4, 0x08C4, \
        0x08C4, 0x08C4, 0x08C4, 0x08C4, 0x08C4, 0x08C4, 0x08C4, 0x08C4, 0x08C4, 0x08C4, 0x08C4, 0x08C4, \
        0x08C4, 0x08C4, 0x08C4, 0x08C4, 0x08C4, 0x08C4, 0x08C4, 0x08C4, 0x08C4, 0x08C4, 0x08C4, 0x08C4, \
        0x08C4, 0x08C4, 0x08C4, 0x08C4, 0x08C4, 0x08C4, 0x08C4, 0x08C4, 0x08C4, 0x08C4, 0x08C4, 0x08C4, \
        0x08C4, 0x08C4, 0x08C4, 0x08C4, 0x08C4, 0x08C4, 0x08C4, 0x08C4, 0x08C4, 0x08C4, 0x08C4, 0x08C4, \
        0x08C4, 0x08C4, 0x08C4, 0x08C4, 0x08C4, 0x08C4, 0x08C4, 0x08C4, 0x08C4, 0x08C4, 0x08C4, 0x08C4, \
        0x08C4, 0x08E4, 0x08E4, 0x08C4, 0x08C4, 0x08C4, 0x08C4, 0x08C4, 0x08C4, 0x08C4, 0x08C4, 0x08C4, \
        0x08C4, 0x08E4, 0x08E4, 0x08C4, 0x08C4, 0x08C4, 0x08C4, 0x08C4, 0x08C4, 0x08C4, 0x08C4, 0x08C4, \
        0x08C4, 0x08C4, 0x10E4, 0x08E4, 0x08C4, 0x08C4, 0x08C4, 0x08C4, 0x08C4, 0x08C4, 0x08C4, 0x08C4, \
        0x08C4, 0x08C4, 0x08C4, 0x08C4, 0x08C4, 0x08C4, 0x08C4, 0x08C4, 0x08C4, 0x08C4, 0x08C4, 0x08C4, \
        0x10E4, 0x10E4, 0x08C4, 0x08C4, 0x08C4, 0x08C4, 0x08C4, 0x08C4, 0x08C4, 0x08C4, 0x08C4, 0x08C4, \
        0x08C4, 0x1105, 0x08E4, 0x08C4, 0x08C4, 0x08C4, 0x08C4, 0x08C4, 0x08C4, 0x08C4, 0x08E4, 0x08E4, \
        0x08C4, 0x08C4, 0x08C4, 0x08C4, 0x08C4, 0x08C4, 0x08C4, 0x08C4, 0x08C4, 0x08C4, 0x08C4, 0x08C4, \
        0x08E4, 0x10E4, 0x08C4, 0x08C4, 0x08C4, 0x08C4, 0x08C4, 0x08C4, 0x08C4, 0x08C4, 0x08C4, 0x08C4, \
        0x08C4, 0x08C4, 0x08C4, 0x08C4, 0x10E4, 0x08C4, 0x08C4, 0x08C4, 0x08C4, 0x08C4, 0x08C4, 0x08C4, \
        0x08C4, 0x08C4, 0x08C4, 0x08C4, 0x08C4, 0x08C4, 0x08C4, 0x08C4, 0x08C4, 0x08C4, 0x08C4, 0x08C4, \
        0x08C4, 0x08C4, 0x08C4, 0x08C4, 0x08C4, 0x08C4, 0x08C4, 0x08C4, 0x08C4, 0x1105, 0x08C4, 0x08C4, \
        0x08C4, 0x08C4, 0x08C4, 0x08C4, 0x08C4, 0x08C4, 0x08C4, 0x08C4, 0x08C4, 0x08C4, 0x08C4, 0x08C4, \
        0x08C4, 0x08C4, 0x08C4, 0x08C4, 0x08C4, 0x08C4, 0x08C4, 0x08C4, 0x08C4, 0x08C4, 0x08C4, 0x08C4, \
        0x08C4, 0x08C4, 0x08C4, 0x08C4, 0x08C4, 0x08C4, 0x08C4, 0x08C4, 0x08C4, 0x08C4, 0x08C4, 0x08C4, \
        0x08C4, 0x08C4, 0x08C4, 0x08C4, 0x08C4, 0x08C4, 0x08C4, 0x08C4, 0x08C4, 0x08C4, 0x08C4, 0x08C4, \
        0x08C4, 0x08C4, 0x10E4, 0x1104, 0x08E4, 0x08C4, 0x08C4, 0x08C4, 0x08C4, 0x08C4, 0x08C4, 0x08C4, \
        0x08C4, 0x08C4, 0x08C4, 0x08C4, 0x08C4, 0x08C4, 0x08C4, 0x08C4, 0x08C4, 0x08C4, 0x08C4, 0x08C4, \
        0x08C4, 0x08C4, 0x08C4, 0x08C4, 0x08C4, 0x08C4, 0x08C4, 0x08C4, 0x08C4, 0x08C4, 0x08C4, 0x08C4, \
        0x08C4, 0x08C4, 0x08C4, 0x08C4, 0x08C4, 0x08C4, 0x08C4, 0x08C4, 0x08C4, 0x08C4, 0x08C4, 0x10E4, \
        0x08E4, 0x08C4, 0x08C4, 0x08C4, 0x08C4, 0x08C4, 0x08C4, 0x08C4, 0x08C4, 0x08C4, 0x08C4, 0x08C4, \
        0x08C4, 0x08C4, 0x08C4, 0x08C4, 0x08C4, 0x08C4, 0x08C4, 0x08E4, 0x08C4, 0x08C4, 0x08C4, 0x08C4, \
        0x08C4, 0x08C4, 0x08C4, 0x08C4, 0x08C4, 0x08C4, 0x08C4, 0x08C4, 0x08C4, 0x08C4, 0x08C4, 0x08C4, \
        0x08C4, 0x08C4, 0x08C4, 0x08C4, 0x08C4, 0x08C4, 0x08C4, 0x08C4, 0x08C4, 0x08C4, 0x08C4, 0x08C4, \
        0x08C4, 0x08C4, 0x08C4, 0x08C4, 0x08C4, 0x08C4, 0x08C4, 0x08C4, 0x08C4, 0x08C4, 0x08C4, 0x08C4, \
        0x08C4, 0x08C4, 0x08C4, 0x08C4, 0x08C4, 0x08C4, 0x08C4, 0x08C4, 0x08C4, 0x08C4, 0x08C4, 0x08C4, \
        0x08C4, 0x08C4, 0x08C4, 0x08C4, 0x08C4, 0x08C4, 0x08C4, 0x08C4, 0x08C4, 0x08C4, 0x08C4, 0x08C4, \
        0x08C4, 0x08C4, 0x08C4, 0x08C4, 0x08C4, 0x08C4, 0x08C4, 0x08C4, 0x10E4, 0x08E4, 0x08C4, 0x08C4, \
        0x08C4, 0x08C4, 0x08C4, 0x08C4, 0x08C4, 0x08C4, 0x08C4, 0x08C4, 0x08C4, 0x1105, 0x08C4, 0x08C4, \
        0x08C4, 0x08C4, 0x08C4, 0x08C4, 0x08C4, 0x08C4, 0x08C4, 0x08C4, 0x08C4, 0x10E4, 0x10E4, 0x08C4, \
        0x08C4, 0x08C4, 0x08C4, 0x08C4, 0x08C4, 0x08C4, 0x08C4, 0x08C4, 0x08C4, 0x08C4, 0x08C4, 0x08C4, \
        0x08C4, 0x08C4, 0x08C4, 0x08C4, 0x08C4, 0x08C4, 0x08C4, 0x08C4, 0x08C4, 0x10E4, 0x10E4, 0x08C4, \
        0x08C4, 0x08C4, 0x08C4, 0x08C4, 0x08C4, 0x08C4, 0x08C4, 0x08C4, 0x08C4, 0x08E4, 0x10E4, 0x08C4, \
        0x08C4, 0x08C4, 0x08C4, 0x08C4, 0x08C4, 0x08C4, 0x10E4, 0x10E4, 0x08C4, 0x08C4, 0x08C4, 0x08C4, \
        0x08C4, 0x08C4, 0x08C4, 0x08C4, 0x08C4, 0x08C4, 0x08C4, 0x08C4, 0x08C4, 0x10E4, 0x08C4, 0x08C4, \
        0x08C4, 0x08C4, 0x08C4, 0x08C4, 0x08C4, 0x08C4, 0x08C4, 0x08C4, 0x08C4, 0x08C4, 0x08C4, 0x08C4, \
        0x08E4, 0x08E4, 0x08C4, 0x08C4, 0x08C4, 0x08C4, 0x08C4, 0x08C4, 0x08C4, 0x08C4, 0x08C4, 0x08C4, \
        0x08C4, 0x08C4, 0x08C4, 0x08C4, 0x08C4, 0x08C4, 0x08C4, 0x08C4, 0x08C4, 0x08C4, 0x08C4, 0x08C4, \
        0x08C4, 0x08C4, 0x08C4, 0x08C4, 0x08C4, 0x08C4, 0x10E4, 0x08C4, 0x08C4, 0x08C4, 0x08C4, 0x08C4, \
        0x08C4, 0x08C4, 0x08C4, 0x08C4, 0x08C4, 0x08C4, 0x08C4, 0x08C4, 0x08C4, 0x08C4, 0x08C4, 0x08C4, \
        0x08C4, 0x08C4, 0x08C4, 0x08C4, 0x08C4, 0x08C4, 0x08C4, 0x08C4, 0x08C4, 0x08C4, 0x08C4, 0x08C4, \
        0x08C4, 0x08C4, 0x08C4, 0x08C4, 0x08C4, 0x08C4, 0x08C4, 0x08C4, 0x08C4, 0x08C4, 0x08C4, 0x08C4, \
        0x08C4, 0x08C4, 0x08C4, 0x08C4, 0x08C4, 0x08C4, 0x08C4, 0x08C4, 0x10E4, 0x10E5, 0x08E4, 0x08C4, \
        0x08C4, 0x08C4, 0x08C4, 0x08C4, 0x08C4, 0x08C4, 0x08C4, 0x08C4, 0x08C4, 0x08C4, 0x08C4, 0x08C4, \
        0x08C4, 0x08C4, 0x08C4, 0x08C4, 0x08C4, 0x08C4, 0x08C4, 0x08C4, 0x08C4, 0x08C4, 0x08C4, 0x08C4, \
        0x08C4, 0x08C4, 0x08C4, 0x08C4, 0x08C4, 0x08C4, 0x08C4, 0x08C4, 0x08C4, 0x08C4, 0x08C4, 0x08C4, \
        0x08C4, 0x08C4, 0x08C4, 0x08C4, 0x08C4, 0x08C4, 0x08C4, 0x08C4, 0x10E4, 0x10E4, 0x08C4, 0x08C4, \
        0x08C4, 0x08C4, 0x08C4, 0x08C4, 0x08C4, 0x08C4, 0x08C4, 0x08C4, 0x08C4, 0x08C4, 0x08C4, 0x08C4, \
        0x08C4, 0x08C4, 0x08C4, 0x08E4, 0x08E4, 0x08C4, 0x08C4, 0x08C4, 0x08C4, 0x08C4, 0x08C4, 0x08C4, \
        0x08C4, 0x08C4, 0x08C4, 0x08C4, 0x08C4, 0x08C4, 0x08C4, 0x08C4, 0x08C4, 0x08C4, 0x08C4, 0x08C4, \
        0x08C4, 0x08C4, 0x08C4, 0x08C4, 0x08C4, 0x08C4, 0x08C4, 0x08C4, 0x08C4, 0x08C4, 0x08C4, 0x08C4, \
        0x08C4, 0x08C4, 0x08C4, 0x08C4, 0x08C4, 0x08C4, 0x08C4, 0x08C4, 0x08C4, 0x08C4, 0x08C4, 0x08C4, \
        0x08C4, 0x08C4, 0x08C4, 0x08C4, 0x08C4, 0x08C4, 0x08C4, 0x08C4, 0x08C4, 0x08C4, 0x08C4, 0x08C4, \
        0x08C4, 0x08C4, 0x08C4, 0x08C4, 0x08C4, 0x08C4, 0x08C4, 0x08C4, 0x08C4, 0x08C4, 0x08C4, 0x08C4, \
        0x08C4, 0x08C4, 0x08C4, 0x10E4, 0x10E4, 0x08C4, 0x08C4, 0x08C4, 0x08C4, 0x08C4, 0x08C4, 0x08C4, \
        0x08C4, 0x08C4, 0x08C4, 0x08C4, 0x10E4, 0x08E4, 0x08C4, 0x08C4, 0x08C4, 0x08C4, 0x08C4, 0x08C4, \
        0x08C4, 0x08C4, 0x08C4, 0x08C4, 0x08C4, 0x08E4, 0x08E4, 0x08C4, 0x08C4, 0x08C4, 0x08C4, 0x08C4, \
        0x08C4, 0x08C4, 0x08C4, 0x08C4, 0x08C4, 0x08C4, 0x08C4, 0x08C4, 0x08C4, 0x08C4, 0x08C4, 0x08C4, \
        0x08C4, 0x08C4, 0x08C4, 0x08C4, 0x08C4, 0x08C4, 0x1105, 0x08E4, 0x08C4, 0x08C4, 0x08C4, 0x08C4, \
        0x08C4, 0x08C4, 0x08C4, 0x08C4, 0x08C4, 0x08C4, 0x10E4, 0x08C4, 0x08C4, 0x08C4, 0x08C4, 0x08C4, \
        0x08C4, 0x08C4, 0x08E4, 0x10E4, 0x08E4, 0x08C4, 0x08C4, 0x08C4, 0x08C4, 0x08C4, 0x08C4, 0x08C4, \
        0x08C4, 0x08C4, 0x08C4, 0x08C4, 0x10E4, 0x10E4, 0x08C4, 0x08C4, 0x08C4, 0x08C4, 0x08C4, 0x08C4, \
        0x08C4, 0x08C4, 0x08C4, 0x08C4, 0x08C4, 0x08C4, 0x08C4, 0x08C4, 0x08C4, 0x08E4, 0x08C4, 0x08C4, \
        0x08C4, 0x08C4, 0x08C4, 0x08C4, 0x08C4, 0x08C4, 0x08C4, 0x08C4, 0x08C4, 0x08C4, 0x08C4, 0x08C4, \
        0x08C4, 0x08C4, 0x08C4, 0x08C4, 0x08C4, 0x08C4, 0x08C4, 0x08C4, 0x08C4, 0x08C4, 0x08C4, 0x08C4, \
        0x08C4, 0x08C4, 0x08C4, 0x10E4, 0x08E4, 0x08C4, 0x08C4, 0x08C4, 0x08C4, 0x08C4, 0x08C4, 0x08C4, \
        0x08C4, 0x08C4, 0x08C4, 0x08C4, 0x08C4, 0x08C4, 0x08C4, 0x08C4, 0x08C4, 0x08C4, 0x08C4, 0x08C4, \
        0x08C4, 0x08C4, 0x08C4, 0x08C4, 0x08C4, 0x08C4, 0x08C4, 0x08C4, 0x08C4, 0x08C4, 0x08C4, 0x08C4, \
        0x08C4, 0x08C4, 0x08C4, 0x08C4, 0x08C4, 0x08C4, 0x08C4, 0x08C4, 0x08C4, 0x08C4, 0x08C4, 0x08C4, \
        0x08C4, 0x08C4, 0x08E4, 0x10E4, 0x08E4, 0x08C4, 0x08C4, 0x08C4, 0x08C4, 0x08C4, 0x08C4, 0x08C4, \
        0x08C4, 0x08C4, 0x08C4, 0x08C4, 0x08C4, 0x08C4, 0x08C4, 0x08C4, 0x08C4, 0x08C4, 0x08C4, 0x08C4, \
        0x08C4, 0x08C4, 0x08C4, 0x08C4, 0x08C4, 0x08C4, 0x08C4, 0x08C4, 0x08C4, 0x08C4, 0x08C4, 0x08C4, \
        0x08C4, 0x08C4, 0x08C4, 0x08C4, 0x08C4, 0x08C4, 0x08C4, 0x08C4, 0x08C4, 0x08C4, 0x08C4, 0x08C4, \
        0x08C4, 0x08C4, 0x08C4, 0x08C4, 0x08C4, 0x08E4, 0x08E4, 0x08C4, 0x08C4, 0x08C4, 0x08C4, 0x08C4, \
        0x08C4, 0x08C4, 0x08C4, 0x08C4, 0x08C4, 0x08C4, 0x08C4, 0x08C4, 0x08C4, 0x08C4, 0x08C4, 0x08E4, \
        0x08E4, 0x08C4, 0x08C4, 0x08C4, 0x08C4, 0x08C4, 0x08C4, 0x08C4, 0x08C4, 0x08C4, 0x08C4, 0x08C4, \
        0x08C4, 0x08C4, 0x08C4, 0x08C4, 0x08C4, 0x08C4, 0x08C4, 0x08C4, 0x08C4, 0x08C4, 0x08C4, 0x08C4, \
        0x08C4, 0x08C4, 0x08C4, 0x08C4, 0x08C4, 0x08C4, 0x08C4, 0x08C4, 0x08C4, 0x08C4, 0x08C4, 0x08C4, \
        0x08C4, 0x08C4, 0x08C4, 0x08C4, 0x08C4, 0x08C4, 0x08C4, 0x08C4, 0x08C4, 0x08C4, 0x08C4, 0x08C4, \
        0x08C4, 0x08C4, 0x08C4, 0x08C4, 0x08C4, 0x08C4, 0x08C4, 0x08C4, 0x08C4, 0x08C4, 0x08C4, 0x08C4, \
        0x08C4, 0x08C4, 0x08C4, 0x08C4, 0x08C4, 0x08C4, 0x08C4, 0x08C4, 0x08C4, 0x08E4, 0x10E4, 0x08E4, \
        0x08C4, 0x08C4, 0x08C4, 0x08C4, 0x08C4, 0x08C4, 0x08C4, 0x08C4, 0x08C4, 0x08C4, 0x08C4, 0x08E4, \
        0x08E4, 0x08C4, 0x08C4, 0x08C4, 0x08C4, 0x08C4, 0x08C4, 0x08C4, 0x08C4, 0x08C4, 0x08C4, 0x08C4, \
        0x08E4, 0x08E4, 0x08C4, 0x08C4, 0x08C4, 0x08C4, 0x08C4, 0x08C4, 0x08C4, 0x08C4, 0x08C4, 0x08C4, \
        0x08C4, 0x08C4, 0x08C4, 0x08C4, 0x08C4, 0x08C4, 0x08C4, 0x08C4, 0x08C4, 0x08C4, 0x08C4, 0x08C4, \
        0x08C4, 0x08C4, 0x08C4, 0x10E4, 0x08C4, 0x08C4, 0x08C4, 0x08C4, 0x08C4, 0x08C4, 0x08C4, 0x08C4, \
        0x08C4, 0x08C4, 0x08E4, 0x10E4, 0x08C4, 0x08C4, 0x08C4, 0x08C4, 0x08C4, 0x08C4, 0x08C4, 0x10E4, \
        0x10E4, 0x08C4, 0x08C4, 0x08C4, 0x08C4, 0x08C4, 0x08C4, 0x08C4, 0x08C4, 0x08C4, 0x08C4, 0x10E4, \
        0x10E4, 0x08C4, 0x08C4, 0x08C4, 0x08C4, 0x08C4, 0x08C4, 0x08C4, 0x08C4, 0x08C4, 0x08C4, 0x08C4, \
        0x08C4, 0x08C4, 0x08C4, 0x08C4, 0x08C4, 0x08E4, 0x08E4, 0x08C4, 0x08C4, 0x08C4, 0x08C4, 0x08C4, \
        0x08C4, 0x08C4, 0x08C4, 0x08C4, 0x08C4, 0x08C4, 0x08C4, 0x08C4, 0x08C4, 0x08C4, 0x08C4, 0x08C4, \
        0x08C4, 0x08C4, 0x08C4, 0x08C4, 0x08C4, 0x08C4, 0x08C4, 0x08C4, 0x08C4, 0x08C4, 0x08C4, 0x08E4, \
        0x10E4, 0x08C4, 0x08C4, 0x08C4, 0x08C4, 0x08C4, 0x08C4, 0x08C4, 0x08C4, 0x08C4, 0x08C4, 0x08C4, \
        0x08C4, 0x08C4, 0x08C4, 0x08C4, 0x08C4, 0x08C4, 0x08C4, 0x08C4, 0x08C4, 0x08C4, 0x08C4, 0x08C4, \
        0x08C4, 0x08C4, 0x08C4, 0x08C4, 0x08C4, 0x08C4, 0x08C4, 0x08C4, 0x08C4, 0x08C4, 0x08C4, 0x08C4, \
        0x08C4, 0x08C4, 0x08C4, 0x08C4, 0x08C4, 0x08C4, 0x08C4, 0x08E4, 0x10E4, 0x10E4, 0x08E4, 0x08C4, \
        0x08C4, 0x08C4, 0x08C4, 0x08C4, 0x08C4, 0x08C4, 0x08C4, 0x08C4, 0x08C4, 0x08C4, 0x08C4, 0x08C4, \
        0x08C4, 0x08C4, 0x08C4, 0x08C4, 0x08C4, 0x08C4, 0x08C4, 0x08C4, 0x08C4, 0x08C4, 0x08C4, 0x08C4, \
        0x08C4, 0x08C4, 0x08C4, 0x08C4, 0x08C4, 0x08C4, 0x08C4, 0x08C4, 0x08C4, 0x08C4, 0x08C4, 0x08C4, \
        0x08C4, 0x08C4, 0x08C4, 0x08C4, 0x08C4, 0x08C4, 0x08C4, 0x08C4, 0x08C4, 0x08C4, 0x08C4, 0x08C4, \
        0x08C4, 0x08C4, 0x08C4, 0x10E4, 0x08C4, 0x08C4, 0x08C4, 0x08C4, 0x08C4, 0x08C4, 0x08C4, 0x08C4, \
        0x08C4, 0x08C4, 0x08C4, 0x08C4, 0x08C4, 0x08C4, 0x08C4, 0x08C4, 0x10E4, 0x08C4, 0x08C4, 0x08C4, \
        0x08C4, 0x08C4, 0x08C4, 0x08C4, 0x08C4, 0x08C4, 0x08C4, 0x08C4, 0x08C4, 0x08C4, 0x08C4, 0x08C4, \
        0x08C4, 0x08C4, 0x08C4, 0x08C4, 0x08C4, 0x08C4, 0x08C4, 0x08C4, 0x08C4, 0x08C4, 0x08C4, 0x08C4, \
        0x08C4, 0x08C4, 0x08C4, 0x08C4, 0x08C4, 0x08C4, 0x08C4, 0x08C4, 0x08C4, 0x08C4, 0x08C4, 0x08C4, \
        0x08C4, 0x08C4, 0x08C4, 0x08C4, 0x08C4, 0x08C4, 0x08C4, 0x08C4, 0x08C4, 0x08C4, 0x08C4, 0x08C4, \
        0x08C4, 0x08C4, 0x08C4, 0x08C4, 0x08C4, 0x08C4, 0x08C4, 0x08C4, 0x08C4, 0x08C4, 0x08C4, 0x08C4, \
        0x08C4, 0x08C4, 0x08C4, 0x08C4, 0x08E4, 0x10E4, 0x08E4, 0x08C4, 0x08C4, 0x08C4, 0x08C4, 0x08C4, \
        0x08C4, 0x08C4, 0x08C4, 0x08C4, 0x08C4, 0x08C4, 0x08C4, 0x08E4, 0x08C4, 0x08C4, 0x08C4, 0x08C4, \
        0x08C4, 0x08C4, 0x08C4, 0x08C4, 0x08C4, 0x08C4, 0x08C4, 0x08C4, 0x08E4, 0x08C4, 0x08C4, 0x08C4, \
        0x08C4, 0x08C4, 0x08C4, 0x08C4, 0x08C4, 0x08C4, 0x08C4, 0x08C4, 0x08C4, 0x08C4, 0x08C4, 0x08C4, \
        0x08C4, 0x08C4, 0x08C4, 0x08C4, 0x08C4, 0x08C4, 0x08C4, 0x08C4, 0x08C4, 0x08C4, 0x08C4, 0x08E4, \
        0x10E4, 0x08C4, 0x08C4, 0x08C4, 0x08C4, 0x08C4, 0x08C4, 0x08C4, 0x08C4, 0x08C4, 0x08C4, 0x10E4, \
        0x08E4, 0x08C4, 0x08C4, 0x08C4, 0x08C4, 0x08C4, 0x08C4, 0x08C4, 0x08E4, 0x10E4, 0x08C4, 0x08C4, \
        0x08C4, 0x08C4, 0x08C4, 0x08C4, 0x08C4, 0x10E4, 0x10E4, 0x08E4, 0x08C4, 0x08C4, 0x08C4, 0x08C4, \
        0x08C4, 0x08C4, 0x08C4, 0x08C4, 0x08C4, 0x08C4, 0x08C4, 0x08C4, 0x08C4, 0x08C4, 0x08C4, 0x08C4, \
        0x08C4, 0x08E4, 0x08E4, 0x08C4, 0x08C4, 0x08C4, 0x08C4, 0x08C4, 0x08C4, 0x08C4, 0x08C4, 0x08C4, \
        0x08C4, 0x08C4, 0x08C4, 0x08C4, 0x08C4, 0x08C4, 0x08C4, 0x08C4, 0x08C4, 0x08C4, 0x08C4, 0x08C4, \
        0x08C4, 0x08C4, 0x08C4, 0x08C4, 0x08C4, 0x08C4, 0x08C4, 0x08C4, 0x10E4, 0x10E4, 0x08C4, 0x08C4, \
        0x08C4, 0x08C4, 0x08C4, 0x08C4, 0x08C4, 0x08C4, 0x08C4, 0x08C4, 0x08C4, 0x08C4, 0x08C4, 0x08C4, \
        0x08C4, 0x08C4, 0x08C4, 0x08C4, 0x08C4, 0x08C4, 0x08C4, 0x08C4, 0x08C4, 0x08C4, 0x08C4, 0x08C4, \
        0x08C4, 0x08C4, 0x08C4, 0x08C4, 0x08C4, 0x08C4, 0x08C4, 0x08C4, 0x08C4, 0x08C4, 0x08C4, 0x08C4, \
        0x08C4, 0x08E4, 0x10E4, 0x10E4, 0x10E4, 0x08C4, 0x08C4, 0x08C4, 0x08C4, 0x08C4, 0x08C4, 0x08C4, \
        0x08C4, 0x08C4, 0x08C4, 0x08C4, 0x08C4, 0x08C4, 0x08C4, 0x08C4, 0x08C4, 0x08C4, 0x08C4, 0x08C4, \
        0x08C4, 0x08C4, 0x08C4, 0x08C4, 0x08C4, 0x08C4, 0x08C4, 0x08C4, 0x08C4, 0x08E4, 0x10E4, 0x10E4, \
        0x08E4, 0x08C4, 0x08C4, 0x08C4, 0x08C4, 0x08C4, 0x08C4, 0x08C4, 0x08C4, 0x08C4, 0x08C4, 0x08C4, \
        0x08C4, 0x08C4, 0x08C4, 0x08C4, 0x08C4, 0x08C4, 0x08C4, 0x08C4, 0x08C4, 0x08C4, 0x08C4, 0x08E4, \
        0x10E4, 0x08C4, 0x08C4, 0x08C4, 0x08C4, 0x08C4, 0x08C4, 0x08C4, 0x08C4, 0x08C4, 0x08C4, 0x08C4, \
        0x08C4, 0x08C4, 0x08C4, 0x08C4, 0x08C4, 0x10E4, 0x08C4, 0x08C4, 0x08C4, 0x08C4, 0x08C4, 0x08C4, \
        0x08C4, 0x08C4, 0x08C4, 0x08C4, 0x08C4, 0x08C4, 0x08C4, 0x08C4, 0x08C4, 0x08C4, 0x08C4, 0x08C4, \
        0x08C4, 0x08C4, 0x08C4, 0x08C4, 0x08C4, 0x08C4, 0x08C4, 0x08C4, 0x08C4, 0x08C4, 0x08C4, 0x08C4, \
        0x08C4, 0x08C4, 0x08C4, 0x08C4, 0x08C4, 0x08C4, 0x08C4, 0x08C4, 0x08C4, 0x08C4, 0x08C4, 0x08C4, \
        0x08C4, 0x08C4, 0x08C4, 0x08C4, 0x08C4, 0x08C4, 0x08C4, 0x08C4, 0x08C4, 0x08C4, 0x08C4, 0x08C4, \
        0x08C4, 0x08C4, 0x08C4, 0x08C4, 0x08C4, 0x08C4, 0x08C4, 0x08C4, 0x08C4, 0x08C4, 0x10E4, 0x10E4, \
        0x10E4, 0x08E4, 0x08C4, 0x08C4, 0x08C4, 0x08C4, 0x08C4, 0x08C4, 0x08C4, 0x08C4, 0x08C4, 0x08C4, \
        0x08C4, 0x08C4, 0x08E4, 0x08E4, 0x08C4, 0x08C4, 0x08C4, 0x08C4, 0x08C4, 0x08C4, 0x08C4, 0x08C4, \
        0x08C4, 0x08C4, 0x08C4, 0x10E4, 0x08E4, 0x08C4, 0x08C4, 0x08C4, 0x08C4, 0x08C4, 0x08C4, 0x08C4, \
        0x08C4, 0x08C4, 0x08C4, 0x08C4, 0x08C4, 0x08C4, 0x08C4, 0x08C4, 0x08C4, 0x08C4, 0x08C4, 0x08C4, \
        0x08C4, 0x08C4, 0x08C4, 0x08C4, 0x08C4, 0x08C4, 0x08C4, 0x08C4, 0x10E4, 0x10E4, 0x08C4, 0x08C4, \
        0x08C4, 0x08C4, 0x08C4, 0x08C4, 0x08C4, 0x08C4, 0x08C4, 0x10E4, 0x10E4, 0x08C4, 0x08C4, 0x08C4, \
        0x08C4, 0x08C4, 0x08C4, 0x08C4, 0x08C4, 0x08E4, 0x10E4, 0x1104, 0x10E4, 0x10E4, 0x10E4, 0x10E4, \
        0x10E4, 0x10E4, 0x08E4, 0x08C4, 0x08C4, 0x08C4, 0x08C4, 0x08C4, 0x08C4, 0x08C4, 0x08C4, 0x08C4, \
        0x08C4, 0x08C4, 0x08C4, 0x08C4, 0x08C4, 0x08C4, 0x08C4, 0x08C4, 0x08C4, 0x08C4, 0x10E4, 0x08C4, \
        0x08C4, 0x08C4, 0x08C4, 0x08C4, 0x08C4, 0x08C4, 0x08C4, 0x08C4, 0x08C4, 0x08C4, 0x08C4, 0x08C4, \
        0x08C4, 0x08C4, 0x08C4, 0x08C4, 0x08C4, 0x08C4, 0x08C4, 0x08C4, 0x08C4, 0x08C4, 0x08C4, 0x08C4, \
        0x08C4, 0x08C4, 0x08C4, 0x08C4, 0x08C4, 0x10E4, 0x08C4, 0x08C4, 0x08C4, 0x08C4, 0x08C4, 0x08C4, \
        0x08C4, 0x08C4, 0x08C4, 0x08C4, 0x08C4, 0x08C4, 0x08C4, 0x08C4, 0x08C4, 0x08C4, 0x08C4, 0x08C4, \
        0x08C4, 0x08C4, 0x08C4, 0x08C4, 0x08C4, 0x08C4, 0x08C4, 0x08C4, 0x08C4, 0x08C4, 0x08C4, 0x08C4, \
        0x08C4, 0x08C4, 0x08C4, 0x08C4, 0x08C4, 0x08C4, 0x08C4, 0x08C4, 0x10E4, 0x08E4, 0x08E4, 0x08C4, \
        0x08C4, 0x08C4, 0x08C4, 0x08C4, 0x08C4, 0x08C4, 0x08C4, 0x08C4, 0x08C4, 0x08C4, 0x08C4, 0x08C4, \
        0x08C4, 0x08C4, 0x08C4, 0x08C4, 0x08C4, 0x08C4, 0x08C4, 0x08C4, 0x08C4, 0x08C4, 0x08C4, 0x08C4, \
        0x10E4, 0x10E4, 0x10E4, 0x10E4, 0x10E4, 0x10E4, 0x10E4, 0x10E4, 0x10E4, 0x10E4, 0x10E4, 0x1105, \
        0x08E4, 0x08C4, 0x08C4, 0x08C4, 0x08C4, 0x08C4, 0x08C4, 0x08C4, 0x08C4, 0x08C4, 0x08C4, 0x08C4, \
        0x08C4, 0x08C4, 0x08C4, 0x08C4, 0x08C4, 0x08C4, 0x08C4, 0x08C4, 0x08E4, 0x08E4, 0x08C4, 0x08C4, \
        0x08C4, 0x08C4, 0x08C4, 0x08C4, 0x08C4, 0x08C4, 0x08C4, 0x08C4, 0x08C4, 0x08C4, 0x08C4, 0x08C4, \
        0x08C4, 0x10E4, 0x08C4, 0x08C4, 0x08C4, 0x08C4, 0x08C4, 0x08C4, 0x08C4, 0x08C4, 0x08C4, 0x08C4, \
        0x08C4, 0x08C4, 0x08C4, 0x08C4, 0x08C4, 0x08C4, 0x08C4, 0x08C4, 0x08C4, 0x08C4, 0x08C4, 0x08C4, \
        0x08C4, 0x08C4, 0x08C4, 0x08C4, 0x08C4, 0x08C4, 0x08C4, 0x08C4, 0x08C4, 0x08C4, 0x08C4, 0x08C4, \
        0x08C4, 0x08C4, 0x08C4, 0x08C4, 0x08C4, 0x08C4, 0x08C4, 0x08C4, 0x08C4, 0x08C4, 0x08C4, 0x08C4, \
        0x08C4, 0x08C4, 0x08C4, 0x08C4, 0x08C4, 0x08C4, 0x08C4, 0x08C4, 0x08C4, 0x08C4, 0x08C4, 0x08C4, \
        0x08C4, 0x08C4, 0x08C4, 0x08C4, 0x08C4, 0x10E4, 0x1104, 0x10E4, 0x08C4, 0x08C4, 0x08C4, 0x08C4, \
        0x08C4, 0x08C4, 0x08C4, 0x08C4, 0x08C4, 0x08C4, 0x08C4, 0x08C4, 0x08C4, 0x08E4, 0x08E4, 0x08C4, \
        0x08C4, 0x08C4, 0x08C4, 0x08C4, 0x08C4, 0x08C4, 0x08C4, 0x08C4, 0x08C4, 0x08C4, 0x08C4, 0x1105, \
        0x08C4, 0x08C4, 0x08C4, 0x08C4, 0x08C4, 0x08C4, 0x08C4, 0x08C4, 0x08C4, 0x08C4, 0x08C4, 0x08C4, \
        0x08C4, 0x08C4, 0x08C4, 0x08C4, 0x08C4, 0x08C4, 0x08C4, 0x08C4, 0x08C4, 0x08C4, 0x08C4, 0x08C4, \
        0x08C4, 0x08C4, 0x08C4, 0x08C4, 0x08C4, 0x10E4, 0x08E4, 0x08C4, 0x08C4, 0x08C4, 0x08C4, 0x08C4, \
        0x08C4, 0x08C4, 0x08C4, 0x08C4, 0x10E4, 0x08E4, 0x08C4, 0x08C4, 0x08C4, 0x08C4, 0x08C4, 0x08C4, \
        0x08C4, 0x08C4, 0x08C4, 0x10E4, 0x08E4, 0x08E4, 0x08E4, 0x08E4, 0x08C4, 0x08C4, 0x08C4, 0x08C4, \
        0x08C4, 0x08C4, 0x08C4, 0x08C4, 0x08C4, 0x08C4, 0x08C4, 0x08C4, 0x08C4, 0x08C4, 0x08C4, 0x08C4, \
        0x08C4, 0x08C4, 0x08C4, 0x08C4, 0x08C4, 0x08C4, 0x10E4, 0x08E4, 0x08C4, 0x08C4, 0x08C4, 0x08C4, \
        0x08C4, 0x08C4, 0x08C4, 0x08C4, 0x08C4, 0x08C4, 0x08C4, 0x08C4, 0x08C4, 0x08C4, 0x08C4, 0x08C4, \
        0x08C4, 0x08C4, 0x08C4, 0x08C4, 0x08C4, 0x08C4, 0x08C4, 0x08C4, 0x08C4, 0x08C4, 0x08C4, 0x08C4, \
        0x08C4, 0x08E4, 0x08E4, 0x08C4, 0x08C4, 0x08C4, 0x08C4, 0x08C4, 0x08C4, 0x08C4, 0x08C4, 0x08C4, \
        0x08C4, 0x08C4, 0x08C4, 0x08C4, 0x08C4, 0x08C4, 0x08C4, 0x08C4, 0x08C4, 0x08C4, 0x08C4, 0x08C4, \
        0x08C4, 0x08C4, 0x08C4, 0x08C4, 0x08C4, 0x08C4, 0x08C4, 0x08C4, 0x08C4, 0x08C4, 0x08C4, 0x08C4, \
        0x08C4, 0x08C4, 0x10E4, 0x10E4, 0x08E4, 0x08C4, 0x08C4, 0x08C4, 0x08C4, 0x08C4, 0x08C4, 0x08C4, \
        0x08C4, 0x08C4, 0x08C4, 0x08C4, 0x08C4, 0x08C4, 0x08C4, 0x08C4, 0x08C4, 0x08C4, 0x08C4, 0x08C4, \
        0x08C4, 0x08C4, 0x08C4, 0x08C4, 0x08C4, 0x1105, 0x1105, 0x10E4, 0x08E4, 0x08E4, 0x08E4, 0x08C4, \
        0x08C4, 0x08C4, 0x08C4, 0x08C4, 0x08C4, 0x08C4, 0x08C4, 0x08E4, 0x10E4, 0x10E4, 0x10E4, 0x08C4, \
        0x08C4, 0x08C4, 0x08C4, 0x08C4, 0x08C4, 0x08C4, 0x08C4, 0x08C4, 0x08C4, 0x08C4, 0x08C4, 0x08C4, \
        0x08C4, 0x08C4, 0x08C4, 0x08C4, 0x08C4, 0x10E4, 0x10E4, 0x08C4, 0x08C4, 0x08C4, 0x08C4, 0x08C4, \
        0x08C4, 0x08C4, 0x08C4, 0x08C4, 0x08C4, 0x08C4, 0x08C4, 0x08C4, 0x08C4, 0x08E4, 0x10E4, 0x08C4, \
        0x08C4, 0x08C4, 0x08C4, 0x08C4, 0x08C4, 0x08C4, 0x08C4, 0x08C4, 0x08C4, 0x08C4, 0x08C4, 0x08C4, \
        0x08C4, 0x08C4, 0x08C4, 0x08C4, 0x08C4, 0x08C4, 0x08C4, 0x08C4, 0x08C4, 0x08C4, 0x08C4, 0x08C4, \
        0x08C4, 0x08C4, 0x08C4, 0x08C4, 0x08C4, 0x08C4, 0x08C4, 0x08C4, 0x08C4, 0x08C4, 0x08C4, 0x08C4, \
        0x08C4, 0x08C4, 0x08C4, 0x08C4, 0x08C4, 0x08C4, 0x08C4, 0x08C4, 0x08C4, 0x08C4, 0x08C4, 0x08C4, \
        0x08C4, 0x08C4, 0x08C4, 0x08C4, 0x08C4, 0x08C4, 0x08C4, 0x08C4, 0x08C4, 0x08C4, 0x08C4, 0x08C4, \
        0x1105, 0x10E4, 0x08C4, 0x08C4, 0x08C4, 0x08C4, 0x08C4, 0x08C4, 0x08C4, 0x08C4, 0x08C4, 0x08C4, \
        0x08C4, 0x08C4, 0x08C4, 0x08C4, 0x08E4, 0x08E4, 0x08C4, 0x08C4, 0x08C4, 0x08C4, 0x08C4, 0x08C4, \
        0x08C4, 0x08C4, 0x08C4, 0x08C4, 0x08C4, 0x08C4, 0x10E4, 0x08E4, 0x08C4, 0x08C4, 0x08C4, 0x08C4, \
        0x08C4, 0x08C4, 0x08C4, 0x08C4, 0x08C4, 0x08C4, 0x08C4, 0x08C4, 0x08C4, 0x08C4, 0x08C4, 0x08C4, \
        0x08C4, 0x08C4, 0x08C4, 0x08C4, 0x08C4, 0x08C4, 0x08C4, 0x08C4, 0x08C4, 0x08C4, 0x08C4, 0x08C4, \
        0x08C4, 0x08C4, 0x1104, 0x08C4, 0x08C4, 0x08C4, 0x08C4, 0x08C4, 0x08C4, 0x08C4, 0x08C4, 0x08C4, \
        0x10E4, 0x10E4, 0x08C4, 0x08C4, 0x08C4, 0x08C4, 0x08C4, 0x08C4, 0x08C4, 0x08C4, 0x08C4, 0x08C4, \
        0x08C4, 0x08C4, 0x08C4, 0x08C4, 0x08C4, 0x08C4, 0x08C4, 0x08C4, 0x08C4, 0x08C4, 0x08C4, 0x08C4, \
        0x08C4, 0x08C4, 0x08C4, 0x08C4, 0x08C4, 0x08C4, 0x08C4, 0x08C4, 0x08C4, 0x08C4, 0x08C4, 0x08C4, \
        0x08C4, 0x08E4, 0x10E4, 0x08C4, 0x08C4, 0x08C4, 0x08C4, 0x08C4, 0x08C4, 0x08C4, 0x08C4, 0x08C4, \
        0x08C4, 0x08C4, 0x08C4, 0x08C4, 0x08C4, 0x08C4, 0x08C4, 0x08C4, 0x08C4, 0x08C4, 0x08C4, 0x08C4, \
        0x08C4, 0x08C4, 0x08C4, 0x08C4, 0x08C4, 0x08C4, 0x08C4, 0x08C4, 0x08C4, 0x08C4, 0x08E4, 0x08C4, \
        0x08C4, 0x08C4, 0x08C4, 0x08C4, 0x08C4, 0x08C4, 0x08C4, 0x08C4, 0x08C4, 0x08C4, 0x08C4, 0x08C4, \
        0x08C4, 0x08C4, 0x08C4, 0x08C4, 0x08C4, 0x08C4, 0x08C4, 0x08C4, 0x08C4, 0x08C4, 0x08C4, 0x08C4, \
        0x08C4, 0x08C4, 0x08C4, 0x08C4, 0x08C4, 0x08C4, 0x08C4, 0x08C4, 0x08E4, 0x10E4, 0x08E4, 0x08C4, \
        0x08C4, 0x08C4, 0x08C4, 0x08C4, 0x08C4, 0x08C4, 0x08C4, 0x08C4, 0x08C4, 0x08C4, 0x08C4, 0x08C4, \
        0x08C4, 0x08C4, 0x08C4, 0x08C4, 0x08C4, 0x08C4, 0x08C4, 0x08C4, 0x08C4, 0x08C4, 0x10E4, 0x1105, \
        0x08E4, 0x08C4, 0x08C4, 0x08C4, 0x08C4, 0x08C4, 0x08C4, 0x08C4, 0x08C4, 0x08C4, 0x08C4, 0x08C4, \
        0x08C4, 0x08C4, 0x08C4, 0x08C4, 0x08C4, 0x08C4, 0x08E4, 0x1105, 0x08E4, 0x08C4, 0x08C4, 0x08C4, \
        0x08C4, 0x08C4, 0x08C4, 0x08C4, 0x08C4, 0x08C4, 0x08C4, 0x08C4, 0x08C4, 0x08C4, 0x08C4, 0x08C4, \
        0x08C4, 0x08C4, 0x1104, 0x08C4, 0x08C4, 0x08C4, 0x08C4, 0x08C4, 0x08C4, 0x08C4, 0x08C4, 0x08C4, \
        0x08C4, 0x08C4, 0x08C4, 0x08C4, 0x08C4, 0x08C4, 0x0905, 0x08C4, 0x08C4, 0x08C4, 0x08C4, 0x08C4, \
        0x08C4, 0x08C4, 0x08C4, 0x08C4, 0x08C4, 0x08C4, 0x08C4, 0x08C4, 0x08C4, 0x08C4, 0x08C4, 0x08C4, \
        0x08C4, 0x08C4, 0x08C4, 0x08C4, 0x08C4, 0x08C4, 0x08C4, 0x08C4, 0x08C4, 0x08C4, 0x08C4, 0x08C4, \
        0x08C4, 0x08C4, 0x08C4, 0x08C4, 0x08C4, 0x08C4, 0x08C4, 0x08C4, 0x08C4, 0x08C4, 0x08C4, 0x08C4, \
        0x08C4, 0x08C4, 0x08C4, 0x08C4, 0x08C4, 0x08C4, 0x08C4, 0x08C4, 0x08C4, 0x08C4, 0x08C4, 0x08C4, \
        0x08C4, 0x08C4, 0x08C4, 0x08C4, 0x08C4, 0x08C4, 0x10E4, 0x1105, 0x08C4, 0x08C4, 0x08C4, 0x08C4, \
        0x08C4, 0x08C4, 0x08C4, 0x08C4, 0x08C4, 0x08C4, 0x08C4, 0x08C4, 0x08C4, 0x08C4, 0x08C4, 0x08C4, \
        0x10E4, 0x08C4, 0x08C4, 0x08C4, 0x08C4, 0x08C4, 0x08C4, 0x08C4, 0x08C4, 0x08C4, 0x08C4, 0x08C4, \
        0x08C4, 0x08E4, 0x08E4, 0x08C4, 0x08C4, 0x08C4, 0x08C4, 0x08C4, 0x08C4, 0x08C4, 0x08C4, 0x08C4, \
        0x08C4, 0x08C4, 0x08C4, 0x08C4, 0x08C4, 0x08C4, 0x08C4, 0x08C4, 0x08C4, 0x08C4, 0x08C4, 0x08C4, \
        0x08C4, 0x08C4, 0x08C4, 0x08C4, 0x08C4, 0x08C4, 0x08C4, 0x08C4, 0x08C4, 0x08C4, 0x10E4, 0x10E4, \
        0x08C4, 0x08C4, 0x08C4, 0x08C4, 0x08C4, 0x08C4, 0x08C4, 0x08C4, 0x08C4, 0x10E4, 0x08E4, 0x08C4, \
        0x08C4, 0x08C4, 0x08C4, 0x08C4, 0x08C4, 0x08C4, 0x08C4, 0x08C4, 0x08C4, 0x08C4, 0x08C4, 0x08C4, \
        0x08C4, 0x08C4, 0x08C4, 0x08C4, 0x08C4, 0x08C4, 0x08C4, 0x08C4, 0x08C4, 0x08C4, 0x08C4, 0x08C4, \
        0x08C4, 0x08C4, 0x08C4, 0x08C4, 0x08C4, 0x08C4, 0x08C4, 0x08C4, 0x08C4, 0x10E4, 0x10E4, 0x08C4, \
        0x08C4, 0x08C4, 0x08C4, 0x08C4, 0x08C4, 0x08C4, 0x08C4, 0x08C4, 0x08C4, 0x08C4, 0x08C4, 0x08C4, \
        0x08C4, 0x08C4, 0x08C4, 0x08C4, 0x08C4, 0x08C4, 0x08C4, 0x08C4, 0x08C4, 0x08C4, 0x08C4, 0x08C4, \
        0x08C4, 0x08C4, 0x08C4, 0x08C4, 0x08C4, 0x08C4, 0x10E4, 0x08C4, 0x08C4, 0x08C4, 0x08C4, 0x08C4, \
        0x08C4, 0x08C4, 0x08C4, 0x08C4, 0x08C4, 0x08C4, 0x08C4, 0x08C4, 0x08C4, 0x08C4, 0x08C4, 0x08C4, \
        0x08C4, 0x08C4, 0x08C4, 0x08C4, 0x08C4, 0x08C4, 0x08C4, 0x08C4, 0x08C4, 0x08C4, 0x08C4, 0x08C4, \
        0x08C4, 0x08C4, 0x08C4, 0x1104, 0x10E4, 0x08C4, 0x08C4, 0x08C4, 0x08C4, 0x08C4, 0x08C4, 0x08C4, \
        0x08C4, 0x08C4, 0x08C4, 0x08C4, 0x08C4, 0x08C4, 0x08C4, 0x08C4, 0x08C4, 0x08C4, 0x08C4, 0x08C4, \
        0x08C4, 0x08C4, 0x08C4, 0x08C4, 0x10E4, 0x1105, 0x10E4, 0x08C4, 0x08C4, 0x08C4, 0x08C4, 0x08C4, \
        0x08C4, 0x08C4, 0x08C4, 0x08C4, 0x08C4, 0x08C4, 0x08C4, 0x08C4, 0x08C4, 0x08C4, 0x08C4, 0x08C4, \
        0x08C4, 0x08C4, 0x08C4, 0x08C4, 0x10E4, 0x10E4, 0x08C4, 0x08C4, 0x08C4, 0x08C4, 0x08C4, 0x08C4, \
        0x08C4, 0x08C4, 0x08C4, 0x08C4, 0x08C4, 0x08C4, 0x08C4, 0x08C4, 0x08C4, 0x08C4, 0x08E4, 0x1105, \
        0x08C4, 0x08C4, 0x08C4, 0x08C4, 0x08C4, 0x08C4, 0x08C4, 0x08C4, 0x08C4, 0x08C4, 0x08C4, 0x08C4, \
        0x08C4, 0x08C4, 0x08E4, 0x08C4, 0x08C4, 0x08C4, 0x08C4, 0x08C4, 0x08C4, 0x08C4, 0x08C4, 0x08C4, \
        0x08C4, 0x08C4, 0x08C4, 0x08C4, 0x08C4, 0x08C4, 0x08C4, 0x08C4, 0x08C4, 0x08C4, 0x08C4, 0x08C4, \
        0x08C4, 0x08C4, 0x08C4, 0x08C4, 0x08C4, 0x08C4, 0x08C4, 0x08C4, 0x08C4, 0x08C4, 0x08C4, 0x08C4, \
        0x08C4, 0x08C4, 0x08C4, 0x08C4, 0x08C4, 0x08C4, 0x08C4, 0x08C4, 0x08C4, 0x08C4, 0x08C4, 0x08C4, \
        0x08C4, 0x08C4, 0x08C4, 0x08C4, 0x08C4, 0x08C4, 0x08C4, 0x08C4, 0x08C4, 0x08C4, 0x08C4, 0x08C4, \
        0x10E4, 0x1105, 0x08E4, 0x08C4, 0x08C4, 0x08C4, 0x08C4, 0x08C4, 0x08C4, 0x08C4, 0x08C4, 0x08C4, \
        0x08C4, 0x08C4, 0x08C4, 0x08C4, 0x08C4, 0x08C4, 0x08E4, 0x1105, 0x08C4, 0x08C4, 0x08C4, 0x08C4, \
        0x08C4, 0x08C4, 0x08C4, 0x08C4, 0x08C4, 0x08C4, 0x08C4, 0x08C4, 0x08C4, 0x1105, 0x08C4, 0x08C4, \
        0x08C4, 0x08C4, 0x08C4, 0x08C4, 0x08C4, 0x08C4, 0x08C4, 0x08C4, 0x08C4, 0x08C4, 0x08C4, 0x08C4, \
        0x08C4, 0x08C4, 0x08C4, 0x08C4, 0x08C4, 0x08C4, 0x08C4, 0x08C4, 0x08C4, 0x08C4, 0x08C4, 0x08C4, \
        0x08C4, 0x08C4, 0x08C4, 0x08C4, 0x08C4, 0x08C4, 0x08C4, 0x10E4, 0x08C4, 0x08C4, 0x08C4, 0x08C4, \
        0x08C4, 0x08C4, 0x08C4, 0x08C4, 0x08C4, 0x08E4, 0x08E4, 0x08C4, 0x08C4, 0x08C4, 0x08C4, 0x08C4, \
        0x08C4, 0x08C4, 0x08C4, 0x08C4, 0x08C4, 0x08C4, 0x08C4, 0x08C4, 0x08C4, 0x08C4, 0x08C4, 0x08C4, \
        0x08C4, 0x08C4, 0x08C4, 0x08C4, 0x08C4, 0x08C4, 0x08C4, 0x08C4, 0x08C4, 0x08C4, 0x08C4, 0x08C4, \
        0x08C4, 0x08C4, 0x08C4, 0x08C4, 0x08E4, 0x10E4, 0x10E4, 0x08C4, 0x08C4, 0x08C4, 0x08C4, 0x08C4, \
        0x08C4, 0x08C4, 0x08C4, 0x08C4, 0x08C4, 0x08C4, 0x08C4, 0x08C4, 0x08C4, 0x08C4, 0x08C4, 0x08C4, \
        0x08C4, 0x08C4, 0x08C4, 0x08C4, 0x08C4, 0x08C4, 0x08C4, 0x08C4, 0x08C4, 0x08C4, 0x08C4, 0x08C4, \
        0x08C4, 0x08C4, 0x1105, 0x08C4, 0x08C4, 0x08C4, 0x08C4, 0x08C4, 0x08C4, 0x08C4, 0x08C4, 0x08C4, \
        0x08C4, 0x08C4, 0x08C4, 0x08C4, 0x08C4, 0x08C4, 0x08C4, 0x08C4, 0x08C4, 0x08C4, 0x08C4, 0x08C4, \
        0x08C4, 0x08C4, 0x08C4, 0x08C4, 0x08C4, 0x08C4, 0x08C4, 0x08C4, 0x08C4, 0x10E4, 0x1105, 0x08C4, \
        0x08C4, 0x08C4, 0x08C4, 0x08C4, 0x08C4, 0x08C4, 0x08C4, 0x08C4, 0x08C4, 0x08C4, 0x08C4, 0x08C4, \
        0x08C4, 0x08C4, 0x08C4, 0x08C4, 0x08C4, 0x08C4, 0x08C4, 0x08C4, 0x08C4, 0x10E4, 0x10E4, 0x1105, \
        0x08E4, 0x08C4, 0x08C4, 0x08C4, 0x08C4, 0x08C4, 0x08C4, 0x08C4, 0x08C4, 0x08C4, 0x08C4, 0x08C4, \
        0x08C4, 0x08C4, 0x08C4, 0x08C4, 0x08C4, 0x08C4, 0x08C4, 0x08C4, 0x08C4, 0x08C4, 0x08C4, 0x08C4, \
        0x08C4, 0x10E4, 0x10E4, 0x08C4, 0x08C4, 0x08C4, 0x08C4, 0x08C4, 0x08C4, 0x08C4, 0x08C4, 0x08C4, \
        0x08C4, 0x08C4, 0x08C4, 0x08C4, 0x08C4, 0x08C4, 0x08C4, 0x10E4, 0x10E4, 0x08C4, 0x08C4, 0x08C4, \
        0x08C4, 0x08C4, 0x08C4, 0x08C4, 0x08C4, 0x08C4, 0x08C4, 0x08C4, 0x08C4, 0x08C4, 0x08C4, 0x08E4, \
        0x08C4, 0x08C4, 0x08C4, 0x08C4, 0x08C4, 0x08C4, 0x08C4, 0x08C4, 0x08C4, 0x08C4, 0x08C4, 0x08C4, \
        0x08C4, 0x08C4, 0x08C4, 0x08C4, 0x08C4, 0x08C4, 0x08C4, 0x08C4, 0x08C4, 0x08C4, 0x08C4, 0x08C4, \
        0x08C4, 0x08C4, 0x08C4, 0x08C4, 0x08C4, 0x08C4, 0x08C4, 0x08C4, 0x08C4, 0x08C4, 0x08C4, 0x08C4, \
        0x08C4, 0x08C4, 0x08C4, 0x08C4, 0x08C4, 0x08C4, 0x08C4, 0x08C4, 0x08C4, 0x08C4, 0x08C4, 0x08C4, \
        0x08C4, 0x08C4, 0x08C4, 0x08C4, 0x08C4, 0x08E4, 0x08E4, 0x10E5, 0x08E4, 0x08C4, 0x08C4, 0x08C4, \
        0x08C4, 0x08C4, 0x08C4, 0x08C4, 0x08C4, 0x08C4, 0x08C4, 0x08C4, 0x08C4, 0x08C4, 0x08C4, 0x08C4, \
        0x08C4, 0x10E4, 0x08E4, 0x08C4, 0x08C4, 0x08C4, 0x08C4, 0x08C4, 0x08C4, 0x08C4, 0x08C4, 0x08C4, \
        0x08C4, 0x08C4, 0x08C4, 0x08C4, 0x08E4, 0x08C4, 0x08C4, 0x08C4, 0x08C4, 0x08C4, 0x08C4, 0x08C4, \
        0x08C4, 0x08C4, 0x08C4, 0x08C4, 0x08C4, 0x08C4, 0x08C4, 0x08C4, 0x08C4, 0x08C4, 0x08C4, 0x08C4, \
        0x08C4, 0x08C4, 0x08C4, 0x08C4, 0x08C4, 0x08C4, 0x08C4, 0x08C4, 0x08C4, 0x08C4, 0x08C4, 0x08C4, \
        0x08C4, 0x08C4, 0x08C4, 0x08E4, 0x10E4, 0x08C4, 0x08C4, 0x08C4, 0x08C4, 0x08C4, 0x08C4, 0x08C4, \
        0x08C4, 0x08C4, 0x10E5, 0x08C4, 0x08C4, 0x08C4, 0x08C4, 0x08C4, 0x08C4, 0x08C4, 0x08C4, 0x08C4, \
        0x08C4, 0x08C4, 0x08C4, 0x08C4, 0x08C4, 0x08C4, 0x08C4, 0x08C4, 0x08C4, 0x08C4, 0x08C4, 0x08C4, \
        0x08C4, 0x08C4, 0x08C4, 0x08C4, 0x08C4, 0x08C4, 0x08C4, 0x08C4, 0x08C4, 0x08C4, 0x08C4, 0x08C4, \
        0x10E4, 0x10E4, 0x08C4, 0x08C4, 0x08C4, 0x08C4, 0x08C4, 0x08C4, 0x08C4, 0x08C4, 0x08C4, 0x08C4, \
        0x08C4, 0x08C4, 0x08C4, 0x08C4, 0x08C4, 0x08C4, 0x08C4, 0x08C4, 0x08C4, 0x08C4, 0x08C4, 0x08C4, \
        0x08C4, 0x08C4, 0x08C4, 0x08C4, 0x08C4, 0x08C4, 0x08C4, 0x08C4, 0x08C4, 0x08C4, 0x10E4, 0x08C4, \
        0x08C4, 0x08C4, 0x08C4, 0x08C4, 0x08C4, 0x08C4, 0x08C4, 0x08C4, 0x08C4, 0x08C4, 0x08C4, 0x08C4, \
        0x08C4, 0x08C4, 0x08C4, 0x08C4, 0x08C4, 0x08C4, 0x08C4, 0x08C4, 0x08C4, 0x08C4, 0x08C4, 0x08C4, \
        0x08C4, 0x08C4, 0x08C4, 0x10E4, 0x10E4, 0x08E4, 0x08C4, 0x08C4, 0x08C4, 0x08C4, 0x08C4, 0x08C4, \
        0x08C4, 0x08C4, 0x08C4, 0x08C4, 0x08C4, 0x08C4, 0x08C4, 0x08C4, 0x08C4, 0x08C4, 0x08C4, 0x08C4, \
        0x08C4, 0x08C4, 0x08C4, 0x10E4, 0x10E4, 0x1105, 0x10E4, 0x08C4, 0x08C4, 0x08C4, 0x08C4, 0x08C4, \
        0x08C4, 0x08C4, 0x08C4, 0x08C4, 0x08C4, 0x08C4, 0x08C4, 0x08C4, 0x08C4, 0x08C4, 0x08C4, 0x08C4, \
        0x08C4, 0x08C4, 0x08C4, 0x08C4, 0x08C4, 0x08C4, 0x08C4, 0x08C4, 0x08C4, 0x08C4, 0x10E4, 0x10E4, \
        0x08C4, 0x08C4, 0x08C4, 0x08C4, 0x08C4, 0x08C4, 0x08C4, 0x08C4, 0x08C4, 0x08C4, 0x08C4, 0x08C4, \
        0x08C4, 0x08C4, 0x08C4, 0x08C4, 0x1105, 0x08C4, 0x08C4, 0x08C4, 0x08C4, 0x08C4, 0x08C4, 0x08C4, \
        0x08C4, 0x08C4, 0x08C4, 0x08C4, 0x08C4, 0x08C4, 0x08C4, 0x10E4, 0x08C4, 0x08C4, 0x08C4, 0x08C4, \
        0x08C4, 0x08C4, 0x08C4, 0x08C4, 0x08C4, 0x08C4, 0x08C4, 0x08C4, 0x08C4, 0x08C4, 0x08C4, 0x08C4, \
        0x08C4, 0x08C4, 0x08C4, 0x08C4, 0x08C4, 0x08C4, 0x08C4, 0x08C4, 0x08C4, 0x08C4, 0x08C4, 0x08C4, \
        0x08C4, 0x08C4, 0x08C4, 0x08C4, 0x08C4, 0x08C4, 0x08C4, 0x08C4, 0x08C4, 0x08C4, 0x08C4, 0x08C4, \
        0x08C4, 0x08C4, 0x08C4, 0x08C4, 0x08C4, 0x08C4, 0x08C4, 0x08C4, 0x08C4, 0x08C4, 0x08E4, 0x08E4, \
        0x10E4, 0x08E4, 0x08C4, 0x08C4, 0x08C4, 0x08C4, 0x08C4, 0x08C4, 0x08C4, 0x08C4, 0x08C4, 0x08C4, \
        0x08C4, 0x08C4, 0x08C4, 0x08C4, 0x08C4, 0x08C4, 0x08C4, 0x08C4, 0x08E4, 0x08E4, 0x08C4, 0x08C4, \
        0x08C4, 0x08C4, 0x08C4, 0x08C4, 0x08C4, 0x08C4, 0x08C4, 0x08C4, 0x08C4, 0x08C4, 0x08C4, 0x08E4, \
        0x08E4, 0x08C4, 0x08C4, 0x08C4, 0x08C4, 0x08C4, 0x08C4, 0x08C4, 0x08C4, 0x08C4, 0x08C4, 0x08C4, \
        0x08C4, 0x08C4, 0x08C4, 0x08C4, 0x08C4, 0x08C4, 0x08C4, 0x08C4, 0x08E4, 0x08E4, 0x10E4, 0x08C4, \
        0x08C4, 0x08C4, 0x08C4, 0x08C4, 0x08C4, 0x08C4, 0x08C4, 0x08C4, 0x08C4, 0x08C4, 0x08C4, 0x08C4, \
        0x10E4, 0x08E4, 0x08C4, 0x08C4, 0x08C4, 0x08C4, 0x08C4, 0x08C4, 0x08C4, 0x08C4, 0x08E4, 0x08E4, \
        0x08C4, 0x08C4, 0x08C4, 0x08C4, 0x08C4, 0x08C4, 0x08C4, 0x08C4, 0x08C4, 0x08C4, 0x08C4, 0x08C4, \
        0x08C4, 0x08C4, 0x08C4, 0x08C4, 0x08C4, 0x08C4, 0x08C4, 0x08C4, 0x08C4, 0x08C4, 0x08C4, 0x08C4, \
        0x08C4, 0x08C4, 0x08C4, 0x08C4, 0x08C4, 0x08C4, 0x08E4, 0x08E4, 0x10E4, 0x08C4, 0x08C4, 0x08C4, \
        0x08C4, 0x08C4, 0x08C4, 0x08C4, 0x08C4, 0x08C4, 0x08C4, 0x08C4, 0x08C4, 0x08C4, 0x08C4, 0x08C4, \
        0x08C4, 0x08C4, 0x08C4, 0x08C4, 0x08C4, 0x08C4, 0x08C4, 0x08C4, 0x08C4, 0x08C4, 0x08C4, 0x08C4, \
        0x08C4, 0x08C4, 0x08C4, 0x08C4, 0x08C4, 0x08C4, 0x1105, 0x08C4, 0x08C4, 0x08C4, 0x08C4, 0x08C4, \
        0x08C4, 0x08C4, 0x08C4, 0x08C4, 0x08C4, 0x08C4, 0x08C4, 0x08C4, 0x08C4, 0x08C4, 0x08C4, 0x08C4, \
        0x08C4, 0x08C4, 0x08C4, 0x08C4, 0x08C4, 0x08C4, 0x08C4, 0x08C4, 0x08C4, 0x10E4, 0x10E4, 0x08E4, \
        0x08C4, 0x08C4, 0x08C4, 0x08C4, 0x08C4, 0x08C4, 0x08C4, 0x08C4, 0x08C4, 0x08C4, 0x08C4, 0x08C4, \
        0x08C4, 0x08C4, 0x08C4, 0x08C4, 0x08C4, 0x08C4, 0x08C4, 0x08C4, 0x08C4, 0x08E4, 0x10E4, 0x10E4, \
        0x10E4, 0x08C4, 0x08C4, 0x08C4, 0x08C4, 0x08C4, 0x08C4, 0x08C4, 0x08C4, 0x08C4, 0x08C4, 0x08C4, \
        0x08C4, 0x08C4, 0x08C4, 0x08C4, 0x08C4, 0x08C4, 0x08C4, 0x08C4, 0x08C4, 0x08C4, 0x08C4, 0x08C4, \
        0x08C4, 0x08C4, 0x08C4, 0x08C4, 0x08C4, 0x08C4, 0x08C4, 0x10E4, 0x08E4, 0x08C4, 0x08C4, 0x08C4, \
        0x08C4, 0x08C4, 0x08C4, 0x08C4, 0x08C4, 0x08C4, 0x08C4, 0x08C4, 0x08C4, 0x08C4, 0x08C4, 0x08C4, \
        0x10E4, 0x08E4, 0x08C4, 0x08C4, 0x08C4, 0x08C4, 0x08C4, 0x08C4, 0x08C4, 0x08C4, 0x08C4, 0x08C4, \
        0x08C4, 0x08C4, 0x08C4, 0x08E4, 0x10E4, 0x08C4, 0x08C4, 0x08C4, 0x08C4, 0x08C4, 0x08C4, 0x08C4, \
        0x08C4, 0x08C4, 0x08C4, 0x08C4, 0x08C4, 0x08C4, 0x08C4, 0x08C4, 0x08C4, 0x08C4, 0x08C4, 0x08C4, \
        0x08C4, 0x08C4, 0x08C4, 0x08C4, 0x08C4, 0x08C4, 0x08C4, 0x08C4, 0x08C4, 0x08C4, 0x08C4, 0x08C4, \
        0x08C4, 0x08C4, 0x08C4, 0x08C4, 0x08C4, 0x08C4, 0x08C4, 0x08C4, 0x08C4, 0x08C4, 0x08C4, 0x08C4, \
        0x08C4, 0x08C4, 0x08C4, 0x08C4, 0x10E4, 0x10E4, 0x10E4, 0x08E4, 0x08C4, 0x08C4, 0x08C4, 0x08C4, \
        0x08C4, 0x08C4, 0x08C4, 0x08C4, 0x08C4, 0x08C4, 0x08C4, 0x08C4, 0x08C4, 0x08C4, 0x08C4, 0x08C4, \
        0x08C4, 0x08C4, 0x08E4, 0x10E4, 0x08E4, 0x08C4, 0x08C4, 0x08C4, 0x08C4, 0x08C4, 0x08C4, 0x08C4, \
        0x08C4, 0x08C4, 0x08C4, 0x08C4, 0x08C4, 0x08C4, 0x08E4, 0x10E4, 0x08C4, 0x08C4, 0x08C4, 0x08C4, \
        0x08C4, 0x08C4, 0x08C4, 0x08C4, 0x08C4, 0x08C4, 0x08C4, 0x08C4, 0x08C4, 0x08C4, 0x08C4, 0x08C4, \
        0x10E4, 0x10E4, 0x10E4, 0x10E4, 0x10E4, 0x10E4, 0x10E4, 0x08E4, 0x08E4, 0x08E4, 0x08E4, 0x08C4, \
        0x08C4, 0x08C4, 0x08C4, 0x08C4, 0x08C4, 0x08C4, 0x08C4, 0x08C4, 0x10E4, 0x08E4, 0x08C4, 0x08C4, \
        0x08C4, 0x08C4, 0x08C4, 0x08C4, 0x08C4, 0x08C4, 0x08C4, 0x0904, 0x08C4, 0x08C4, 0x08C4, 0x08C4, \
        0x08C4, 0x08C4, 0x08C4, 0x08C4, 0x08C4, 0x08C4, 0x08C4, 0x08C4, 0x08C4, 0x08C4, 0x08C4, 0x08C4, \
        0x08C4, 0x08C4, 0x08C4, 0x08C4, 0x08C4, 0x08C4, 0x08C4, 0x08C4, 0x08C4, 0x08C4, 0x08C4, 0x08C4, \
        0x08E4, 0x10E4, 0x08E4, 0x08E4, 0x08C4, 0x08C4, 0x08C4, 0x08C4, 0x08C4, 0x08C4, 0x08C4, 0x08C4, \
        0x08C4, 0x08C4, 0x08C4, 0x08C4, 0x08C4, 0x08C4, 0x08C4, 0x08C4, 0x08C4, 0x08C4, 0x08C4, 0x08C4, \
        0x08C4, 0x08C4, 0x08C4, 0x08C4, 0x08C4, 0x08C4, 0x08C4, 0x08C4, 0x08C4, 0x08C4, 0x08C4, 0x08C4, \
        0x08C4, 0x08C4, 0x1105, 0x08C4, 0x08C4, 0x08C4, 0x08C4, 0x08C4, 0x08C4, 0x08C4, 0x08C4, 0x08C4, \
        0x08C4, 0x08C4, 0x08C4, 0x08C4, 0x08C4, 0x08C4, 0x08C4, 0x08C4, 0x08C4, 0x08C4, 0x08C4, 0x08C4, \
        0x08C4, 0x08C4, 0x10C4, 0x10E4, 0x10E4, 0x10E4, 0x08E4, 0x08C4, 0x08C4, 0x08C4, 0x08C4, 0x08C4, \
        0x08C4, 0x08C4, 0x08C4, 0x08C4, 0x08C4, 0x08C4, 0x08C4, 0x08C4, 0x08C4, 0x08C4, 0x08C4, 0x08C4, \
        0x08C4, 0x08C4, 0x08C4, 0x08C4, 0x10E4, 0x10E5, 0x08E4, 0x08C4, 0x08C4, 0x08C4, 0x08C4, 0x08C4, \
        0x08C4, 0x08C4, 0x08C4, 0x08C4, 0x08C4, 0x08C4, 0x08C4, 0x08C4, 0x08C4, 0x08C4, 0x08C4, 0x08C4, \
        0x08C4, 0x08C4, 0x08C4, 0x08C4, 0x08C4, 0x08C4, 0x08C4, 0x08C4, 0x08C4, 0x08C4, 0x08C4, 0x08C4, \
        0x08C4, 0x08C4, 0x08C4, 0x08C4, 0x1105, 0x08C4, 0x08C4, 0x08C4, 0x08C4, 0x08C4, 0x08C4, 0x08C4, \
        0x08C4, 0x08C4, 0x08C4, 0x08C4, 0x08C4, 0x08C4, 0x08C4, 0x08C4, 0x10C4, 0x10E4, 0x08C4, 0x08C4, \
        0x08C4, 0x08C4, 0x08C4, 0x08C4, 0x08C4, 0x08C4, 0x08C4, 0x08C4, 0x08C4, 0x08C4, 0x08C4, 0x08C4, \
        0x10E4, 0x08C4, 0x08C4, 0x08C4, 0x08C4, 0x08C4, 0x08C4, 0x08C4, 0x08C4, 0x08C4, 0x08C4, 0x08C4, \
        0x08C4, 0x08C4, 0x08C4, 0x08C4, 0x08C4, 0x08C4, 0x08C4, 0x08C4, 0x08C4, 0x08C4, 0x08C4, 0x08C4, \
        0x08C4, 0x08C4, 0x08C4, 0x08C4, 0x08C4, 0x08C4, 0x08C4, 0x08C4, 0x08C4, 0x08C4, 0x08C4, 0x08C4, \
        0x08C4, 0x08C4, 0x08C4, 0x08C4, 0x08C4, 0x08C4, 0x08C4, 0x08C4, 0x08C4, 0x08E4, 0x10E4, 0x10E4, \
        0x08E4, 0x08E4, 0x08C4, 0x08C4, 0x08C4, 0x08C4, 0x08C4, 0x08C4, 0x08C4, 0x08C4, 0x08C4, 0x08C4, \
        0x08C4, 0x08C4, 0x08C4, 0x08C4, 0x08C4, 0x08C4, 0x08C4, 0x08C4, 0x08C4, 0x10E4, 0x08E4, 0x08E4, \
        0x08C4, 0x08C4, 0x08C4, 0x08C4, 0x08C4, 0x08C4, 0x08C4, 0x08C4, 0x08C4, 0x08C4, 0x08C4, 0x08C4, \
        0x08C4, 0x08E4, 0x08E4, 0x08C4, 0x08C4, 0x08C4, 0x08C4, 0x08C4, 0x08C4, 0x08C4, 0x08C4, 0x08C4, \
        0x08C4, 0x08C4, 0x08C4, 0x08C4, 0x08C4, 0x08C4, 0x10E4, 0x10E4, 0x10E4, 0x10E4, 0x08E4, 0x08E4, \
        0x08C4, 0x08C4, 0x08C4, 0x08C4, 0x08E4, 0x10E4, 0x10E4, 0x10E4, 0x08C4, 0x08C4, 0x08C4, 0x08C4, \
        0x08C4, 0x08C4, 0x08C4, 0x08C4, 0x08C4, 0x08E4, 0x08E4, 0x08C4, 0x08C4, 0x08C4, 0x08C4, 0x08C4, \
        0x08C4, 0x08C4, 0x08C4, 0x08C4, 0x08C4, 0x08C4, 0x08C4, 0x08C4, 0x08C4, 0x08C4, 0x08C4, 0x08C4, \
        0x08C4, 0x08C4, 0x08C4, 0x08C4, 0x08C4, 0x08C4, 0x08C4, 0x08C4, 0x08C4, 0x08C4, 0x08C4, 0x08C4, \
        0x08C4, 0x08C4, 0x08C4, 0x08C4, 0x08C4, 0x08C4, 0x08E4, 0x10E4, 0x10E4, 0x08E4, 0x08C4, 0x08C4, \
        0x08C4, 0x08C4, 0x08C4, 0x08C4, 0x08C4, 0x08C4, 0x08C4, 0x08C4, 0x08C4, 0x08C4, 0x08C4, 0x08C4, \
        0x08C4, 0x08C4, 0x08C4, 0x08C4, 0x08C4, 0x08C4, 0x08C4, 0x08C4, 0x08C4, 0x08C4, 0x08C4, 0x08C4, \
        0x08C4, 0x08C4, 0x08C4, 0x08C4, 0x08C4, 0x08C4, 0x08C4, 0x08C4, 0x08C4, 0x08E4, 0x10E4, 0x08C4, \
        0x08C4, 0x08C4, 0x08C4, 0x08C4, 0x08C4, 0x08C4, 0x08C4, 0x08C4, 0x08C4, 0x08C4, 0x08C4, 0x08C4, \
        0x08C4, 0x08C4, 0x08C4, 0x08C4, 0x08C4, 0x08C4, 0x08C4, 0x08C4, 0x08C4, 0x08C4, 0x1104, 0x10E4, \
        0x08E4, 0x08C4, 0x08C4, 0x08C4, 0x08C4, 0x08C4, 0x08C4, 0x08C4, 0x08C4, 0x08C4, 0x08C4, 0x08C4, \
        0x08C4, 0x08C4, 0x08C4, 0x08C4, 0x08C4, 0x08C4, 0x08C4, 0x08C4, 0x08C4, 0x08C4, 0x08E4, 0x1105, \
        0x10E4, 0x08C4, 0x08C4, 0x08C4, 0x08C4, 0x08C4, 0x08C4, 0x08C4, 0x08C4, 0x08C4, 0x08C4, 0x08C4, \
        0x08C4, 0x08C4, 0x08C4, 0x08C4, 0x08C4, 0x08C4, 0x08C4, 0x08C4, 0x08C4, 0x08C4, 0x08C4, 0x08C4, \
        0x08C4, 0x08C4, 0x08C4, 0x08C4, 0x08C4, 0x08C4, 0x08C4, 0x08C4, 0x08C4, 0x08C4, 0x08C4, 0x08C4, \
        0x10E4, 0x10E4, 0x08C4, 0x08C4, 0x08C4, 0x08C4, 0x08C4, 0x08C4, 0x08C4, 0x08C4, 0x08C4, 0x08C4, \
        0x08C4, 0x08C4, 0x08C4, 0x08C4, 0x08C4, 0x08E4, 0x08E4, 0x08C4, 0x08C4, 0x08C4, 0x08C4, 0x08C4, \
        0x08C4, 0x08C4, 0x08C4, 0x08C4, 0x08C4, 0x08C4, 0x08C4, 0x08C4, 0x10E4, 0x10E4, 0x08C4, 0x08C4, \
        0x08C4, 0x08C4, 0x08C4, 0x08C4, 0x08C4, 0x08C4, 0x08C4, 0x08C4, 0x08C4, 0x08C4, 0x08C4, 0x08C4, \
        0x08C4, 0x08C4, 0x08C4, 0x08C4, 0x08C4, 0x08C4, 0x08C4, 0x08C4, 0x08C4, 0x08C4, 0x08C4, 0x08C4, \
        0x08C4, 0x08C4, 0x08C4, 0x08C4, 0x08C4, 0x08C4, 0x08C4, 0x08C4, 0x08C4, 0x08C4, 0x08C4, 0x08C4, \
        0x08C4, 0x08C4, 0x08C4, 0x10E4, 0x10E4, 0x08E4, 0x08E4, 0x08C4, 0x08C4, 0x08C4, 0x08C4, 0x08C4, \
        0x08C4, 0x08C4, 0x08C4, 0x08C4, 0x08C4, 0x08C4, 0x08C4, 0x08C4, 0x08C4, 0x08C4, 0x08C4, 0x08C4, \
        0x08C4, 0x08C4, 0x08C4, 0x08E4, 0x08E4, 0x08E4, 0x08C4, 0x08C4, 0x08C4, 0x08C4, 0x08C4, 0x08C4, \
        0x08C4, 0x08C4, 0x08C4, 0x08C4, 0x08C4, 0x08C4, 0x08C4, 0x08C4, 0x08E4, 0x10E4, 0x08C4, 0x08C4, \
        0x08C4, 0x08C4, 0x08C4, 0x08C4, 0x08C4, 0x08C4, 0x08C4, 0x08C4, 0x08C4, 0x08C4, 0x08C4, 0x08C4, \
        0x08E4, 0x10E4, 0x10E4, 0x10E4, 0x08C4, 0x08C4, 0x08C4, 0x08C4, 0x08C4, 0x08C4, 0x08C4, 0x08C4, \
        0x08C4, 0x08C4, 0x08E4, 0x10E4, 0x10E4, 0x08C4, 0x08C4, 0x08C4, 0x08C4, 0x08C4, 0x08C4, 0x08C4, \
        0x08C4, 0x08C4, 0x10E4, 0x08C4, 0x08C4, 0x08C4, 0x08C4, 0x08C4, 0x08C4, 0x08C4, 0x08C4, 0x08C4, \
        0x08C4, 0x08C4, 0x08C4, 0x08C4, 0x08C4, 0x08C4, 0x08C4, 0x08C4, 0x08C4, 0x08C4, 0x08C4, 0x08C4, \
        0x08C4, 0x08C4, 0x08C4, 0x08C4, 0x08C4, 0x08C4, 0x08C4, 0x08C4, 0x08C4, 0x08C4, 0x08E4, 0x10E4, \
        0x1105, 0x10E4, 0x10E4, 0x08C4, 0x08C4, 0x08C4, 0x08C4, 0x08C4, 0x08C4, 0x08C4, 0x08C4, 0x08C4, \
        0x08C4, 0x08C4, 0x08C4, 0x08C4, 0x08C4, 0x08C4, 0x08C4, 0x08C4, 0x08C4, 0x08C4, 0x08C4, 0x08C4, \
        0x08C4, 0x08C4, 0x08C4, 0x08C4, 0x08C4, 0x08C4, 0x08C4, 0x08C4, 0x08C4, 0x08C4, 0x08C4, 0x08C4, \
        0x08C4, 0x08C4, 0x08C4, 0x08C4, 0x08C4, 0x10E4, 0x10E4, 0x08C4, 0x08C4, 0x08C4, 0x08C4, 0x08C4, \
        0x08C4, 0x08C4, 0x08C4, 0x08C4, 0x08C4, 0x08C4, 0x08C4, 0x08C4, 0x08C4, 0x08C4, 0x08C4, 0x08C4, \
        0x08C4, 0x08C4, 0x08C4, 0x08C4, 0x08E4, 0x1105, 0x10E4, 0x08C4, 0x08C4, 0x08C4, 0x08C4, 0x08C4, \
        0x08C4, 0x08C4, 0x08C4, 0x08C4, 0x08C4, 0x08C4, 0x08C4, 0x08C4, 0x08C4, 0x08C4, 0x08C4, 0x08C4, \
        0x08C4, 0x08C4, 0x08C4, 0x08C4, 0x08C4, 0x10E4, 0x10E4, 0x08C4, 0x08C4, 0x08C4, 0x08C4, 0x08C4, \
        0x08C4, 0x08C4, 0x08C4, 0x08C4, 0x08C4, 0x08C4, 0x08C4, 0x08C4, 0x08C4, 0x08C4, 0x08C4, 0x08C4, \
        0x08C4, 0x08C4, 0x08C4, 0x08C4, 0x08C4, 0x08C4, 0x08C4, 0x08C4, 0x08C4, 0x08C4, 0x08C4, 0x08C4, \
        0x08C4, 0x08C4, 0x08C4, 0x08C4, 0x08C4, 0x08C4, 0x08C4, 0x08C4, 0x08C4, 0x1105, 0x08C4, 0x08C4, \
        0x08C4, 0x08C4, 0x08C4, 0x08C4, 0x08C4, 0x08C4, 0x08C4, 0x08C4, 0x08C4, 0x08C4, 0x08C4, 0x08C4, \
        0x08C4, 0x08E4, 0x10E4, 0x08C4, 0x08C4, 0x08C4, 0x08C4, 0x08C4, 0x08C4, 0x08C4, 0x08C4, 0x08C4, \
        0x08C4, 0x08C4, 0x08C4, 0x08C4, 0x08C4, 0x10E4, 0x08C4, 0x08C4, 0x08C4, 0x08C4, 0x08C4, 0x08C4, \
        0x08C4, 0x08C4, 0x08C4, 0x08C4, 0x08C4, 0x08C4, 0x08C4, 0x08C4, 0x08C4, 0x08C4, 0x08C4, 0x08C4, \
        0x08C4, 0x08C4, 0x08C4, 0x08C4, 0x08C4, 0x08C4, 0x08C4, 0x08C4, 0x08C4, 0x08C4, 0x08C4, 0x08C4, \
        0x08C4, 0x08C4, 0x08C4, 0x08C4, 0x08C4, 0x08C4, 0x08C4, 0x08C4, 0x08C4, 0x10E4, 0x10E4, 0x08E4, \
        0x08C4, 0x08C4, 0x08C4, 0x08C4, 0x08C4, 0x08C4, 0x08C4, 0x08C4, 0x08C4, 0x08C4, 0x08C4, 0x08C4, \
        0x08C4, 0x08C4, 0x08C4, 0x08C4, 0x08C4, 0x08C4, 0x08C4, 0x08C4, 0x08C4, 0x08C4, 0x10E4, 0x08E4, \
        0x08C4, 0x08C4, 0x08C4, 0x08C4, 0x08C4, 0x08C4, 0x08C4, 0x08C4, 0x08C4, 0x08C4, 0x08C4, 0x08C4, \
        0x08C4, 0x08C4, 0x08C4, 0x08E4, 0x1105, 0x08C4, 0x08C4, 0x08C4, 0x08C4, 0x08C4, 0x08C4, 0x08C4, \
        0x08C4, 0x08C4, 0x08C4, 0x08C4, 0x08C4, 0x08C4, 0x08C4, 0x10E4, 0x1105, 0x08E4, 0x08C4, 0x08C4, \
        0x08C4, 0x08C4, 0x08C4, 0x08C4, 0x08C4, 0x08C4, 0x08C4, 0x08C4, 0x08C4, 0x08C4, 0x08C4, 0x08C4, \
        0x10E4, 0x10E4, 0x08C4, 0x08C4, 0x08C4, 0x08C4, 0x08C4, 0x08C4, 0x08C4, 0x08C4, 0x08E4, 0x10E4, \
        0x08C4, 0x08C4, 0x08C4, 0x08C4, 0x08C4, 0x08C4, 0x08C4, 0x08C4, 0x08C4, 0x08C4, 0x08C4, 0x08C4, \
        0x08C4, 0x08C4, 0x08C4, 0x08C4, 0x08C4, 0x08C4, 0x08C4, 0x08C4, 0x08C4, 0x08C4, 0x08C4, 0x08C4, \
        0x08C4, 0x08E4, 0x10E4, 0x1105, 0x1105, 0x1104, 0x08E4, 0x08C4, 0x08C4, 0x08C4, 0x08C4, 0x08C4, \
        0x08C4, 0x08C4, 0x08C4, 0x08C4, 0x08C4, 0x08C4, 0x08C4, 0x08C4, 0x08C4, 0x08C4, 0x08C4, 0x08C4, \
        0x08C4, 0x08C4, 0x08C4, 0x08C4, 0x08C4, 0x08C4, 0x08C4, 0x08C4, 0x08C4, 0x08C4, 0x08C4, 0x08C4, \
        0x08C4, 0x08C4, 0x08C4, 0x08C4, 0x08C4, 0x08C4, 0x08C4, 0x08C4, 0x08C4, 0x08C4, 0x08C4, 0x08C4, \
        0x08C4, 0x10E4, 0x08C4, 0x08C4, 0x08C4, 0x08C4, 0x08C4, 0x08C4, 0x08C4, 0x08C4, 0x08C4, 0x08C4, \
        0x08C4, 0x08C4, 0x08C4, 0x08C4, 0x08C4, 0x08C4, 0x08C4, 0x08C4, 0x08C4, 0x08C4, 0x08C4, 0x10E4, \
        0x10E4, 0x08C4, 0x08C4, 0x08C4, 0x08C4, 0x08C4, 0x08C4, 0x08C4, 0x08C4, 0x08C4, 0x08C4, 0x08C4, \
        0x08C4, 0x08C4, 0x08C4, 0x08C4, 0x08C4, 0x08C4, 0x08C4, 0x08C4, 0x08C4, 0x08C4, 0x08C4, 0x08E4, \
        0x1105, 0x08C4, 0x08C4, 0x08C4, 0x08C4, 0x08C4, 0x08C4, 0x08C4, 0x08C4, 0x08C4, 0x08C4, 0x08C4, \
        0x08C4, 0x08C4, 0x08C4, 0x08C4, 0x08C4, 0x08C4, 0x08C4, 0x08C4, 0x08C4, 0x08C4, 0x08C4, 0x08C4, \
        0x08C4, 0x08C4, 0x08C4, 0x08C4, 0x08C4, 0x08C4, 0x08C4, 0x08C4, 0x08C4, 0x08C4, 0x08C4, 0x08C4, \
        0x08C4, 0x08C4, 0x08C4, 0x08C4, 0x08C4, 0x1105, 0x08C4, 0x08C4, 0x08C4, 0x08C4, 0x08C4, 0x08C4, \
        0x08C4, 0x08C4, 0x08C4, 0x08C4, 0x08C4, 0x08C4, 0x08C4, 0x08C4, 0x08C4, 0x08C4, 0x10E4, 0x08C4, \
        0x08C4, 0x08C4, 0x08C4, 0x08C4, 0x08C4, 0x08C4, 0x08C4, 0x08C4, 0x08C4, 0x08C4, 0x08C4, 0x08C4, \
        0x08C4, 0x10E4, 0x10E4, 0x08C4, 0x08C4, 0x08C4, 0x08C4, 0x08C4, 0x08C4, 0x08C4, 0x08C4, 0x08C4, \
        0x08C4, 0x08C4, 0x08C4, 0x08C4, 0x08C4, 0x08C4, 0x08C4, 0x08C4, 0x08C4, 0x08C4, 0x08C4, 0x08C4, \
        0x08C4, 0x08C4, 0x08C4, 0x08C4, 0x08C4, 0x08C4, 0x08C4, 0x08C4, 0x08C4, 0x08C4, 0x08C4, 0x08C4, \
        0x08C4, 0x08C4, 0x08C4, 0x08C4, 0x10E4, 0x10E5, 0x08C4, 0x08C4, 0x08C4, 0x08C4, 0x08C4, 0x08C4, \
        0x08C4, 0x08C4, 0x08C4, 0x08C4, 0x08C4, 0x08C4, 0x08C4, 0x08C4, 0x08C4, 0x08C4, 0x08C4, 0x08C4, \
        0x08C4, 0x08C4, 0x08C4, 0x08C4, 0x10E4, 0x10E4, 0x08C4, 0x08C4, 0x08C4, 0x08C4, 0x08C4, 0x08C4, \
        0x08C4, 0x08C4, 0x08C4, 0x08C4, 0x08C4, 0x08C4, 0x08C4, 0x08C4, 0x08C4, 0x08C4, 0x08E4, 0x1105, \
        0x08C4, 0x08C4, 0x08C4, 0x08C4, 0x08C4, 0x08C4, 0x08C4, 0x08C4, 0x08C4, 0x08C4, 0x08C4, 0x08C4, \
        0x08C4, 0x08C4, 0x08E4, 0x1105, 0x08C4, 0x08C4, 0x08C4, 0x08C4, 0x08C4, 0x08C4, 0x08C4, 0x08C4, \
        0x08C4, 0x08C4, 0x08C4, 0x08C4, 0x08C4, 0x08C4, 0x08C4, 0x08C4, 0x08C4, 0x1105, 0x10E4, 0x08C4, \
        0x08C4, 0x08C4, 0x08C4, 0x08C4, 0x08C4, 0x08C4, 0x08C4, 0x1105, 0x08C4, 0x08C4, 0x08C4, 0x08C4, \
        0x08C4, 0x08C4, 0x08C4, 0x08C4, 0x08C4, 0x08C4, 0x08C4, 0x08C4, 0x08C4, 0x08C4, 0x08C4, 0x08C4, \
        0x08C4, 0x08C4, 0x08C4, 0x08C4, 0x10E4, 0x1105, 0x1105, 0x1105, 0x1105, 0x10E4, 0x08E4, 0x08C4, \
        0x08C4, 0x08C4, 0x08C4, 0x08C4, 0x08C4, 0x08C4, 0x08C4, 0x08C4, 0x08C4, 0x08C4, 0x08C4, 0x08C4, \
        0x08C4, 0x08C4, 0x08C4, 0x08C4, 0x08C4, 0x08C4, 0x08C4, 0x08C4, 0x08C4, 0x08C4, 0x08C4, 0x08C4, \
        0x08C4, 0x08C4, 0x08C4, 0x08C4, 0x08C4, 0x08C4, 0x08C4, 0x08C4, 0x08C4, 0x08C4, 0x08C4, 0x08C4, \
        0x08C4, 0x08C4, 0x08C4, 0x08C4, 0x08C4, 0x08C4, 0x08C4, 0x08C4, 0x10E4, 0x08E4, 0x08C4, 0x08C4, \
        0x08C4, 0x08C4, 0x08C4, 0x08C4, 0x08C4, 0x08C4, 0x08C4, 0x08C4, 0x08C4, 0x08C4, 0x08C4, 0x08C4, \
        0x08C4, 0x08C4, 0x08C4, 0x08C4, 0x08C4, 0x08C4, 0x10E4, 0x08E4, 0x08C4, 0x08C4, 0x08C4, 0x08C4, \
        0x08C4, 0x08C4, 0x08C4, 0x08C4, 0x08C4, 0x08C4, 0x08C4, 0x08C4, 0x08C4, 0x08C4, 0x08C4, 0x08C4, \
        0x08C4, 0x08C4, 0x08C4, 0x08C4, 0x08C4, 0x08E4, 0x10E5, 0x10E4, 0x08C4, 0x08C4, 0x08C4, 0x08C4, \
        0x08C4, 0x08C4, 0x08C4, 0x08C4, 0x08C4, 0x08C4, 0x08C4, 0x08C4, 0x08C4, 0x08C4, 0x08C4, 0x08C4, \
        0x08C4, 0x08C4, 0x08C4, 0x08C4, 0x08C4, 0x08C4, 0x08C4, 0x08C4, 0x08C4, 0x08C4, 0x08C4, 0x08C4, \
        0x08C4, 0x08C4, 0x08C4, 0x08C4, 0x08C4, 0x08C4, 0x08C4, 0x08C4, 0x08C4, 0x08C4, 0x08C4, 0x08C4, \
        0x08C4, 0x10E4, 0x08C4, 0x08C4, 0x08C4, 0x08C4, 0x08C4, 0x08C4, 0x08C4, 0x08C4, 0x08C4, 0x08C4, \
        0x08C4, 0x08C4, 0x08C4, 0x08C4, 0x08C4, 0x08C4, 0x10E4, 0x08E4, 0x08C4, 0x08C4, 0x08C4, 0x08C4, \
        0x08C4, 0x08C4, 0x08C4, 0x08C4, 0x08C4, 0x08C4, 0x08C4, 0x08C4, 0x08C4, 0x08C4, 0x08E4, 0x08C4, \
        0x08C4, 0x08C4, 0x08C4, 0x08C4, 0x08C4, 0x08C4, 0x08C4, 0x08C4, 0x08C4, 0x08C4, 0x08C4, 0x08C4, \
        0x08C4, 0x08C4, 0x08C4, 0x08C4, 0x08C4, 0x08C4, 0x08C4, 0x08C4, 0x08C4, 0x08C4, 0x08C4, 0x08C4, \
        0x08C4, 0x08C4, 0x08C4, 0x08C4, 0x08C4, 0x08C4, 0x08C4, 0x08C4, 0x08C4, 0x08C4, 0x10E4, 0x1105, \
        0x08E4, 0x08C4, 0x08C4, 0x08C4, 0x08C4, 0x08C4, 0x08C4, 0x08C4, 0x08C4, 0x08C4, 0x08C4, 0x08C4, \
        0x08C4, 0x08C4, 0x08C4, 0x08C4, 0x08C4, 0x08C4, 0x08C4, 0x08C4, 0x08C4, 0x08C4, 0x08C4, 0x10E4, \
        0x10E4, 0x08C4, 0x08C4, 0x08C4, 0x08C4, 0x08C4, 0x08C4, 0x08C4, 0x08C4, 0x08C4, 0x08C4, 0x08C4, \
        0x08C4, 0x08C4, 0x08C4, 0x08C4, 0x08C4, 0x10E4, 0x10E5, 0x08C4, 0x08C4, 0x08C4, 0x08C4, 0x08C4, \
        0x08C4, 0x08C4, 0x08C4, 0x08C4, 0x08C4, 0x08C4, 0x08C4, 0x08C4, 0x08C4, 0x08E4, 0x10E4, 0x08C4, \
        0x08C4, 0x08C4, 0x08C4, 0x08C4, 0x08C4, 0x08C4, 0x08C4, 0x08C4, 0x08C4, 0x08C4, 0x08C4, 0x08C4, \
        0x08C4, 0x08C4, 0x08C4, 0x08C4, 0x08C4, 0x08C4, 0x1104, 0x08E4, 0x08C4, 0x08C4, 0x08C4, 0x08C4, \
        0x08C4, 0x08C4, 0x08C4, 0x10C4, 0x1105, 0x08C4, 0x08C4, 0x08C4, 0x08C4, 0x08C4, 0x08C4, 0x08C4, \
        0x1105, 0x1105, 0x1105, 0x1104, 0x1105, 0x1105, 0x1105, 0x1105, 0x1105, 0x08E4, 0x08E4, 0x08E4, \
        0x08E4, 0x08C4, 0x08C4, 0x08C4, 0x08C4, 0x08C4, 0x08C4, 0x08C4, 0x08C4, 0x08C4, 0x08C4, 0x08C4, \
        0x08C4, 0x08C4, 0x08C4, 0x08C4, 0x08C4, 0x08C4, 0x08C4, 0x08C4, 0x08C4, 0x08C4, 0x08C4, 0x08C4, \
        0x08C4, 0x08C4, 0x08C4, 0x08C4, 0x08C4, 0x08C4, 0x08C4, 0x08C4, 0x08C4, 0x08C4, 0x08C4, 0x08C4, \
        0x08C4, 0x08C4, 0x08C4, 0x08C4, 0x08C4, 0x08C4, 0x08C4, 0x08C4, 0x08C4, 0x08C4, 0x08C4, 0x08C4, \
        0x08C4, 0x08C4, 0x08C4, 0x10E4, 0x10E4, 0x08C4, 0x08C4, 0x08C4, 0x08C4, 0x08C4, 0x08C4, 0x08C4, \
        0x08C4, 0x08C4, 0x08C4, 0x08C4, 0x08C4, 0x08C4, 0x08C4, 0x08C4, 0x08C4, 0x08C4, 0x08C4, 0x08C4, \
        0x08E4, 0x08E4, 0x08C4, 0x08C4, 0x08C4, 0x08C4, 0x08C4, 0x08C4, 0x08C4, 0x08C4, 0x08C4, 0x08C4, \
        0x08C4, 0x08C4, 0x08C4, 0x08C4, 0x08C4, 0x08C4, 0x08C4, 0x08C4, 0x08C4, 0x08C4, 0x08C4, 0x08E4, \
        0x08E4, 0x10E4, 0x08C4, 0x08C4, 0x08C4, 0x08C4, 0x08C4, 0x08C4, 0x08C4, 0x08C4, 0x08C4, 0x08C4, \
        0x08C4, 0x08C4, 0x08C4, 0x08C4, 0x08C4, 0x08C4, 0x08C4, 0x08C4, 0x08C4, 0x08C4, 0x08C4, 0x08C4, \
        0x08C4, 0x08C4, 0x08C4, 0x08C4, 0x08C4, 0x08C4, 0x08C4, 0x08C4, 0x08C4, 0x08C4, 0x08C4, 0x08C4, \
        0x08C4, 0x08C4, 0x08C4, 0x08C4, 0x08C4, 0x08C4, 0x08C4, 0x08C4, 0x08C4, 0x10E5, 0x08C4, 0x08C4, \
        0x08C4, 0x08C4, 0x08C4, 0x08C4, 0x08C4, 0x08C4, 0x08C4, 0x08C4, 0x08C4, 0x08C4, 0x08C4, 0x08C4, \
        0x08C4, 0x08C4, 0x10E4, 0x08E4, 0x08C4, 0x08C4, 0x08C4, 0x08C4, 0x08C4, 0x08C4, 0x08C4, 0x08C4, \
        0x08C4, 0x08C4, 0x08C4, 0x08C4, 0x08C4, 0x08C4, 0x08E4, 0x08E4, 0x08C4, 0x08C4, 0x08C4, 0x08C4, \
        0x08C4, 0x08C4, 0x08C4, 0x08C4, 0x08C4, 0x08C4, 0x08C4, 0x08C4, 0x08C4, 0x08C4, 0x08C4, 0x08C4, \
        0x08C4, 0x08C4, 0x08C4, 0x08C4, 0x08C4, 0x08C4, 0x08C4, 0x08C4, 0x08C4, 0x08C4, 0x08C4, 0x08C4, \
        0x08C4, 0x08C4, 0x08C4, 0x08C4, 0x08C4, 0x10E4, 0x10E4, 0x08C4, 0x08C4, 0x08C4, 0x08C4, 0x08C4, \
        0x08C4, 0x08C4, 0x08C4, 0x08C4, 0x08C4, 0x08C4, 0x08C4, 0x08C4, 0x08C4, 0x08C4, 0x08C4, 0x08C4, \
        0x08C4, 0x08C4, 0x08C4, 0x08C4, 0x08C4, 0x08E4, 0x10E4, 0x08E4, 0x08C4, 0x08C4, 0x08C4, 0x08C4, \
        0x08C4, 0x08C4, 0x08C4, 0x08C4, 0x08C4, 0x08C4, 0x08C4, 0x08C4, 0x08C4, 0x08C4, 0x08C4, 0x08C4, \
        0x08E4, 0x08E4, 0x08C4, 0x08C4, 0x08C4, 0x08C4, 0x08C4, 0x08C4, 0x08C4, 0x08C4, 0x08C4, 0x08C4, \
        0x08C4, 0x08C4, 0x08C4, 0x08C4, 0x10E4, 0x08E4, 0x08C4, 0x08C4, 0x08C4, 0x08C4, 0x08C4, 0x08C4, \
        0x08C4, 0x08C4, 0x08C4, 0x08C4, 0x08C4, 0x08C4, 0x08C4, 0x08C4, 0x08C4, 0x08C4, 0x08C4, 0x08C4, \
        0x08C4, 0x08C4, 0x10E4, 0x10E4, 0x08C4, 0x08C4, 0x08C4, 0x08C4, 0x08C4, 0x08C4, 0x08C4, 0x08C4, \
        0x1104, 0x08E4, 0x08C4, 0x08C4, 0x08C4, 0x08C4, 0x08C4, 0x08C4, 0x08C4, 0x08C4, 0x08C4, 0x08C4, \
        0x08C4, 0x08C4, 0x08C4, 0x08C4, 0x08C4, 0x08C4, 0x08C4, 0x08C4, 0x08C4, 0x08C4, 0x08C4, 0x08C4, \
        0x08C4, 0x08C4, 0x08C4, 0x08C4, 0x08C4, 0x08C4, 0x08C4, 0x08C4, 0x08C4, 0x08C4, 0x08C4, 0x08C4, \
        0x08C4, 0x08C4, 0x08C4, 0x08C4, 0x08C4, 0x08C4, 0x08C4, 0x08C4, 0x08C4, 0x08C4, 0x08C4, 0x08C4, \
        0x08C4, 0x08C4, 0x08C4, 0x08C4, 0x08C4, 0x08C4, 0x08C4, 0x08C4, 0x08C4, 0x08C4, 0x08C4, 0x08C4, \
        0x08C4, 0x08C4, 0x08C4, 0x08C4, 0x08C4, 0x08C4, 0x08C4, 0x08C4, 0x08C4, 0x08C4, 0x10E4, 0x10E4, \
        0x08C4, 0x08C4, 0x08C4, 0x08C4, 0x08C4, 0x08C4, 0x08C4, 0x08C4, 0x08C4, 0x08C4, 0x08C4, 0x08C4, \
        0x08C4, 0x08C4, 0x08C4, 0x08C4, 0x08C4, 0x08C4, 0x10E4, 0x10E4, 0x08E4, 0x08C4, 0x08C4, 0x08C4, \
        0x08C4, 0x08C4, 0x08C4, 0x08C4, 0x08C4, 0x08C4, 0x08C4, 0x08C4, 0x08C4, 0x08C4, 0x08C4, 0x08C4, \
        0x08C4, 0x08C4, 0x08C4, 0x08C4, 0x08C4, 0x10E4, 0x10E4, 0x10E4, 0x08E4, 0x08C4, 0x08C4, 0x08C4, \
        0x08C4, 0x08C4, 0x08C4, 0x08C4, 0x08C4, 0x08C4, 0x08C4, 0x08C4, 0x08C4, 0x08C4, 0x08C4, 0x08C4, \
        0x08C4, 0x08C4, 0x08C4, 0x08C4, 0x08C4, 0x08C4, 0x08C4, 0x08C4, 0x08C4, 0x08C4, 0x08C4, 0x08C4, \
        0x08C4, 0x08C4, 0x08C4, 0x08C4, 0x08C4, 0x08C4, 0x08C4, 0x08C4, 0x08C4, 0x08C4, 0x08C4, 0x08C4, \
        0x08C4, 0x08C4, 0x08C4, 0x08C4, 0x08C4, 0x1105, 0x08C4, 0x08C4, 0x08C4, 0x08C4, 0x08C4, 0x08C4, \
        0x08C4, 0x08C4, 0x08C4, 0x08C4, 0x08C4, 0x08C4, 0x08C4, 0x08C4, 0x08C4, 0x08C4, 0x08E4, 0x08E4, \
        0x08C4, 0x08C4, 0x08C4, 0x08C4, 0x08C4, 0x08C4, 0x08C4, 0x08C4, 0x08C4, 0x08C4, 0x08C4, 0x08C4, \
        0x08C4, 0x08C4, 0x08C4, 0x08E4, 0x08E4, 0x08C4, 0x08C4, 0x08C4, 0x08C4, 0x08C4, 0x08C4, 0x08C4, \
        0x08C4, 0x08C4, 0x08C4, 0x08C4, 0x08C4, 0x08C4, 0x08C4, 0x08C4, 0x08C4, 0x08C4, 0x08C4, 0x08C4, \
        0x08C4, 0x08C4, 0x08C4, 0x08C4, 0x08C4, 0x08C4, 0x08C4, 0x08C4, 0x08C4, 0x08C4, 0x08C4, 0x08C4, \
        0x10E4, 0x10E4, 0x08C4, 0x08C4, 0x08C4, 0x08C4, 0x08C4, 0x08C4, 0x08C4, 0x08C4, 0x08C4, 0x08C4, \
        0x08C4, 0x08C4, 0x08C4, 0x08C4, 0x08C4, 0x08C4, 0x08C4, 0x08C4, 0x08C4, 0x08C4, 0x08C4, 0x08C4, \
        0x08E4, 0x08E4, 0x08C4, 0x08C4, 0x08C4, 0x08C4, 0x08C4, 0x08C4, 0x08C4, 0x08C4, 0x08C4, 0x08C4, \
        0x08C4, 0x08C4, 0x08C4, 0x08C4, 0x08C4, 0x08C4, 0x08C4, 0x10E4, 0x08E4, 0x08C4, 0x08C4, 0x08C4, \
        0x08C4, 0x08C4, 0x08C4, 0x08C4, 0x08C4, 0x08C4, 0x08C4, 0x08C4, 0x08C4, 0x08C4, 0x08C4, 0x08E4, \
        0x08E4, 0x08C4, 0x08C4, 0x08C4, 0x08C4, 0x08C4, 0x08C4, 0x08C4, 0x08C4, 0x08C4, 0x08C4, 0x08C4, \
        0x08C4, 0x08C4, 0x08C4, 0x08C4, 0x08C4, 0x08C4, 0x08C4, 0x08C4, 0x08C4, 0x08C4, 0x08C4, 0x10E4, \
        0x08E4, 0x08C4, 0x08C4, 0x08C4, 0x08C4, 0x08C4, 0x08C4, 0x08C4, 0x08C4, 0x1105, 0x08C4, 0x08C4, \
        0x08C4, 0x08C4, 0x08C4, 0x08C4, 0x08C4, 0x08C4, 0x08C4, 0x08C4, 0x08C4, 0x08C4, 0x08C4, 0x08C4, \
        0x08C4, 0x08C4, 0x08C4, 0x08C4, 0x08C4, 0x08C4, 0x08C4, 0x08C4, 0x08C4, 0x08C4, 0x08C4, 0x08C4, \
        0x08C4, 0x08C4, 0x08C4, 0x08C4, 0x08C4, 0x08C4, 0x08C4, 0x08C4, 0x08C4, 0x08C4, 0x08C4, 0x08C4, \
        0x08C4, 0x08C4, 0x08C4, 0x08C4, 0x08C4, 0x08C4, 0x08C4, 0x08C4, 0x08C4, 0x08C4, 0x08C4, 0x08C4, \
        0x08C4, 0x08C4, 0x08C4, 0x08C4, 0x08C4, 0x08C4, 0x08C4, 0x08C4, 0x08C4, 0x08C4, 0x08C4, 0x08C4, \
        0x08C4, 0x08C4, 0x08C4, 0x08C4, 0x10E4, 0x10E4, 0x08E4, 0x08C4, 0x08C4, 0x08C4, 0x08C4, 0x08C4, \
        0x08C4, 0x08C4, 0x08C4, 0x08C4, 0x08C4, 0x08C4, 0x08C4, 0x08C4, 0x08C4, 0x08C4, 0x08C4, 0x08C4, \
        0x08C4, 0x08E4, 0x10E4, 0x08E4, 0x08C4, 0x08C4, 0x08C4, 0x08C4, 0x08C4, 0x08C4, 0x08C4, 0x08C4, \
        0x08C4, 0x08C4, 0x08C4, 0x08C4, 0x08C4, 0x08C4, 0x08C4, 0x08C4, 0x08C4, 0x08C4, 0x08C4, 0x08C4, \
        0x08E4, 0x08E4, 0x08E4, 0x08C4, 0x08C4, 0x08C4, 0x08C4, 0x08C4, 0x08C4, 0x08C4, 0x08C4, 0x08C4, \
        0x08C4, 0x08C4, 0x08C4, 0x08C4, 0x08C4, 0x08C4, 0x08C4, 0x08C4, 0x08C4, 0x08C4, 0x08C4, 0x08C4, \
        0x08C4, 0x08C4, 0x08C4, 0x08C4, 0x08C4, 0x08C4, 0x08C4, 0x08C4, 0x08C4, 0x08C4, 0x08C4, 0x08C4, \
        0x08C4, 0x08C4, 0x08C4, 0x08C4, 0x08C4, 0x08C4, 0x08C4, 0x08C4, 0x08C4, 0x08C4, 0x08C4, 0x08C4, \
        0x08C4, 0x1105, 0x08C4, 0x08C4, 0x08C4, 0x08C4, 0x08C4, 0x08C4, 0x08C4, 0x08C4, 0x08C4, 0x08C4, \
        0x08C4, 0x08C4, 0x08C4, 0x08C4, 0x08C4, 0x08C4, 0x08E4, 0x08E4, 0x08C4, 0x08C4, 0x08C4, 0x08C4, \
        0x08C4, 0x08C4, 0x08C4, 0x08C4, 0x08C4, 0x08C4, 0x08C4, 0x08C4, 0x08C4, 0x08C4, 0x08C4, 0x08C4, \
        0x10E4, 0x08E4, 0x08C4, 0x08C4, 0x08C4, 0x08C4, 0x08C4, 0x08C4, 0x08C4, 0x08C4, 0x08C4, 0x08C4, \
        0x08C4, 0x08C4, 0x08C4, 0x08C4, 0x08C4, 0x08C4, 0x08C4, 0x08C4, 0x08C4, 0x08C4, 0x08C4, 0x08C4, \
        0x08C4, 0x08C4, 0x08C4, 0x08C4, 0x08C4, 0x08C4, 0x08C4, 0x08E4, 0x08E4, 0x08C4, 0x08C4, 0x08C4, \
        0x08C4, 0x08C4, 0x08C4, 0x08C4, 0x08C4, 0x08C4, 0x08C4, 0x08C4, 0x08C4, 0x08C4, 0x08C4, 0x08C4, \
        0x08C4, 0x08C4, 0x08C4, 0x08C4, 0x08C4, 0x08C4, 0x08C4, 0x10E4, 0x08E4, 0x08C4, 0x08C4, 0x08C4, \
        0x08C4, 0x08C4, 0x08C4, 0x08C4, 0x08C4, 0x08C4, 0x08C4, 0x08C4, 0x08C4, 0x08C4, 0x08C4, 0x08C4, \
        0x08C4, 0x08C4, 0x08E4, 0x08E4, 0x08C4, 0x08C4, 0x08C4, 0x08C4, 0x08C4, 0x08C4, 0x08C4, 0x08C4, \
        0x08C4, 0x08C4, 0x08C4, 0x08C4, 0x08C4, 0x08C4, 0x08E4, 0x08E4, 0x08C4, 0x08C4, 0x08C4, 0x08C4, \
        0x08C4, 0x08C4, 0x08C4, 0x08C4, 0x08C4, 0x08C4, 0x08C4, 0x08C4, 0x08C4, 0x08C4, 0x08C4, 0x08C4, \
        0x08C4, 0x08C4, 0x08C4, 0x08C4, 0x08C4, 0x08C4, 0x08C4, 0x08C4, 0x1105, 0x08C4, 0x08C4, 0x08C4, \
        0x08C4, 0x08C4, 0x08C4, 0x08C4, 0x08C4, 0x08E4, 0x08E4, 0x08C4, 0x08C4, 0x08C4, 0x08C4, 0x08C4, \
        0x08C4, 0x08C4, 0x08C4, 0x08C4, 0x08C4, 0x08C4, 0x08C4, 0x08C4, 0x08C4, 0x08C4, 0x08C4, 0x08C4, \
        0x08C4, 0x08C4, 0x08C4, 0x08C4, 0x08C4, 0x08C4, 0x08C4, 0x08C4, 0x08C4, 0x08C4, 0x08C4, 0x08C4, \
        0x08C4, 0x08C4, 0x08C4, 0x08C4, 0x08C4, 0x08C4, 0x08C4, 0x08C4, 0x08C4, 0x08C4, 0x08C4, 0x08C4, \
        0x08C4, 0x08C4, 0x08C4, 0x08C4, 0x08C4, 0x08C4, 0x08C4, 0x08C4, 0x08C4, 0x08C4, 0x08C4, 0x08C4, \
        0x08C4, 0x08C4, 0x08C4, 0x08C4, 0x08C4, 0x08C4, 0x08C4, 0x08C4, 0x08C4, 0x08C4, 0x08E4, 0x10E4, \
        0x10E4, 0x08E4, 0x08C4, 0x08C4, 0x08C4, 0x08C4, 0x08C4, 0x08C4, 0x08C4, 0x08C4, 0x08C4, 0x08C4, \
        0x08C4, 0x08C4, 0x08C4, 0x08C4, 0x08C4, 0x08C4, 0x08C4, 0x08E4, 0x10E4, 0x08E4, 0x08C4, 0x08C4, \
        0x08C4, 0x08C4, 0x08C4, 0x08C4, 0x08C4, 0x08C4, 0x08C4, 0x08C4, 0x08C4, 0x08C4, 0x08C4, 0x08C4, \
        0x08C4, 0x08C4, 0x08C4, 0x08C4, 0x08C4, 0x08C4, 0x08E4, 0x10E4, 0x08E4, 0x08C4, 0x08C4, 0x08C4, \
        0x08C4, 0x08C4, 0x08C4, 0x08C4, 0x08C4, 0x08C4, 0x08C4, 0x08C4, 0x08C4, 0x08C4, 0x08C4, 0x08C4, \
        0x08C4, 0x08C4, 0x08C4, 0x08C4, 0x08C4, 0x08C4, 0x08C4, 0x08C4, 0x08C4, 0x08C4, 0x08C4, 0x08C4, \
        0x08C4, 0x08C4, 0x08C4, 0x08C4, 0x08C4, 0x08C4, 0x08C4, 0x08C4, 0x08C4, 0x08C4, 0x08C4, 0x08C4, \
        0x08C4, 0x08C4, 0x08C4, 0x08C4, 0x08C4, 0x08C4, 0x08C4, 0x08C4, 0x08C4, 0x10E4, 0x08C4, 0x08C4, \
        0x08C4, 0x08C4, 0x08C4, 0x08C4, 0x08C4, 0x08C4, 0x08C4, 0x08C4, 0x08C4, 0x08C4, 0x08C4, 0x08C4, \
        0x08C4, 0x08C4, 0x08E4, 0x08E4, 0x08C4, 0x08C4, 0x08C4, 0x08C4, 0x08C4, 0x08C4, 0x08C4, 0x08C4, \
        0x08C4, 0x08C4, 0x08C4, 0x08C4, 0x08C4, 0x08C4, 0x08C4, 0x08C4, 0x08C4, 0x10E4, 0x08C4, 0x08C4, \
        0x08C4, 0x08C4, 0x08C4, 0x08C4, 0x08C4, 0x08C4, 0x08C4, 0x08C4, 0x08C4, 0x08C4, 0x08C4, 0x08C4, \
        0x08C4, 0x08C4, 0x08C4, 0x08C4, 0x08C4, 0x08C4, 0x08C4, 0x08C4, 0x08C4, 0x08C4, 0x08C4, 0x08C4, \
        0x08C4, 0x08C4, 0x10E4, 0x08E4, 0x08C4, 0x08C4, 0x08C4, 0x08C4, 0x08C4, 0x08C4, 0x08C4, 0x08C4, \
        0x08C4, 0x08C4, 0x08C4, 0x08C4, 0x08C4, 0x08C4, 0x08C4, 0x08C4, 0x08C4, 0x08C4, 0x08C4, 0x08C4, \
        0x08C4, 0x08C4, 0x10E5, 0x08E4, 0x08C4, 0x08C4, 0x08C4, 0x08C4, 0x08C4, 0x08C4, 0x08C4, 0x08C4, \
        0x08C4, 0x08C4, 0x08C4, 0x08C4, 0x08C4, 0x08C4, 0x08C4, 0x08C4, 0x08C4, 0x10E4, 0x08E4, 0x08C4, \
        0x08C4, 0x08C4, 0x08C4, 0x08C4, 0x08C4, 0x08C4, 0x08C4, 0x08C4, 0x08C4, 0x08C4, 0x08C4, 0x08C4, \
        0x08C4, 0x08E4, 0x10E4, 0x08C4, 0x08C4, 0x08C4, 0x08C4, 0x08C4, 0x08C4, 0x08C4, 0x08C4, 0x08C4, \
        0x08C4, 0x08C4, 0x08C4, 0x08C4, 0x08C4, 0x08C4, 0x08C4, 0x08C4, 0x08C4, 0x08C4, 0x08C4, 0x08C4, \
        0x08C4, 0x08C4, 0x08C4, 0x08C4, 0x10E4, 0x08E4, 0x08C4, 0x08C4, 0x08C4, 0x08C4, 0x08C4, 0x08C4, \
        0x08C4, 0x08C4, 0x08E4, 0x08C4, 0x08C4, 0x08C4, 0x08C4, 0x08C4, 0x08C4, 0x08C4, 0x08C4, 0x08C4, \
        0x08C4, 0x08C4, 0x08C4, 0x08C4, 0x08C4, 0x08C4, 0x08C4, 0x08C4, 0x08C4, 0x08C4, 0x08C4, 0x08C4, \
        0x08C4, 0x08C4, 0x08C4, 0x08C4, 0x08C4, 0x08C4, 0x08C4, 0x08C4, 0x08C4, 0x08C4, 0x08C4, 0x08C4, \
        0x08C4, 0x08C4, 0x08C4, 0x08C4, 0x08C4, 0x08C4, 0x08C4, 0x08C4, 0x08C4, 0x08C4, 0x08C4, 0x08C4, \
        0x08C4, 0x08C4, 0x08C4, 0x08C4, 0x08C4, 0x08C4, 0x08C4, 0x08C4, 0x08C4, 0x08C4, 0x08C4, 0x08C4, \
        0x08C4, 0x08C4, 0x08C4, 0x08C4, 0x10E4, 0x10E4, 0x10E4, 0x08E4, 0x08C4, 0x08C4, 0x08C4, 0x08C4, \
        0x08C4, 0x08C4, 0x08C4, 0x08C4, 0x08C4, 0x08C4, 0x08C4, 0x08C4, 0x08C4, 0x08C4, 0x08C4, 0x08C4, \
        0x08C4, 0x08C4, 0x08E4, 0x10E4, 0x08E4, 0x08C4, 0x08C4, 0x08C4, 0x08C4, 0x08C4, 0x08C4, 0x08C4, \
        0x08C4, 0x08C4, 0x08C4, 0x08C4, 0x08C4, 0x08C4, 0x08C4, 0x08C4, 0x08C4, 0x08C4, 0x08C4, 0x08C4, \
        0x08C4, 0x10E4, 0x08E4, 0x08C4, 0x08C4, 0x08C4, 0x08C4, 0x08C4, 0x08C4, 0x08C4, 0x08C4, 0x08C4, \
        0x08C4, 0x08C4, 0x08C4, 0x08C4, 0x08C4, 0x08C4, 0x08C4, 0x08C4, 0x08C4, 0x08C4, 0x08C4, 0x08C4, \
        0x08C4, 0x08C4, 0x08C4, 0x08C4, 0x08C4, 0x08C4, 0x08C4, 0x08C4, 0x08C4, 0x08C4, 0x08C4, 0x08C4, \
        0x08C4, 0x08C4, 0x08C4, 0x08C4, 0x08C4, 0x08C4, 0x08C4, 0x08C4, 0x08C4, 0x08C4, 0x08C4, 0x08C4, \
        0x08C4, 0x08C4, 0x08C4, 0x08C4, 0x1105, 0x08C4, 0x08C4, 0x08C4, 0x08C4, 0x08C4, 0x08C4, 0x08C4, \
        0x08C4, 0x08C4, 0x08C4, 0x08C4, 0x08C4, 0x08C4, 0x08C4, 0x08C4, 0x08C4, 0x08C4, 0x08E4, 0x08E4, \
        0x08C4, 0x08C4, 0x08C4, 0x08C4, 0x08C4, 0x08C4, 0x08C4, 0x08C4, 0x08C4, 0x08C4, 0x08C4, 0x08C4, \
        0x08C4, 0x08C4, 0x08C4, 0x08C4, 0x08C4, 0x08C4, 0x10E5, 0x08C4, 0x08C4, 0x08C4, 0x08C4, 0x08C4, \
        0x08C4, 0x08C4, 0x08C4, 0x08C4, 0x08C4, 0x08C4, 0x08C4, 0x08C4, 0x08C4, 0x08C4, 0x08C4, 0x08C4, \
        0x08C4, 0x08C4, 0x08C4, 0x08C4, 0x08C4, 0x08C4, 0x08C4, 0x08C4, 0x08C4, 0x08E4, 0x10E4, 0x08C4, \
        0x08C4, 0x08C4, 0x08C4, 0x08C4, 0x08C4, 0x08C4, 0x08C4, 0x08C4, 0x08C4, 0x08C4, 0x08C4, 0x08C4, \
        0x08C4, 0x08C4, 0x08C4, 0x08C4, 0x08C4, 0x08C4, 0x08C4, 0x08C4, 0x08C4, 0x10E4, 0x08E4, 0x08C4, \
        0x08C4, 0x08C4, 0x08C4, 0x08C4, 0x08C4, 0x08C4, 0x08C4, 0x08C4, 0x08C4, 0x08C4, 0x08C4, 0x08C4, \
        0x08C4, 0x08C4, 0x08C4, 0x08C4, 0x10E4, 0x08E4, 0x08C4, 0x08C4, 0x08C4, 0x08C4, 0x08C4, 0x08C4, \
        0x08C4, 0x08C4, 0x08C4, 0x08C4, 0x08C4, 0x08C4, 0x08C4, 0x08C4, 0x08C4, 0x08E4, 0x08E4, 0x08C4, \
        0x08C4, 0x08C4, 0x08C4, 0x08C4, 0x08C4, 0x08C4, 0x08C4, 0x08C4, 0x08C4, 0x08C4, 0x08C4, 0x08C4, \
        0x08C4, 0x08C4, 0x08C4, 0x08C4, 0x08C4, 0x08C4, 0x08C4, 0x08C4, 0x08C4, 0x08C4, 0x08C4, 0x08C4, \
        0x08C4, 0x1105, 0x08C4, 0x08C4, 0x08C4, 0x08C4, 0x08C4, 0x08C4, 0x08C4, 0x08C4, 0x08E4, 0x08E4, \
        0x08C4, 0x08C4, 0x08C4, 0x08C4, 0x08C4, 0x08C4, 0x08C4, 0x08C4, 0x08C4, 0x08C4, 0x08C4, 0x08C4, \
        0x08C4, 0x08C4, 0x08C4, 0x08C4, 0x08C4, 0x08C4, 0x08C4, 0x08C4, 0x08C4, 0x08C4, 0x08C4, 0x08C4, \
        0x08C4, 0x08C4, 0x08C4, 0x08C4, 0x08C4, 0x08C4, 0x08E4, 0x10E4, 0x1105, 0x1105, 0x1105, 0x1105, \
        0x1105, 0x1105, 0x1105, 0x1105, 0x1105, 0x1105, 0x1105, 0x1105, 0x1105, 0x1105, 0x1105, 0x1105, \
        0x1105, 0x1105, 0x1105, 0x1105, 0x1105, 0x1104, 0x1105, 0x1105, 0x1105, 0x1105, 0x1105, 0x10E4, \
        0x08E4, 0x08C4, 0x08C4, 0x08C4, 0x08C4, 0x08C4, 0x08C4, 0x08C4, 0x08C4, 0x08C4, 0x08C4, 0x08C4, \
        0x08C4, 0x08C4, 0x08C4, 0x08C4, 0x08C4, 0x08C4, 0x08C4, 0x08C4, 0x08C4, 0x08E4, 0x10E4, 0x08C4, \
        0x08C4, 0x08C4, 0x08C4, 0x08C4, 0x08C4, 0x08C4, 0x08C4, 0x08C4, 0x08C4, 0x08C4, 0x08C4, 0x08C4, \
        0x08C4, 0x08C4, 0x08C4, 0x08C4, 0x08C4, 0x08C4, 0x08C4, 0x10E4, 0x1105, 0x08C4, 0x08C4, 0x08C4, \
        0x08C4, 0x08C4, 0x08C4, 0x08C4, 0x08C4, 0x08C4, 0x08C4, 0x08C4, 0x08C4, 0x08C4, 0x08C4, 0x08C4, \
        0x08C4, 0x08C4, 0x08C4, 0x08C4, 0x08C4, 0x08C4, 0x08C4, 0x08C4, 0x08C4, 0x08C4, 0x10E4, 0x10E4, \
        0x10E4, 0x10E4, 0x08E4, 0x08C4, 0x08C4, 0x08C4, 0x08C4, 0x08C4, 0x08C4, 0x08C4, 0x08C4, 0x08C4, \
        0x08C4, 0x08C4, 0x08C4, 0x08C4, 0x08C4, 0x08C4, 0x08C4, 0x08C4, 0x08C4, 0x08C4, 0x08C4, 0x08C4, \
        0x1105, 0x08C4, 0x08C4, 0x08C4, 0x08C4, 0x08C4, 0x08C4, 0x08C4, 0x08C4, 0x08C4, 0x08C4, 0x08C4, \
        0x08C4, 0x08C4, 0x08C4, 0x08C4, 0x08C4, 0x08C4, 0x08C4, 0x08C4, 0x08C4, 0x08C4, 0x08C4, 0x08C4, \
        0x08C4, 0x08C4, 0x08C4, 0x08C4, 0x08C4, 0x08C4, 0x08C4, 0x08C4, 0x08C4, 0x08C4, 0x08C4, 0x08C4, \
        0x08C4, 0x08C4, 0x08C4, 0x1105, 0x10E4, 0x08C4, 0x08C4, 0x08C4, 0x08C4, 0x08C4, 0x08C4, 0x08C4, \
        0x08C4, 0x08C4, 0x08C4, 0x08C4, 0x08C4, 0x08C4, 0x08C4, 0x08C4, 0x08C4, 0x08C4, 0x08C4, 0x08C4, \
        0x08C4, 0x08C4, 0x08C4, 0x08C4, 0x08C4, 0x08E4, 0x08E4, 0x08C4, 0x08C4, 0x08C4, 0x08C4, 0x08C4, \
        0x08C4, 0x08C4, 0x08C4, 0x08C4, 0x08C4, 0x08C4, 0x08C4, 0x08C4, 0x08C4, 0x08C4, 0x08C4, 0x08C4, \
        0x08C4, 0x08C4, 0x08C4, 0x08C4, 0x08E4, 0x08E4, 0x08C4, 0x08C4, 0x08C4, 0x08C4, 0x08C4, 0x08C4, \
        0x08C4, 0x08C4, 0x08C4, 0x08C4, 0x08C4, 0x08C4, 0x08C4, 0x08C4, 0x08C4, 0x08C4, 0x08C4, 0x08C4, \
        0x1105, 0x08C4, 0x08C4, 0x08C4, 0x08C4, 0x08C4, 0x08C4, 0x08C4, 0x08C4, 0x08C4, 0x08C4, 0x08C4, \
        0x08C4, 0x08C4, 0x08C4, 0x08C4, 0x08E4, 0x10E4, 0x08E4, 0x08C4, 0x08C4, 0x08C4, 0x08C4, 0x08C4, \
        0x08C4, 0x08C4, 0x08C4, 0x08C4, 0x08C4, 0x08C4, 0x08C4, 0x08C4, 0x08C4, 0x08C4, 0x08C4, 0x08C4, \
        0x08C4, 0x08C4, 0x08C4, 0x08C4, 0x08C4, 0x08C4, 0x08C4, 0x08C4, 0x08C4, 0x1105, 0x08C4, 0x08C4, \
        0x08C4, 0x08C4, 0x08C4, 0x08C4, 0x08C4, 0x08C4, 0x08E4, 0x08E4, 0x08C4, 0x08C4, 0x08C4, 0x08C4, \
        0x08C4, 0x08C4, 0x08C4, 0x08C4, 0x08C4, 0x08C4, 0x08C4, 0x08C4, 0x08C4, 0x08C4, 0x08C4, 0x08C4, \
        0x08C4, 0x08C4, 0x08C4, 0x08C4, 0x08C4, 0x08C4, 0x08C4, 0x08C4, 0x08E4, 0x1104, 0x1105, 0x1105, \
        0x1105, 0x1105, 0x10E4, 0x08E4, 0x08E4, 0x08C4, 0x08C4, 0x08C4, 0x08C4, 0x08C4, 0x08C4, 0x08C4, \
        0x08C4, 0x08C4, 0x08C4, 0x08C4, 0x08C4, 0x08C4, 0x08C4, 0x08C4, 0x08C4, 0x08E4, 0x08E4, 0x08E4, \
        0x08E4, 0x08C4, 0x08C4, 0x08C4, 0x08C4, 0x08C4, 0x08C4, 0x08C4, 0x08C4, 0x08C4, 0x08C4, 0x08C4, \
        0x08C4, 0x08C4, 0x08C4, 0x08C4, 0x08C4, 0x08C4, 0x08C4, 0x08C4, 0x08C4, 0x08C4, 0x08C4, 0x08C4, \
        0x08C4, 0x08C4, 0x08C4, 0x08C4, 0x10E4, 0x10E4, 0x08C4, 0x08C4, 0x08C4, 0x08C4, 0x08C4, 0x08C4, \
        0x08C4, 0x08C4, 0x08C4, 0x08C4, 0x08C4, 0x08C4, 0x08C4, 0x08C4, 0x08C4, 0x08C4, 0x08C4, 0x08C4, \
        0x08C4, 0x08C4, 0x1105, 0x10E4, 0x08C4, 0x08C4, 0x08C4, 0x08C4, 0x08C4, 0x08C4, 0x08C4, 0x08C4, \
        0x08C4, 0x08C4, 0x08C4, 0x08C4, 0x08C4, 0x08C4, 0x08C4, 0x08C4, 0x08C4, 0x08C4, 0x08C4, 0x08C4, \
        0x08C4, 0x08C4, 0x08E4, 0x1105, 0x1105, 0x10E4, 0x08E4, 0x10E4, 0x10E4, 0x10E4, 0x1105, 0x1105, \
        0x08E4, 0x08C4, 0x08C4, 0x08C4, 0x08C4, 0x08C4, 0x08C4, 0x08C4, 0x08C4, 0x08C4, 0x08C4, 0x08C4, \
        0x08C4, 0x08C4, 0x08C4, 0x08C4, 0x08C4, 0x08C4, 0x08C4, 0x10E5, 0x08E4, 0x08C4, 0x08C4, 0x08C4, \
        0x08C4, 0x08C4, 0x08C4, 0x08C4, 0x08C4, 0x08C4, 0x08C4, 0x08C4, 0x08C4, 0x08C4, 0x08C4, 0x08C4, \
        0x08C4, 0x08C4, 0x08E4, 0x08E4, 0x08C4, 0x08C4, 0x08C4, 0x08C4, 0x08C4, 0x08C4, 0x08C4, 0x08C4, \
        0x08C4, 0x08C4, 0x08C4, 0x08C4, 0x08C4, 0x08C4, 0x08C4, 0x08C4, 0x08C4, 0x08C4, 0x08C4, 0x08C4, \
        0x1104, 0x08E4, 0x08C4, 0x08C4, 0x08C4, 0x08C4, 0x08C4, 0x08C4, 0x08C4, 0x08C4, 0x08C4, 0x08C4, \
        0x08C4, 0x08C4, 0x08C4, 0x08C4, 0x08C4, 0x08C4, 0x08C4, 0x08C4, 0x08C4, 0x08C4, 0x08C4, 0x08C4, \
        0x08E4, 0x08E4, 0x08C4, 0x08C4, 0x08C4, 0x08C4, 0x08C4, 0x08C4, 0x08C4, 0x08C4, 0x08C4, 0x08C4, \
        0x08C4, 0x08C4, 0x08C4, 0x08C4, 0x08C4, 0x08C4, 0x08C4, 0x08C4, 0x08C4, 0x08C4, 0x08C4, 0x08C4, \
        0x10E4, 0x08E4, 0x08C4, 0x08C4, 0x08C4, 0x08C4, 0x08C4, 0x08C4, 0x08C4, 0x08C4, 0x08C4, 0x08C4, \
        0x08C4, 0x08C4, 0x08C4, 0x08C4, 0x08C4, 0x08C4, 0x08C4, 0x1105, 0x08E4, 0x08C4, 0x08C4, 0x08C4, \
        0x08C4, 0x08C4, 0x08C4, 0x08C4, 0x08C4, 0x08C4, 0x08C4, 0x08C4, 0x08C4, 0x08C4, 0x08C4, 0x08C4, \
        0x10E4, 0x10E4, 0x08C4, 0x08C4, 0x08C4, 0x08C4, 0x08C4, 0x08C4, 0x08C4, 0x08C4, 0x08C4, 0x08C4, \
        0x08C4, 0x08C4, 0x08C4, 0x08C4, 0x08C4, 0x08C4, 0x08C4, 0x08C4, 0x08C4, 0x08C4, 0x08C4, 0x08C4, \
        0x08C4, 0x08C4, 0x08C4, 0x08C4, 0x08C4, 0x10E4, 0x08E4, 0x08C4, 0x08C4, 0x08C4, 0x08C4, 0x08C4, \
        0x08C4, 0x08C4, 0x08C4, 0x08E4, 0x08E4, 0x08C4, 0x08C4, 0x08C4, 0x08C4, 0x08C4, 0x08C4, 0x08C4, \
        0x08C4, 0x08C4, 0x08C4, 0x08C4, 0x08C4, 0x08C4, 0x08C4, 0x08C4, 0x08C4, 0x08C4, 0x08C4, 0x08E4, \
        0x08E4, 0x1105, 0x10E4, 0x10E4, 0x08E4, 0x08E4, 0x08C4, 0x08C4, 0x08C4, 0x08C4, 0x08C4, 0x08C4, \
        0x08C4, 0x08C4, 0x08C4, 0x08C4, 0x08C4, 0x08C4, 0x08C4, 0x08C4, 0x08C4, 0x08C4, 0x08C4, 0x08C4, \
        0x08C4, 0x08C4, 0x08C4, 0x08C4, 0x08C4, 0x08C4, 0x08C4, 0x08C4, 0x08C4, 0x08C4, 0x08C4, 0x08C4, \
        0x08C4, 0x08C4, 0x08C4, 0x08C4, 0x08C4, 0x08C4, 0x08C4, 0x08C4, 0x08C4, 0x08C4, 0x08C4, 0x08C4, \
        0x08C4, 0x08C4, 0x08C4, 0x08C4, 0x08C4, 0x08C4, 0x08C4, 0x08C4, 0x08C4, 0x08C4, 0x08C4, 0x10E4, \
        0x08E4, 0x08C4, 0x08C4, 0x08C4, 0x08C4, 0x08C4, 0x08C4, 0x08C4, 0x08C4, 0x08C4, 0x08C4, 0x08C4, \
        0x08C4, 0x08C4, 0x08C4, 0x08C4, 0x08C4, 0x08C4, 0x08C4, 0x08C4, 0x08E4, 0x08E4, 0x08C4, 0x08C4, \
        0x08C4, 0x08C4, 0x08C4, 0x08C4, 0x08C4, 0x08C4, 0x08C4, 0x08C4, 0x08C4, 0x08C4, 0x08C4, 0x08C4, \
        0x08C4, 0x08C4, 0x08C4, 0x08C4, 0x08C4, 0x08C4, 0x08C4, 0x08E4, 0x10E4, 0x10E5, 0x08E4, 0x08C4, \
        0x08C4, 0x08C4, 0x08C4, 0x08C4, 0x10C4, 0x10E4, 0x10C4, 0x08C4, 0x10E4, 0x08E4, 0x08C4, 0x08C4, \
        0x08C4, 0x08C4, 0x08C4, 0x08C4, 0x08C4, 0x08C4, 0x08C4, 0x08C4, 0x08C4, 0x08C4, 0x08C4, 0x08C4, \
        0x08C4, 0x08C4, 0x08E4, 0x10E4, 0x08C4, 0x08C4, 0x08C4, 0x08C4, 0x08C4, 0x08C4, 0x08C4, 0x08C4, \
        0x08C4, 0x08C4, 0x08C4, 0x08C4, 0x08C4, 0x08C4, 0x08C4, 0x08C4, 0x08C4, 0x08C4, 0x08E4, 0x08E4, \
        0x08C4, 0x08C4, 0x08C4, 0x08C4, 0x08C4, 0x08C4, 0x08C4, 0x08C4, 0x08C4, 0x08C4, 0x08C4, 0x08C4, \
        0x08C4, 0x08C4, 0x08C4, 0x08C4, 0x08C4, 0x08C4, 0x08C4, 0x08C4, 0x08C4, 0x10E4, 0x08E4, 0x08C4, \
        0x08C4, 0x08C4, 0x08C4, 0x08C4, 0x08C4, 0x08C4, 0x08C4, 0x08C4, 0x08C4, 0x08C4, 0x08C4, 0x08C4, \
        0x08C4, 0x08C4, 0x08C4, 0x08C4, 0x08C4, 0x08C4, 0x08C4, 0x08C4, 0x08E4, 0x08E4, 0x08C4, 0x08C4, \
        0x08C4, 0x08C4, 0x08C4, 0x08C4, 0x08C4, 0x08C4, 0x08C4, 0x08C4, 0x08C4, 0x08C4, 0x08C4, 0x08C4, \
        0x08C4, 0x08C4, 0x08C4, 0x08C4, 0x08C4, 0x08C4, 0x08C4, 0x08E4, 0x10E4, 0x08C4, 0x08C4, 0x08C4, \
        0x08C4, 0x08C4, 0x08C4, 0x08C4, 0x08C4, 0x08C4, 0x08C4, 0x08C4, 0x08C4, 0x08C4, 0x08C4, 0x08C4, \
        0x08C4, 0x08C4, 0x08C4, 0x1105, 0x08C4, 0x08C4, 0x08C4, 0x08C4, 0x08C4, 0x08C4, 0x08C4, 0x08C4, \
        0x08C4, 0x08C4, 0x08C4, 0x08C4, 0x08C4, 0x08C4, 0x08C4, 0x08C4, 0x08E4, 0x10E4, 0x08C4, 0x08C4, \
        0x08C4, 0x08C4, 0x08C4, 0x08C4, 0x08C4, 0x08C4, 0x08C4, 0x08C4, 0x08C4, 0x08C4, 0x08C4, 0x08C4, \
        0x08C4, 0x08C4, 0x08C4, 0x08C4, 0x08C4, 0x08C4, 0x08C4, 0x08C4, 0x08C4, 0x08C4, 0x08C4, 0x08C4, \
        0x08C4, 0x08E4, 0x10E4, 0x08C4, 0x08C4, 0x08C4, 0x08C4, 0x08C4, 0x08C4, 0x08C4, 0x08C4, 0x08E4, \
        0x08E4, 0x08C4, 0x08C4, 0x08C4, 0x08C4, 0x08C4, 0x08C4, 0x08C4, 0x08C4, 0x08C4, 0x08C4, 0x08C4, \
        0x08C4, 0x08C4, 0x08C4, 0x10E4, 0x10E4, 0x10E4, 0x10E4, 0x08E4, 0x08C4, 0x08C4, 0x08C4, 0x08C4, \
        0x08C4, 0x08C4, 0x08C4, 0x08C4, 0x08C4, 0x08C4, 0x08C4, 0x08C4, 0x08C4, 0x08C4, 0x08C4, 0x08C4, \
        0x08C4, 0x08C4, 0x08C4, 0x08C4, 0x08C4, 0x08C4, 0x08C4, 0x08C4, 0x08C4, 0x08C4, 0x08C4, 0x08C4, \
        0x08C4, 0x08C4, 0x08C4, 0x08C4, 0x08C4, 0x08C4, 0x08C4, 0x08C4, 0x08C4, 0x08C4, 0x08C4, 0x08C4, \
        0x08C4, 0x08C4, 0x08C4, 0x08C4, 0x08C4, 0x08C4, 0x08C4, 0x08C4, 0x08C4, 0x08C4, 0x08C4, 0x08C4, \
        0x08C4, 0x08C4, 0x08C4, 0x08C4, 0x08C4, 0x08E4, 0x10E4, 0x08C4, 0x08C4, 0x08C4, 0x08C4, 0x08C4, \
        0x08C4, 0x08C4, 0x08C4, 0x08C4, 0x08C4, 0x08C4, 0x08C4, 0x08C4, 0x08C4, 0x08C4, 0x08C4, 0x08C4, \
        0x08C4, 0x08C4, 0x08E4, 0x10E4, 0x08E4, 0x08C4, 0x08C4, 0x08C4, 0x08C4, 0x08C4, 0x08C4, 0x08C4, \
        0x08C4, 0x08C4, 0x08C4, 0x08C4, 0x08C4, 0x08C4, 0x08C4, 0x08C4, 0x08C4, 0x08C4, 0x08C4, 0x08C4, \
        0x08C4, 0x08E4, 0x10E4, 0x10E4, 0x08C4, 0x08C4, 0x08C4, 0x08C4, 0x08C4, 0x08C4, 0x08C4, 0x08C4, \
        0x08C4, 0x08C4, 0x08C4, 0x08C4, 0x08C4, 0x10E4, 0x08E4, 0x08C4, 0x08C4, 0x08C4, 0x08C4, 0x08C4, \
        0x08C4, 0x08C4, 0x08C4, 0x08C4, 0x08C4, 0x08C4, 0x08C4, 0x08C4, 0x08C4, 0x08C4, 0x10E4, 0x08C4, \
        0x08C4, 0x08C4, 0x08C4, 0x08C4, 0x08C4, 0x08C4, 0x08C4, 0x08C4, 0x08C4, 0x08C4, 0x08C4, 0x08C4, \
        0x08C4, 0x08C4, 0x08C4, 0x08C4, 0x08C4, 0x08C4, 0x08E4, 0x08E4, 0x08C4, 0x08C4, 0x08C4, 0x08C4, \
        0x08C4, 0x08C4, 0x08C4, 0x08C4, 0x08C4, 0x08C4, 0x08C4, 0x08C4, 0x08C4, 0x08C4, 0x08C4, 0x08C4, \
        0x08C4, 0x08C4, 0x08C4, 0x08C4, 0x08C4, 0x08C4, 0x10E4, 0x10E4, 0x08C4, 0x08C4, 0x08C4, 0x08C4, \
        0x08C4, 0x08C4, 0x08C4, 0x08C4, 0x08C4, 0x08C4, 0x08C4, 0x08C4, 0x08C4, 0x08C4, 0x08C4, 0x08C4, \
        0x08C4, 0x08C4, 0x08C4, 0x08C4, 0x08E4, 0x08E4, 0x08C4, 0x08C4, 0x08C4, 0x08C4, 0x08C4, 0x08C4, \
        0x08C4, 0x08C4, 0x08C4, 0x08C4, 0x08C4, 0x08C4, 0x08C4, 0x08C4, 0x08C4, 0x08C4, 0x08C4, 0x08C4, \
        0x08C4, 0x08C4, 0x08C4, 0x08E4, 0x10E4, 0x08C4, 0x08C4, 0x08C4, 0x08C4, 0x08C4, 0x08C4, 0x08C4, \
        0x08C4, 0x08C4, 0x08C4, 0x08C4, 0x08C4, 0x08C4, 0x08C4, 0x08C4, 0x08C4, 0x08C4, 0x10C4, 0x1105, \
        0x08C4, 0x08C4, 0x08C4, 0x08C4, 0x08C4, 0x08C4, 0x08C4, 0x08C4, 0x08C4, 0x08C4, 0x08C4, 0x08C4, \
        0x08C4, 0x08C4, 0x08C4, 0x08C4, 0x10E4, 0x10E4, 0x08C4, 0x08C4, 0x08C4, 0x08C4, 0x08C4, 0x08C4, \
        0x08C4, 0x08C4, 0x08C4, 0x08C4, 0x08C4, 0x08C4, 0x08C4, 0x08C4, 0x08C4, 0x08C4, 0x08C4, 0x08C4, \
        0x08C4, 0x08C4, 0x08C4, 0x08C4, 0x08C4, 0x08C4, 0x08C4, 0x08C4, 0x08C4, 0x08C4, 0x1105, 0x08C4, \
        0x08C4, 0x08C4, 0x08C4, 0x08C4, 0x08C4, 0x08C4, 0x08C4, 0x08E4, 0x08E4, 0x08C4, 0x08C4, 0x08C4, \
        0x08C4, 0x08C4, 0x08C4, 0x08C4, 0x08C4, 0x08C4, 0x08C4, 0x08C4, 0x08E4, 0x10E4, 0x10E4, 0x10E4, \
        0x08E4, 0x08C4, 0x08C4, 0x08C4, 0x08C4, 0x08C4, 0x08C4, 0x08C4, 0x08C4, 0x08C4, 0x08C4, 0x08C4, \
        0x08C4, 0x08C4, 0x08C4, 0x08C4, 0x08C4, 0x08C4, 0x08C4, 0x08C4, 0x08C4, 0x08C4, 0x08C4, 0x08C4, \
        0x08C4, 0x08C4, 0x08C4, 0x08C4, 0x08C4, 0x08C4, 0x08C4, 0x08C4, 0x08C4, 0x08C4, 0x08C4, 0x08C4, \
        0x08C4, 0x08C4, 0x08C4, 0x08C4, 0x08C4, 0x08C4, 0x08C4, 0x08C4, 0x08C4, 0x08C4, 0x08C4, 0x08C4, \
        0x08C4, 0x08C4, 0x08C4, 0x08C4, 0x08C4, 0x08C4, 0x08C4, 0x08C4, 0x08C4, 0x08C4, 0x08C4, 0x08C4, \
        0x10E4, 0x10E4, 0x08C4, 0x08C4, 0x08C4, 0x08C4, 0x08C4, 0x08C4, 0x08C4, 0x08C4, 0x08C4, 0x08C4, \
        0x08C4, 0x08C4, 0x08C4, 0x08C4, 0x08C4, 0x08C4, 0x08C4, 0x08C4, 0x08C4, 0x10E4, 0x10E4, 0x08E4, \
        0x08C4, 0x08C4, 0x08C4, 0x08C4, 0x08C4, 0x08C4, 0x08C4, 0x08C4, 0x08C4, 0x08C4, 0x08C4, 0x08C4, \
        0x08C4, 0x08C4, 0x08C4, 0x08C4, 0x08C4, 0x08C4, 0x08C4, 0x08E4, 0x08E4, 0x10E4, 0x08E4, 0x08C4, \
        0x08C4, 0x08C4, 0x08C4, 0x08C4, 0x08C4, 0x08C4, 0x08C4, 0x08C4, 0x08C4, 0x08C4, 0x08C4, 0x08C4, \
        0x08C4, 0x10E4, 0x10E4, 0x08C4, 0x08C4, 0x08C4, 0x08C4, 0x08C4, 0x08C4, 0x08C4, 0x08C4, 0x08C4, \
        0x08C4, 0x08C4, 0x08C4, 0x08C4, 0x08C4, 0x10E4, 0x08E4, 0x08C4, 0x08C4, 0x08C4, 0x08C4, 0x08C4, \
        0x08C4, 0x08C4, 0x08C4, 0x08C4, 0x08C4, 0x08C4, 0x08C4, 0x08C4, 0x08C4, 0x08C4, 0x08C4, 0x08C4, \
        0x08C4, 0x08C4, 0x08E4, 0x08E4, 0x08C4, 0x08C4, 0x08C4, 0x08C4, 0x08C4, 0x08C4, 0x08C4, 0x08C4, \
        0x08C4, 0x08C4, 0x08C4, 0x08C4, 0x08C4, 0x08C4, 0x08C4, 0x08C4, 0x08C4, 0x08C4, 0x08C4, 0x08C4, \
        0x08C4, 0x08C4, 0x08C4, 0x10E4, 0x10E4, 0x10E4, 0x08C4, 0x08C4, 0x08C4, 0x08C4, 0x08C4, 0x08C4, \
        0x08C4, 0x08C4, 0x08C4, 0x08C4, 0x08C4, 0x08C4, 0x08C4, 0x08C4, 0x08C4, 0x08C4, 0x08C4, 0x08C4, \
        0x08E4, 0x08E4, 0x08C4, 0x08C4, 0x08C4, 0x08C4, 0x08C4, 0x08C4, 0x08C4, 0x08C4, 0x08C4, 0x08C4, \
        0x08C4, 0x08C4, 0x08C4, 0x08C4, 0x08C4, 0x08C4, 0x08C4, 0x08C4, 0x08C4, 0x08C4, 0x08C4, 0x08E4, \
        0x08E4, 0x08C4, 0x08C4, 0x08C4, 0x08C4, 0x08C4, 0x08C4, 0x08C4, 0x08C4, 0x08C4, 0x08C4, 0x08C4, \
        0x08C4, 0x08C4, 0x08C4, 0x08C4, 0x08C4, 0x08C4, 0x08C4, 0x1105, 0x08C4, 0x08C4, 0x08C4, 0x08C4, \
        0x08C4, 0x08C4, 0x08C4, 0x08C4, 0x08C4, 0x08C4, 0x08C4, 0x08C4, 0x08C4, 0x08C4, 0x08C4, 0x08C4, \
        0x10E4, 0x10E4, 0x08C4, 0x08C4, 0x08C4, 0x08C4, 0x08C4, 0x08C4, 0x08C4, 0x08C4, 0x08C4, 0x08C4, \
        0x08C4, 0x08C4, 0x08C4, 0x08C4, 0x08C4, 0x08C4, 0x08C4, 0x08C4, 0x08C4, 0x08C4, 0x08C4, 0x08C4, \
        0x08C4, 0x08C4, 0x08C4, 0x08C4, 0x08C4, 0x08C4, 0x10E5, 0x08C4, 0x08C4, 0x08C4, 0x08C4, 0x08C4, \
        0x08C4, 0x08C4, 0x08C4, 0x08C4, 0x08E4, 0x08C4, 0x08C4, 0x08C4, 0x08C4, 0x08C4, 0x08C4, 0x08C4, \
        0x08C4, 0x08C4, 0x10E4, 0x10E4, 0x10E4, 0x08E4, 0x08C4, 0x08C4, 0x08C4, 0x08C4, 0x08C4, 0x08C4, \
        0x08C4, 0x08C4, 0x08C4, 0x08C4, 0x08C4, 0x08C4, 0x08C4, 0x08C4, 0x08C4, 0x08C4, 0x08C4, 0x08C4, \
        0x08C4, 0x08C4, 0x08C4, 0x08C4, 0x08C4, 0x08C4, 0x08C4, 0x08C4, 0x08C4, 0x08C4, 0x08C4, 0x08C4, \
        0x08C4, 0x08C4, 0x08C4, 0x08C4, 0x08C4, 0x08C4, 0x08C4, 0x08C4, 0x08C4, 0x08C4, 0x08C4, 0x08C4, \
        0x08C4, 0x08C4, 0x08C4, 0x08C4, 0x08C4, 0x08C4, 0x08C4, 0x08C4, 0x08C4, 0x08C4, 0x08C4, 0x08C4, \
        0x08C4, 0x08C4, 0x08C4, 0x08C4, 0x08C4, 0x08C4, 0x08E4, 0x10E4, 0x08E4, 0x08C4, 0x08C4, 0x08C4, \
        0x08C4, 0x08C4, 0x08C4, 0x08C4, 0x08C4, 0x08C4, 0x08C4, 0x08C4, 0x08C4, 0x08C4, 0x08C4, 0x08C4, \
        0x08C4, 0x08C4, 0x08C4, 0x08C4, 0x10E4, 0x10E4, 0x08E4, 0x08C4, 0x08C4, 0x08C4, 0x08C4, 0x08C4, \
        0x08C4, 0x08C4, 0x08C4, 0x08C4, 0x08C4, 0x08C4, 0x08C4, 0x08C4, 0x08C4, 0x08C4, 0x08C4, 0x08C4, \
        0x08C4, 0x08C4, 0x10E4, 0x08E4, 0x08E4, 0x08C4, 0x08C4, 0x08C4, 0x08C4, 0x08C4, 0x08C4, 0x08C4, \
        0x08C4, 0x08C4, 0x08C4, 0x08C4, 0x08C4, 0x08C4, 0x08C4, 0x08C4, 0x08C4, 0x08E4, 0x10E4, 0x08C4, \
        0x08C4, 0x08C4, 0x08C4, 0x08C4, 0x08C4, 0x08C4, 0x08C4, 0x08C4, 0x08C4, 0x08C4, 0x08C4, 0x08C4, \
        0x10E4, 0x08E4, 0x08C4, 0x08C4, 0x08C4, 0x08C4, 0x08C4, 0x08C4, 0x08C4, 0x08C4, 0x08C4, 0x08C4, \
        0x08C4, 0x08C4, 0x08C4, 0x08C4, 0x08C4, 0x08C4, 0x08C4, 0x08C4, 0x08C4, 0x08C4, 0x10E4, 0x08C4, \
        0x08C4, 0x08C4, 0x08C4, 0x08C4, 0x08C4, 0x08C4, 0x08C4, 0x08C4, 0x08C4, 0x08C4, 0x08C4, 0x08C4, \
        0x08C4, 0x08C4, 0x08C4, 0x08C4, 0x08C4, 0x08C4, 0x08C4, 0x08C4, 0x08C4, 0x08C4, 0x08C4, 0x08C4, \
        0x10E4, 0x10E4, 0x10E4, 0x08C4, 0x08C4, 0x08C4, 0x08C4, 0x08C4, 0x08C4, 0x08C4, 0x08C4, 0x08C4, \
        0x08C4, 0x08C4, 0x08C4, 0x08C4, 0x08C4, 0x08C4, 0x08C4, 0x08C4, 0x10E4, 0x08E4, 0x08C4, 0x08C4, \
        0x08C4, 0x08C4, 0x08C4, 0x08C4, 0x08C4, 0x08C4, 0x08C4, 0x08C4, 0x08C4, 0x08C4, 0x08C4, 0x08C4, \
        0x08C4, 0x08C4, 0x08C4, 0x08C4, 0x08C4, 0x08C4, 0x08C4, 0x08E4, 0x08E4, 0x08C4, 0x08C4, 0x08C4, \
        0x08C4, 0x08C4, 0x08C4, 0x08C4, 0x08C4, 0x08C4, 0x08C4, 0x08C4, 0x08C4, 0x08C4, 0x08C4, 0x08C4, \
        0x08C4, 0x08C4, 0x08C4, 0x1105, 0x08C4, 0x08C4, 0x08C4, 0x08C4, 0x08C4, 0x08C4, 0x08C4, 0x08C4, \
        0x08C4, 0x08C4, 0x08C4, 0x08C4, 0x08C4, 0x08C4, 0x08C4, 0x08C4, 0x10E4, 0x10E4, 0x08C4, 0x08C4, \
        0x08C4, 0x08C4, 0x08C4, 0x08C4, 0x08C4, 0x08C4, 0x08C4, 0x08C4, 0x08C4, 0x08C4, 0x08C4, 0x08C4, \
        0x08C4, 0x08C4, 0x08C4, 0x08C4, 0x08C4, 0x08C4, 0x08C4, 0x08C4, 0x08C4, 0x08C4, 0x08C4, 0x08C4, \
        0x08C4, 0x08C4, 0x10E5, 0x08C4, 0x08C4, 0x08C4, 0x08C4, 0x08C4, 0x08C4, 0x08C4, 0x08C4, 0x08C4, \
        0x08E4, 0x08C4, 0x08C4, 0x08C4, 0x08C4, 0x08C4, 0x08C4, 0x08C4, 0x08C4, 0x10E4, 0x10E4, 0x08E4, \
        0x08C4, 0x08C4, 0x08C4, 0x08C4, 0x08C4, 0x08C4, 0x08C4, 0x08C4, 0x08C4, 0x08C4, 0x08C4, 0x08C4, \
        0x08C4, 0x08C4, 0x08C4, 0x08C4, 0x08C4, 0x08C4, 0x08C4, 0x08C4, 0x08C4, 0x08C4, 0x08C4, 0x08C4, \
        0x08C4, 0x08C4, 0x08C4, 0x08C4, 0x08C4, 0x08C4, 0x08C4, 0x08C4, 0x08C4, 0x08C4, 0x08C4, 0x08C4, \
        0x08C4, 0x08C4, 0x08C4, 0x08C4, 0x08C4, 0x08C4, 0x08C4, 0x08C4, 0x08C4, 0x08C4, 0x08C4, 0x08C4, \
        0x08C4, 0x08C4, 0x08C4, 0x08C4, 0x08C4, 0x08C4, 0x08C4, 0x08C4, 0x08C4, 0x08C4, 0x08C4, 0x08C4, \
        0x08C4, 0x10E4, 0x10E4, 0x08E4, 0x08C4, 0x08C4, 0x08C4, 0x08C4, 0x08C4, 0x08C4, 0x08C4, 0x08C4, \
        0x08C4, 0x08C4, 0x08C4, 0x08C4, 0x08C4, 0x08C4, 0x08C4, 0x08C4, 0x08C4, 0x08C4, 0x08C4, 0x1105, \
        0x08E4, 0x08C4, 0x08C4, 0x08C4, 0x08C4, 0x08C4, 0x08C4, 0x08C4, 0x08C4, 0x08C4, 0x08C4, 0x08C4, \
        0x08C4, 0x08C4, 0x08C4, 0x08C4, 0x08C4, 0x08C4, 0x08C4, 0x08C4, 0x10E4, 0x10E4, 0x08E4, 0x08C4, \
        0x08C4, 0x08C4, 0x08C4, 0x08C4, 0x08C4, 0x08C4, 0x08C4, 0x08C4, 0x08C4, 0x08C4, 0x08C4, 0x08C4, \
        0x08C4, 0x08C4, 0x08C4, 0x08C4, 0x08C4, 0x08E4, 0x08E4, 0x08C4, 0x08C4, 0x08C4, 0x08C4, 0x08C4, \
        0x08C4, 0x08C4, 0x08C4, 0x08C4, 0x08C4, 0x08C4, 0x08C4, 0x10E4, 0x08E4, 0x08C4, 0x08C4, 0x08C4, \
        0x08C4, 0x08C4, 0x08C4, 0x08C4, 0x08C4, 0x08C4, 0x08C4, 0x08C4, 0x08C4, 0x08C4, 0x08C4, 0x08C4, \
        0x08C4, 0x08C4, 0x08C4, 0x08C4, 0x08C4, 0x08E4, 0x08E4, 0x08C4, 0x08C4, 0x08C4, 0x08C4, 0x08C4, \
        0x08C4, 0x08C4, 0x08C4, 0x08C4, 0x08C4, 0x08C4, 0x08C4, 0x08C4, 0x08C4, 0x08C4, 0x08C4, 0x08C4, \
        0x08C4, 0x08C4, 0x08C4, 0x08C4, 0x08C4, 0x08C4, 0x08C4, 0x08C4, 0x08C4, 0x08C4, 0x10E4, 0x10E4, \
        0x08C4, 0x08C4, 0x08C4, 0x08C4, 0x08C4, 0x08C4, 0x08C4, 0x08C4, 0x08C4, 0x08C4, 0x08C4, 0x08C4, \
        0x08C4, 0x08C4, 0x08C4, 0x08C4, 0x08E4, 0x08E4, 0x08C4, 0x08C4, 0x08C4, 0x08C4, 0x08C4, 0x08C4, \
        0x08C4, 0x08C4, 0x08C4, 0x08C4, 0x08C4, 0x08C4, 0x08C4, 0x08C4, 0x08C4, 0x08C4, 0x08C4, 0x08C4, \
        0x08C4, 0x08C4, 0x08C4, 0x08C4, 0x10E4, 0x08C4, 0x08C4, 0x08C4, 0x08C4, 0x08C4, 0x08C4, 0x08C4, \
        0x08C4, 0x08C4, 0x08C4, 0x08C4, 0x08C4, 0x08C4, 0x08C4, 0x08C4, 0x08C4, 0x08C4, 0x08C4, 0x1104, \
        0x08E4, 0x08C4, 0x08C4, 0x08C4, 0x08C4, 0x08C4, 0x08C4, 0x08C4, 0x08C4, 0x08C4, 0x08C4, 0x08C4, \
        0x08C4, 0x08C4, 0x08C4, 0x08C4, 0x08C4, 0x10E4, 0x08E4, 0x08C4, 0x08C4, 0x08C4, 0x08C4, 0x08C4, \
        0x08C4, 0x08C4, 0x08C4, 0x08C4, 0x08C4, 0x08C4, 0x08C4, 0x08C4, 0x08C4, 0x08C4, 0x08C4, 0x08C4, \
        0x08C4, 0x08C4, 0x08C4, 0x08C4, 0x08C4, 0x08C4, 0x08C4, 0x08C4, 0x08C4, 0x08C4, 0x10E4, 0x08C4, \
        0x08C4, 0x08C4, 0x08C4, 0x08C4, 0x08C4, 0x08C4, 0x08C4, 0x08C4, 0x10E4, 0x08E4, 0x08C4, 0x08C4, \
        0x08C4, 0x08C4, 0x08C4, 0x08E4, 0x1104, 0x08E4, 0x08C4, 0x08C4, 0x08C4, 0x08C4, 0x08C4, 0x08C4, \
        0x08C4, 0x08C4, 0x08C4, 0x08C4, 0x08C4, 0x08C4, 0x08C4, 0x08C4, 0x08C4, 0x08C4, 0x08C4, 0x08C4, \
        0x08C4, 0x08C4, 0x08C4, 0x08C4, 0x08C4, 0x08C4, 0x08C4, 0x08C4, 0x08C4, 0x08C4, 0x08C4, 0x08C4, \
        0x08C4, 0x08C4, 0x08C4, 0x08C4, 0x08C4, 0x08C4, 0x08C4, 0x08C4, 0x08C4, 0x08C4, 0x08C4, 0x08C4, \
        0x08C4, 0x08C4, 0x08C4, 0x08C4, 0x08C4, 0x08C4, 0x08C4, 0x08C4, 0x08C4, 0x08C4, 0x08C4, 0x08C4, \
        0x08C4, 0x08C4, 0x08C4, 0x08C4, 0x08C4, 0x08C4, 0x08C4, 0x08C4, 0x1105, 0x10E5, 0x08C4, 0x08C4, \
        0x08C4, 0x08C4, 0x08C4, 0x08C4, 0x08C4, 0x08C4, 0x08C4, 0x08C4, 0x08C4, 0x08C4, 0x08C4, 0x08C4, \
        0x08C4, 0x08C4, 0x08C4, 0x08C4, 0x08C4, 0x08E4, 0x1105, 0x08E4, 0x08C4, 0x08C4, 0x08C4, 0x08C4, \
        0x08C4, 0x08C4, 0x08C4, 0x08C4, 0x08C4, 0x08C4, 0x08C4, 0x08C4, 0x08C4, 0x08C4, 0x08C4, 0x08C4, \
        0x08C4, 0x08C4, 0x08C4, 0x10E4, 0x10E4, 0x08C4, 0x08C4, 0x08C4, 0x08C4, 0x08C4, 0x08C4, 0x08C4, \
        0x08C4, 0x08C4, 0x08C4, 0x08C4, 0x08C4, 0x08C4, 0x08C4, 0x08C4, 0x08C4, 0x08C4, 0x08C4, 0x08C4, \
        0x08C4, 0x08C4, 0x08E4, 0x08C4, 0x08C4, 0x08C4, 0x08C4, 0x08C4, 0x08C4, 0x08C4, 0x08C4, 0x08C4, \
        0x08C4, 0x08C4, 0x08C4, 0x10E4, 0x08C4, 0x08C4, 0x08C4, 0x08C4, 0x08C4, 0x08C4, 0x08C4, 0x08C4, \
        0x08C4, 0x08C4, 0x08C4, 0x08C4, 0x08C4, 0x08C4, 0x08C4, 0x08C4, 0x08C4, 0x08C4, 0x08C4, 0x08C4, \
        0x08C4, 0x08E4, 0x08E4, 0x08C4, 0x08C4, 0x08C4, 0x08C4, 0x08C4, 0x08C4, 0x08C4, 0x08C4, 0x08C4, \
        0x08C4, 0x08C4, 0x08C4, 0x08C4, 0x08C4, 0x08C4, 0x08C4, 0x08C4, 0x08C4, 0x08C4, 0x08C4, 0x08C4, \
        0x08C4, 0x08C4, 0x08C4, 0x08C4, 0x08C4, 0x08C4, 0x08C4, 0x08C4, 0x08E4, 0x08C4, 0x08C4, 0x08C4, \
        0x08C4, 0x08C4, 0x08C4, 0x08C4, 0x08C4, 0x08C4, 0x08C4, 0x08C4, 0x08C4, 0x08C4, 0x08C4, 0x08C4, \
        0x08C4, 0x10E4, 0x08C4, 0x08C4, 0x08C4, 0x08C4, 0x08C4, 0x08C4, 0x08C4, 0x08C4, 0x08C4, 0x08C4, \
        0x08C4, 0x08C4, 0x08C4, 0x08C4, 0x08C4, 0x08C4, 0x08C4, 0x08C4, 0x08C4, 0x08C4, 0x08C4, 0x08C4, \
        0x10E4, 0x10E4, 0x08C4, 0x08C4, 0x08C4, 0x08C4, 0x08C4, 0x08C4, 0x08C4, 0x08C4, 0x08C4, 0x08C4, \
        0x08C4, 0x08C4, 0x08C4, 0x08C4, 0x08C4, 0x08C4, 0x08C4, 0x08E4, 0x1105, 0x08C4, 0x08C4, 0x08C4, \
        0x08C4, 0x08C4, 0x08C4, 0x08C4, 0x08C4, 0x08C4, 0x08C4, 0x08C4, 0x08C4, 0x08C4, 0x08C4, 0x08C4, \
        0x08C4, 0x08C4, 0x10E4, 0x08C4, 0x08C4, 0x08C4, 0x08C4, 0x08C4, 0x08C4, 0x08C4, 0x08C4, 0x08C4, \
        0x08C4, 0x08C4, 0x08C4, 0x08C4, 0x08C4, 0x08C4, 0x08C4, 0x08C4, 0x08C4, 0x08C4, 0x08C4, 0x08C4, \
        0x08C4, 0x08C4, 0x08C4, 0x08C4, 0x08C4, 0x10E4, 0x08E4, 0x08C4, 0x08C4, 0x08C4, 0x08C4, 0x08C4, \
        0x08C4, 0x08C4, 0x08C4, 0x08C4, 0x10E4, 0x08E4, 0x08C4, 0x08C4, 0x08C4, 0x08C4, 0x10E4, 0x10E4, \
        0x08C4, 0x08C4, 0x08C4, 0x08C4, 0x08C4, 0x08C4, 0x08C4, 0x08C4, 0x08C4, 0x08C4, 0x08C4, 0x08C4, \
        0x08C4, 0x08C4, 0x08C4, 0x08C4, 0x08C4, 0x08C4, 0x08C4, 0x08C4, 0x08C4, 0x08C4, 0x08C4, 0x08C4, \
        0x08C4, 0x08C4, 0x08C4, 0x08C4, 0x08C4, 0x08C4, 0x08C4, 0x08C4, 0x08C4, 0x08C4, 0x08C4, 0x08C4, \
        0x08C4, 0x08C4, 0x08C4, 0x08C4, 0x08C4, 0x08C4, 0x08C4, 0x08C4, 0x08C4, 0x08C4, 0x08C4, 0x08C4, \
        0x08C4, 0x08C4, 0x08C4, 0x08C4, 0x08C4, 0x08C4, 0x08C4, 0x08C4, 0x08C4, 0x08C4, 0x08C4, 0x08C4, \
        0x08C4, 0x08C4, 0x08C4, 0x1105, 0x08E4, 0x08C4, 0x08C4, 0x08C4, 0x08C4, 0x08C4, 0x08C4, 0x08C4, \
        0x08C4, 0x08C4, 0x08C4, 0x08C4, 0x08C4, 0x08C4, 0x08C4, 0x08C4, 0x08C4, 0x08C4, 0x08C4, 0x08C4, \
        0x08E4, 0x1105, 0x08C4, 0x08C4, 0x08C4, 0x08C4, 0x08C4, 0x08C4, 0x08C4, 0x08C4, 0x08C4, 0x08C4, \
        0x08C4, 0x08C4, 0x08C4, 0x08C4, 0x08C4, 0x08C4, 0x08C4, 0x08C4, 0x08C4, 0x08E4, 0x1105, 0x08E4, \
        0x08C4, 0x08C4, 0x08C4, 0x08C4, 0x08C4, 0x08C4, 0x08C4, 0x08C4, 0x08C4, 0x08C4, 0x08C4, 0x08C4, \
        0x08C4, 0x08C4, 0x08C4, 0x08C4, 0x10C4, 0x08C4, 0x08C4, 0x08C4, 0x08C4, 0x08E4, 0x08E4, 0x08C4, \
        0x08C4, 0x08C4, 0x08C4, 0x08C4, 0x08C4, 0x08C4, 0x08C4, 0x08C4, 0x08C4, 0x08C4, 0x10E4, 0x08E4, \
        0x08C4, 0x08C4, 0x08C4, 0x08C4, 0x08C4, 0x08C4, 0x08C4, 0x08C4, 0x08C4, 0x08C4, 0x08C4, 0x08C4, \
        0x08C4, 0x08C4, 0x08C4, 0x08C4, 0x08C4, 0x08C4, 0x08C4, 0x08C4, 0x08C4, 0x08E4, 0x08C4, 0x08C4, \
        0x08C4, 0x08C4, 0x08C4, 0x08C4, 0x08C4, 0x08C4, 0x08C4, 0x08C4, 0x08C4, 0x08C4, 0x08C4, 0x08C4, \
        0x08C4, 0x08C4, 0x08C4, 0x08C4, 0x08C4, 0x08C4, 0x08C4, 0x08C4, 0x08C4, 0x08C4, 0x08C4, 0x08C4, \
        0x08C4, 0x08C4, 0x08C4, 0x08C4, 0x08E4, 0x10E4, 0x08E4, 0x08C4, 0x08C4, 0x08C4, 0x08C4, 0x08C4, \
        0x08C4, 0x08C4, 0x08C4, 0x08C4, 0x08C4, 0x08C4, 0x08C4, 0x08C4, 0x08C4, 0x10E4, 0x08E4, 0x08C4, \
        0x08C4, 0x08C4, 0x08C4, 0x08C4, 0x08C4, 0x08C4, 0x08C4, 0x08C4, 0x08C4, 0x08C4, 0x08C4, 0x08C4, \
        0x08C4, 0x08C4, 0x08C4, 0x08C4, 0x08C4, 0x08C4, 0x08C4, 0x08C4, 0x08C4, 0x10E4, 0x08C4, 0x08C4, \
        0x08C4, 0x08C4, 0x08C4, 0x08C4, 0x08C4, 0x08C4, 0x08C4, 0x08C4, 0x08C4, 0x08C4, 0x08C4, 0x08C4, \
        0x08C4, 0x08C4, 0x08C4, 0x08C4, 0x08E4, 0x0905, 0x08C4, 0x08C4, 0x08C4, 0x08C4, 0x08C4, 0x08C4, \
        0x08C4, 0x08C4, 0x08C4, 0x08C4, 0x08C4, 0x08C4, 0x08C4, 0x08C4, 0x08C4, 0x08C4, 0x08E4, 0x10E4, \
        0x08C4, 0x08C4, 0x08C4, 0x08C4, 0x08C4, 0x08C4, 0x08C4, 0x08C4, 0x08C4, 0x08C4, 0x08C4, 0x08C4, \
        0x08C4, 0x08C4, 0x08C4, 0x08C4, 0x08C4, 0x08C4, 0x08C4, 0x08C4, 0x08C4, 0x08C4, 0x08C4, 0x08C4, \
        0x08C4, 0x1105, 0x08C4, 0x08C4, 0x08C4, 0x08C4, 0x08C4, 0x08C4, 0x08C4, 0x08C4, 0x08C4, 0x08C4, \
        0x10E4, 0x08E4, 0x08C4, 0x08C4, 0x08C4, 0x08E4, 0x10E4, 0x08C4, 0x08C4, 0x08C4, 0x08C4, 0x08C4, \
        0x08C4, 0x08C4, 0x08C4, 0x08C4, 0x08C4, 0x08C4, 0x08C4, 0x08C4, 0x08C4, 0x08C4, 0x08C4, 0x08C4, \
        0x08C4, 0x08C4, 0x08C4, 0x08C4, 0x08C4, 0x08C4, 0x08C4, 0x08C4, 0x08C4, 0x08C4, 0x08C4, 0x08C4, \
        0x08C4, 0x08C4, 0x08C4, 0x08C4, 0x08C4, 0x08C4, 0x08C4, 0x08C4, 0x08C4, 0x08C4, 0x08C4, 0x08C4, \
        0x08C4, 0x08C4, 0x08C4, 0x08C4, 0x08C4, 0x08C4, 0x08C4, 0x08C4, 0x08C4, 0x08C4, 0x08C4, 0x08C4, \
        0x08C4, 0x08C4, 0x08C4, 0x08C4, 0x08C4, 0x08C4, 0x08C4, 0x08C4, 0x08C4, 0x10E4, 0x10E4, 0x08C4, \
        0x08C4, 0x08C4, 0x08C4, 0x08C4, 0x08C4, 0x08C4, 0x08C4, 0x08C4, 0x08C4, 0x08C4, 0x08C4, 0x08C4, \
        0x08C4, 0x08C4, 0x08C4, 0x08C4, 0x08C4, 0x08C4, 0x08C4, 0x08E4, 0x10E5, 0x08C4, 0x08C4, 0x08C4, \
        0x08C4, 0x08C4, 0x08C4, 0x08C4, 0x08C4, 0x08C4, 0x08C4, 0x08C4, 0x08C4, 0x08C4, 0x08C4, 0x08C4, \
        0x08C4, 0x08C4, 0x08C4, 0x08C4, 0x08E4, 0x1105, 0x08E4, 0x08C4, 0x08C4, 0x08C4, 0x08C4, 0x08C4, \
        0x08C4, 0x08C4, 0x08C4, 0x08C4, 0x08C4, 0x08C4, 0x08C4, 0x08C4, 0x08C4, 0x08C4, 0x08C4, 0x08C4, \
        0x08C4, 0x08C4, 0x08C4, 0x08C4, 0x08C4, 0x08E4, 0x08E4, 0x08C4, 0x08C4, 0x08C4, 0x08C4, 0x08C4, \
        0x08C4, 0x08C4, 0x08C4, 0x08C4, 0x08C4, 0x08E4, 0x08E4, 0x08C4, 0x08C4, 0x08C4, 0x08C4, 0x08C4, \
        0x08C4, 0x08C4, 0x08C4, 0x08C4, 0x08C4, 0x08C4, 0x08C4, 0x08C4, 0x08C4, 0x08C4, 0x08C4, 0x08C4, \
        0x08C4, 0x08C4, 0x08C4, 0x08C4, 0x08C4, 0x08E4, 0x08C4, 0x08C4, 0x08C4, 0x08C4, 0x08C4, 0x08C4, \
        0x08C4, 0x08C4, 0x08C4, 0x08C4, 0x08C4, 0x08C4, 0x08C4, 0x08C4, 0x08C4, 0x08C4, 0x08C4, 0x08C4, \
        0x08C4, 0x08C4, 0x08C4, 0x08C4, 0x08C4, 0x08C4, 0x08C4, 0x08C4, 0x08C4, 0x08C4, 0x08C4, 0x08C4, \
        0x08C4, 0x08E4, 0x10E4, 0x08E4, 0x08C4, 0x08C4, 0x08C4, 0x08C4, 0x08C4, 0x08C4, 0x08C4, 0x08C4, \
        0x08C4, 0x08C4, 0x08C4, 0x08C4, 0x08C4, 0x08C4, 0x10E4, 0x08C4, 0x08C4, 0x08C4, 0x08C4, 0x08C4, \
        0x08C4, 0x08C4, 0x08C4, 0x08C4, 0x08C4, 0x08C4, 0x08C4, 0x08C4, 0x08C4, 0x08C4, 0x08C4, 0x08C4, \
        0x08C4, 0x08C4, 0x08C4, 0x08C4, 0x08C4, 0x10E4, 0x10E4, 0x08C4, 0x08C4, 0x08C4, 0x08C4, 0x08C4, \
        0x08C4, 0x08C4, 0x08C4, 0x08C4, 0x08C4, 0x08C4, 0x08C4, 0x08C4, 0x08C4, 0x08C4, 0x08C4, 0x08C4, \
        0x08C4, 0x08E4, 0x10E4, 0x08C4, 0x08C4, 0x08C4, 0x08C4, 0x08C4, 0x08C4, 0x08C4, 0x08C4, 0x08C4, \
        0x08C4, 0x08C4, 0x08C4, 0x08C4, 0x08C4, 0x08C4, 0x08C4, 0x08E4, 0x10E4, 0x08E4, 0x08C4, 0x08C4, \
        0x08C4, 0x08C4, 0x08C4, 0x08C4, 0x08C4, 0x08C4, 0x08C4, 0x08C4, 0x08C4, 0x08C4, 0x08C4, 0x08C4, \
        0x08C4, 0x08C4, 0x08C4, 0x08C4, 0x08C4, 0x08C4, 0x08C4, 0x08C4, 0x08E4, 0x08E4, 0x08C4, 0x08C4, \
        0x08C4, 0x08C4, 0x08C4, 0x08C4, 0x08C4, 0x08C4, 0x08C4, 0x08C4, 0x10E4, 0x08E4, 0x08C4, 0x08C4, \
        0x08E4, 0x08E4, 0x08C4, 0x08C4, 0x08C4, 0x08C4, 0x08C4, 0x08C4, 0x08C4, 0x08C4, 0x08C4, 0x08C4, \
        0x08C4, 0x08C4, 0x08C4, 0x08C4, 0x08C4, 0x08C4, 0x08C4, 0x08C4, 0x08C4, 0x08C4, 0x08C4, 0x08C4, \
        0x08C4, 0x08C4, 0x08C4, 0x08C4, 0x08C4, 0x08C4, 0x08C4, 0x08C4, 0x08C4, 0x08C4, 0x08C4, 0x08C4, \
        0x08C4, 0x08C4, 0x08C4, 0x08C4, 0x08C4, 0x08C4, 0x08C4, 0x08C4, 0x08C4, 0x08C4, 0x08C4, 0x08C4, \
        0x08C4, 0x08C4, 0x08C4, 0x08C4, 0x08C4, 0x08C4, 0x08C4, 0x08C4, 0x08C4, 0x08C4, 0x08C4, 0x08C4, \
        0x08C4, 0x08C4, 0x08E4, 0x10E4, 0x10E4, 0x08E4, 0x08C4, 0x08C4, 0x08C4, 0x08C4, 0x08C4, 0x08C4, \
        0x08C4, 0x08C4, 0x08C4, 0x08C4, 0x08C4, 0x08C4, 0x08C4, 0x08C4, 0x08C4, 0x08C4, 0x08C4, 0x08C4, \
        0x08C4, 0x08C4, 0x08E4, 0x10E4, 0x08E4, 0x08C4, 0x08C4, 0x08C4, 0x08C4, 0x08C4, 0x08C4, 0x08C4, \
        0x08C4, 0x08C4, 0x08C4, 0x08C4, 0x08C4, 0x08C4, 0x08C4, 0x08C4, 0x08C4, 0x08C4, 0x08C4, 0x08E4, \
        0x10E4, 0x08E4, 0x08C4, 0x08C4, 0x08C4, 0x08C4, 0x08C4, 0x08C4, 0x08C4, 0x08C4, 0x08C4, 0x08C4, \
        0x08C4, 0x08C4, 0x08C4, 0x08C4, 0x08C4, 0x08C4, 0x08C4, 0x08C4, 0x08C4, 0x08C4, 0x08C4, 0x08C4, \
        0x08C4, 0x08E4, 0x08E4, 0x08C4, 0x08C4, 0x08C4, 0x08C4, 0x08C4, 0x08C4, 0x08C4, 0x08C4, 0x08C4, \
        0x08E4, 0x1104, 0x08C4, 0x08C4, 0x08C4, 0x08C4, 0x08C4, 0x08C4, 0x08C4, 0x08C4, 0x08C4, 0x08C4, \
        0x08C4, 0x08C4, 0x08C4, 0x08C4, 0x08C4, 0x08C4, 0x08C4, 0x08C4, 0x08C4, 0x08C4, 0x08C4, 0x08C4, \
        0x08E4, 0x08C4, 0x08C4, 0x08C4, 0x08C4, 0x08C4, 0x08C4, 0x08C4, 0x08C4, 0x08C4, 0x08C4, 0x08C4, \
        0x08C4, 0x08C4, 0x08C4, 0x08C4, 0x08C4, 0x08C4, 0x08C4, 0x08C4, 0x08C4, 0x08C4, 0x08C4, 0x08C4, \
        0x08C4, 0x08C4, 0x08C4, 0x08C4, 0x08C4, 0x08C4, 0x08C4, 0x08C4, 0x08C4, 0x08C4, 0x08C4, 0x08E4, \
        0x08E4, 0x08C4, 0x08C4, 0x08C4, 0x08C4, 0x08C4, 0x08C4, 0x08C4, 0x08C4, 0x08C4, 0x08C4, 0x08C4, \
        0x08C4, 0x08C4, 0x08C4, 0x08E4, 0x08C4, 0x08C4, 0x08C4, 0x08C4, 0x08C4, 0x08C4, 0x08C4, 0x08C4, \
        0x08C4, 0x08C4, 0x08C4, 0x08C4, 0x08C4, 0x08C4, 0x08C4, 0x08C4, 0x08C4, 0x08C4, 0x08C4, 0x08C4, \
        0x08C4, 0x08C4, 0x08E4, 0x08E4, 0x08E4, 0x08C4, 0x08C4, 0x08C4, 0x08C4, 0x08C4, 0x08C4, 0x08C4, \
        0x08C4, 0x08C4, 0x08C4, 0x08C4, 0x08C4, 0x08C4, 0x08C4, 0x08C4, 0x08C4, 0x08C4, 0x08E4, 0x10E4, \
        0x10E4, 0x08C4, 0x08C4, 0x08C4, 0x08C4, 0x08C4, 0x08C4, 0x08C4, 0x08C4, 0x08C4, 0x08C4, 0x08C4, \
        0x08C4, 0x08C4, 0x08C4, 0x08C4, 0x08E4, 0x1104, 0x08E4, 0x08C4, 0x08C4, 0x08C4, 0x08C4, 0x08C4, \
        0x08C4, 0x08C4, 0x08C4, 0x08C4, 0x08C4, 0x08C4, 0x08C4, 0x08C4, 0x08C4, 0x08C4, 0x08C4, 0x08C4, \
        0x08C4, 0x08C4, 0x08C4, 0x08C4, 0x0905, 0x08C4, 0x08C4, 0x08C4, 0x08C4, 0x08C4, 0x08C4, 0x08C4, \
        0x08C4, 0x08C4, 0x08C4, 0x08C4, 0x10E4, 0x08E4, 0x08C4, 0x08C4, 0x08C4, 0x08C4, 0x08C4, 0x08C4, \
        0x08C4, 0x08C4, 0x08C4, 0x08C4, 0x08C4, 0x08C4, 0x08C4, 0x08C4, 0x08C4, 0x08C4, 0x08C4, 0x08C4, \
        0x08C4, 0x08C4, 0x08C4, 0x08C4, 0x08C4, 0x08C4, 0x08C4, 0x08C4, 0x08C4, 0x08E4, 0x10E4, 0x08E4, \
        0x08E4, 0x08E4, 0x08E4, 0x08E4, 0x08E4, 0x08E4, 0x08E4, 0x08E4, 0x08E4, 0x08E4, 0x08E4, 0x08E4, \
        0x08E4, 0x08C4, 0x08C4, 0x08C4, 0x08C4, 0x08C4, 0x08C4, 0x08C4, 0x08C4, 0x08C4, 0x08C4, 0x08C4, \
        0x08C4, 0x08C4, 0x08C4, 0x08C4, 0x08C4, 0x08C4, 0x08C4, 0x08C4, 0x10E4, 0x08E4, 0x10E4, 0x10E4, \
        0x08C4, 0x08C4, 0x08C4, 0x08C4, 0x08C4, 0x08C4, 0x08C4, 0x08C4, 0x08C4, 0x08C4, 0x08C4, 0x08C4, \
        0x08C4, 0x08C4, 0x08C4, 0x08C4, 0x08C4, 0x08C4, 0x08C4, 0x08C4, 0x08C4, 0x10E4, 0x1105, 0x08E4, \
        0x08C4, 0x08C4, 0x08C4, 0x08C4, 0x08C4, 0x08C4, 0x08C4, 0x08C4, 0x08C4, 0x08C4, 0x08C4, 0x08C4, \
        0x08C4, 0x08C4, 0x08C4, 0x08C4, 0x08C4, 0x08C4, 0x10E4, 0x10E4, 0x08C4, 0x08C4, 0x08C4, 0x08C4, \
        0x08C4, 0x08C4, 0x08C4, 0x08C4, 0x08C4, 0x08C4, 0x08C4, 0x08C4, 0x08C4, 0x08C4, 0x08C4, 0x08C4, \
        0x08C4, 0x08C4, 0x08C4, 0x08C4, 0x08C4, 0x08C4, 0x08C4, 0x08C4, 0x08C4, 0x08E4, 0x08E4, 0x08C4, \
        0x08C4, 0x08C4, 0x08C4, 0x08C4, 0x08C4, 0x08C4, 0x08C4, 0x08C4, 0x1105, 0x08C4, 0x08C4, 0x08C4, \
        0x08C4, 0x08C4, 0x08C4, 0x08C4, 0x08C4, 0x08C4, 0x08C4, 0x08C4, 0x08C4, 0x08C4, 0x08C4, 0x08C4, \
        0x08C4, 0x08C4, 0x08C4, 0x08C4, 0x08C4, 0x08C4, 0x08C4, 0x08E4, 0x08E4, 0x08C4, 0x08C4, 0x08C4, \
        0x08C4, 0x08C4, 0x08C4, 0x08C4, 0x08C4, 0x08C4, 0x08C4, 0x08C4, 0x08C4, 0x08C4, 0x08C4, 0x08C4, \
        0x08C4, 0x08C4, 0x08C4, 0x08C4, 0x08C4, 0x08C4, 0x08C4, 0x08C4, 0x08C4, 0x08C4, 0x08C4, 0x08C4, \
        0x08C4, 0x08C4, 0x08C4, 0x08C4, 0x08C4, 0x08C4, 0x08C4, 0x08C4, 0x08E4, 0x08E4, 0x08C4, 0x08C4, \
        0x08C4, 0x08C4, 0x08C4, 0x08C4, 0x08C4, 0x08C4, 0x08C4, 0x08C4, 0x08C4, 0x08C4, 0x08C4, 0x08E4, \
        0x10E4, 0x08E4, 0x08C4, 0x08C4, 0x08C4, 0x08C4, 0x08C4, 0x08C4, 0x08C4, 0x08C4, 0x08C4, 0x08C4, \
        0x08C4, 0x08C4, 0x08C4, 0x08C4, 0x08C4, 0x08C4, 0x08C4, 0x08C4, 0x08C4, 0x08C4, 0x08C4, 0x08C4, \
        0x08E4, 0x10E4, 0x08E4, 0x08C4, 0x08C4, 0x08C4, 0x08C4, 0x08C4, 0x08C4, 0x08C4, 0x08C4, 0x08C4, \
        0x08C4, 0x08C4, 0x08C4, 0x08C4, 0x08C4, 0x08C4, 0x08C4, 0x08C4, 0x10E4, 0x10E4, 0x10E4, 0x08E4, \
        0x08C4, 0x08C4, 0x08C4, 0x08C4, 0x08C4, 0x08C4, 0x08C4, 0x08C4, 0x08C4, 0x08C4, 0x08C4, 0x08C4, \
        0x08C4, 0x08C4, 0x10E4, 0x10E4, 0x10E4, 0x08E4, 0x08C4, 0x08C4, 0x08C4, 0x08C4, 0x08C4, 0x08C4, \
        0x08C4, 0x08C4, 0x08C4, 0x08C4, 0x08C4, 0x08C4, 0x08C4, 0x08C4, 0x08C4, 0x08C4, 0x08E4, 0x10E4, \
        0x08E4, 0x08C4, 0x08C4, 0x08C4, 0x08C4, 0x08C4, 0x08C4, 0x08C4, 0x08C4, 0x08C4, 0x08C4, 0x08E4, \
        0x10E4, 0x08C4, 0x08C4, 0x08C4, 0x08C4, 0x08C4, 0x08C4, 0x08C4, 0x08C4, 0x08C4, 0x08C4, 0x08C4, \
        0x08C4, 0x08C4, 0x08C4, 0x08C4, 0x08C4, 0x08C4, 0x08C4, 0x08C4, 0x08C4, 0x08C4, 0x08C4, 0x08C4, \
        0x08C4, 0x08C4, 0x10E4, 0x10E4, 0x10E4, 0x08E4, 0x08E4, 0x08E4, 0x08E4, 0x08E4, 0x08C4, 0x08C4, \
        0x08C4, 0x08C4, 0x08C4, 0x08E4, 0x08E4, 0x08E4, 0x08E4, 0x08E4, 0x08E4, 0x08E4, 0x08E4, 0x08E4, \
        0x10E4, 0x10E4, 0x08E4, 0x08C4, 0x08C4, 0x08C4, 0x08C4, 0x08C4, 0x08C4, 0x08C4, 0x08C4, 0x08C4, \
        0x08C4, 0x08E4, 0x08E4, 0x08E4, 0x08E4, 0x08E4, 0x08C4, 0x08C4, 0x08C4, 0x08C4, 0x08C4, 0x08C4, \
        0x08C4, 0x08C4, 0x08C4, 0x08C4, 0x08C4, 0x08C4, 0x08C4, 0x08C4, 0x08C4, 0x08C4, 0x08C4, 0x08C4, \
        0x08C4, 0x08C4, 0x08C4, 0x08C4, 0x10E4, 0x1105, 0x08E4, 0x08C4, 0x08C4, 0x08C4, 0x08C4, 0x08C4, \
        0x08C4, 0x08C4, 0x08C4, 0x08C4, 0x08C4, 0x08C4, 0x08C4, 0x08C4, 0x08C4, 0x08C4, 0x08C4, 0x08C4, \
        0x08C4, 0x10E4, 0x10E4, 0x08C4, 0x08C4, 0x08C4, 0x08C4, 0x08C4, 0x08C4, 0x08C4, 0x08C4, 0x08C4, \
        0x08C4, 0x08C4, 0x08C4, 0x08C4, 0x08C4, 0x08C4, 0x08C4, 0x08C4, 0x08C4, 0x08C4, 0x08C4, 0x08C4, \
        0x08C4, 0x08C4, 0x08C4, 0x08C4, 0x08C4, 0x08E4, 0x08C4, 0x08C4, 0x08C4, 0x08C4, 0x08C4, 0x08C4, \
        0x08C4, 0x08C4, 0x08C4, 0x10E4, 0x08E4, 0x08C4, 0x08C4, 0x08C4, 0x08C4, 0x08C4, 0x08C4, 0x08C4, \
        0x08C4, 0x08C4, 0x08C4, 0x08C4, 0x08C4, 0x08C4, 0x08C4, 0x08C4, 0x08C4, 0x08C4, 0x08C4, 0x08C4, \
        0x08C4, 0x08C4, 0x08E4, 0x08E4, 0x08C4, 0x08C4, 0x08C4, 0x08C4, 0x08C4, 0x08C4, 0x08C4, 0x08C4, \
        0x08C4, 0x08C4, 0x08C4, 0x08C4, 0x08C4, 0x08C4, 0x08C4, 0x08C4, 0x08C4, 0x08C4, 0x08C4, 0x08C4, \
        0x08C4, 0x08C4, 0x08C4, 0x08C4, 0x08C4, 0x08C4, 0x08C4, 0x08C4, 0x08C4, 0x08C4, 0x08C4, 0x08C4, \
        0x08C4, 0x08C4, 0x08C4, 0x08C4, 0x08C4, 0x08E4, 0x08E4, 0x08C4, 0x08C4, 0x08C4, 0x08C4, 0x08C4, \
        0x08C4, 0x08C4, 0x08C4, 0x08C4, 0x08C4, 0x08C4, 0x08C4, 0x08C4, 0x08E4, 0x10E4, 0x10E4, 0x08C4, \
        0x08C4, 0x08C4, 0x08C4, 0x08C4, 0x08C4, 0x08C4, 0x08C4, 0x08C4, 0x08C4, 0x08C4, 0x08C4, 0x08C4, \
        0x08C4, 0x08C4, 0x08C4, 0x08C4, 0x08C4, 0x08C4, 0x08C4, 0x08C4, 0x08C4, 0x10E4, 0x10E4, 0x10E4, \
        0x08E4, 0x08C4, 0x08C4, 0x08C4, 0x08C4, 0x08C4, 0x08C4, 0x08C4, 0x08C4, 0x08C4, 0x08C4, 0x08C4, \
        0x08C4, 0x08C4, 0x08C4, 0x08C4, 0x08C4, 0x10E4, 0x10E4, 0x10E4, 0x10E4, 0x08C4, 0x08C4, 0x08C4, \
        0x08C4, 0x08C4, 0x08C4, 0x08C4, 0x08C4, 0x08C4, 0x08C4, 0x08C4, 0x08C4, 0x08C4, 0x08C4, 0x08E4, \
        0x10E4, 0x10E4, 0x10E4, 0x10E4, 0x10E4, 0x08C4, 0x08C4, 0x08C4, 0x08C4, 0x08C4, 0x08C4, 0x08C4, \
        0x08C4, 0x08C4, 0x08C4, 0x08C4, 0x08C4, 0x08E4, 0x10E4, 0x08E4, 0x08C4, 0x08C4, 0x08C4, 0x08C4, \
        0x08C4, 0x08C4, 0x08C4, 0x08C4, 0x08C4, 0x08C4, 0x08C4, 0x08E4, 0x08E4, 0x08C4, 0x08C4, 0x08C4, \
        0x08C4, 0x08C4, 0x08C4, 0x08C4, 0x08C4, 0x08C4, 0x08C4, 0x08C4, 0x08C4, 0x08C4, 0x08C4, 0x08C4, \
        0x08C4, 0x08C4, 0x08C4, 0x08C4, 0x08C4, 0x08C4, 0x08C4, 0x08E4, 0x10E4, 0x10E4, 0x10E4, 0x08E4, \
        0x08E4, 0x08C4, 0x08C4, 0x08C4, 0x08C4, 0x08C4, 0x08C4, 0x08C4, 0x08C4, 0x08C4, 0x08C4, 0x08C4, \
        0x08C4, 0x08C4, 0x08C4, 0x08C4, 0x08C4, 0x08C4, 0x08C4, 0x08E4, 0x08E4, 0x08E4, 0x10E4, 0x10E4, \
        0x10E4, 0x10E4, 0x10E4, 0x08E4, 0x10E4, 0x08E4, 0x08E4, 0x08E4, 0x08E4, 0x08C4, 0x08C4, 0x08C4, \
        0x08C4, 0x08C4, 0x08C4, 0x08C4, 0x08C4, 0x08C4, 0x08C4, 0x08C4, 0x08C4, 0x08C4, 0x08C4, 0x08C4, \
        0x08C4, 0x08C4, 0x08C4, 0x08C4, 0x08C4, 0x08C4, 0x08C4, 0x08C4, 0x08C4, 0x08C4, 0x08C4, 0x08E4, \
        0x1105, 0x08E4, 0x08C4, 0x08C4, 0x08C4, 0x08C4, 0x08C4, 0x08C4, 0x08C4, 0x08C4, 0x08C4, 0x08C4, \
        0x08C4, 0x08C4, 0x08C4, 0x08C4, 0x08C4, 0x08C4, 0x08C4, 0x08C4, 0x10E4, 0x10E4, 0x08C4, 0x08C4, \
        0x08C4, 0x08C4, 0x08C4, 0x08C4, 0x08C4, 0x08C4, 0x08C4, 0x08C4, 0x08C4, 0x08C4, 0x08C4, 0x08C4, \
        0x08C4, 0x08C4, 0x08C4, 0x08C4, 0x08C4, 0x08C4, 0x08C4, 0x08C4, 0x08C4, 0x08C4, 0x08C4, 0x08C4, \
        0x08E4, 0x08E4, 0x08C4, 0x08C4, 0x08C4, 0x08C4, 0x08C4, 0x08C4, 0x08C4, 0x08C4, 0x08E4, 0x10E4, \
        0x08C4, 0x08C4, 0x08C4, 0x08C4, 0x08C4, 0x08C4, 0x08C4, 0x08C4, 0x08C4, 0x08C4, 0x08C4, 0x08C4, \
        0x08C4, 0x08C4, 0x08C4, 0x08C4, 0x08C4, 0x08C4, 0x08C4, 0x08C4, 0x08C4, 0x08C4, 0x08E4, 0x08C4, \
        0x08C4, 0x08C4, 0x08C4, 0x08C4, 0x08C4, 0x08C4, 0x08C4, 0x08C4, 0x08C4, 0x08C4, 0x08C4, 0x08C4, \
        0x08C4, 0x08C4, 0x08C4, 0x08C4, 0x08C4, 0x08C4, 0x08C4, 0x08C4, 0x08C4, 0x08C4, 0x08C4, 0x08C4, \
        0x08C4, 0x08C4, 0x08C4, 0x08C4, 0x08C4, 0x08C4, 0x08C4, 0x08C4, 0x08C4, 0x08C4, 0x08C4, 0x08C4, \
        0x08C4, 0x08C4, 0x08E4, 0x08E4, 0x08C4, 0x08C4, 0x08C4, 0x08C4, 0x08C4, 0x08C4, 0x08C4, 0x08C4, \
        0x08C4, 0x08C4, 0x08C4, 0x08C4, 0x08C4, 0x08C4, 0x10E4, 0x10E4, 0x10E4, 0x08C4, 0x08C4, 0x08C4, \
        0x08C4, 0x08C4, 0x08C4, 0x08C4, 0x08C4, 0x08C4, 0x08C4, 0x08C4, 0x08C4, 0x08C4, 0x08C4, 0x08C4, \
        0x08C4, 0x08C4, 0x08C4, 0x08C4, 0x08C4, 0x08C4, 0x08C4, 0x08E4, 0x08E4, 0x10E4, 0x08E4, 0x08C4, \
        0x08C4, 0x08C4, 0x08C4, 0x08C4, 0x08C4, 0x08C4, 0x08C4, 0x08C4, 0x08C4, 0x08C4, 0x08C4, 0x08C4, \
        0x08C4, 0x08C4, 0x08C4, 0x08E4, 0x08E4, 0x10E4, 0x10E4, 0x08C4, 0x08C4, 0x08C4, 0x08C4, 0x08C4, \
        0x08C4, 0x08C4, 0x08C4, 0x08C4, 0x08C4, 0x08C4, 0x08C4, 0x08C4, 0x08C4, 0x08E4, 0x08E4, 0x10E4, \
        0x10E4, 0x10E4, 0x08E4, 0x10E4, 0x08E4, 0x08C4, 0x08C4, 0x08C4, 0x08C4, 0x08C4, 0x08E4, 0x10E4, \
        0x10E4, 0x08E4, 0x08C4, 0x08C4, 0x08C4, 0x08C4, 0x08C4, 0x08C4, 0x08C4, 0x08C4, 0x08C4, 0x08C4, \
        0x08C4, 0x08C4, 0x08C4, 0x08E4, 0x08E4, 0x08C4, 0x08C4, 0x08C4, 0x08C4, 0x08C4, 0x08C4, 0x08C4, \
        0x08C4, 0x08C4, 0x08C4, 0x08C4, 0x08C4, 0x08C4, 0x08C4, 0x08C4, 0x08C4, 0x08C4, 0x08C4, 0x08C4, \
        0x08C4, 0x10E4, 0x1104, 0x08E4, 0x08E4, 0x08C4, 0x08C4, 0x08C4, 0x08C4, 0x08C4, 0x08C4, 0x08C4, \
        0x08C4, 0x08C4, 0x08C4, 0x08C4, 0x08C4, 0x08C4, 0x08C4, 0x08C4, 0x08C4, 0x08C4, 0x08C4, 0x08C4, \
        0x08C4, 0x08C4, 0x08C4, 0x08C4, 0x08C4, 0x08C4, 0x08C4, 0x08C4, 0x08C4, 0x08C4, 0x08C4, 0x08E4, \
        0x08C4, 0x08C4, 0x08C4, 0x08C4, 0x08C4, 0x08C4, 0x08C4, 0x08C4, 0x08C4, 0x08C4, 0x08C4, 0x08C4, \
        0x08C4, 0x08C4, 0x08C4, 0x08C4, 0x08C4, 0x08C4, 0x08C4, 0x08C4, 0x08C4, 0x08C4, 0x08C4, 0x08C4, \
        0x08C4, 0x08C4, 0x08C4, 0x08C4, 0x08C4, 0x08C4, 0x08C4, 0x1105, 0x08E4, 0x08C4, 0x08C4, 0x08C4, \
        0x08C4, 0x08C4, 0x08C4, 0x08C4, 0x08C4, 0x08C4, 0x08C4, 0x08C4, 0x08C4, 0x08C4, 0x08C4, 0x08C4, \
        0x08C4, 0x08C4, 0x08C4, 0x1104, 0x08E4, 0x08C4, 0x08C4, 0x08C4, 0x08C4, 0x08C4, 0x08C4, 0x08C4, \
        0x08C4, 0x08C4, 0x08C4, 0x08C4, 0x08C4, 0x08C4, 0x08C4, 0x08C4, 0x08C4, 0x08C4, 0x08C4, 0x08C4, \
        0x08C4, 0x08C4, 0x08C4, 0x08C4, 0x08C4, 0x08C4, 0x08C4, 0x08C4, 0x08E4, 0x08E4, 0x08C4, 0x08C4, \
        0x08C4, 0x08C4, 0x08C4, 0x08C4, 0x08C4, 0x08C4, 0x10E4, 0x08C4, 0x08C4, 0x08C4, 0x08C4, 0x08C4, \
        0x08C4, 0x08C4, 0x08C4, 0x08C4, 0x08C4, 0x08C4, 0x08C4, 0x08C4, 0x08C4, 0x08C4, 0x08C4, 0x08C4, \
        0x08C4, 0x08C4, 0x08C4, 0x08C4, 0x08E4, 0x08E4, 0x08C4, 0x08C4, 0x08C4, 0x08C4, 0x08C4, 0x08C4, \
        0x08C4, 0x08C4, 0x08C4, 0x08C4, 0x08C4, 0x08C4, 0x08C4, 0x08C4, 0x08C4, 0x08C4, 0x08C4, 0x08C4, \
        0x08C4, 0x08C4, 0x08C4, 0x08C4, 0x08C4, 0x08C4, 0x08C4, 0x08C4, 0x08C4, 0x08C4, 0x08C4, 0x08C4, \
        0x08C4, 0x08C4, 0x08C4, 0x08C4, 0x08C4, 0x08C4, 0x08C4, 0x08C4, 0x08C4, 0x08C4, 0x08C4, 0x10E4, \
        0x10E4, 0x08C4, 0x08C4, 0x08C4, 0x08C4, 0x08C4, 0x08C4, 0x08C4, 0x08C4, 0x08C4, 0x08C4, 0x08C4, \
        0x08C4, 0x10C4, 0x08C4, 0x10E4, 0x10E4, 0x10E5, 0x08E4, 0x08C4, 0x08C4, 0x08C4, 0x08C4, 0x08C4, \
        0x08C4, 0x08C4, 0x08C4, 0x08C4, 0x08C4, 0x08C4, 0x08C4, 0x08C4, 0x08C4, 0x08C4, 0x08C4, 0x08C4, \
        0x08C4, 0x08C4, 0x08C4, 0x08C4, 0x08C4, 0x08C4, 0x08E4, 0x1105, 0x10E4, 0x08C4, 0x08C4, 0x08C4, \
        0x08C4, 0x08C4, 0x08C4, 0x08C4, 0x08C4, 0x08C4, 0x08C4, 0x08C4, 0x08C4, 0x08C4, 0x08C4, 0x08C4, \
        0x08C4, 0x08C4, 0x10E4, 0x1105, 0x08E4, 0x08C4, 0x08C4, 0x08C4, 0x08C4, 0x08C4, 0x08C4, 0x08C4, \
        0x08C4, 0x08C4, 0x08C4, 0x08C4, 0x08C4, 0x08C4, 0x08C4, 0x08C4, 0x08C4, 0x08E4, 0x08C4, 0x08E4, \
        0x08E4, 0x08E4, 0x10E4, 0x10E4, 0x10E4, 0x10E4, 0x08E4, 0x08C4, 0x08C4, 0x08C4, 0x08C4, 0x08C4, \
        0x08C4, 0x08C4, 0x08C4, 0x08C4, 0x08C4, 0x08C4, 0x08C4, 0x08C4, 0x08C4, 0x08C4, 0x10E4, 0x1105, \
        0x08C4, 0x08C4, 0x08C4, 0x08C4, 0x08C4, 0x08C4, 0x08C4, 0x08C4, 0x08C4, 0x08C4, 0x08C4, 0x08C4, \
        0x08C4, 0x08C4, 0x08C4, 0x08C4, 0x08C4, 0x08C4, 0x08C4, 0x08C4, 0x1105, 0x10E4, 0x08C4, 0x08C4, \
        0x08C4, 0x08C4, 0x08C4, 0x08C4, 0x08C4, 0x08C4, 0x08C4, 0x08C4, 0x08C4, 0x08C4, 0x08C4, 0x08C4, \
        0x08C4, 0x08C4, 0x08C4, 0x08C4, 0x08C4, 0x08C4, 0x08C4, 0x08C4, 0x08C4, 0x08C4, 0x08C4, 0x08C4, \
        0x08C4, 0x08C4, 0x08C4, 0x08C4, 0x08C4, 0x08C4, 0x08C4, 0x08C4, 0x08C4, 0x08C4, 0x08C4, 0x08C4, \
        0x08C4, 0x08C4, 0x08C4, 0x08C4, 0x08C4, 0x08C4, 0x08C4, 0x08C4, 0x08C4, 0x08C4, 0x08C4, 0x08C4, \
        0x08C4, 0x08C4, 0x08C4, 0x08C4, 0x08C4, 0x08C4, 0x08C4, 0x08C4, 0x08C4, 0x08C4, 0x08C4, 0x08C4, \
        0x08C4, 0x08C4, 0x1105, 0x08E4, 0x08C4, 0x08C4, 0x08C4, 0x08C4, 0x08C4, 0x08C4, 0x08C4, 0x08C4, \
        0x08C4, 0x08C4, 0x08C4, 0x08C4, 0x08C4, 0x08C4, 0x08C4, 0x08C4, 0x08C4, 0x08C4, 0x10E5, 0x08E4, \
        0x08C4, 0x08C4, 0x08C4, 0x08C4, 0x08C4, 0x08C4, 0x08C4, 0x08C4, 0x08C4, 0x08C4, 0x08C4, 0x08C4, \
        0x08C4, 0x08C4, 0x08C4, 0x08C4, 0x08C4, 0x08C4, 0x08C4, 0x08C4, 0x08C4, 0x08C4, 0x08C4, 0x08E4, \
        0x08C4, 0x08C4, 0x08C4, 0x08E4, 0x08E4, 0x08C4, 0x08C4, 0x08C4, 0x08C4, 0x08C4, 0x08C4, 0x08C4, \
        0x08C4, 0x08E4, 0x08E4, 0x08C4, 0x08C4, 0x08C4, 0x08C4, 0x08C4, 0x08C4, 0x08C4, 0x08C4, 0x08C4, \
        0x08C4, 0x08C4, 0x08C4, 0x08C4, 0x08C4, 0x08C4, 0x08C4, 0x08C4, 0x08C4, 0x08C4, 0x08C4, 0x08E4, \
        0x10E4, 0x08E4, 0x08C4, 0x08C4, 0x08C4, 0x08C4, 0x08C4, 0x08C4, 0x08C4, 0x08C4, 0x08C4, 0x08C4, \
        0x08C4, 0x08C4, 0x08C4, 0x08C4, 0x08C4, 0x08C4, 0x08C4, 0x08C4, 0x08C4, 0x08C4, 0x08C4, 0x08C4, \
        0x08C4, 0x08C4, 0x08C4, 0x08C4, 0x08C4, 0x08C4, 0x08C4, 0x08C4, 0x08C4, 0x08C4, 0x08C4, 0x08C4, \
        0x08C4, 0x08C4, 0x08C4, 0x08C4, 0x08C4, 0x08C4, 0x08C4, 0x10C4, 0x10E4, 0x08E4, 0x08C4, 0x08C4, \
        0x08C4, 0x08C4, 0x08C4, 0x08C4, 0x08C4, 0x08C4, 0x08C4, 0x08C4, 0x08C4, 0x08C4, 0x08C4, 0x08C4, \
        0x08C4, 0x10E4, 0x1104, 0x1105, 0x1105, 0x08C4, 0x08C4, 0x08C4, 0x08C4, 0x08C4, 0x08C4, 0x08C4, \
        0x08C4, 0x08C4, 0x08C4, 0x08C4, 0x08C4, 0x08C4, 0x08C4, 0x08C4, 0x08C4, 0x08C4, 0x08C4, 0x08C4, \
        0x08C4, 0x08C4, 0x08C4, 0x08C4, 0x08E4, 0x1105, 0x1105, 0x08E4, 0x08C4, 0x08C4, 0x08C4, 0x08C4, \
        0x08C4, 0x08C4, 0x08C4, 0x08C4, 0x08C4, 0x08C4, 0x08C4, 0x08C4, 0x08C4, 0x08C4, 0x08C4, 0x10E4, \
        0x1104, 0x1105, 0x10E4, 0x08C4, 0x08C4, 0x08C4, 0x08C4, 0x08C4, 0x08C4, 0x08C4, 0x08C4, 0x08C4, \
        0x08C4, 0x08C4, 0x08C4, 0x08C4, 0x08C4, 0x08C4, 0x08C4, 0x08C4, 0x08C4, 0x08C4, 0x08C4, 0x08C4, \
        0x08C4, 0x08C4, 0x08C4, 0x08C4, 0x08C4, 0x08C4, 0x08C4, 0x08C4, 0x08C4, 0x08C4, 0x08C4, 0x08C4, \
        0x08C4, 0x08C4, 0x08C4, 0x08C4, 0x08C4, 0x08C4, 0x10E5, 0x08E4, 0x08C4, 0x08C4, 0x08C4, 0x08C4 \
    }
// clang-format on
