#pragma once

// Boot splash artwork from the RGB565 Image Editor: icon, 320x240 XBM
// (LSB-first, 40 bytes per row), centred by drawOEMIconScreen(). Include this from the
// board's variant.h; anything defined there before the #include overrides the defaults below.

#ifndef USERPREFS_OEM_TEXT
#define USERPREFS_OEM_TEXT "Ixitxachitl Build"
#endif
#ifndef USERPREFS_OEM_FONT_SIZE
#define USERPREFS_OEM_FONT_SIZE 2
#endif
#ifndef USERPREFS_OEM_IMAGE_SCALE
#define USERPREFS_OEM_IMAGE_SCALE 1 // artwork is authored at panel resolution
#endif

// clang-format off
#define USERPREFS_OEM_IMAGE_WIDTH 320
#define USERPREFS_OEM_IMAGE_HEIGHT 240
// 1-bit data: Atkinson dither 1
#define USERPREFS_OEM_IMAGE_DATA \
    { \
        0xFF, 0xFF, 0xFF, 0xFF, 0xFF, 0xFF, 0xFF, 0xFF, 0xFF, 0xFF, 0xFF, 0xFF, \
        0xFF, 0xFF, 0xFF, 0xFF, 0xFF, 0xFF, 0xFF, 0xFF, 0xFF, 0xFF, 0xFF, 0xFF, \
        0xFF, 0xFF, 0xFF, 0xFF, 0xFF, 0xFF, 0xFF, 0xFF, 0xFF, 0xFF, 0xFF, 0xFF, \
        0xFF, 0xFF, 0xFF, 0xFF, 0xFF, 0xFF, 0xFF, 0xFF, 0xFF, 0xFF, 0xFF, 0xFF, \
        0xFF, 0xFF, 0xFF, 0xFF, 0xFF, 0xFF, 0xFF, 0xFF, 0xFF, 0xFF, 0xFF, 0xFF, \
        0xFF, 0xFF, 0xFF, 0xFF, 0xFF, 0xFF, 0xFF, 0xFF, 0xFF, 0xFF, 0xFF, 0xFF, \
        0xFF, 0xFF, 0xFF, 0xFF, 0xFF, 0xFF, 0xFF, 0xFF, 0xFF, 0xFF, 0xFF, 0xFF, \
        0xFF, 0xFF, 0xFF, 0xFF, 0xFF, 0xFF, 0xFF, 0xFF, 0xFF, 0xFF, 0xFF, 0xFF, \
        0xFF, 0xFF, 0xFF, 0xFF, 0xFF, 0xFF, 0xFF, 0xFF, 0xFF, 0xFF, 0xFF, 0xFF, \
        0xFF, 0xFF, 0xFF, 0xFF, 0xFF, 0xFF, 0xFF, 0xFF, 0xFF, 0xFF, 0xFF, 0xFF, \
        0xDF, 0xDD, 0xDD, 0xDD, 0xDD, 0xDD, 0xDD, 0xDD, 0xDD, 0xDD, 0xDD, 0xDD, \
        0xDD, 0xDD, 0xDD, 0xDD, 0xDD, 0xDD, 0xDD, 0xDD, 0xDD, 0xDD, 0xDD, 0xDD, \
        0xDD, 0xDD, 0xDD, 0xDD, 0xDD, 0xDD, 0xDD, 0xDD, 0xDD, 0xDD, 0xDD, 0xDD, \
        0xDD, 0xDD, 0xDD, 0xDD, 0x77, 0x77, 0x77, 0x77, 0x77, 0x77, 0x77, 0x77, \
        0x77, 0x77, 0x77, 0x77, 0x77, 0x77, 0x77, 0x77, 0x77, 0x77, 0x77, 0x77, \
        0x77, 0x77, 0x77, 0x77, 0x77, 0x77, 0x77, 0x77, 0x77, 0x77, 0x77, 0x77, \
        0x77, 0x77, 0x77, 0x77, 0x77, 0x77, 0x77, 0xF7, 0xFF, 0xFF, 0xFF, 0xFF, \
        0xFF, 0xFF, 0xFF, 0xFF, 0xFF, 0xFF, 0xFF, 0xFF, 0xFF, 0xFF, 0xFF, 0xFF, \
        0xFF, 0xFF, 0xFF, 0xFF, 0xFF, 0xFF, 0xFF, 0xFF, 0xFF, 0xFF, 0xFF, 0xFF, \
        0xFF, 0xFF, 0xFF, 0xFF, 0xFF, 0xFF, 0xFF, 0xFF, 0xFF, 0xFF, 0xFF, 0xBF, \
        0xEF, 0xEE, 0xEE, 0xEE, 0xEE, 0xEE, 0xEE, 0xEE, 0xEE, 0xEE, 0xEE, 0xEE, \
        0xEE, 0xEE, 0xEE, 0xEE, 0xEE, 0xEE, 0xEE, 0xEE, 0xEE, 0xEE, 0xEE, 0xEE, \
        0xEE, 0xEE, 0xEE, 0xEE, 0xEE, 0xEE, 0xEE, 0xEE, 0xEE, 0xEE, 0xEE, 0xEE, \
        0xEE, 0xEE, 0xEE, 0xEE, 0xBF, 0xBB, 0xBB, 0xBB, 0xBB, 0xBB, 0xBB, 0xBB, \
        0xBB, 0xBB, 0xBB, 0xBB, 0xBB, 0xBB, 0xBB, 0xBB, 0xBB, 0xBB, 0xBB, 0xBB, \
        0xBB, 0xBB, 0xBB, 0xBB, 0xBB, 0xBB, 0xBB, 0xBB, 0xBB, 0xBB, 0xBB, 0xBB, \
        0xBB, 0xBB, 0xBB, 0xBB, 0xBB, 0xBB, 0xBB, 0xFB, 0xF7, 0xFF, 0xFF, 0xFF, \
        0xFF, 0xFF, 0xFF, 0xFF, 0xFF, 0xFF, 0xFF, 0xFF, 0xFF, 0xFF, 0xFF, 0xFF, \
        0xFF, 0xFF, 0xFF, 0xFF, 0xFF, 0xFF, 0xFF, 0xFF, 0xFF, 0xFF, 0xFF, 0xFF, \
        0xFF, 0xFF, 0xFF, 0xFF, 0xFF, 0xFF, 0xFF, 0xFF, 0xFF, 0xFF, 0xFF, 0xFF, \
        0xDF, 0xDD, 0xDD, 0xDD, 0xDD, 0xDD, 0xDD, 0xDD, 0xDD, 0xDD, 0xDD, 0xDD, \
        0xDD, 0xDD, 0xDD, 0xDD, 0xDD, 0xDD, 0xDD, 0xDD, 0xDD, 0xDD, 0xDD, 0xDD, \
        0xDD, 0xDD, 0xDD, 0xDD, 0xDD, 0xDD, 0xDD, 0xDD, 0xDD, 0xDD, 0xDD, 0xDD, \
        0xDD, 0xDD, 0xDD, 0xED, 0x7F, 0x77, 0x77, 0x77, 0x77, 0x77, 0x77, 0x77, \
        0x77, 0x77, 0x77, 0x77, 0x77, 0x77, 0x77, 0x77, 0x77, 0x77, 0x77, 0x77, \
        0x77, 0x77, 0x77, 0x77, 0x77, 0x77, 0x77, 0x77, 0x77, 0x77, 0x77, 0x77, \
        0x77, 0x77, 0x77, 0x77, 0x77, 0x77, 0x77, 0xBF, 0xF7, 0xFF, 0xFF, 0xFF, \
        0xFF, 0xFF, 0xFF, 0xFF, 0xFF, 0xFF, 0xFF, 0xFF, 0xFF, 0xFF, 0xFF, 0xFF, \
        0xFF, 0xFF, 0xFF, 0xFF, 0xFF, 0xFF, 0xFF, 0xFF, 0xFF, 0xFF, 0xFF, 0xFF, \
        0xFF, 0xFF, 0xFF, 0xFF, 0xFF, 0xFF, 0xFF, 0xFF, 0xFF, 0xFF, 0xFF, 0xF7, \
        0xDF, 0xED, 0xEE, 0xEE, 0xEE, 0xEE, 0xEE, 0xEE, 0xEE, 0xEE, 0xEE, 0xEE, \
        0xEE, 0xEE, 0xEE, 0xEE, 0xEE, 0xEE, 0xEE, 0xEE, 0xEE, 0xEE, 0xEE, 0xEE, \
        0xEE, 0xEE, 0xEE, 0xEE, 0xEE, 0xEE, 0xEE, 0xEE, 0xEE, 0xEE, 0xEE, 0xEE, \
        0xEE, 0xEE, 0xEE, 0xDE, 0x7F, 0xBF, 0xBB, 0xBB, 0xBB, 0xBB, 0xBB, 0xBB, \
        0xBB, 0xBB, 0xBB, 0xBB, 0xBB, 0xBB, 0xBB, 0xBB, 0xBB, 0xBB, 0xBB, 0xBB, \
        0xBB, 0xBB, 0xBB, 0xBB, 0xBB, 0xBB, 0xBB, 0xBB, 0xBB, 0xBB, 0xBB, 0xBB, \
        0xBB, 0xBB, 0xBB, 0xBB, 0xBB, 0xBB, 0xBB, 0xFB, 0xF7, 0xFB, 0xFF, 0xFF, \
        0xFF, 0xFF, 0xFF, 0xFF, 0xFF, 0xFF, 0xFF, 0xFF, 0xFF, 0xFF, 0xFF, 0xFF, \
        0xFF, 0xFF, 0xFF, 0xFF, 0xFF, 0xFF, 0xFF, 0xFF, 0xFF, 0xFF, 0xFF, 0xFF, \
        0xFF, 0xFF, 0xFF, 0xFF, 0xFF, 0xFF, 0xFF, 0xFF, 0xFF, 0xFF, 0xFF, 0xBF, \
        0xDF, 0xEF, 0xEE, 0xEE, 0xEE, 0xEE, 0xEE, 0xEE, 0xEE, 0xEE, 0xEE, 0xEE, \
        0xEE, 0xEE, 0xEE, 0xEE, 0xEE, 0xEE, 0xEE, 0xEE, 0xEE, 0xEE, 0xEE, 0xEE, \
        0xEE, 0xEE, 0xEE, 0xEE, 0xEE, 0xEE, 0xEE, 0xEE, 0xEE, 0xEE, 0xEE, 0xEE, \
        0xEE, 0xEE, 0xEE, 0xF6, 0x7F, 0xBF, 0xBB, 0xBB, 0xBB, 0xBB, 0xBB, 0xBB, \
        0xBB, 0xBB, 0xBB, 0xBB, 0xBB, 0xBB, 0xBB, 0xBB, 0xBB, 0xBB, 0xBB, 0xBB, \
        0xBB, 0xBB, 0xBB, 0xBB, 0xBB, 0xBB, 0xBB, 0xBB, 0xBB, 0xBB, 0xBB, 0xBB, \
        0xBB, 0xBB, 0xBB, 0xBB, 0xBB, 0xBB, 0xBB, 0xDF, 0xF7, 0xFD, 0xFF, 0xFF, \
        0xFF, 0xFF, 0xFF, 0xFF, 0xFF, 0xFF, 0xFF, 0xFF, 0xFF, 0xFF, 0xFF, 0xFF, \
        0xFF, 0xFF, 0xFF, 0xFF, 0xFF, 0xFF, 0xFF, 0xFF, 0xFF, 0xFF, 0xFF, 0xFF, \
        0xFF, 0xFF, 0xFF, 0xFF, 0xFF, 0xFF, 0xFF, 0xFF, 0xFF, 0xFF, 0xFF, 0xFD, \
        0xDF, 0x77, 0x77, 0x77, 0x77, 0x77, 0x77, 0x77, 0x77, 0x77, 0x77, 0x77, \
        0x77, 0x77, 0x77, 0x77, 0x77, 0x77, 0x77, 0x77, 0x77, 0x77, 0x77, 0x77, \
        0x77, 0x77, 0x77, 0x77, 0x77, 0x77, 0x77, 0x77, 0x77, 0x77, 0x77, 0x77, \
        0x77, 0x77, 0x77, 0xEF, 0x7F, 0xDF, 0xDD, 0xDD, 0xDD, 0xDD, 0xDD, 0xDD, \
        0xDD, 0xDD, 0xDD, 0xDD, 0xDD, 0xDD, 0xDD, 0xDD, 0xDD, 0xDD, 0xDD, 0xDD, \
        0xDD, 0xDD, 0xDD, 0xDD, 0xDD, 0xDD, 0xDD, 0xDD, 0xDD, 0xDD, 0xDD, 0xDD, \
        0xDD, 0xDD, 0xDD, 0xDD, 0xDD, 0xDD, 0xDD, 0xFB, 0xF7, 0xFD, 0xFF, 0xFF, \
        0xFF, 0xFF, 0xFF, 0xFF, 0xFF, 0xFF, 0xFF, 0xFF, 0xFF, 0xFF, 0xFF, 0xFF, \
        0xFF, 0xFF, 0xFF, 0xFF, 0xFF, 0xFF, 0xFF, 0xFF, 0xFF, 0xFF, 0xFF, 0xFF, \
        0xFF, 0xFF, 0xFF, 0xFF, 0xFF, 0xFF, 0xFF, 0xFF, 0xFF, 0xFF, 0xFF, 0xDF, \
        0xDF, 0xB7, 0xBB, 0xBB, 0xBB, 0xBB, 0xBB, 0xBB, 0xBB, 0xBB, 0xBB, 0xBB, \
        0xBB, 0xBB, 0xBB, 0xBB, 0xBB, 0xBB, 0xBB, 0xBB, 0xBB, 0xBB, 0xBB, 0xBB, \
        0xBB, 0xBB, 0xBB, 0xBB, 0xBB, 0xBB, 0xBB, 0xBB, 0xBB, 0xBB, 0xBB, 0xBB, \
        0xBB, 0xBB, 0xBB, 0xFD, 0x7F, 0xFF, 0xEE, 0xEE, 0xEE, 0xEE, 0xEE, 0xEE, \
        0xEE, 0xEE, 0xEE, 0xEE, 0xEE, 0xEE, 0xEE, 0xEE, 0xEE, 0xEE, 0xEE, 0xEE, \
        0xEE, 0xEE, 0xEE, 0xEE, 0xEE, 0xEE, 0xEE, 0xEE, 0xEE, 0xEE, 0xEE, 0xEE, \
        0xEE, 0xEE, 0xEE, 0xEE, 0xEE, 0xEE, 0xEE, 0xB7, 0xF7, 0xED, 0xFF, 0xFF, \
        0xFF, 0xFF, 0xFF, 0xFF, 0xFF, 0xFF, 0xFF, 0xFF, 0xFF, 0xFF, 0xFF, 0xFF, \
        0xFF, 0xFF, 0xFF, 0xFF, 0xFF, 0xFF, 0xFF, 0xFF, 0xFF, 0xFF, 0xFF, 0xFF, \
        0xFF, 0xFF, 0xFF, 0xFF, 0xFF, 0xFF, 0xFF, 0xFF, 0xFF, 0xFF, 0x7F, 0xFF, \
        0xDF, 0xBF, 0xBB, 0xBB, 0xBB, 0xBB, 0xBB, 0xBB, 0xBB, 0xBB, 0xBB, 0xBB, \
        0xBB, 0xBB, 0xBB, 0xBB, 0xBB, 0xBB, 0xBB, 0xBB, 0xBB, 0xBB, 0xBB, 0xBB, \
        0xBB, 0xBB, 0xBB, 0xBB, 0xBB, 0xBB, 0xBB, 0xBB, 0xBB, 0xBB, 0xBB, 0xBB, \
        0xBB, 0xBB, 0xFB, 0xED, 0x7F, 0xFB, 0xEE, 0xEE, 0xEE, 0xEE, 0xEE, 0xEE, \
        0xEE, 0xEE, 0xEE, 0xEE, 0xEE, 0xEE, 0xEE, 0xEE, 0xEE, 0xEE, 0xEE, 0xEE, \
        0xEE, 0xEE, 0xEE, 0xEE, 0xEE, 0xEE, 0xEE, 0xEE, 0xEE, 0xEE, 0xEE, 0xEE, \
        0xEE, 0xEE, 0xEE, 0xEE, 0xEE, 0xEE, 0xEE, 0xBF, 0xF7, 0xEF, 0xFF, 0xFF, \
        0xFF, 0xFF, 0xFF, 0xFF, 0xFF, 0xFF, 0xFF, 0xFF, 0xFF, 0xFF, 0xFF, 0xFF, \
        0xFF, 0xFF, 0xFF, 0xFF, 0xFF, 0x00, 0xFF, 0xFF, 0xFF, 0xFF, 0xFF, 0xFF, \
        0xFF, 0xFF, 0xFF, 0xFF, 0xFF, 0xFF, 0xFF, 0xFF, 0xFF, 0xFF, 0xBF, 0xFB, \
        0xDF, 0xBE, 0xBB, 0xBB, 0xBB, 0xBB, 0xBB, 0xBB, 0xBB, 0xBB, 0xBB, 0xBB, \
        0xBB, 0xBB, 0xBB, 0xBB, 0xBB, 0xBB, 0xBB, 0xBB, 0x3B, 0x7E, 0x76, 0x77, \
        0x77, 0x77, 0x77, 0x77, 0x77, 0x77, 0x77, 0x77, 0x77, 0x77, 0x77, 0x77, \
        0x77, 0x77, 0xF7, 0xEE, 0xFF, 0xFB, 0xEE, 0xEE, 0xEE, 0xEE, 0xEE, 0xEE, \
        0xEE, 0xEE, 0xEE, 0xEE, 0xEE, 0xEE, 0xEE, 0xEE, 0xEE, 0xEE, 0xEE, 0xEE, \
        0x2E, 0xFF, 0xDC, 0xDD, 0xDD, 0xDD, 0xDD, 0xDD, 0xDD, 0xDD, 0xDD, 0xDD, \
        0xDD, 0xDD, 0xDD, 0xDD, 0xDD, 0xDD, 0xFD, 0xFF, 0xB7, 0xEF, 0xFF, 0xFF, \
        0xFF, 0xFF, 0xFF, 0xFF, 0xFF, 0xFF, 0xFF, 0xFF, 0xFF, 0xFF, 0xFF, 0xFF, \
        0xFF, 0xFF, 0xFF, 0xFF, 0x9F, 0xFF, 0xF9, 0xFF, 0x1F, 0xF0, 0xFF, 0xFF, \
        0xFF, 0xFF, 0xFF, 0xFF, 0xFF, 0xFF, 0xFF, 0xFF, 0xFF, 0xFF, 0x6F, 0xDB, \
        0xFF, 0xBE, 0xBB, 0xBB, 0xBB, 0xBB, 0xBB, 0xBB, 0xBB, 0xBB, 0xBB, 0xBB, \
        0xBB, 0xBB, 0xBB, 0xBB, 0xBB, 0xBB, 0xBB, 0xBB, 0xCB, 0xFF, 0xBB, 0xBB, \
        0xC3, 0xC7, 0xEE, 0xEE, 0xEE, 0xEE, 0xEE, 0xEE, 0xEE, 0xEE, 0xEE, 0xEE, \
        0xEE, 0xEE, 0xFE, 0xFF, 0xEF, 0xFB, 0xEE, 0xEE, 0xEE, 0xEE, 0xEE, 0xEE, \
        0xEE, 0xEE, 0xEE, 0xEE, 0xEE, 0xEE, 0xEE, 0xEE, 0xEE, 0xEE, 0xEE, 0xEE, \
        0xE6, 0xFF, 0xF7, 0xEE, 0xF6, 0x9F, 0xBF, 0xBB, 0xBB, 0xBB, 0xBB, 0xBB, \
        0xBB, 0xBB, 0xBB, 0xBB, 0xBB, 0xBB, 0xB7, 0xED, 0xBF, 0xEF, 0xFF, 0xFF, \
        0xFF, 0xFF, 0xFF, 0xFF, 0xFF, 0xFF, 0xFF, 0xFF, 0xFF, 0xFF, 0xFF, 0xFF, \
        0xFF, 0xFF, 0xFF, 0xFF, 0xF3, 0xFF, 0xF7, 0xFF, 0xF9, 0x3F, 0xFB, 0xFF, \
        0xFF, 0xFF, 0xFF, 0xFF, 0xFF, 0xFF, 0xFF, 0xFF, 0xFF, 0xFF, 0xFD, 0xBF, \
        0xF7, 0xBE, 0xBB, 0xBB, 0xBB, 0xBB, 0xBB, 0xBB, 0xBB, 0xBB, 0xBB, 0xBB, \
        0xBB, 0xBB, 0xBB, 0xBB, 0xBB, 0xBB, 0xBB, 0xBB, 0xF9, 0xFF, 0xB7, 0xDD, \
        0xFD, 0x7F, 0x6F, 0x77, 0x77, 0x77, 0x77, 0x77, 0x77, 0x77, 0x77, 0x77, \
        0x77, 0x77, 0xDF, 0xF6, 0xDF, 0xFB, 0xEE, 0xEE, 0xEE, 0xEE, 0xEE, 0xEE, \
        0xEE, 0xEE, 0xEE, 0xEE, 0xEE, 0xEE, 0xEE, 0xEE, 0xEE, 0xEE, 0xEE, 0xEE, \
        0xFC, 0xFF, 0xF7, 0x77, 0xFC, 0x7F, 0xFE, 0xDD, 0xDD, 0xDD, 0xDD, 0xDD, \
        0xDD, 0xDD, 0xDD, 0xDD, 0xDD, 0xDD, 0xF7, 0xFF, 0xFF, 0xEF, 0xFF, 0xFF, \
        0xFF, 0xFF, 0xFF, 0xFF, 0xFF, 0xFF, 0xFF, 0xFF, 0xFF, 0xFF, 0xFF, 0xFF, \
        0xFF, 0xFF, 0xFF, 0xFF, 0xFC, 0xFF, 0x77, 0x7F, 0xFE, 0xFF, 0xDC, 0xFF, \
        0xFF, 0xFF, 0xFF, 0xFF, 0xFF, 0xFF, 0xFF, 0xFF, 0xFF, 0xFF, 0x7D, 0xDB, \
        0xB7, 0xBD, 0xBB, 0xBB, 0xBB, 0xBB, 0xBB, 0xBB, 0xBB, 0xBB, 0xBB, 0xBB, \
        0xBB, 0xBB, 0xBB, 0xBB, 0xBB, 0xBB, 0xBB, 0x3B, 0xFE, 0xFF, 0xDB, 0x1D, \
        0xFF, 0xFF, 0x7D, 0x77, 0x77, 0x77, 0x77, 0x77, 0x77, 0x77, 0x77, 0x77, \
        0x77, 0x77, 0xDF, 0xFF, 0xFF, 0xFF, 0xEE, 0xEE, 0xEE, 0xEE, 0xEE, 0xEE, \
        0xEE, 0xEE, 0xEE, 0xEE, 0xEE, 0xEE, 0xEE, 0xEE, 0xEE, 0xEE, 0xEE, 0x2E, \
        0xFF, 0xFF, 0xFB, 0x97, 0xFF, 0xFF, 0xF3, 0xDD, 0xDD, 0xDD, 0xDD, 0xDD, \
        0xDD, 0xDD, 0xDD, 0xDD, 0xDD, 0xDD, 0xF7, 0xED, 0x6F, 0xDB, 0xFF, 0xFF, \
        0xFF, 0xFF, 0xFF, 0xFF, 0xFF, 0xFF, 0xFF, 0xFF, 0xFF, 0xFF, 0xFF, 0xFF, \
        0xFF, 0xFF, 0xFF, 0x9F, 0xFF, 0xFF, 0xBD, 0xCF, 0xFF, 0xFF, 0xF3, 0xFF, \
        0xFF, 0xFF, 0xFF, 0xFF, 0xFF, 0xFF, 0xFF, 0xFF, 0xFF, 0xFF, 0x7D, 0xBF, \
        0xFF, 0xFF, 0xDD, 0xDD, 0xDD, 0xDD, 0xDD, 0xDD, 0xDD, 0xDD, 0xDD, 0xDD, \
        0xDD, 0xDD, 0xDD, 0xDD, 0xDD, 0xDD, 0xDD, 0xCD, 0xFF, 0xFF, 0xFD, 0xEE, \
        0xFF, 0xFF, 0x67, 0xBB, 0xBB, 0xBB, 0xBB, 0xBB, 0xBB, 0xBB, 0xBB, 0xBB, \
        0xBB, 0xBB, 0xDF, 0xF7, 0xB7, 0x6D, 0x77, 0x77, 0x77, 0x77, 0x77, 0x77, \
        0x77, 0x77, 0x77, 0x77, 0x77, 0x77, 0x77, 0x77, 0x77, 0x77, 0x77, 0xE7, \
        0xFF, 0x7F, 0xEE, 0xF3, 0xFF, 0xFF, 0xEF, 0xEF, 0xEE, 0xEE, 0xEE, 0xEE, \
        0xEE, 0xEE, 0xEE, 0xEE, 0xEE, 0xEE, 0xF6, 0xFD, 0xFF, 0xFF, 0xFF, 0xFF, \
        0xFF, 0xFF, 0xFF, 0xFF, 0xFF, 0xFF, 0xFF, 0xFF, 0xFF, 0xFF, 0xFF, 0xFF, \
        0xFF, 0xFF, 0xFF, 0xF7, 0xFF, 0x7F, 0xBF, 0xF3, 0xFF, 0xFF, 0xDF, 0xFE, \
        0xFF, 0xFF, 0xFF, 0xFF, 0xFF, 0xFF, 0xFF, 0xFF, 0xFF, 0xFF, 0x7F, 0xEF, \
        0x6F, 0xDB, 0xEE, 0xEE, 0xEE, 0xEE, 0xEE, 0xEE, 0xEE, 0xEE, 0xEE, 0xEE, \
        0xEE, 0xEE, 0xEE, 0xEE, 0xEE, 0xEE, 0xEE, 0xF2, 0xFF, 0x9F, 0xF7, 0xF8, \
        0xFF, 0xFF, 0x9F, 0x77, 0x77, 0x77, 0x77, 0x77, 0x77, 0x77, 0x77, 0x77, \
        0x77, 0x77, 0xDB, 0xBF, 0xFF, 0xFF, 0xBB, 0xBB, 0xBB, 0xBB, 0xBB, 0xBB, \
        0x0B, 0xB8, 0xBB, 0xBB, 0xBB, 0xBB, 0xBB, 0xBB, 0xBB, 0xBB, 0xBB, 0xF9, \
        0xFF, 0xDF, 0xDF, 0xFC, 0xFF, 0xFF, 0x3F, 0xDF, 0xDD, 0xDD, 0xDD, 0xDD, \
        0xDD, 0xDD, 0xDD, 0xDD, 0xDD, 0xDD, 0xFF, 0xFD, 0xB7, 0x6D, 0xFF, 0xFF, \
        0xFF, 0xFF, 0xFF, 0xFF, 0x00, 0xE0, 0xFF, 0xFF, 0xFF, 0xFF, 0xFF, 0xFF, \
        0xFF, 0xFF, 0xFF, 0xFC, 0xFF, 0xFF, 0x7D, 0xFE, 0xFF, 0xFF, 0x7F, 0xFB, \
        0xFF, 0xFF, 0xFF, 0xFF, 0xFF, 0xFF, 0xFF, 0xFF, 0xFF, 0xFF, 0x6D, 0xF7, \
        0xFF, 0xFF, 0x77, 0x77, 0x77, 0x77, 0x77, 0x17, 0xB0, 0xE1, 0xDD, 0xDD, \
        0xDD, 0xDD, 0xDD, 0xDD, 0xDD, 0xDD, 0x5D, 0xFE, 0xFF, 0xE7, 0x37, 0xFF, \
        0xFF, 0xFF, 0x7F, 0xBE, 0xBB, 0xBB, 0xBB, 0xBB, 0xBB, 0xBB, 0xBB, 0xBB, \
        0xBB, 0xBB, 0xFF, 0xDF, 0x6F, 0xDB, 0xDE, 0xDD, 0xDD, 0xDD, 0xDD, 0x0D, \
        0x26, 0xC7, 0x77, 0x77, 0x77, 0x77, 0x77, 0x77, 0x77, 0x77, 0x77, 0xFF, \
        0xFF, 0x7F, 0x9F, 0xFF, 0xFF, 0xFF, 0xFF, 0xFC, 0xEE, 0xEE, 0xEE, 0xEE, \
        0xEE, 0xEE, 0xEE, 0xEE, 0xEE, 0xEE, 0xB6, 0xFB, 0xFF, 0xFF, 0xFB, 0xFF, \
        0xFF, 0xFF, 0xFF, 0x83, 0x6D, 0xC6, 0xFE, 0xFF, 0xFF, 0xFF, 0xFF, 0xFF, \
        0xFF, 0xFF, 0xBF, 0xFF, 0xFF, 0xF9, 0x9D, 0xFF, 0x7F, 0xFE, 0xFF, 0xED, \
        0xFF, 0xFF, 0xFF, 0xFF, 0xFF, 0xFF, 0xFF, 0xFF, 0xFF, 0xFF, 0xFF, 0xBE, \
        0xB7, 0xBD, 0xBF, 0xBB, 0xBB, 0xBB, 0xBB, 0x60, 0xC9, 0x98, 0xEF, 0xEE, \
        0xEE, 0xEE, 0xEE, 0xEE, 0xEE, 0xEE, 0x8E, 0xFF, 0xFF, 0xDD, 0xC7, 0xFF, \
        0x7F, 0xFE, 0xFF, 0xBB, 0xDD, 0xDD, 0xDD, 0xDD, 0xDD, 0xDD, 0xDD, 0xDD, \
        0xDD, 0xDD, 0xED, 0xF7, 0xFF, 0xF7, 0xF6, 0xEE, 0xEE, 0xEE, 0xEE, 0x30, \
        0x33, 0x8B, 0xBD, 0xBB, 0xBB, 0xBB, 0xBB, 0xBB, 0xBB, 0xBB, 0xCB, 0xFF, \
        0x7F, 0x7E, 0xE7, 0xFF, 0x9F, 0xFD, 0xFF, 0xF3, 0x77, 0x77, 0x77, 0x77, \
        0x77, 0x77, 0x77, 0x77, 0x77, 0x77, 0xBF, 0xDF, 0x6F, 0xDF, 0xDF, 0xFF, \
        0xFF, 0xFF, 0x7F, 0x94, 0xCC, 0x26, 0xF7, 0xFF, 0xFF, 0xFF, 0xFF, 0xFF, \
        0xFF, 0xFF, 0xE7, 0xFF, 0x7F, 0xEF, 0xF1, 0xFF, 0xDF, 0xF9, 0xFF, 0xE7, \
        0xFE, 0xFF, 0xFF, 0xFF, 0xFF, 0xFF, 0xFF, 0xFF, 0xFF, 0xFF, 0xFB, 0xFE, \
        0xFF, 0xFD, 0xFD, 0xDD, 0xDD, 0xDD, 0x1D, 0xCC, 0x36, 0x19, 0x7F, 0x77, \
        0x77, 0x77, 0x77, 0x77, 0x77, 0x77, 0xF3, 0xFF, 0xFF, 0xBF, 0xF9, 0xFF, \
        0xFF, 0xF3, 0xFF, 0xEF, 0xBB, 0xBB, 0xBB, 0xBB, 0xBB, 0xBB, 0xBB, 0xBB, \
        0xBB, 0xBB, 0xEF, 0xBB, 0xB7, 0xB7, 0xB7, 0x77, 0x77, 0x77, 0x17, 0x69, \
        0x52, 0x4D, 0xEE, 0xDD, 0xDD, 0xDD, 0xDD, 0xDD, 0xDD, 0xDD, 0xF9, 0xFF, \
        0x9F, 0xFB, 0xFC, 0xFF, 0xE7, 0xF7, 0xFF, 0xDF, 0xEF, 0xEE, 0xEE, 0xEE, \
        0xEE, 0xEE, 0xEE, 0xEE, 0xEE, 0xEE, 0xBD, 0xEF, 0xFF, 0xFF, 0xFE, 0xFE, \
        0xFF, 0xFF, 0x1F, 0x99, 0x59, 0x33, 0xBE, 0xFF, 0xFF, 0xFF, 0xFF, 0xFF, \
        0xFF, 0xFF, 0xFC, 0xFF, 0xFF, 0xEF, 0xFE, 0xFF, 0x7F, 0xEF, 0xFF, 0x9F, \
        0xFD, 0xFF, 0xFF, 0xFF, 0xFF, 0xFF, 0x03, 0xFF, 0xFF, 0x7F, 0xFF, 0xFE, \
        0x6F, 0xDB, 0xEF, 0xEF, 0xEE, 0xEE, 0x0E, 0x66, 0xA6, 0x34, 0xFC, 0xBB, \
        0xBB, 0xBB, 0xBB, 0xBB, 0xBB, 0xBB, 0xFC, 0xFF, 0xE7, 0x3E, 0xFE, 0xFF, \
        0xF9, 0xCB, 0xFF, 0x3F, 0xDF, 0xDD, 0xDD, 0xDD, 0xDD, 0xDD, 0x00, 0xDC, \
        0xDD, 0xDD, 0xF7, 0xDB, 0xFF, 0xFF, 0xBD, 0xBD, 0xBB, 0xBB, 0xCB, 0xCC, \
        0xA6, 0xC6, 0xD8, 0xEE, 0xF0, 0xEE, 0xEE, 0xEE, 0xEE, 0x6E, 0xFE, 0xFF, \
        0xF7, 0x3B, 0xFF, 0xFF, 0xDD, 0x9E, 0xFF, 0x7F, 0x77, 0x77, 0x77, 0x77, \
        0x77, 0x77, 0xF8, 0x7C, 0x77, 0xF7, 0xDD, 0xFF, 0xB7, 0x6D, 0xF7, 0xF7, \
        0xFF, 0xFF, 0x07, 0x33, 0x59, 0xDB, 0xF8, 0x3F, 0xCE, 0xFF, 0xFF, 0xFF, \
        0xFF, 0x3F, 0xFF, 0xFF, 0x79, 0x8F, 0xFF, 0x7F, 0xFE, 0xBF, 0xFF, 0x7F, \
        0xFE, 0xFF, 0xFF, 0xFF, 0xFF, 0x3F, 0xFC, 0xF9, 0xFF, 0x7F, 0x7F, 0xB7, \
        0xFF, 0xFF, 0x7F, 0x7F, 0x77, 0x77, 0x47, 0x9A, 0x59, 0x18, 0xB1, 0xBD, \
        0xDF, 0xDD, 0xDD, 0xDD, 0xDD, 0x9D, 0xFF, 0xFF, 0xFD, 0xCD, 0xFF, 0x7F, \
        0x6F, 0x37, 0xFF, 0xFF, 0xDC, 0xDD, 0xDD, 0xDD, 0xDD, 0x0D, 0xFF, 0xB1, \
        0xBB, 0xDB, 0xF7, 0xFD, 0x6F, 0xDB, 0xEE, 0xED, 0xDD, 0xDD, 0x47, 0xCA, \
        0xA6, 0x63, 0xE3, 0xB7, 0x9F, 0x77, 0x77, 0x77, 0x77, 0xC7, 0xFF, 0xFF, \
        0xDF, 0xE7, 0xFF, 0xFF, 0xFF, 0x7D, 0xFE, 0xFF, 0x7D, 0x77, 0x77, 0x77, \
        0x77, 0x0F, 0xFF, 0xF3, 0xEE, 0xFE, 0xDD, 0xEF, 0xFF, 0xFF, 0xBB, 0xBF, \
        0xFF, 0xFF, 0x86, 0x65, 0x32, 0xDB, 0xC4, 0x9F, 0x9E, 0xFF, 0xFF, 0xFF, \
        0xFF, 0xEF, 0xFF, 0x7F, 0x7E, 0xF3, 0xFF, 0x9F, 0xDB, 0xFF, 0xFE, 0xFF, \
        0xF3, 0xFF, 0xFF, 0xFF, 0xFF, 0xC3, 0xFF, 0xF3, 0xFF, 0x6F, 0x7F, 0xFB, \
        0xB7, 0x6D, 0xFF, 0xFB, 0xBB, 0xBB, 0x23, 0x35, 0x5B, 0x8C, 0x85, 0x9D, \
        0xDB, 0xDD, 0xDD, 0xDD, 0xDD, 0xE5, 0xFF, 0xFF, 0xF7, 0xF3, 0xFF, 0xFF, \
        0x7F, 0xF7, 0xFD, 0xFF, 0xF3, 0xEE, 0xEE, 0xEE, 0xEE, 0xA2, 0xFF, 0xB3, \
        0xDD, 0xFD, 0xF7, 0xDF, 0xFF, 0xFF, 0x77, 0x6F, 0xEF, 0xEE, 0x27, 0x99, \
        0xC9, 0x65, 0x16, 0x37, 0xCB, 0x77, 0x77, 0x77, 0x77, 0xF3, 0xFF, 0x9F, \
        0xDF, 0xF8, 0xFF, 0xE7, 0xF6, 0xDD, 0xF9, 0xFF, 0xE7, 0xBB, 0xBB, 0xBB, \
        0xBB, 0xF1, 0xFF, 0xE7, 0x77, 0xB7, 0xDD, 0xFE, 0x6F, 0xDB, 0xDE, 0xFD, \
        0xFD, 0xFF, 0x46, 0x66, 0x26, 0x59, 0x1A, 0x7E, 0xE4, 0xFE, 0xFF, 0xFF, \
        0xFF, 0xF9, 0xFF, 0xDF, 0xFD, 0xFC, 0xFF, 0xF7, 0xDF, 0x7F, 0xF3, 0xFF, \
        0x6F, 0xFF, 0xFF, 0xFF, 0xFF, 0xC8, 0xFF, 0xE7, 0xFF, 0xFF, 0xFF, 0xBB, \
        0xFF, 0xFF, 0xFB, 0xDF, 0xDF, 0xDD, 0x43, 0x66, 0xB6, 0x96, 0x69, 0xFC, \
        0xF0, 0xEF, 0xEE, 0xEE, 0xEE, 0xFC, 0xFF, 0xE7, 0x37, 0xFE, 0xFF, 0x7B, \
        0x7B, 0xF7, 0xF7, 0xFF, 0xDF, 0x77, 0x77, 0x77, 0x77, 0xEC, 0xFF, 0x77, \
        0xBB, 0xDB, 0x6E, 0xEF, 0xB7, 0xED, 0xBF, 0x7B, 0x7B, 0x77, 0x23, 0x99, \
        0x99, 0xB2, 0x25, 0xD8, 0x7F, 0xBB, 0xBB, 0xBB, 0x3B, 0xFE, 0xFF, 0xF7, \
        0x3E, 0xFF, 0xFF, 0xFF, 0xEF, 0xDD, 0xEF, 0xFF, 0x9F, 0xDD, 0xDD, 0xDD, \
        0x1D, 0xF4, 0xFF, 0xE7, 0xEF, 0xFE, 0xFB, 0xFF, 0xFF, 0xBF, 0xED, 0xEE, \
        0xEF, 0xFF, 0x27, 0x9B, 0xC9, 0x2A, 0xB6, 0xE1, 0xDF, 0xFF, 0xFF, 0xFF, \
        0x7F, 0xFF, 0xFF, 0xFF, 0x9B, 0xFF, 0xFF, 0xDC, 0xFE, 0x7F, 0xCB, 0xFF, \
        0x3F, 0xFF, 0xFF, 0xFF, 0x1F, 0xF3, 0xFF, 0xE7, 0xFE, 0x6F, 0xBF, 0xDD, \
        0x6F, 0xFB, 0xFF, 0xFF, 0xFE, 0xEE, 0x46, 0x62, 0x66, 0xE6, 0xCA, 0xC2, \
        0xFE, 0x76, 0x77, 0x77, 0x37, 0xFF, 0xFF, 0xB9, 0xDF, 0xFF, 0xFF, 0xFF, \
        0xDB, 0xEE, 0xDF, 0xFF, 0x7F, 0xEF, 0xEE, 0xEE, 0x8E, 0xFA, 0xFF, 0xE7, \
        0xDB, 0xFD, 0xF7, 0xF7, 0xFF, 0x6F, 0xDB, 0xDD, 0xDB, 0xBB, 0x47, 0x2E, \
        0x33, 0x95, 0x9A, 0x06, 0xB7, 0xDF, 0xDD, 0xDD, 0xBD, 0xFF, 0xFF, 0xFF, \
        0xC6, 0xFF, 0x3F, 0xB7, 0xFF, 0xFB, 0xBE, 0xFF, 0x7F, 0xBE, 0xBB, 0xBB, \
        0x83, 0xFC, 0xFF, 0xE7, 0x7F, 0xB7, 0xDD, 0xBE, 0xB7, 0xFD, 0x7F, 0x77, \
        0x7F, 0xFF, 0x85, 0x68, 0xCE, 0x99, 0xB1, 0x1C, 0xFE, 0xFD, 0xFF, 0xFF, \
        0xAF, 0xFF, 0x7F, 0xEE, 0xEF, 0xFF, 0xBF, 0xFF, 0xB6, 0xDF, 0x3B, 0xFF, \
        0xFF, 0xF6, 0xFF, 0xFF, 0x63, 0xFF, 0xFF, 0x67, 0xF7, 0xFF, 0xFF, 0xFB, \
        0xFF, 0xDF, 0xF6, 0xFF, 0xF7, 0x77, 0x27, 0xD3, 0x98, 0x6A, 0x66, 0x33, \
        0xD8, 0x77, 0x77, 0x77, 0xBF, 0xFF, 0x7F, 0xBF, 0xED, 0xFF, 0xCF, 0xDB, \
        0xFF, 0x76, 0x6F, 0xFE, 0xFF, 0x7D, 0x77, 0x77, 0x51, 0xFE, 0xFF, 0xE7, \
        0xDD, 0xDD, 0x6E, 0xDF, 0x6F, 0xFB, 0xDF, 0xDD, 0xDE, 0xDE, 0x0F, 0x9C, \
        0x65, 0xA6, 0x4E, 0xC9, 0xE0, 0xDE, 0xDD, 0xDD, 0xBD, 0xFF, 0x9F, 0xF7, \
        0xEF, 0xFF, 0xEF, 0x7F, 0xEF, 0xFF, 0xFF, 0xFE, 0xFF, 0xED, 0xDD, 0xDD, \
        0xD0, 0xFF, 0xFF, 0xE7, 0x7F, 0xF7, 0xFB, 0xF7, 0xFF, 0x6F, 0x7B, 0xF7, \
        0xFB, 0xFB, 0xCD, 0x24, 0x2D, 0xB5, 0x99, 0x6D, 0x83, 0xFF, 0xFF, 0xFF, \
        0x37, 0xFF, 0xDF, 0xDF, 0xCE, 0xFF, 0xFF, 0xF6, 0xBD, 0xDD, 0xF6, 0xFD, \
        0xFF, 0xBD, 0xFF, 0x7F, 0xAC, 0xFF, 0xFF, 0x77, 0xFB, 0x7F, 0xBF, 0xFD, \
        0xB7, 0xFD, 0xFF, 0xBF, 0xBF, 0xBF, 0x0F, 0x69, 0xB3, 0x19, 0xB1, 0x24, \
        0x0D, 0xEC, 0xEE, 0xEE, 0x7E, 0xFF, 0xFF, 0xFD, 0xCB, 0xFF, 0xF3, 0xDF, \
        0xF7, 0xF7, 0xDF, 0xF9, 0xFF, 0xFD, 0xBB, 0x3B, 0xAC, 0xFF, 0xFF, 0xF3, \
        0xEF, 0xEE, 0xF7, 0xDF, 0xFF, 0xDF, 0xB6, 0xFB, 0xF6, 0xF6, 0x0E, 0x99, \
        0xD4, 0xCA, 0x66, 0xB6, 0x19, 0xB0, 0xBB, 0xBB, 0xEF, 0xFE, 0xF7, 0x77, \
        0xDF, 0xFF, 0xBF, 0x7D, 0x7F, 0xBF, 0x7D, 0xFB, 0xFF, 0x6D, 0xEF, 0x0E, \
        0xF3, 0xFF, 0xFF, 0xB3, 0xBD, 0xBB, 0xDD, 0xF6, 0x6F, 0xFB, 0xFF, 0xDE, \
        0xDF, 0xDF, 0x1B, 0xD2, 0x4C, 0x66, 0x4E, 0xDB, 0xF6, 0xC0, 0xFF, 0xFF, \
        0xBD, 0xF9, 0xD9, 0xDE, 0xB7, 0xFF, 0xFC, 0xF7, 0xED, 0xFD, 0xF7, 0xF7, \
        0xFF, 0xFE, 0xFD, 0x87, 0xF2, 0xFF, 0xFF, 0xF3, 0xF7, 0xFF, 0xFF, 0xBF, \
        0xFF, 0xEF, 0xED, 0xF7, 0xFD, 0xFD, 0x9F, 0x64, 0x2B, 0x35, 0x99, 0x6D, \
        0xA7, 0x07, 0x76, 0x77, 0xF7, 0x03, 0xFE, 0xFB, 0x3E, 0x3E, 0x6F, 0xDF, \
        0xBF, 0x77, 0xDF, 0xE7, 0xFF, 0xB6, 0xDF, 0xC5, 0xF6, 0xFF, 0xFF, 0x73, \
        0x7F, 0x77, 0xBB, 0xFD, 0xB7, 0xBD, 0xBF, 0x7D, 0x6F, 0x6F, 0x37, 0x29, \
        0xE9, 0x99, 0xE5, 0xB6, 0xBD, 0x1C, 0xD8, 0xDD, 0x7F, 0xFF, 0xBF, 0xBF, \
        0xFF, 0xC0, 0xFF, 0x7D, 0xFB, 0xDF, 0x7D, 0xCF, 0x3F, 0xFF, 0x7B, 0x61, \
        0xFC, 0xFF, 0xFF, 0xF3, 0xED, 0xDD, 0xEF, 0xF7, 0xFF, 0xFF, 0xF6, 0xDF, \
        0xFB, 0xFB, 0x3D, 0x92, 0x15, 0x66, 0x36, 0xDB, 0xF6, 0x73, 0xC0, 0xFF, \
        0xED, 0xFF, 0xF7, 0xF6, 0xED, 0xFF, 0xDB, 0xF7, 0x6F, 0xFB, 0xF7, 0x3D, \
        0xDF, 0x6F, 0xEF, 0x98, 0xFD, 0xFF, 0xFF, 0xB3, 0xBF, 0xFF, 0x7E, 0xDF, \
        0x6F, 0xDB, 0x7F, 0xF7, 0xBF, 0xBF, 0x3F, 0x64, 0xD6, 0x66, 0x93, 0x6D, \
        0x1B, 0x6F, 0x03, 0x6E, 0xBF, 0xDB, 0xDE, 0xDF, 0xFF, 0xFF, 0x7E, 0xDF, \
        0xFE, 0xEF, 0xDE, 0xFF, 0xF0, 0xFD, 0x3D, 0x98, 0xFE, 0xFF, 0xFF, 0xF9, \
        0xFB, 0xBB, 0xF7, 0xFD, 0xFF, 0x7F, 0xDB, 0x7D, 0xF7, 0xEE, 0x7B, 0xC4, \
        0xD8, 0x98, 0x6C, 0xB6, 0xED, 0xEC, 0x1D, 0xF8, 0xFB, 0xFE, 0xFB, 0xFD, \
        0xB6, 0xB7, 0xF7, 0xFD, 0xDB, 0xBE, 0x7F, 0xDB, 0xFF, 0xB7, 0x1F, 0x66, \
        0xFF, 0xFF, 0xFF, 0x79, 0x6F, 0xEF, 0xBD, 0xB7, 0xB7, 0xED, 0xFF, 0xDF, \
        0xDD, 0x7B, 0xEF, 0x98, 0x13, 0x9B, 0xA9, 0xDD, 0xB6, 0x9B, 0x65, 0xB0, \
        0xEF, 0xB7, 0xBF, 0xB7, 0xFF, 0xFE, 0xDD, 0xB7, 0xFF, 0xFB, 0xED, 0xFF, \
        0xDF, 0xFE, 0x83, 0xB5, 0xFF, 0xFF, 0xFF, 0xD9, 0xFD, 0xFD, 0xEF, 0xFF, \
        0xFF, 0xFF, 0xEE, 0xF6, 0xFF, 0xFF, 0xBD, 0x20, 0x66, 0x63, 0xCB, 0x74, \
        0xDB, 0x76, 0xDF, 0xC1, 0xBE, 0xFD, 0xF6, 0xFE, 0xDB, 0xDB, 0x7F, 0xFF, \
        0xB6, 0xEF, 0xFF, 0xB6, 0xFB, 0xDB, 0x42, 0xE5, 0xFF, 0xFF, 0xFF, 0xF9, \
        0xDF, 0xDF, 0x7E, 0xDB, 0x6F, 0xDB, 0xBB, 0x7F, 0xBB, 0xED, 0xFF, 0x21, \
        0xD9, 0x6C, 0x36, 0xA3, 0x6D, 0x77, 0x33, 0x07, 0xFB, 0xEF, 0xDF, 0xEF, \
        0x7E, 0x7F, 0xF7, 0xED, 0xFF, 0xBE, 0xDB, 0xFF, 0x6E, 0xFF, 0x70, 0xF6, \
        0xFF, 0xFF, 0xFF, 0xBC, 0x7B, 0xFB, 0xFB, 0xFF, 0xFF, 0x7F, 0xFF, 0xDB, \
        0xEF, 0xBF, 0xDB, 0x91, 0x8D, 0x8C, 0x31, 0x9B, 0xB6, 0xCD, 0xEE, 0x1C, \
        0xDC, 0x7B, 0xFB, 0xBD, 0xEF, 0xF7, 0xBD, 0xBF, 0xED, 0xFB, 0x7E, 0xDB, \
        0xFF, 0x37, 0xA4, 0xF9, 0xFF, 0xFF, 0xFF, 0xFC, 0xEE, 0x6F, 0xEF, 0xF6, \
        0xB7, 0xED, 0x77, 0xFF, 0x7E, 0xFB, 0xFE, 0x43, 0x64, 0xB3, 0xCC, 0xCC, \
        0xB2, 0xBD, 0xED, 0x69, 0x70, 0xDF, 0xBF, 0xF7, 0xFB, 0xDE, 0xEF, 0xDB, \
        0xBF, 0xEF, 0xF7, 0xFF, 0xDD, 0x0E, 0x2E, 0xFF, 0xFF, 0xFF, 0xFF, 0xEC, \
        0xFF, 0xFE, 0xBF, 0xDF, 0xFF, 0xFF, 0xDE, 0xED, 0xFB, 0xEF, 0xB7, 0x47, \
        0x32, 0xB3, 0xDB, 0x64, 0x4E, 0xB6, 0x9D, 0xAB, 0xE1, 0xFD, 0xED, 0x7E, \
        0xDF, 0x7B, 0x7F, 0x03, 0xF7, 0xBE, 0xBD, 0x6D, 0xF7, 0x83, 0x69, 0xFF, \
        0xFF, 0xFF, 0x7F, 0xBE, 0xDB, 0xBB, 0xFD, 0xFD, 0x6F, 0xDB, 0xFB, 0xBF, \
        0xEF, 0xBE, 0xFD, 0x8E, 0x98, 0x4C, 0x12, 0x9B, 0x69, 0x63, 0x76, 0xA6, \
        0x86, 0x6F, 0xFF, 0xEF, 0x7D, 0xFF, 0xDD, 0x7B, 0xFF, 0xFB, 0xEF, 0xFF, \
        0xBF, 0x60, 0xD6, 0xFF, 0xFF, 0xFF, 0x7F, 0xFE, 0x7E, 0xEF, 0x77, 0xEF, \
        0xFF, 0x7F, 0xBF, 0xFB, 0xBE, 0xFB, 0xEF, 0x0F, 0xC9, 0x66, 0x76, 0x33, \
        0x33, 0x99, 0xD1, 0xDC, 0x0C, 0xFF, 0x77, 0xBB, 0xF7, 0xB7, 0xF7, 0xFC, \
        0x6E, 0x6F, 0xFF, 0xB6, 0x1B, 0x98, 0xF1, 0xFF, 0xFF, 0xFF, 0x7F, 0xF6, \
        0xF7, 0xFF, 0xDE, 0xBB, 0xB7, 0xFD, 0xF7, 0xDE, 0xFB, 0x6F, 0xBF, 0x3D, \
        0x62, 0x9A, 0x25, 0x65, 0x96, 0x6D, 0x9B, 0x49, 0x19, 0xB6, 0xDD, 0xFF, \
        0x8F, 0xFE, 0xFF, 0x79, 0xFE, 0xFF, 0xDD, 0xFF, 0x06, 0xB3, 0xFD, 0xFF, \
        0xFF, 0xFF, 0x3F, 0xDF, 0xBD, 0xDD, 0xFB, 0xFF, 0xFF, 0xB7, 0xDD, 0xF7, \
        0x6F, 0xFF, 0xFD, 0x3F, 0x92, 0xD9, 0xAC, 0xCD, 0x6C, 0x06, 0x20, 0x33, \
        0x73, 0xF8, 0xFF, 0xDD, 0x22, 0x6C, 0xDB, 0x6B, 0xDB, 0xB6, 0x77, 0xDB, \
        0xC0, 0x2C, 0xFE, 0xFF, 0xFF, 0xFF, 0x3F, 0x7F, 0xEF, 0x77, 0xBF, 0xDD, \
        0x6F, 0xFF, 0xFF, 0x7D, 0xFF, 0xDD, 0x77, 0x7B, 0x88, 0x25, 0xCB, 0x98, \
        0x49, 0x90, 0x0D, 0xC0, 0xA6, 0xD8, 0x6E, 0xF7, 0xF9, 0xF9, 0x7F, 0x33, \
        0xFF, 0xFF, 0xFF, 0x3F, 0x58, 0xCB, 0xFF, 0xFF, 0xFF, 0xFF, 0x9F, 0xFB, \
        0xFF, 0xFE, 0xF7, 0xF7, 0xFF, 0x6D, 0xBB, 0xDF, 0xDD, 0x77, 0xDF, 0xEF, \
        0x28, 0x66, 0x59, 0x36, 0x93, 0xFF, 0xFF, 0x0F, 0x98, 0xE2, 0xFB, 0x7F, \
        0xDD, 0xF3, 0xF6, 0x87, 0xB7, 0x6D, 0xBB, 0x05, 0x66, 0xF2, 0xFF, 0xFF, \
        0xFF, 0xFF, 0x9F, 0xEF, 0xB6, 0xEF, 0xDE, 0xFE, 0xB7, 0xFF, 0xEF, 0xFB, \
        0x77, 0xFF, 0xFD, 0xFE, 0x21, 0x5A, 0x33, 0x73, 0xB4, 0x48, 0xB2, 0x7D, \
        0x41, 0xC2, 0xBF, 0xDB, 0xF4, 0xB7, 0xDF, 0xFE, 0xFD, 0xFF, 0xEF, 0xC0, \
        0xB6, 0xFC, 0xFF, 0xFF, 0xFF, 0xFF, 0x9F, 0xBD, 0xFF, 0xBD, 0xFF, 0xEF, \
        0xFF, 0xDB, 0x7E, 0xEF, 0xFE, 0xED, 0xB7, 0xF7, 0xC3, 0x98, 0xE6, 0x8C, \
        0xCD, 0x66, 0x22, 0xD9, 0x07, 0x85, 0xED, 0xFE, 0xEE, 0xE7, 0xFD, 0xFF, \
        0x6F, 0xDB, 0x1E, 0x30, 0x89, 0xFF, 0xFF, 0xFF, 0xFF, 0xFF, 0xCF, 0xF7, \
        0xED, 0xF7, 0x6D, 0xBB, 0x6F, 0xFF, 0xFB, 0xBD, 0xEF, 0xBF, 0xFF, 0xDD, \
        0x07, 0xA5, 0x8C, 0xA5, 0x32, 0xB5, 0x6D, 0xA6, 0x3E, 0x18, 0xFF, 0xEF, \
        0xB8, 0xE7, 0x17, 0xB6, 0xFB, 0xFF, 0x03, 0xD6, 0xE9, 0xFF, 0xFF, 0xFF, \
        0xFF, 0xFF, 0xC7, 0x7F, 0xBF, 0x7F, 0xFF, 0xFF, 0xFF, 0x6D, 0xEF, 0xFF, \
        0xBD, 0xFB, 0xEE, 0x7F, 0x0F, 0xB1, 0x39, 0xB3, 0x66, 0x95, 0xCD, 0xA6, \
        0xEC, 0x03, 0x76, 0xBB, 0xF6, 0xE6, 0xCE, 0xFC, 0xBE, 0x6D, 0xC0, 0x96, \
        0xFE, 0xFF, 0xFF, 0xFF, 0xFF, 0xFF, 0xE7, 0xED, 0xFB, 0xEE, 0xDB, 0xF6, \
        0xB7, 0xFF, 0xBF, 0xDB, 0xF7, 0xEE, 0xBB, 0xFB, 0x1D, 0x4A, 0x66, 0x9A, \
        0x49, 0x53, 0x32, 0x59, 0xB3, 0x0D, 0xDC, 0xFF, 0xDC, 0xF5, 0xEB, 0xED, \
        0xEF, 0x0F, 0xD8, 0x2C, 0xFF, 0xFF, 0xFF, 0xFF, 0xFF, 0xFF, 0xF3, 0xBF, \
        0xEF, 0xBB, 0xFF, 0xDF, 0xFF, 0xDB, 0xF6, 0x7E, 0xFF, 0xBF, 0xFF, 0xEE, \
        0x3F, 0x62, 0x65, 0x4B, 0x82, 0x6C, 0xD6, 0x59, 0x99, 0x3D, 0xF8, 0xDD, \
        0x6C, 0x73, 0xEF, 0xB9, 0x7D, 0x02, 0x9B, 0xE9, 0xFF, 0xFF, 0xFF, 0xFF, \
        0xFF, 0xFF, 0x73, 0xFB, 0xBE, 0xFF, 0x6D, 0xFB, 0x6F, 0xFF, 0xDF, 0xF7, \
        0x6D, 0xFB, 0xF6, 0xBF, 0x7B, 0x84, 0x4D, 0x72, 0x80, 0x8C, 0x95, 0xA6, \
        0x4D, 0xF2, 0xE0, 0xF7, 0xB9, 0xF9, 0xCD, 0xFD, 0x17, 0x60, 0x23, 0xFF, \
        0xFF, 0xFF, 0xFF, 0xFF, 0xFF, 0xFF, 0xF9, 0xEF, 0xFB, 0x76, 0xFF, 0xBF, \
        0xFF, 0xBD, 0xFD, 0xDD, 0xFF, 0xEF, 0xDF, 0xFD, 0xFE, 0x98, 0xD8, 0x96, \
        0x98, 0xB3, 0x39, 0xA6, 0x64, 0xCB, 0x83, 0x7F, 0x63, 0xEC, 0x4F, 0xDC, \
        0x02, 0x6D, 0xEC, 0xFF, 0xFF, 0xFF, 0xFF, 0xFF, 0xFF, 0xFF, 0xD9, 0xBE, \
        0xEF, 0xDF, 0xB7, 0xED, 0xB7, 0xF7, 0xB7, 0x7F, 0xDB, 0xBE, 0x7D, 0xF7, \
        0xF7, 0x21, 0x93, 0x19, 0x36, 0x59, 0xE6, 0x59, 0x9B, 0x19, 0x0F, 0xEE, \
        0x07, 0xBE, 0x1B, 0x1E, 0x60, 0x89, 0xFF, 0xFF, 0xFF, 0xFF, 0xFF, 0xFF, \
        0xFF, 0xFF, 0xFC, 0xFB, 0xBE, 0xFD, 0xFD, 0xFF, 0xFF, 0xDF, 0xFE, 0xEE, \
        0xFF, 0xFB, 0xF7, 0xDF, 0xDD, 0x23, 0x37, 0x6D, 0x65, 0x4D, 0x45, 0x56, \
        0xD9, 0x74, 0x7C, 0xB8, 0xDD, 0xFF, 0xFE, 0x03, 0x4C, 0xFE, 0xFF, 0xFF, \
        0xFF, 0xFF, 0xFF, 0xFF, 0xFF, 0x7F, 0xBC, 0xEF, 0xFB, 0x77, 0xDF, 0xF6, \
        0x6F, 0xFB, 0xEF, 0xFB, 0xB6, 0x6F, 0xDF, 0x7E, 0xFF, 0x46, 0x64, 0x61, \
        0xCD, 0x66, 0x5D, 0x69, 0x26, 0xC7, 0xD1, 0xC0, 0xFF, 0xDB, 0x7F, 0xE0, \
        0xD9, 0xFF, 0xFF, 0xFF, 0xFF, 0xFF, 0xFF, 0xFF, 0xFF, 0x7F, 0xEE, 0xBE, \
        0x6F, 0xDF, 0xF7, 0xDF, 0xFF, 0x6F, 0x7B, 0xDF, 0xFF, 0xFE, 0xFD, 0xFB, \
        0xB7, 0x8F, 0x4C, 0x9F, 0x99, 0x98, 0x31, 0xAB, 0x80, 0x2C, 0x97, 0x07, \
        0xF6, 0x7E, 0x03, 0x0C, 0xFF, 0xFF, 0xFF, 0xFF, 0xFF, 0xFF, 0xFF, 0xFF, \
        0xFF, 0x3F, 0xFF, 0xFB, 0xFE, 0xFD, 0x7D, 0xFB, 0xB7, 0xFD, 0xDF, 0xF7, \
        0xED, 0xDB, 0xB7, 0xEF, 0xFE, 0x1B, 0x59, 0xD2, 0xB2, 0xB3, 0xA6, 0xA6, \
        0x81, 0x38, 0x39, 0x39, 0x80, 0x27, 0x80, 0xE9, 0xFF, 0xFF, 0xFF, 0xFF, \
        0xFF, 0xFF, 0xFF, 0xFF, 0xFF, 0x1F, 0x77, 0xEF, 0xDB, 0x77, 0xDF, 0xBF, \
        0xFF, 0xDF, 0xFD, 0xBE, 0xBF, 0x7F, 0xFF, 0xBE, 0xDB, 0x1E, 0xB1, 0x32, \
        0x20, 0xA6, 0xEC, 0x6C, 0x0B, 0xC3, 0x66, 0xE6, 0x08, 0x00, 0x18, 0xFB, \
        0xFF, 0xFF, 0xFF, 0xFF, 0xFF, 0xFF, 0xFF, 0xFF, 0xFF, 0x9F, 0xDF, 0xBF, \
        0x7F, 0xDF, 0xF7, 0xED, 0x6F, 0x7B, 0xEF, 0xFB, 0xF6, 0xF6, 0xED, 0xFB, \
        0xFF, 0x3F, 0xA6, 0xAD, 0xC1, 0x6C, 0x13, 0x19, 0x1A, 0x6E, 0x92, 0x8D, \
        0x5B, 0xC8, 0xE6, 0xFF, 0xFF, 0xFF, 0xFF, 0xFF, 0xFF, 0xFF, 0xFF, 0xFF, \
        0xFF, 0xCF, 0xFB, 0xF6, 0xF6, 0xFD, 0x7D, 0xFF, 0xFF, 0xEF, 0x7B, 0xDF, \
        0xFF, 0xDF, 0xBF, 0x6F, 0xB7, 0x7B, 0x48, 0x4D, 0x4C, 0x4B, 0xD6, 0xE5, \
        0x66, 0x98, 0x6D, 0x39, 0xD3, 0x9B, 0xF0, 0xFF, 0xFF, 0xFF, 0xFF, 0xFF, \
        0xFF, 0xFF, 0xFF, 0xFF, 0xFF, 0xC7, 0xBF, 0xFF, 0xDF, 0x77, 0xDF, 0xF7, \
        0xB7, 0xFD, 0xDE, 0xF7, 0x6D, 0x7B, 0xFB, 0xFE, 0xFD, 0x6E, 0x58, 0x52, \
        0x9E, 0x99, 0x19, 0xCB, 0x34, 0xA4, 0x29, 0x63, 0x2C, 0x32, 0xFF, 0xFF, \
        0xFF, 0xFF, 0xFF, 0xFF, 0xFF, 0xFF, 0xFF, 0xFF, 0xFF, 0xE7, 0xED, 0x6D, \
        0x7B, 0xDF, 0xF7, 0xDD, 0xFF, 0xDF, 0xFF, 0xBE, 0xFF, 0xFF, 0xEF, 0x1B, \
        0xF0, 0xFF, 0xE0, 0x5A, 0x9E, 0xB4, 0x69, 0x1A, 0x93, 0x35, 0x96, 0xCE, \
        0xAD, 0xC4, 0xFF, 0xFF, 0xFF, 0xFF, 0xFF, 0xFF, 0xFF, 0xFF, 0xFF, 0xFF, \
        0xFF, 0xF3, 0xFF, 0xFF, 0xFF, 0xFD, 0x7D, 0xFF, 0x6F, 0x7B, 0xB7, 0xEF, \
        0xDB, 0xB6, 0xBD, 0xBF, 0x6F, 0xDB, 0x89, 0x32, 0xCC, 0x66, 0xE6, 0x74, \
        0x6A, 0xD5, 0xD6, 0x18, 0x93, 0xF9, 0xFF, 0xFF, 0xFF, 0xFF, 0xFF, 0xFF, \
        0xFF, 0xFF, 0xFF, 0xFF, 0xFF, 0x79, 0xDB, 0xB6, 0xED, 0x77, 0xDF, 0xB7, \
        0xFF, 0xEF, 0xFD, 0x7D, 0xFF, 0xFF, 0xFF, 0x96, 0xCF, 0xFF, 0x91, 0x4D, \
        0x60, 0x4A, 0x96, 0xC5, 0x60, 0xC6, 0x68, 0x73, 0x52, 0xFE, 0xFF, 0xFF, \
        0xFF, 0xFF, 0xFF, 0xFF, 0xFF, 0xFF, 0xFF, 0xFF, 0xFF, 0xF8, 0xFF, 0xFF, \
        0xBF, 0xDF, 0xF7, 0xFD, 0xB7, 0xFD, 0xEF, 0xF7, 0x6D, 0xDB, 0xF6, 0xDF, \
        0xDE, 0xED, 0x63, 0xCC, 0x20, 0xDB, 0x19, 0x9B, 0x80, 0x39, 0x2B, 0xA7, \
        0xCC, 0xFF, 0xFF, 0xFF, 0xFF, 0xFF, 0xFF, 0xFF, 0xFF, 0xFF, 0xFF, 0xFF, \
        0x7F, 0xDC, 0xB6, 0x6D, 0xFB, 0xFE, 0x7D, 0xEF, 0xFF, 0xDF, 0xBE, 0xDF, \
        0xFF, 0xFF, 0xDF, 0xCD, 0xDF, 0xBF, 0xC3, 0x32, 0x99, 0x19, 0x73, 0x6A, \
        0x9C, 0x29, 0x9B, 0x8C, 0xF1, 0xFF, 0xFF, 0xFF, 0xFF, 0xFF, 0xFF, 0xFF, \
        0xFF, 0xFF, 0xFF, 0xFF, 0x7F, 0xFE, 0xFF, 0xFF, 0xEF, 0xBB, 0xDF, 0xBF, \
        0x6F, 0xFB, 0xFB, 0x7E, 0xB7, 0x6D, 0x7B, 0x4F, 0xCB, 0xF6, 0x86, 0x33, \
        0xD7, 0x64, 0xE6, 0x4C, 0x1C, 0xE6, 0xE4, 0x58, 0xFE, 0xFF, 0xFF, 0xFF, \
        0xFF, 0xFF, 0xFF, 0xFF, 0xFF, 0xFF, 0xFF, 0xFF, 0x1F, 0x6F, 0xDB, 0xB6, \
        0xBD, 0xEF, 0xF6, 0xFD, 0xFF, 0x6F, 0xEF, 0xFB, 0xFD, 0xFF, 0xEF, 0xDB, \
        0xEE, 0xFF, 0x0F, 0xCD, 0x34, 0xB7, 0x99, 0x31, 0xDE, 0x96, 0x2C, 0x43, \
        0xFF, 0xFF, 0xFF, 0xFF, 0xFF, 0xFF, 0xFF, 0xFF, 0xFF, 0xFF, 0xFF, 0xFF, \
        0x9F, 0xFF, 0xFF, 0xFF, 0xFF, 0xFE, 0x7F, 0xF7, 0xB7, 0xFD, 0xBF, 0xEF, \
        0xDF, 0xB6, 0xFD, 0x9E, 0x62, 0xDB, 0x4D, 0xCC, 0xCC, 0x24, 0x4B, 0x36, \
        0x9C, 0xD9, 0x2A, 0xE9, 0xFF, 0xFF, 0xFF, 0xFF, 0xFF, 0xFF, 0xFF, 0xFF, \
        0xFF, 0xFF, 0xFF, 0xFF, 0xCF, 0xDB, 0xB6, 0x6D, 0xDB, 0xDB, 0xED, 0xDF, \
        0xFF, 0xDF, 0xF6, 0xBE, 0xFB, 0xFF, 0xDF, 0x3F, 0xF8, 0x7F, 0x8F, 0x33, \
        0x53, 0xCE, 0x6C, 0x4B, 0x40, 0x92, 0xD3, 0xFC, 0xFF, 0xFF, 0xFF, 0xFF, \
        0xFF, 0xFF, 0xFF, 0xFF, 0xFF, 0xFF, 0xFF, 0xFF, 0xE7, 0xFF, 0xFF, 0xFF, \
        0x7F, 0x7F, 0xBF, 0xFB, 0x6F, 0xFB, 0xDF, 0xFB, 0x6E, 0xDB, 0xF6, 0xFD, \
        0xBF, 0xED, 0x1B, 0x98, 0xB5, 0xD9, 0x94, 0x69, 0x60, 0x36, 0x94, 0xFF, \
        0xFF, 0xFF, 0xFF, 0xFF, 0xFF, 0xFF, 0xFF, 0xFF, 0xFF, 0xFF, 0xFF, 0xFF, \
        0xE3, 0xB6, 0x6D, 0xDB, 0xF6, 0xF7, 0xFB, 0xBE, 0xFF, 0xEF, 0xFD, 0xEF, \
        0xFF, 0xFF, 0xBF, 0xF7, 0xF7, 0xBF, 0x0F, 0x67, 0xA6, 0x14, 0x33, 0x96, \
        0x90, 0xE5, 0xE4, 0xFF, 0xFF, 0xFF, 0xFF, 0xFF, 0xFF, 0xFF, 0xFF, 0xFF, \
        0xFF, 0xFF, 0xFF, 0xFF, 0xF9, 0xFF, 0xFF, 0xFF, 0xDF, 0xDE, 0xEF, 0xF7, \
        0xB7, 0xBD, 0xB7, 0xBD, 0xDD, 0x6E, 0xFB, 0xDE, 0x5D, 0xE0, 0x4D, 0xB2, \
        0xCC, 0x66, 0xEB, 0xB4, 0xCD, 0x0C, 0xFF, 0xFF, 0xFF, 0xFF, 0xFF, 0xFF, \
        0xFF, 0xFF, 0xFF, 0xFF, 0xFF, 0xFF, 0xFF, 0xFF, 0xB8, 0x6D, 0xDB, 0xB6, \
        0xFD, 0x7B, 0xBF, 0xDF, 0xFF, 0xFF, 0xFE, 0xF7, 0xF7, 0xFB, 0xEF, 0x7F, \
        0x3F, 0x8B, 0xC7, 0x9A, 0x19, 0xDB, 0x8C, 0x4D, 0x33, 0xD3, 0xFF, 0xFF, \
        0xFF, 0xFF, 0xFF, 0xFF, 0xFF, 0xFF, 0xFF, 0xFF, 0xFF, 0xFF, 0xFF, 0x7F, \
        0xFE, 0xFF, 0xFF, 0xFF, 0xB7, 0xFF, 0xFD, 0xFE, 0x6F, 0xDB, 0x6F, 0x7F, \
        0xBF, 0xBF, 0xBD, 0xED, 0x97, 0x3F, 0x87, 0x4C, 0x73, 0x99, 0x34, 0x53, \
        0x5A, 0xF2, 0xFF, 0xFF, 0xFF, 0xFF, 0xFF, 0xFF, 0xFF, 0xFF, 0xFF, 0xFF, \
        0xFF, 0xFF, 0xFF, 0x3F, 0x6E, 0xDB, 0xB6, 0x6D, 0xFF, 0xB6, 0xF7, 0xBB, \
        0xFF, 0x7F, 0xFB, 0xED, 0xFD, 0xEE, 0xFF, 0xBF, 0xDD, 0x7C, 0x26, 0x33, \
        0x4D, 0xA5, 0xD3, 0xB4, 0x46, 0xFE, 0xFF, 0xFF, 0xFF, 0xFF, 0xFF, 0xFF, \
        0xFF, 0xFF, 0xFF, 0xFF, 0xFF, 0xFF, 0xFF, 0x9F, 0xFF, 0xFF, 0xFF, 0xFF, \
        0xED, 0xFF, 0xDE, 0xEF, 0xB7, 0xED, 0xDF, 0xBF, 0xF7, 0xFB, 0x76, 0xFB, \
        0xCF, 0xFF, 0x46, 0xB3, 0x6C, 0x37, 0xDB, 0xAC, 0xE9, 0xFF, 0xFF, 0xFF, \
        0x3F, 0xFF, 0xFF, 0xFF, 0xFF, 0xFF, 0xFF, 0xFF, 0xFF, 0xFF, 0xFF, 0xC7, \
        0xDB, 0xB6, 0x6D, 0xDB, 0xBF, 0xED, 0x7F, 0xFF, 0xFF, 0xFF, 0xF6, 0xFE, \
        0xDF, 0xBF, 0xDF, 0xEF, 0x66, 0xFF, 0x0C, 0xCC, 0xBB, 0xDD, 0x6E, 0x4B, \
        0xF8, 0xFF, 0xFF, 0xFF, 0x9F, 0xFF, 0xFF, 0xFF, 0xFF, 0xFF, 0xFF, 0xFF, \
        0xFF, 0xFF, 0xFF, 0x63, 0xFF, 0xFF, 0xFF, 0x7F, 0xFB, 0xBF, 0xED, 0xDD, \
        0x6F, 0xDB, 0xBF, 0xDB, 0x7E, 0xF7, 0xFB, 0xBE, 0x67, 0xBB, 0x8C, 0x4D, \
        0xDB, 0xF6, 0x26, 0x53, 0xFF, 0xFF, 0xFF, 0xFF, 0xCF, 0xFF, 0xFF, 0xFF, \
        0xFF, 0xFF, 0xFF, 0xFF, 0xFF, 0xFF, 0xFF, 0xF1, 0x6D, 0xDB, 0xDE, 0xF6, \
        0x6F, 0xFB, 0xBF, 0xF7, 0xFF, 0x7F, 0xEF, 0xFF, 0xFB, 0xDD, 0xBE, 0xF7, \
        0xCF, 0xED, 0x0E, 0x30, 0xD7, 0xB6, 0x99, 0xE4, 0xFF, 0xFF, 0xFF, 0xFF, \
        0xE3, 0xFF, 0xFF, 0xFF, 0xFF, 0xFF, 0xFF, 0xFF, 0xFF, 0xFF, 0xFF, 0xFC, \
        0xFF, 0xFF, 0xFB, 0xDF, 0xFE, 0x6F, 0xFB, 0xBF, 0xB7, 0xED, 0xFD, 0xB6, \
        0xEF, 0xFF, 0xF7, 0x7D, 0x6B, 0x5F, 0x1E, 0xB3, 0xB4, 0x4D, 0xD9, 0xFC, \
        0xFF, 0xFF, 0xFF, 0xFF, 0xF0, 0xF7, 0xFF, 0xFF, 0xFF, 0xFF, 0xFF, 0xFF, \
        0xFF, 0xFF, 0x3F, 0xDE, 0xB6, 0x6D, 0x6F, 0xFF, 0xDB, 0xFE, 0x6F, 0xFB, \
        0xFF, 0xFF, 0xF7, 0xFF, 0xBE, 0xBB, 0x7D, 0xDF, 0xCF, 0x72, 0x7E, 0x88, \
        0x2C, 0x59, 0x03, 0xFF, 0xFF, 0xFF, 0xFF, 0x7F, 0xFC, 0xF3, 0xFF, 0xFF, \
        0xFF, 0xFF, 0xFF, 0xFF, 0xFF, 0xFF, 0x1F, 0xFB, 0xFF, 0xFF, 0xFF, 0x6D, \
        0xFF, 0xDB, 0xFE, 0xEF, 0x6F, 0xDB, 0xDE, 0xED, 0xFB, 0xEE, 0xEF, 0xF7, \
        0xCE, 0x2E, 0xFB, 0x20, 0x63, 0x26, 0xF4, 0x7F, 0xFE, 0xFF, 0xFF, 0x9F, \
        0xFF, 0xF9, 0xFF, 0xFF, 0xFF, 0xFF, 0xFF, 0xFF, 0xFF, 0xFF, 0xC7, 0x6F, \
        0xDB, 0xB6, 0xDD, 0xFF, 0xB7, 0xFF, 0xDB, 0xBE, 0xFF, 0xFF, 0x7B, 0xBF, \
        0xEF, 0x7F, 0xBF, 0xFF, 0x1B, 0x9B, 0xEF, 0x61, 0x88, 0xA0, 0xFF, 0xBF, \
        0xFD, 0xFF, 0xFF, 0xFF, 0x7F, 0xFC, 0xFF, 0xFF, 0xFF, 0xFF, 0xFF, 0xFF, \
        0xFF, 0xFF, 0xE3, 0xFD, 0xFF, 0xFF, 0x77, 0xDB, 0xFE, 0xB6, 0xFF, 0xFB, \
        0xB7, 0xBD, 0xFF, 0xFB, 0xBE, 0xDD, 0xFB, 0x6E, 0x3F, 0xC4, 0xBE, 0x87, \
        0xBF, 0xFF, 0xFF, 0xC7, 0xFF, 0xFF, 0xFF, 0xFF, 0x3F, 0xFF, 0xFF, 0xFF, \
        0xFF, 0xFF, 0xFF, 0x7F, 0xFE, 0xFF, 0x78, 0xDF, 0xB6, 0xDB, 0xFE, 0xFF, \
        0xFB, 0xFF, 0xB6, 0xEF, 0xFF, 0xF7, 0xB6, 0xEF, 0xFB, 0xF7, 0xEE, 0xFB, \
        0xFD, 0xF0, 0xFB, 0x1F, 0xFE, 0xFF, 0xFF, 0xE0, 0xFF, 0xFF, 0xFF, 0xFF, \
        0x8F, 0x7F, 0xFF, 0xFF, 0xFF, 0xFF, 0xFF, 0xBF, 0xF9, 0x3F, 0xFC, 0xFB, \
        0xFF, 0xFE, 0xBB, 0x6D, 0x6F, 0xFB, 0xFF, 0xBE, 0x6F, 0xDF, 0xFF, 0xBE, \
        0x6F, 0xFF, 0xBF, 0xDF, 0xF7, 0xBF, 0x6F, 0xFF, 0xC0, 0xFF, 0x0F, 0xF0, \
        0xFF, 0xFF, 0xFF, 0xFF, 0xFF, 0x9F, 0xFF, 0xFF, 0xFF, 0xFF, 0xFF, 0x9F, \
        0xF7, 0x0F, 0xDF, 0xBE, 0xED, 0x6F, 0xEF, 0xFF, 0xFF, 0x6F, 0xFB, 0xFB, \
        0xFF, 0xFD, 0xED, 0xFB, 0xFE, 0xDD, 0xFD, 0x76, 0xDF, 0xFF, 0xFE, 0xFD, \
        0x07, 0x00, 0x00, 0xF8, 0xFF, 0xFF, 0xFF, 0xFF, 0xFF, 0xCF, 0xFF, 0xFF, \
        0xFF, 0xFF, 0xFF, 0xDF, 0xE7, 0xC3, 0xF7, 0xF7, 0xBF, 0xFB, 0xFF, 0xB6, \
        0xDD, 0xFE, 0x6F, 0xEF, 0xB7, 0xB7, 0xBF, 0xEF, 0xDB, 0x77, 0xF7, 0xFF, \
        0x7D, 0xF7, 0xDB, 0x77, 0x3F, 0x03, 0x20, 0xFC, 0xFF, 0xFF, 0xFF, 0xFF, \
        0xFF, 0xE3, 0xFF, 0xFF, 0xFF, 0xFF, 0xFF, 0xCF, 0xEF, 0xF0, 0xBF, 0xDF, \
        0xF6, 0xBE, 0xDD, 0xFF, 0xF7, 0xDB, 0xFE, 0xFD, 0xFF, 0xFF, 0xF6, 0xBE, \
        0x7F, 0xFF, 0xDF, 0xDD, 0xF7, 0xDD, 0x7F, 0xDF, 0x3B, 0x03, 0xFE, 0xFE, \
        0xFF, 0xFF, 0xFF, 0xFF, 0xFF, 0xFF, 0xFF, 0xFF, 0xFF, 0xFF, 0xFF, 0xDF, \
        0x26, 0xFC, 0xEE, 0xFE, 0xFF, 0xEF, 0x77, 0xDB, 0xBE, 0xFF, 0xDB, 0xDF, \
        0x6F, 0xDB, 0xFF, 0xFB, 0xF6, 0xDD, 0x7E, 0xF7, 0xDE, 0x7F, 0xF7, 0xFD, \
        0x3F, 0xA3, 0x09, 0xFF, 0xFF, 0xFF, 0xFF, 0xFF, 0xFF, 0xFF, 0xFF, 0xFF, \
        0xFF, 0xFF, 0xFF, 0xDF, 0x06, 0xBF, 0xFB, 0xBB, 0x6D, 0xFB, 0xFE, 0xFF, \
        0xFB, 0xB6, 0x7F, 0xFB, 0xFF, 0xFF, 0x6D, 0xEF, 0xDF, 0xF7, 0xFB, 0xBF, \
        0x7F, 0xF7, 0xBD, 0xB7, 0x2D, 0x87, 0x9B, 0xFF, 0xFF, 0xFF, 0xFF, 0xFF, \
        0xFF, 0xFF, 0xFF, 0xFF, 0xFF, 0xFF, 0xFF, 0x3F, 0xE1, 0xA7, 0xBF, 0xEF, \
        0xFF, 0xBF, 0xEF, 0x76, 0xDF, 0xFF, 0xF6, 0xEF, 0xB7, 0x6D, 0xFF, 0xBD, \
        0x7D, 0xBF, 0xEF, 0xEE, 0xFB, 0xDD, 0xEF, 0xFF, 0x3F, 0xC7, 0xE2, 0xFF, \
        0xDB, 0xFF, 0xFF, 0xFF, 0xFF, 0xFF, 0xFF, 0xFF, 0xFF, 0xFF, 0xFF, 0x3F, \
        0xF8, 0x01, 0xEC, 0x7D, 0xDB, 0xEE, 0xBD, 0xDF, 0xF7, 0xED, 0xDF, 0xBE, \
        0xFF, 0xFF, 0xDB, 0xFF, 0xF7, 0xFD, 0xBE, 0xFB, 0xEE, 0x7F, 0xFB, 0x6E, \
        0x3B, 0x0F, 0xF8, 0x1F, 0x00, 0xFC, 0xFF, 0xFF, 0xFF, 0xFF, 0xFF, 0xFF, \
        0xFF, 0xFF, 0xFF, 0x03, 0x7F, 0xF8, 0x78, 0xDF, 0xFF, 0xFB, 0xF7, 0xFD, \
        0xBE, 0xBF, 0xFD, 0xFB, 0x6F, 0xDB, 0x7E, 0xDB, 0xDE, 0xF7, 0xFB, 0xBF, \
        0xBF, 0xFB, 0x93, 0xFB, 0x6F, 0x7E, 0xFF, 0x03, 0x26, 0x60, 0xFF, 0xFF, \
        0xFF, 0xFF, 0xFF, 0xFF, 0xFF, 0xFF, 0x3F, 0xC0, 0x1F, 0xFE, 0xF3, 0xFB, \
        0x6D, 0xBF, 0x7F, 0xEF, 0xFB, 0xFE, 0xB7, 0xEF, 0xFF, 0xFF, 0xEF, 0xFF, \
        0x7F, 0xDF, 0x6F, 0xF7, 0xFB, 0xEE, 0x10, 0xDE, 0x7E, 0xFC, 0x7F, 0xF0, \
        0xFF, 0x83, 0xFB, 0xFF, 0xFF, 0xFF, 0xFF, 0xFF, 0xFD, 0xFF, 0x02, 0xFC, \
        0xBB, 0xF7, 0xE7, 0xBE, 0xFF, 0xF7, 0xEE, 0x7B, 0xDF, 0xDB, 0xFE, 0xBE, \
        0xB7, 0xED, 0xFD, 0xB6, 0xED, 0x7D, 0xFF, 0xDD, 0xEE, 0x3F, 0xFE, 0xFC, \
        0xFB, 0xF1, 0x07, 0xFE, 0xFB, 0x1F, 0xEE, 0xFF, 0xFF, 0xFF, 0xFF, 0xFF, \
        0x07, 0x00, 0xC0, 0xFF, 0x8E, 0xFD, 0xCF, 0xF7, 0xB6, 0xDD, 0xBB, 0xDF, \
        0xF7, 0xFF, 0xEF, 0xFB, 0xFF, 0xBF, 0xB7, 0xFF, 0xFF, 0xF7, 0xDD, 0xFF, \
        0xBF, 0x3D, 0xEF, 0xB9, 0xEF, 0x03, 0xE0, 0xBF, 0xBF, 0x7D, 0x70, 0xFB, \
        0xFF, 0xFF, 0xFF, 0xFF, 0x1F, 0x00, 0xFF, 0xBF, 0x5F, 0xF7, 0xCF, 0xDD, \
        0xF7, 0xFF, 0xFF, 0xFD, 0xBE, 0x6D, 0x7B, 0xEF, 0x6F, 0xFB, 0xFE, 0x6D, \
        0xDB, 0xDE, 0x77, 0x77, 0xF7, 0xB7, 0xFD, 0xF3, 0xBE, 0x9F, 0xFE, 0xF7, \
        0xF6, 0xEF, 0xC1, 0xFF, 0xFF, 0xFF, 0xFF, 0xFF, 0xFF, 0xFC, 0xFF, 0xED, \
        0xCB, 0xFD, 0x9F, 0xFF, 0xC1, 0x6E, 0x77, 0xEF, 0xFB, 0xFF, 0xDF, 0xFF, \
        0xFF, 0xEF, 0x6F, 0xFF, 0xFF, 0x7F, 0xFF, 0xDD, 0x7D, 0x9F, 0xF5, 0xF7, \
        0xFB, 0xFE, 0xDF, 0xDE, 0xDF, 0xFE, 0x0F, 0x6E, 0xFF, 0xFF, 0xFF, 0xFF, \
        0xFF, 0xF1, 0xDD, 0xFF, 0xCE, 0xF6, 0x93, 0xB7, 0x3C, 0xFF, 0xDD, 0x7B, \
        0xDF, 0xB6, 0xFD, 0xB6, 0xB7, 0xBD, 0xFD, 0xB7, 0x6D, 0xFB, 0xED, 0xFF, \
        0xEF, 0x4D, 0xFF, 0xB3, 0xEF, 0xEF, 0xFD, 0xFB, 0xFD, 0xDB, 0x3F, 0xF8, \
        0xFF, 0xFF, 0xFF, 0xFF, 0xFF, 0xC7, 0x77, 0xDB, 0xCF, 0xEE, 0x9F, 0xFD, \
        0x3E, 0xB7, 0xFF, 0xDF, 0xF7, 0xFF, 0xF7, 0xFF, 0xFF, 0xFF, 0xF7, 0xFE, \
        0xFF, 0xEF, 0xBF, 0xBB, 0xFB, 0xDF, 0xFA, 0xE6, 0xBE, 0xFD, 0xB7, 0xBF, \
        0x77, 0x7F, 0xFF, 0xC1, 0xF6, 0xFF, 0xFF, 0xFF, 0xFF, 0x1F, 0xFF, 0x7F, \
        0x6B, 0x3B, 0xCD, 0x6F, 0x7E, 0xFF, 0x6E, 0xF7, 0x7D, 0xDB, 0xDE, 0xED, \
        0x6F, 0xDB, 0xDE, 0xDB, 0xB6, 0xBD, 0xFB, 0xEE, 0xDE, 0x96, 0xE7, 0xF6, \
        0xFB, 0x77, 0xFF, 0xF6, 0xDE, 0xF7, 0xC0, 0x87, 0xDF, 0xFF, 0xFF, 0xFF, \
        0xFF, 0x3F, 0xEE, 0xF6, 0xCF, 0xED, 0x9B, 0xFF, 0x6C, 0xDB, 0xFB, 0x7D, \
        0xDF, 0xFF, 0x7F, 0xBF, 0xFF, 0xFF, 0x7F, 0xFF, 0xFF, 0xF7, 0xEE, 0xFF, \
        0xFF, 0xCF, 0xBC, 0x73, 0x6F, 0xDF, 0xED, 0xDF, 0xFF, 0x5E, 0x86, 0x3F, \
        0x7C, 0xFF, 0xFF, 0xFF, 0xFF, 0xFF, 0xBC, 0xDF, 0x4D, 0xEF, 0xD6, 0xDD, \
        0x8C, 0xFF, 0xBF, 0xDF, 0xF7, 0x6D, 0xFB, 0xFB, 0xB7, 0x6D, 0xFB, 0x77, \
        0xDB, 0xFE, 0xBF, 0xDD, 0x6D, 0x9B, 0x6F, 0xF3, 0xFD, 0xFD, 0xBF, 0xFD, \
        0xED, 0x3B, 0x7F, 0x7E, 0xF0, 0xFD, 0xFF, 0xFF, 0xFF, 0xFF, 0xF9, 0x7D, \
        0x9F, 0xB9, 0xCD, 0xF7, 0x91, 0xB7, 0xED, 0xFB, 0x7D, 0xFF, 0xEF, 0xDE, \
        0xFF, 0xFF, 0xEF, 0xDE, 0xFF, 0x6F, 0xFB, 0x77, 0xFF, 0x9F, 0xD9, 0xB2, \
        0xDF, 0xB7, 0xFB, 0xB7, 0xBF, 0x9F, 0x7D, 0xEE, 0xC3, 0xF7, 0xFF, 0xFF, \
        0xFF, 0xFF, 0x73, 0xEF, 0x97, 0xB7, 0xE5, 0xBE, 0xF3, 0xFD, 0x7F, 0x6F, \
        0xDF, 0xB7, 0xBD, 0xF7, 0x6F, 0xDB, 0xBE, 0xFB, 0x6D, 0xFB, 0x6F, 0xFF, \
        0xDB, 0x3E, 0xB7, 0xF9, 0x7B, 0xFF, 0x6E, 0xFF, 0xF6, 0xD6, 0xFF, 0xBE, \
        0x0F, 0xDF, 0xFF, 0xFF, 0xFF, 0xFF, 0xF1, 0xFB, 0x3E, 0xD6, 0xE6, 0xFB, \
        0xFF, 0x6F, 0xDB, 0xFF, 0xF7, 0xFD, 0xF7, 0xFF, 0xFF, 0xFF, 0xFB, 0xBF, \
        0xFF, 0xDF, 0xFE, 0xDD, 0xFF, 0x3B, 0xB6, 0xDC, 0xFE, 0xED, 0xFF, 0xED, \
        0xFF, 0x9F, 0xFA, 0xFC, 0x3F, 0x78, 0xFF, 0xFF, 0xFF, 0x7F, 0xB8, 0xDF, \
        0x7B, 0xDC, 0x70, 0xDF, 0xDF, 0xFE, 0xFF, 0xB6, 0x7D, 0xDF, 0x7E, 0xDB, \
        0xB7, 0x6D, 0x6F, 0xF7, 0xB6, 0xFD, 0xDB, 0x77, 0xB7, 0xEF, 0x58, 0xFE, \
        0xB7, 0xBF, 0xDB, 0xBF, 0xDB, 0xCD, 0xBF, 0xED, 0x76, 0xF0, 0xFD, 0xFF, \
        0xFF, 0x07, 0xFE, 0x7E, 0xDF, 0x30, 0xFC, 0x77, 0xFB, 0xDB, 0xF6, 0xFF, \
        0xDF, 0xF7, 0xEF, 0xFF, 0xFF, 0xFF, 0xFF, 0xDD, 0xFF, 0xB7, 0x7F, 0xFF, \
        0xFD, 0xFE, 0x01, 0x6F, 0xFF, 0xFE, 0x7E, 0xFB, 0x7E, 0x5F, 0x6D, 0xBE, \
        0x7F, 0xC6, 0xF7, 0xFF, 0x0F, 0x80, 0xDF, 0xFB, 0xF7, 0x03, 0xBF, 0xFD, \
        0x6F, 0xFF, 0xDF, 0x6D, 0xF7, 0x7D, 0xBB, 0xED, 0x6F, 0xDB, 0xB6, 0xFF, \
        0xDD, 0xFE, 0xF6, 0xDD, 0xEF, 0xDB, 0xEF, 0xFB, 0xED, 0xDB, 0xF7, 0xEF, \
        0xEF, 0x5B, 0xDB, 0xF6, 0x6D, 0x1F, 0xDF, 0xFF, 0x3F, 0xFC, 0xF7, 0xEF, \
        0x7E, 0xFF, 0xF7, 0xDF, 0xFE, 0xBD, 0x7D, 0xFF, 0x7D, 0xDF, 0xFF, 0xBF, \
        0xFF, 0xFF, 0xFF, 0xBB, 0xF7, 0xEF, 0xDF, 0x77, 0x7B, 0x7F, 0xFF, 0xDF, \
        0xBF, 0x7F, 0xDF, 0xBE, 0xFB, 0x9E, 0x5B, 0xDE, 0x3F, 0xFF, 0x7E, 0xFF, \
        0xFF, 0xFC, 0xBD, 0xBD, 0xFB, 0xFF, 0xDE, 0xF6, 0xDB, 0xF7, 0xF7, 0xDB, \
        0xDF, 0xF7, 0xDD, 0xF6, 0xB7, 0xBD, 0x6D, 0xEF, 0x7E, 0x7B, 0x7B, 0xFF, \
        0xDF, 0xF7, 0x7D, 0xF7, 0xF6, 0xF6, 0xFB, 0xFB, 0xDE, 0x37, 0x36, 0xFB, \
        0x36, 0xFB, 0xFB, 0xFD, 0xFF, 0x79, 0xFF, 0xF7, 0xEF, 0xB6, 0xFB, 0xBF, \
        0x7F, 0xDF, 0xDE, 0x7E, 0xF7, 0x7D, 0xF7, 0xFF, 0xFF, 0xF7, 0xFF, 0xFD, \
        0xEF, 0xDF, 0xFF, 0xDD, 0xFE, 0xDE, 0xF7, 0xBD, 0xFF, 0xDF, 0xBE, 0xEF, \
        0x7F, 0x3F, 0x8D, 0xBF, 0x7F, 0xBE, 0xEF, 0xF7, 0xFF, 0xF3, 0x77, 0x7F, \
        0xBF, 0xFF, 0xBF, 0xFD, 0xF6, 0xFD, 0xFF, 0xF7, 0x7D, 0xDF, 0x7F, 0xDB, \
        0x6F, 0xDF, 0xB6, 0xDF, 0xBD, 0xFD, 0xED, 0xF7, 0xBB, 0x7F, 0xDF, 0xFF, \
        0xDB, 0xFD, 0xF7, 0xBE, 0xFB, 0xED, 0xC0, 0xF7, 0x5B, 0xF7, 0xBE, 0xDF, \
        0xFF, 0xE3, 0xDE, 0xED, 0xFD, 0x6D, 0xF7, 0xF7, 0xDF, 0xB7, 0x6D, 0xDF, \
        0xDF, 0xF7, 0xED, 0xFF, 0xFF, 0xFD, 0xFF, 0x7B, 0xF7, 0x77, 0xBF, 0xBF, \
        0xEF, 0xED, 0x7D, 0xDB, 0x7E, 0x37, 0xF0, 0xFB, 0xEE, 0xFF, 0xFF, 0x7D, \
        0x3F, 0xDF, 0x33, 0x7B, 0xFF, 0xCF, 0xFB, 0xBF, 0x77, 0xFF, 0xDD, 0xDE, \
        0x7D, 0xFF, 0xFF, 0x7D, 0xF7, 0x7D, 0xBF, 0xED, 0xB7, 0xB7, 0x6D, 0xEF, \
        0x7F, 0xDF, 0xF7, 0xEE, 0xFD, 0xBF, 0xF7, 0xFF, 0xEF, 0x1F, 0x86, 0xEF, \
        0xBF, 0x7B, 0xFF, 0xEF, 0x6D, 0x1A, 0x00, 0xEC, 0xFF, 0x8F, 0xBF, 0xFB, \
        0xDF, 0xDB, 0x1F, 0x7C, 0xF7, 0x6D, 0xDB, 0xF7, 0x7D, 0xDF, 0xFB, 0xBF, \
        0xFF, 0xFF, 0xFF, 0xFD, 0xEE, 0xFD, 0xFD, 0x7B, 0xDF, 0xF6, 0xDF, 0xB6, \
        0xBD, 0xCB, 0x1F, 0xBF, 0xFB, 0xEE, 0xDB, 0xBE, 0x7F, 0x00, 0xEE, 0xF0, \
        0xFE, 0x9F, 0xED, 0xDE, 0xFE, 0x7F, 0xE7, 0xF1, 0xDF, 0xFF, 0x7F, 0xDF, \
        0xDF, 0xF7, 0xEF, 0xF6, 0x6F, 0xDB, 0xF6, 0xDF, 0xBB, 0x77, 0x6F, 0xFF, \
        0xFB, 0x7F, 0xFB, 0xFF, 0xF7, 0xE6, 0x7D, 0xF6, 0xEE, 0xBF, 0xFF, 0xFB, \
        0xFB, 0xF5, 0xFF, 0xC3, 0xFB, 0x3F, 0xFF, 0xF7, 0xBB, 0xED, 0xE5, 0xE7, \
        0x7E, 0xDB, 0xF6, 0x7D, 0xF7, 0x7D, 0xBF, 0xFF, 0xFF, 0xFF, 0xDF, 0x76, \
        0xFF, 0xDF, 0xFF, 0xED, 0xBE, 0xED, 0xEF, 0x6D, 0xFF, 0xB3, 0xFF, 0xFC, \
        0xBF, 0xFD, 0xB6, 0x6F, 0xEF, 0xFF, 0xDB, 0x0F, 0xEF, 0x7F, 0x76, 0x7F, \
        0xEF, 0xFF, 0xB3, 0xEF, 0xFB, 0xFF, 0xDF, 0xF7, 0x7D, 0xDF, 0xFD, 0xDB, \
        0xB7, 0x6D, 0xFB, 0xFF, 0x77, 0xFB, 0xDD, 0xBF, 0xF7, 0xBF, 0xBD, 0xFF, \
        0x6D, 0xB9, 0xFF, 0xDC, 0xFD, 0xF7, 0xFF, 0xFE, 0xBD, 0xFB, 0x7E, 0x3F, \
        0xFE, 0x7F, 0xDE, 0xDB, 0x7F, 0xDB, 0xBA, 0xCF, 0xEF, 0xB6, 0x7D, 0xDF, \
        0xDF, 0xF7, 0x77, 0xFF, 0xFF, 0xFF, 0xBF, 0xED, 0xDE, 0xBF, 0x77, 0xF7, \
        0xDF, 0xF6, 0xFF, 0xB6, 0xFF, 0xE9, 0xFE, 0x79, 0x77, 0xDF, 0xED, 0xDB, \
        0xFF, 0xDE, 0xF7, 0x7D, 0xD8, 0xFF, 0xFC, 0xFE, 0xF6, 0xFF, 0xEB, 0xCF, \
        0xBE, 0xFF, 0xF7, 0x7D, 0xF7, 0x7D, 0xDF, 0xED, 0x6F, 0xDB, 0xED, 0xBF, \
        0xFB, 0xF6, 0xFE, 0x7D, 0xFB, 0x7F, 0xDB, 0xFF, 0xDB, 0xBC, 0x7F, 0xF9, \
        0xDF, 0x7D, 0xBF, 0x7F, 0xDB, 0x7F, 0xDF, 0xF7, 0x71, 0xFF, 0xB9, 0xEF, \
        0xDF, 0xB6, 0xD9, 0xE6, 0xFB, 0x6D, 0xDF, 0xF7, 0x7D, 0xDF, 0xFD, 0xBF, \
        0xFF, 0x7F, 0x7F, 0xFB, 0xBF, 0xDF, 0xEF, 0xEF, 0x6F, 0xDB, 0x7F, 0xDB, \
        0xFE, 0xB4, 0x7D, 0xDB, 0xFE, 0xF7, 0xFB, 0xF6, 0x7F, 0xF7, 0x7D, 0xDF, \
        0xE3, 0xFF, 0xF9, 0x7B, 0xFB, 0xFF, 0xB3, 0x6D, 0x6F, 0xFF, 0x7D, 0xDF, \
        0xDF, 0xF7, 0xB7, 0xFB, 0xB7, 0xED, 0xF7, 0xEF, 0xF6, 0xFD, 0xBD, 0xFB, \
        0xFE, 0xFF, 0xF6, 0xFF, 0xB7, 0xEC, 0xB7, 0xF9, 0xBB, 0xDF, 0xDE, 0xDF, \
        0xF6, 0xDD, 0xF7, 0xFD, 0x8F, 0xFD, 0x73, 0xDF, 0xEF, 0x6D, 0xB3, 0xE5, \
        0xFF, 0xF7, 0xF7, 0x7D, 0xF7, 0x7D, 0xFF, 0xDE, 0xFF, 0xFF, 0xDE, 0xBE, \
        0xDF, 0xB7, 0xF7, 0xDE, 0xBB, 0xED, 0xDF, 0x6D, 0xFF, 0x6C, 0xDE, 0xB9, \
        0xEF, 0xFE, 0xF7, 0xFD, 0xDF, 0x7F, 0xDF, 0xB7, 0x8D, 0xFF, 0xE7, 0xFD, \
        0xBD, 0xFF, 0x67, 0xF3, 0xB6, 0xDD, 0xDE, 0xF7, 0x7D, 0xDF, 0xED, 0xF7, \
        0x6F, 0xDB, 0xFB, 0xFB, 0xFD, 0xFE, 0xFE, 0x7F, 0xEF, 0xBF, 0x7D, 0xFF, \
        0xED, 0xDD, 0xDB, 0xF8, 0xFE, 0xBB, 0xBF, 0xB7, 0x7D, 0xF7, 0x7D, 0xFF, \
        0x3F, 0xFE, 0xE7, 0x77, 0xFF, 0xB6, 0x0F, 0xB8, 0xFF, 0xFF, 0x7B, 0xDF, \
        0xDF, 0xF7, 0xBF, 0xFF, 0xFF, 0x7F, 0xBF, 0xEF, 0xB7, 0xEF, 0x6F, 0xFB, \
        0xFF, 0xF6, 0xF7, 0xB7, 0xBF, 0xB1, 0xED, 0xDC, 0xDB, 0xEF, 0xEE, 0xFF, \
        0xF7, 0xDD, 0xF7, 0x6D, 0x3B, 0xF6, 0x67, 0xDF, 0xDB, 0xFF, 0x9E, 0xFE, \
        0x6D, 0xB7, 0xFF, 0x7D, 0xF7, 0x7D, 0xFB, 0xEE, 0xB7, 0xFD, 0xF7, 0xBE, \
        0xFF, 0xBD, 0xFD, 0xEF, 0xB6, 0x7F, 0xDF, 0xFD, 0xFB, 0x6C, 0xB7, 0xFD, \
        0x7F, 0xFF, 0x7B, 0xDB, 0xDE, 0x7F, 0xDF, 0xFF, 0xFF, 0xFC, 0xCF, 0xFD, \
        0x7F, 0xDB, 0xFB, 0x6F, 0xFF, 0xFD, 0xB6, 0xF7, 0x7D, 0xDF, 0xEF, 0xBB, \
        0xFF, 0xB7, 0xDD, 0xFB, 0xEE, 0xF7, 0xB7, 0xBD, 0xFF, 0xDB, 0x7B, 0xDF, \
        0xDE, 0xD9, 0x36, 0x6C, 0xF7, 0xDD, 0xFF, 0x07, 0x7F, 0xF7, 0x7D, 0xDB, \
        0xF6, 0xF8, 0x9F, 0x77, 0xF7, 0xFF, 0xFF, 0xFF, 0xDB, 0xEF, 0xFF, 0xDF, \
        0xDF, 0xF7, 0xBE, 0xFF, 0x6F, 0xFF, 0xFF, 0xEF, 0xBB, 0x7F, 0xFF, 0xF7, \
        0xED, 0xFE, 0xFE, 0xF7, 0xF7, 0xB3, 0x6D, 0xFE, 0xDD, 0x77, 0xB7, 0xF1, \
        0xEC, 0xDD, 0xF7, 0xFF, 0xDF, 0xD9, 0x9F, 0xDF, 0xDD, 0x6D, 0xF7, 0xB6, \
        0x7F, 0xBF, 0x6D, 0x7B, 0xF7, 0xFD, 0xFB, 0xF6, 0xFF, 0x6D, 0xBB, 0xBD, \
        0xFF, 0xEE, 0xDD, 0x7E, 0xBF, 0xEF, 0xB7, 0x7D, 0xBF, 0xC7, 0x19, 0xDF, \
        0x7F, 0xFF, 0xFD, 0xFD, 0xF9, 0x7F, 0xDF, 0xB6, 0x7D, 0xF3, 0x9F, 0xFB, \
        0x7F, 0xFF, 0xDD, 0xFF, 0xF6, 0xFD, 0xFF, 0xFF, 0x7D, 0xDF, 0xEF, 0xDF, \
        0xB7, 0xFF, 0xEF, 0xFF, 0xF6, 0xBB, 0xF7, 0xEF, 0xFB, 0x7B, 0xFF, 0xDF, \
        0xFB, 0x0F, 0x82, 0x77, 0xFB, 0xED, 0x6F, 0xEC, 0xBB, 0xFB, 0xFD, 0xFF, \
        0xF7, 0xE3, 0x3F, 0xBF, 0xF3, 0xB7, 0x7F, 0xDB, 0xDF, 0x77, 0xDB, 0xB6, \
        0xDF, 0x77, 0xBF, 0xFD, 0xFF, 0xDB, 0x7E, 0xDB, 0xDF, 0xFF, 0x7F, 0xBB, \
        0xEF, 0xDE, 0xDB, 0xF6, 0xDE, 0x3E, 0xF0, 0xFF, 0xEF, 0xBF, 0xFB, 0xFE, \
        0xF3, 0xEE, 0xB7, 0x6D, 0xDF, 0xE7, 0x3F, 0xF7, 0xC0, 0xFD, 0xEE, 0xFF, \
        0x7D, 0xDF, 0xFF, 0xFF, 0xFB, 0xFD, 0xFD, 0xB7, 0x6F, 0xFF, 0xFB, 0x7F, \
        0x7F, 0x77, 0xDB, 0xFF, 0xBD, 0xFF, 0xFE, 0xFF, 0xF7, 0xFB, 0xFF, 0xED, \
        0xBE, 0xFB, 0xDE, 0xF2, 0xDA, 0xBF, 0xFF, 0xFF, 0x7D, 0xC7, 0x3F, 0x5F, \
        0x9E, 0xDF, 0xFB, 0xB6, 0xF7, 0xFD, 0xB6, 0x6D, 0x6F, 0xDF, 0x77, 0xFF, \
        0xFF, 0x6D, 0xEF, 0xF6, 0xED, 0xDD, 0xFF, 0xDD, 0xFF, 0xBB, 0x6F, 0xDB, \
        0x7D, 0xEF, 0xBF, 0xBF, 0xF7, 0xEE, 0xFF, 0x9C, 0xFB, 0xFD, 0x6E, 0xDB, \
        0xF7, 0xCD, 0x3F, 0x3B, 0x3F, 0xF7, 0xDF, 0xFF, 0xDE, 0xB7, 0xFF, 0xFF, \
        0xFD, 0x77, 0xDF, 0xED, 0xB7, 0xFF, 0xBF, 0xDF, 0xBF, 0xFF, 0xB6, 0xF7, \
        0x76, 0xEF, 0xFB, 0x7F, 0xDF, 0xFF, 0xED, 0xF6, 0xFD, 0xBF, 0xED, 0xFC, \
        0xB8, 0xF7, 0xFB, 0x7F, 0xDF, 0xCF, 0x7E, 0x9F, 0x7F, 0xBF, 0x7D, 0xDB, \
        0x7F, 0xFF, 0xDB, 0xB6, 0xDF, 0xFD, 0xFD, 0xBF, 0xFF, 0xDB, 0xF6, 0x7D, \
        0xFB, 0xBB, 0xFF, 0xBE, 0xDF, 0xFD, 0xBE, 0xED, 0xF7, 0xB6, 0xFF, 0x7F, \
        0x6F, 0xFB, 0xBF, 0x69, 0xF9, 0xDE, 0xDF, 0xF6, 0x7D, 0x9F, 0x7F, 0x96, \
        0x7D, 0xFB, 0xF7, 0xFF, 0xED, 0xED, 0xFE, 0xFF, 0x7B, 0xDF, 0xB7, 0xFB, \
        0x6F, 0xFF, 0xDF, 0xF7, 0x6F, 0xEF, 0xDB, 0xEF, 0xFB, 0xDF, 0xEF, 0xBF, \
        0xFF, 0xFF, 0x76, 0xDB, 0xFF, 0x6F, 0xFB, 0x29, 0xDD, 0x7F, 0xF7, 0xDF, \
        0xF7, 0x9D, 0x3F, 0xDE, 0x36, 0x6F, 0xDF, 0x6D, 0xFF, 0xBF, 0x6F, 0xDB, \
        0xEE, 0x77, 0xFF, 0xDE, 0xFF, 0xBD, 0x7D, 0xDF, 0xFE, 0xFD, 0xFE, 0xFD, \
        0xBE, 0x7B, 0xFB, 0xF6, 0x6E, 0xDB, 0xDF, 0xFF, 0xDD, 0xFE, 0x6F, 0x03, \
        0xFF, 0xED, 0x7D, 0x7F, 0xDF, 0x97, 0x7F, 0x9E, 0x1B, 0xFF, 0x7D, 0xFF, \
        0xDB, 0xF6, 0xFB, 0xFF, 0xFF, 0xFE, 0xED, 0xF7, 0xB7, 0xF7, 0xF7, 0xFD, \
        0xDB, 0xDF, 0x6F, 0xDF, 0xF7, 0xEE, 0xBF, 0xFF, 0xFB, 0x7F, 0xFB, 0x6D, \
        0xF7, 0xDB, 0xFE, 0xFF, 0x6F, 0xBF, 0xDF, 0xED, 0x7D, 0x3F, 0x7F, 0x3E, \
        0xBB, 0xDB, 0xF7, 0xB7, 0xFF, 0x7F, 0xBF, 0x6D, 0xB7, 0xBB, 0xBF, 0xFF, \
        0xFF, 0xDF, 0xDE, 0xB7, 0x7F, 0x7B, 0xFB, 0x7B, 0xDF, 0xFF, 0xEE, 0xDB, \
        0xDF, 0xF6, 0xBF, 0xFD, 0xBF, 0xFF, 0xDB, 0xFF, 0xFE, 0xFB, 0xFB, 0xBF, \
        0xF7, 0x3D, 0x7F, 0x6E, 0x86, 0x7F, 0xDF, 0xFD, 0xB6, 0xED, 0xED, 0xFF, \
        0xFD, 0xEF, 0xFB, 0xEE, 0x6F, 0xFB, 0x7F, 0xFF, 0xF6, 0xEF, 0xBF, 0xEF, \
        0xFD, 0xDD, 0xFB, 0x7E, 0xF7, 0xDF, 0xED, 0xDD, 0xED, 0x6D, 0x7F, 0xDB, \
        0xDB, 0x6E, 0xEF, 0xF6, 0xDF, 0x37, 0x7F, 0x7E, 0xE0, 0xED, 0x7D, 0xDF, \
        0xFF, 0xBF, 0xFF, 0xB6, 0xDF, 0x7D, 0xEF, 0xBB, 0xFF, 0x6F, 0xFB, 0xED, \
        0xDF, 0xFE, 0xEE, 0xFD, 0xB7, 0x77, 0xBF, 0xEF, 0xBD, 0x7D, 0x7F, 0x7B, \
        0x7F, 0xFF, 0xF7, 0x7F, 0xFF, 0xFF, 0xBD, 0x7F, 0x7B, 0x1F, 0x7F, 0xDE, \
        0xFB, 0xFF, 0xF7, 0xF7, 0x6D, 0xFB, 0xBB, 0xFF, 0x7B, 0xDF, 0xBF, 0xFF, \
        0xB7, 0xFD, 0xEF, 0xBF, 0xFD, 0xDB, 0x7B, 0xDF, 0xFE, 0xFE, 0xF7, 0xFB, \
        0xFF, 0xF7, 0xF7, 0xF3, 0xFB, 0xB7, 0xBD, 0xED, 0xB7, 0xDB, 0xFF, 0xDB, \
        0xFF, 0x3D, 0x7F, 0xFB, 0x7F, 0xDB, 0xDE, 0xBD, 0xFF, 0x6F, 0xEF, 0xDB, \
        0xEE, 0xFB, 0xF6, 0xF6, 0xFF, 0xDF, 0xBD, 0xFB, 0xB7, 0x7F, 0xFF, 0xFB, \
        0xEF, 0xEF, 0xDE, 0xDE, 0x76, 0xDF, 0xBD, 0xB1, 0xEF, 0xFE, 0xEF, 0xFF, \
        0xFE, 0x7E, 0xDB, 0xFE, 0xB6, 0x37, 0x3F, 0x6F, 0xDF, 0xFF, 0x7F, 0xFF, \
        0xDE, 0xFE, 0xFD, 0xFE, 0xFF, 0xBE, 0xDF, 0xDF, 0x6F, 0x7B, 0xFF, 0xDE, \
        0xFE, 0xF6, 0xB7, 0x6F, 0x7B, 0xBB, 0xFB, 0xFF, 0xDF, 0x7D, 0xEF, 0xE3, \
        0xBE, 0xDB, 0xFE, 0xB6, 0xDB, 0xF7, 0xFF, 0xEF, 0xFF, 0x3F, 0x3F, 0x01, \
        0xF6, 0xB6, 0xED, 0xF7, 0xFB, 0xDB, 0xDF, 0x6F, 0xB7, 0xF7, 0xFD, 0xFD, \
        0xFF, 0xEF, 0xDB, 0xF7, 0xEF, 0xDF, 0xFE, 0xFE, 0xDF, 0xFF, 0xBF, 0xBB, \
        0xFD, 0xF7, 0xFF, 0xC6, 0xFB, 0xFF, 0xBB, 0xFF, 0xFF, 0xBD, 0x6D, 0x7B, \
        0xDB, 0x2E, 0x3F, 0xB8, 0xF8, 0xFF, 0xFF, 0xDE, 0x6F, 0x7F, 0x7B, 0xFB, \
        0xFD, 0xDF, 0xB7, 0xB7, 0xB7, 0xFD, 0x7E, 0x7F, 0x7B, 0xFB, 0xDB, 0xBB, \
        0xFD, 0xDD, 0xED, 0xEE, 0xB7, 0xDF, 0xDD, 0x87, 0x6F, 0xB7, 0xEF, 0xDB, \
        0x6D, 0xEF, 0xFF, 0xDF, 0xFF, 0xBB, 0x3F, 0xEE, 0xB3, 0x6D, 0xDB, 0x7B, \
        0xFF, 0xF7, 0xEF, 0xBF, 0xDF, 0x7E, 0xFF, 0xFE, 0xFF, 0xDF, 0xF7, 0xDD, \
        0xDF, 0xBF, 0xFF, 0xEF, 0x77, 0x77, 0xFF, 0x7F, 0xFF, 0x7E, 0x77, 0xA7, \
        0xFD, 0xFD, 0xFE, 0x7E, 0xFF, 0xFF, 0xB6, 0xFD, 0x6D, 0x9F, 0x3F, 0xDF, \
        0xE7, 0xFF, 0x7F, 0xFF, 0xDD, 0xDE, 0xFE, 0xEE, 0xFB, 0xFB, 0xED, 0xEF, \
        0x6F, 0x7B, 0xDF, 0xF7, 0xFD, 0xED, 0x6D, 0xFF, 0xDE, 0xFF, 0x77, 0xF7, \
        0xED, 0xFB, 0xFF, 0x4F, 0xDF, 0xEF, 0xBB, 0xEF, 0xB7, 0xDD, 0xFF, 0xB7, \
        0xFF, 0x9D, 0x9F, 0xF5, 0xCF, 0xDB, 0xF6, 0xB7, 0xF7, 0xFB, 0xDB, 0x7B, \
        0x6F, 0xEF, 0xBF, 0xBD, 0xFF, 0xEF, 0x7B, 0x7F, 0x6F, 0x7F, 0xFF, 0xDD, \
        0xFF, 0xED, 0xDE, 0xBD, 0xBF, 0xEF, 0xEE, 0x4E, 0xF6, 0xBE, 0xEF, 0xFB, \
        0xFE, 0x77, 0xDB, 0xFE, 0xB6, 0x9F, 0x9F, 0xF7, 0xCF, 0xFE, 0xDF, 0xFE, \
        0xBE, 0xBF, 0x7F, 0xFF, 0xFD, 0xBD, 0xFB, 0xF7, 0xB7, 0xFD, 0xFE, 0xDD, \
        0xFB, 0xF7, 0xB7, 0x77, 0xBB, 0xBF, 0xFB, 0xEF, 0xFB, 0xBE, 0xBB, 0x9B, \
        0xBC, 0xF7, 0xFE, 0xDE, 0xDB, 0xFE, 0xFF, 0xEF, 0xFF, 0x9B, 0xCF, 0xFE, \
        0xDF, 0xB7, 0xFD, 0xDB, 0xEF, 0xED, 0xFD, 0xB7, 0xDF, 0xFF, 0x6E, 0xFF, \
        0xFF, 0xDF, 0xB7, 0xF7, 0xBF, 0xBD, 0xFD, 0xFE, 0xEF, 0xFE, 0xBF, 0x7B, \
        0xEF, 0xFB, 0xFF, 0xBF, 0xF9, 0xFD, 0xBB, 0x7F, 0x7F, 0xEE, 0x76, 0x7B, \
        0xDB, 0xCE, 0xCF, 0xEA, 0x97, 0xFF, 0xB7, 0xFF, 0x7D, 0x7F, 0xB7, 0xFD, \
        0x7B, 0xDB, 0xFF, 0xED, 0x6F, 0x7B, 0xFF, 0x7F, 0xF7, 0xEF, 0xDF, 0xEF, \
        0xFE, 0xDB, 0xED, 0xFE, 0xBD, 0x6F, 0x77, 0x2F, 0x73, 0xDF, 0xEF, 0xFB, \
        0x17, 0xF1, 0xDF, 0xDF, 0xFF, 0xC7, 0xCF, 0xBB, 0xD7, 0x6E, 0xFF, 0x6E, \
        0xF7, 0xF7, 0xFF, 0x6F, 0xEF, 0x7F, 0xB7, 0xBF, 0xFF, 0xEF, 0xDB, 0xEE, \
        0xDD, 0xFE, 0xF6, 0xBD, 0xDB, 0x7F, 0xFF, 0xEF, 0xFF, 0xFE, 0xDD, 0x7D, \
        0xE6, 0x77, 0xFF, 0xEE, 0xCE, 0x67, 0xFB, 0xFD, 0x6D, 0xE7, 0x67, 0xDF, \
        0xCE, 0xFB, 0xED, 0xFB, 0xBF, 0xBD, 0xDB, 0xFE, 0xFD, 0xF6, 0xFD, 0xFB, \
        0xB7, 0xFD, 0xFE, 0xBB, 0xFF, 0xBB, 0xBF, 0xF7, 0x7F, 0xF7, 0x77, 0xBB, \
        0xDB, 0xDB, 0xFF, 0x77, 0xEC, 0xFE, 0xDD, 0xBF, 0xEB, 0xCF, 0xBF, 0x77, \
        0xFF, 0xE5, 0x47, 0xF6, 0x9A, 0xDF, 0xBF, 0xBF, 0xFB, 0xEF, 0xFE, 0xDB, \
        0xDF, 0xDF, 0xDF, 0xDE, 0xFF, 0xDF, 0x6F, 0xFF, 0xBB, 0xEF, 0xFB, 0x7E, \
        0xF7, 0xDD, 0xDE, 0xFF, 0xFE, 0x7F, 0x77, 0xFF, 0xCC, 0xBB, 0x77, 0xF7, \
        0x67, 0xDF, 0xED, 0xDE, 0xB7, 0xF3, 0xC3, 0xAD, 0xC7, 0x7D, 0xFB, 0xEE, \
        0xDE, 0xFE, 0x6F, 0x7F, 0x7B, 0x7F, 0xF7, 0xF7, 0x6F, 0x7B, 0xFB, 0xDD, \
        0xEE, 0xFD, 0xDE, 0xEF, 0xBD, 0xFF, 0xFB, 0xDD, 0xB7, 0xED, 0xDD, 0xED, \
        0x19, 0xEF, 0xFF, 0x7D, 0xB7, 0xDF, 0xFF, 0xFF, 0xFD, 0xF9, 0x99, 0xED, \
        0xCD, 0xF7, 0xEF, 0xFB, 0xF7, 0xBB, 0xFD, 0xF7, 0xEF, 0xED, 0x7D, 0xFF, \
        0xFF, 0xEF, 0xBF, 0xF7, 0x7F, 0xDF, 0xF7, 0xBD, 0xEF, 0xBB, 0xBF, 0xF7, \
        0xFD, 0xFF, 0xFF, 0xBF, 0x33, 0x7F, 0xDB, 0xEF, 0xE5, 0xC6, 0x76, 0xBB, \
        0xDF, 0xF8, 0x99, 0x5B, 0xE3, 0xDF, 0xBE, 0xBF, 0x7D, 0xEF, 0xB7, 0xBD, \
        0xFD, 0xBF, 0xDF, 0xDB, 0xB7, 0xFD, 0xEE, 0x7F, 0xF7, 0x7B, 0xBF, 0xF7, \
        0x7B, 0xEF, 0xED, 0xBE, 0x6F, 0xDB, 0xEE, 0xF6, 0x63, 0xF6, 0x7F, 0xBF, \
        0x67, 0xCF, 0xDF, 0xEF, 0xF6, 0xFC, 0x3C, 0x76, 0xF2, 0xFE, 0xFB, 0xEE, \
        0xDF, 0x7F, 0xFF, 0xEF, 0xDF, 0xF6, 0xFB, 0xFE, 0xFF, 0xDF, 0x7B, 0xDB, \
        0xBD, 0xEF, 0xFD, 0x7E, 0xFF, 0x7D, 0xFF, 0xEF, 0xFB, 0xFF, 0xBB, 0xDF, \
        0xC7, 0xDC, 0xF6, 0xFD, 0x67, 0xE9, 0xFD, 0xFD, 0x3F, 0x7E, 0x7C, 0xEC, \
        0xF8, 0xBB, 0xEF, 0x7B, 0xF7, 0xF6, 0xDD, 0xFE, 0xF6, 0x7F, 0xEF, 0xEF, \
        0x6F, 0x7B, 0xFF, 0xFF, 0xEF, 0xFD, 0xF7, 0xEF, 0xDD, 0xDF, 0x77, 0x7B, \
        0xBF, 0x6D, 0xFF, 0x7B, 0x9F, 0xF1, 0xDF, 0x77, 0xCF, 0xE3, 0x77, 0xDF, \
        0x2D, 0x7F, 0xEE, 0x08, 0xBC, 0xEF, 0xBE, 0xFF, 0xFD, 0xDF, 0xF7, 0xBB, \
        0xBF, 0xED, 0xBD, 0xBB, 0xFF, 0xEF, 0xB7, 0xED, 0x7E, 0xDF, 0xDE, 0xBD, \
        0x77, 0xFB, 0xDD, 0xFF, 0xFD, 0xFF, 0x77, 0xFF, 0x1D, 0xE7, 0x7D, 0xDF, \
        0x1D, 0x78, 0xDF, 0x7B, 0x8F, 0x1F, 0xBF, 0x83, 0xFF, 0xFE, 0xFB, 0xEE, \
        0xDF, 0x7D, 0x7F, 0xEF, 0xFB, 0xBF, 0xFF, 0xFE, 0xB7, 0xFD, 0xFE, 0xBF, \
        0xF7, 0xFB, 0x7F, 0xF7, 0xFF, 0xEF, 0xFF, 0xED, 0x77, 0xDB, 0xDE, 0xED, \
        0x7F, 0x8E, 0xF7, 0xFD, 0x7F, 0xFE, 0xFD, 0xEF, 0xCB, 0x9F, 0xF7, 0xFF, \
        0xEF, 0xDB, 0xEF, 0xBB, 0x7B, 0xF7, 0xDD, 0xFF, 0xDE, 0xF6, 0xDB, 0xEF, \
        0xFF, 0xDF, 0xDB, 0xF6, 0xBD, 0x6F, 0xFB, 0x7F, 0xDB, 0xBE, 0xBB, 0xBF, \
        0xDF, 0xFF, 0xFB, 0xBF, 0x7B, 0x1C, 0xDF, 0xB7, 0xFB, 0xDF, 0x77, 0xFF, \
        0xE2, 0xC7, 0xDF, 0xFF, 0xBD, 0x7F, 0xBF, 0xFF, 0xEE, 0xDF, 0xF7, 0xB6, \
        0xF7, 0x7F, 0xFF, 0xBD, 0x6F, 0x7B, 0xFF, 0x7F, 0xEF, 0xFD, 0xEF, 0xEE, \
        0xFF, 0xFB, 0xEE, 0xF6, 0xFE, 0xB6, 0xBF, 0xFB, 0xEE, 0x71, 0x7C, 0xFF, \
        0xEE, 0x7B, 0xDF, 0xDD, 0xF0, 0x67, 0x7B, 0xBB, 0xF7, 0xF6, 0xFD, 0xEE, \
        0xFF, 0x7E, 0xFF, 0xFF, 0x7F, 0xDB, 0x6D, 0xF7, 0xFF, 0xEF, 0xB7, 0xED, \
        0x7F, 0xDF, 0xBE, 0xBB, 0x6D, 0xEF, 0xFF, 0xDF, 0xBB, 0xFF, 0xF6, 0xEE, \
        0xBF, 0xF3, 0xF8, 0xED, 0xBF, 0xEF, 0xFD, 0x77, 0xFC, 0xF1, 0xEF, 0xEF, \
        0xFE, 0xDF, 0xF7, 0xBB, 0xDD, 0xFB, 0xDD, 0x6D, 0xDB, 0xFF, 0xFF, 0xFF, \
        0xB7, 0xFD, 0xFE, 0xBF, 0xDB, 0xF7, 0xFB, 0xFF, 0xFF, 0xBF, 0xDD, 0xFD, \
        0xEF, 0xDB, 0xDF, 0xBF, 0xFD, 0xC7, 0xC3, 0xBF, 0xFD, 0xFE, 0x77, 0x1F, \
        0xFF, 0xF8, 0xFE, 0xFE, 0x6F, 0x7B, 0xDF, 0xFF, 0x77, 0xEF, 0x77, 0xFF, \
        0xFF, 0xED, 0xB6, 0xDB, 0xFF, 0xDF, 0x7B, 0xFB, 0xFE, 0xBD, 0x6F, 0x77, \
        0xDB, 0xF6, 0x77, 0x6F, 0xFF, 0xFE, 0xFD, 0xFD, 0x77, 0x0F, 0x07, 0xFB, \
        0xF7, 0xDB, 0xDE, 0x85, 0x3F, 0xDE, 0xDB, 0xDB, 0xFD, 0xFF, 0x7D, 0x77, \
        0xFF, 0xBF, 0xFF, 0xDB, 0xB6, 0xBF, 0xFF, 0xFE, 0x6F, 0x7B, 0xEF, 0xEF, \
        0x77, 0xFF, 0xFE, 0xDD, 0xFF, 0x7F, 0xFF, 0xFB, 0xDD, 0x6F, 0x6F, 0x77, \
        0xDF, 0x3D, 0x3E, 0xDC, 0xDE, 0xFF, 0xFB, 0xE0, 0x1F, 0x7F, 0x7F, 0x7F, \
        0xB7, 0xED, 0xF7, 0xDD, 0xBB, 0xFD, 0xEE, 0xFE, 0xFF, 0xF6, 0xDB, 0xEF, \
        0xFF, 0xEF, 0xBF, 0xBD, 0xDF, 0xF7, 0xDB, 0xFF, 0xB6, 0xED, 0xDD, 0xBF, \
        0x77, 0xFB, 0xFB, 0xDF, 0xFD, 0x77, 0xF8, 0xE0, 0x7F, 0xB7, 0x2F, 0xFC, \
        0x87, 0xFB, 0xFD, 0xF7, 0xFF, 0xBF, 0xDF, 0xFF, 0xEE, 0xF7, 0xBB, 0x6F, \
        0xDB, 0x7F, 0xFF, 0xBD, 0xB7, 0xFD, 0xF6, 0xFF, 0xFE, 0xDD, 0x7F, 0xF7, \
        0xFF, 0xBF, 0x77, 0xF7, 0xFE, 0xBF, 0xBF, 0xFB, 0xB7, 0xFF, 0xF1, 0x07, \
        0xEC, 0xFD, 0x00, 0xFF, 0xE1, 0xEF, 0xB7, 0xBD, 0xDB, 0xF6, 0x7E, 0xBB, \
        0xFF, 0xDE, 0xFF, 0xFB, 0xFF, 0xED, 0x6D, 0xF7, 0xFF, 0xDF, 0xDF, 0xF6, \
        0xBB, 0x7F, 0xF7, 0xDD, 0x6D, 0xFB, 0xFF, 0xDD, 0xEF, 0xF6, 0xEE, 0xBE, \
        0xFF, 0xEE, 0x87, 0x3F, 0x00, 0x00, 0xF0, 0x7F, 0xF8, 0xBD, 0xFF, 0xEF, \
        0xFE, 0xDF, 0xFB, 0xEF, 0xBB, 0x7F, 0x77, 0xBF, 0x6D, 0xBF, 0xFF, 0xFF, \
        0x6F, 0x7B, 0xFB, 0xDF, 0xEF, 0xEE, 0xDD, 0x7F, 0xFF, 0x6F, 0xBB, 0xFF, \
        0xBD, 0xDF, 0xFB, 0xF7, 0xEE, 0xBB, 0x0F, 0xFE, 0x13, 0x80, 0xFF, 0x0F, \
        0x7E, 0xFF, 0x6E, 0xFB, 0x6F, 0xFB, 0xEF, 0xFE, 0xEE, 0xED, 0xDD, 0xED, \
        0xFF, 0xFB, 0xDB, 0xEE, 0xFF, 0xEF, 0xBF, 0x7B, 0xFF, 0xFB, 0x7F, 0xF7, \
        0xDB, 0xFE, 0xEF, 0xBB, 0xF7, 0xFD, 0xBF, 0xFD, 0xBB, 0xFF, 0x7E, 0xF0, \
        0xFF, 0xFF, 0xFF, 0x81, 0xEF, 0xDB, 0xFB, 0xBF, 0xFB, 0xBF, 0xBD, 0xBB, \
        0xFF, 0xBF, 0xFF, 0xFF, 0xB6, 0x6F, 0xFF, 0xBB, 0xB7, 0xFD, 0xF6, 0xFE, \
        0xDD, 0xDF, 0xF6, 0xDD, 0xFE, 0xDB, 0x7E, 0xEF, 0x7F, 0x6F, 0xF7, 0x6F, \
        0xFF, 0xF6, 0xFB, 0x81, 0xFF, 0xFF, 0x1F, 0xF0, 0xBF, 0x7F, 0xDF, 0xEE, \
        0xBE, 0xED, 0xF7, 0xEF, 0xBB, 0xFB, 0xEE, 0xB6, 0xFF, 0xFE, 0xBD, 0xFF, \
        0xFF, 0xDF, 0xDF, 0xB7, 0x77, 0xF7, 0xDF, 0xFF, 0xEF, 0xFF, 0xDB, 0x7F, \
        0xDB, 0xFB, 0xDD, 0xFB, 0xDD, 0xDF, 0xEF, 0x0F, 0xD8, 0x7F, 0x01, 0xFE, \
        0xFD, 0xF6, 0xF7, 0xFB, 0xEF, 0x7F, 0x7F, 0xFF, 0xEE, 0xEE, 0xBB, 0xFF, \
        0xDB, 0xDB, 0xF7, 0xEE, 0x6F, 0x7B, 0xFF, 0xFD, 0xFE, 0xBD, 0x7D, 0xB7, \
        0xBB, 0x6D, 0xFF, 0xF6, 0xFF, 0xBF, 0x7F, 0xDF, 0xF7, 0x7D, 0xBF, 0x7F, \
        0x00, 0x00, 0xE0, 0x7F, 0xF7, 0xDF, 0xBE, 0xBF, 0xFB, 0xF6, 0xED, 0xDD, \
        0xFF, 0xBF, 0xFF, 0xDB, 0xFE, 0x7F, 0xDF, 0xFB, 0xFF, 0xEF, 0x6D, 0xEF, \
        0xEF, 0xFF, 0xF7, 0xFD, 0xFE, 0xFF, 0xF7, 0xDF, 0xB6, 0xED, 0xFB, 0x7D, \
        0xBF, 0xF7, 0xFD, 0xF6, 0x2F, 0x80, 0xFF, 0xEF, 0xDF, 0xFD, 0xFB, 0xEE, \
        0xBE, 0xDF, 0xBF, 0x77, 0x77, 0xFB, 0x6E, 0xFF, 0x6F, 0xF7, 0xFD, 0xDF, \
        0xB7, 0xFD, 0xFF, 0xBF, 0xBD, 0xDB, 0xDE, 0xEF, 0x6F, 0xDB, 0xDE, 0xFD, \
        0xFF, 0x7F, 0xEF, 0xF7, 0xFD, 0xDE, 0xF7, 0xFF, 0xFF, 0xFF, 0xFF, 0xBE, \
        0x7D, 0xB7, 0xDF, 0xFB, 0xEF, 0x7B, 0xFB, 0xFF, 0xDD, 0xEF, 0xFB, 0x6D, \
        0xFB, 0xBD, 0xB7, 0xFD, 0xFF, 0xDF, 0xB6, 0xFD, 0xF7, 0xFE, 0x7F, 0xBF, \
        0xFB, 0xFF, 0x7B, 0xB7, 0x6D, 0xFB, 0xBD, 0xDF, 0xF7, 0x7F, 0xDF, 0x6D, \
        0xF7, 0xFF, 0xEE, 0xFB, 0xF7, 0xFF, 0xF6, 0xBF, 0xFB, 0xFE, 0x6F, 0xDB, \
        0xFF, 0xBD, 0xDF, 0xFF, 0xBF, 0xEF, 0xFF, 0xB7, 0x6F, 0xFB, 0xFF, 0x77, \
        0xFF, 0xB7, 0xED, 0xFD, 0xDE, 0xB6, 0xFF, 0xFF, 0xFF, 0xEF, 0xFF, 0x7E, \
        0xDF, 0xED, 0x7D, 0xFF, 0xFD, 0xFF, 0xBB, 0x6F, 0xDF, 0xEE, 0xBF, 0xED, \
        0xBE, 0xB7, 0xFD, 0x7F, 0xB7, 0xFF, 0x7E, 0xB7, 0xED, 0xFB, 0x6E, 0xFF, \
        0xFF, 0x6F, 0xDB, 0xDE, 0x6D, 0xFF, 0xFF, 0xF7, 0xFF, 0xFF, 0xB6, 0x6D, \
        0xDB, 0xBE, 0xDB, 0xFB, 0x7D, 0xBF, 0xF7, 0xDB, 0xDF, 0xB6, 0xFF, 0xFE, \
        0xFD, 0x7B, 0xFB, 0xFF, 0xEF, 0xFF, 0xDF, 0xF6, 0xFD, 0xF6, 0xFB, 0xFD, \
        0x7F, 0xBF, 0xFB, 0xED, 0xB7, 0xFD, 0xFF, 0xFB, 0xFF, 0x6D, 0xDB, 0xDE, \
        0x6D, 0xDB, 0xFF, 0xFF, 0xFF, 0xFB, 0x7E, 0xEF, 0xF7, 0xFB, 0xDF, 0x7E, \
        0xF7, 0xFF, 0xF6, 0xDB, 0xB7, 0xDF, 0x6F, 0xBB, 0xFB, 0x6E, 0xFB, 0xDF, \
        0xEF, 0xDF, 0xEF, 0xDF, 0xF6, 0xFD, 0xDF, 0xBF, 0xFF, 0xDF, 0xB6, 0xBF, \
        0xDB, 0xFF, 0xFF, 0x7B, 0xFF, 0xFF, 0x6D, 0xDB, 0xB6, 0xEF, 0xF7, 0xBF, \
        0xDF, 0x6E, 0xFB, 0xEF, 0xBD, 0xED, 0xDF, 0x7F, 0xFF, 0xFE, 0xFD, 0xEF, \
        0xBE, 0xFB, 0x6F, 0x7B, 0xBF, 0x7B, 0xBF, 0xFB, 0xDF, 0x77, 0xF7, 0xF6, \
        0x6F, 0xFB, 0xFF, 0xF6, 0x7E, 0xDB, 0xB6, 0xFF, 0xDB, 0xB6, 0xFF, 0xFF, \
        0xFF, 0xBE, 0xDD, 0xF6, 0xFE, 0xFF, 0xEF, 0xFD, 0xFF, 0xBF, 0x7D, 0xF7, \
        0xED, 0xBB, 0xDF, 0xFE, 0xEF, 0xDF, 0xFE, 0xFF, 0xFD, 0xFE, 0xFD, 0x6E, \
        0x7B, 0xDF, 0xBD, 0xFF, 0xFF, 0x6F, 0xDB, 0xDF, 0xF7, 0xFF, 0xFF, 0xB6, \
        0xFF, 0xFF, 0xDE, 0xB6, 0xED, 0xFB, 0xFF, 0xDF, 0xBB, 0xDB, 0xBE, 0xB7, \
        0xDB, 0xF6, 0xF7, 0xDD, 0xBF, 0xEF, 0xF6, 0xBB, 0xFB, 0xF6, 0xBB, 0xED, \
        0xF7, 0xB7, 0xF7, 0xFF, 0xFF, 0xFD, 0xFF, 0xDB, 0xB7, 0xFD, 0xFF, 0xFD, \
        0xBD, 0x6D, 0xDB, 0xFF, 0xB6, 0xED, 0xFB, 0xFF, 0xBF, 0x6F, 0xB7, 0xFD, \
        0xEF, 0xFE, 0xFB, 0xFE, 0xFE, 0xDF, 0xDE, 0x7F, 0xFB, 0xFE, 0xBF, 0xEF, \
        0xBE, 0x7F, 0xEF, 0xBF, 0xDF, 0xFD, 0xDE, 0xDD, 0xB6, 0xB7, 0xDB, 0xFE, \
        0xFF, 0xDF, 0x6E, 0x6F, 0xEF, 0xFF, 0xFF, 0xED, 0xFF, 0xBF, 0x6F, 0xDB, \
        0xFB, 0xFE, 0xFD, 0xB7, 0xFD, 0xB7, 0xEF, 0xEF, 0xB7, 0xFD, 0x7F, 0xFB, \
        0xEF, 0xDB, 0xED, 0xFD, 0xEF, 0xDD, 0xFF, 0xF6, 0x7E, 0xEF, 0x7F, 0xF7, \
        0xFF, 0xFF, 0xFE, 0xEF, 0x6F, 0xFB, 0xFB, 0xFB, 0xFF, 0xB6, 0x6D, 0xBF, \
        0x6D, 0xFB, 0xFE, 0x7F, 0xEF, 0xDB, 0x6F, 0xFF, 0x77, 0xFF, 0xBE, 0xBD, \
        0xFD, 0x77, 0xFB, 0xEF, 0xBE, 0x7F, 0x7F, 0xDF, 0xFD, 0xF7, 0xDD, 0xDF, \
        0xFB, 0xBF, 0xED, 0xBF, 0x6D, 0xDB, 0xB7, 0xFB, 0xFF, 0xEF, 0xBF, 0xBF, \
        0xDD, 0xFF, 0xFF, 0xFB, 0xFF, 0xEF, 0xDB, 0xF6, 0xBD, 0x7F, 0xFF, 0x6D, \
        0xDF, 0xDB, 0xFB, 0xF7, 0x6F, 0xDF, 0xEF, 0xBE, 0xF7, 0xF6, 0xFB, 0x7B, \
        0xB7, 0x7F, 0x77, 0xFB, 0xEF, 0xF6, 0xBF, 0xFB, 0xFF, 0xFF, 0xFD, 0xDE \
    }

// The same artwork in colour: native-endian RGB565, row-major, for drawRGB565(). Transparent pixels
// are 0x0000. drawOEMIconScreen() does not read this yet.
#define USERPREFS_OEM_IMAGE_RGB565_DATA \
    { \
        0x2771, 0x2771, 0x2771, 0x2771, 0x2771, 0x2771, 0x2771, 0x2771, 0x2771, 0x2771, 0x2771, 0x2771, \
        0x2771, 0x2771, 0x2771, 0x2771, 0x2771, 0x2771, 0x2771, 0x2771, 0x2771, 0x2771, 0x2771, 0x2771, \
        0x2771, 0x2771, 0x2771, 0x2771, 0x2771, 0x2771, 0x2771, 0x2771, 0x2771, 0x2771, 0x2771, 0x2771, \
        0x2771, 0x2771, 0x2771, 0x2771, 0x2771, 0x2771, 0x2771, 0x2771, 0x2771, 0x2771, 0x2771, 0x2771, \
        0x2771, 0x2771, 0x2771, 0x2771, 0x2771, 0x2771, 0x2771, 0x2771, 0x2771, 0x2771, 0x2771, 0x2771, \
        0x2771, 0x2771, 0x2771, 0x2771, 0x2771, 0x2771, 0x2771, 0x2771, 0x2771, 0x2771, 0x2771, 0x2771, \
        0x2771, 0x2771, 0x2771, 0x2771, 0x2771, 0x2771, 0x2771, 0x2771, 0x2771, 0x2771, 0x2771, 0x2771, \
        0x2771, 0x2771, 0x2771, 0x2771, 0x2771, 0x2771, 0x2771, 0x2771, 0x2771, 0x2771, 0x2771, 0x2771, \
        0x2771, 0x2771, 0x2771, 0x2771, 0x2771, 0x2771, 0x2771, 0x2771, 0x2771, 0x2771, 0x2771, 0x2771, \
        0x2771, 0x2771, 0x2771, 0x2771, 0x2771, 0x2771, 0x2771, 0x2771, 0x2771, 0x2771, 0x2771, 0x2771, \
        0x2771, 0x2771, 0x2771, 0x2771, 0x2771, 0x2771, 0x2771, 0x2771, 0x2771, 0x2771, 0x2771, 0x2771, \
        0x2771, 0x2771, 0x2771, 0x2771, 0x2771, 0x2771, 0x2771, 0x2771, 0x2771, 0x2771, 0x2771, 0x2771, \
        0x2771, 0x2771, 0x2771, 0x2771, 0x2771, 0x2771, 0x2771, 0x2771, 0x2771, 0x2771, 0x2771, 0x2771, \
        0x2771, 0x2771, 0x2771, 0x2771, 0x2771, 0x2771, 0x2771, 0x2771, 0x2771, 0x2771, 0x2771, 0x2771, \
        0x2771, 0x2771, 0x2771, 0x2771, 0x2771, 0x2771, 0x2771, 0x2771, 0x2771, 0x2771, 0x2771, 0x2771, \
        0x2771, 0x2771, 0x2771, 0x2771, 0x2771, 0x2771, 0x2771, 0x2771, 0x2771, 0x2771, 0x2771, 0x2771, \
        0x2771, 0x2771, 0x2771, 0x2771, 0x2771, 0x2771, 0x2771, 0x2771, 0x2771, 0x2771, 0x2771, 0x2771, \
        0x2771, 0x2771, 0x2771, 0x2771, 0x2771, 0x2771, 0x2771, 0x2771, 0x2771, 0x2771, 0x2771, 0x2771, \
        0x2771, 0x2771, 0x2771, 0x2771, 0x2771, 0x2771, 0x2771, 0x2771, 0x2771, 0x2771, 0x2771, 0x2771, \
        0x2771, 0x2771, 0x2771, 0x2771, 0x2771, 0x2771, 0x2771, 0x2771, 0x2771, 0x2771, 0x2771, 0x2771, \
        0x2771, 0x2771, 0x2771, 0x2771, 0x2771, 0x2771, 0x2771, 0x2771, 0x2771, 0x2771, 0x2771, 0x2771, \
        0x2771, 0x2771, 0x2771, 0x2771, 0x2771, 0x2771, 0x2771, 0x2771, 0x2771, 0x2771, 0x2771, 0x2771, \
        0x2771, 0x2771, 0x2771, 0x2771, 0x2771, 0x2771, 0x2771, 0x2771, 0x2771, 0x2771, 0x2771, 0x2771, \
        0x2771, 0x2771, 0x2771, 0x2771, 0x2771, 0x2771, 0x2771, 0x2771, 0x2771, 0x2771, 0x2771, 0x2771, \
        0x2771, 0x2771, 0x2771, 0x2771, 0x2771, 0x2771, 0x2771, 0x2771, 0x2771, 0x2771, 0x2771, 0x2771, \
        0x2771, 0x2771, 0x2771, 0x2771, 0x2771, 0x2771, 0x2771, 0x2771, 0x2771, 0x2771, 0x2771, 0x2771, \
        0x2771, 0x2771, 0x2771, 0x2771, 0x2771, 0x2771, 0x2771, 0x2771, 0x2771, 0x2771, 0x2771, 0x2771, \
        0x2771, 0x2771, 0x2771, 0x2771, 0x2771, 0x2771, 0x2771, 0x2771, 0x2771, 0x2771, 0x2771, 0x2771, \
        0x2771, 0x2771, 0x2771, 0x2771, 0x2771, 0x2771, 0x2771, 0x2771, 0x2771, 0x2771, 0x2771, 0x2771, \
        0x2771, 0x2771, 0x2771, 0x2771, 0x2771, 0x2771, 0x2771, 0x2771, 0x2771, 0x2771, 0x2771, 0x2771, \
        0x2771, 0x2771, 0x2771, 0x2771, 0x2771, 0x2771, 0x2771, 0x2771, 0x2771, 0x2771, 0x2771, 0x2771, \
        0x2771, 0x2771, 0x2771, 0x2771, 0x2771, 0x2771, 0x2771, 0x2771, 0x2771, 0x2771, 0x2771, 0x2771, \
        0x2771, 0x2771, 0x2771, 0x2771, 0x2771, 0x2771, 0x2771, 0x2771, 0x2771, 0x2771, 0x2771, 0x2771, \
        0x2771, 0x2771, 0x2771, 0x2771, 0x2771, 0x2771, 0x2771, 0x2771, 0x2771, 0x2771, 0x2771, 0x2771, \
        0x2771, 0x2771, 0x2771, 0x2771, 0x2771, 0x2771, 0x2771, 0x2771, 0x2771, 0x2771, 0x2771, 0x2771, \
        0x2771, 0x2771, 0x2771, 0x2771, 0x2771, 0x2771, 0x2771, 0x2771, 0x2771, 0x2771, 0x2771, 0x2771, \
        0x2771, 0x2771, 0x2771, 0x2771, 0x2771, 0x2771, 0x2771, 0x2771, 0x2771, 0x2771, 0x2771, 0x2771, \
        0x2771, 0x2771, 0x2771, 0x2771, 0x2771, 0x2771, 0x2771, 0x2771, 0x2771, 0x2771, 0x2771, 0x2771, \
        0x2771, 0x2771, 0x2771, 0x2771, 0x2771, 0x2771, 0x2771, 0x2771, 0x2771, 0x2771, 0x2771, 0x2771, \
        0x2771, 0x2771, 0x2771, 0x2771, 0x2771, 0x2771, 0x2771, 0x2771, 0x2771, 0x2771, 0x2771, 0x2771, \
        0x2771, 0x2771, 0x2771, 0x2771, 0x2771, 0x2771, 0x2771, 0x2771, 0x2771, 0x2771, 0x2771, 0x2771, \
        0x2771, 0x2771, 0x2771, 0x2771, 0x2771, 0x2771, 0x2771, 0x2771, 0x2771, 0x2771, 0x2771, 0x2771, \
        0x2771, 0x2771, 0x2771, 0x2771, 0x2771, 0x2771, 0x2771, 0x2771, 0x2771, 0x2771, 0x2771, 0x2771, \
        0x2771, 0x2771, 0x2771, 0x2771, 0x2771, 0x2771, 0x2771, 0x2771, 0x2771, 0x2771, 0x2771, 0x2771, \
        0x2771, 0x2771, 0x2771, 0x2771, 0x2771, 0x2771, 0x2771, 0x2771, 0x2771, 0x2771, 0x2771, 0x2771, \
        0x2771, 0x2771, 0x2771, 0x2771, 0x2771, 0x2771, 0x2771, 0x2771, 0x2771, 0x2771, 0x2771, 0x2771, \
        0x2771, 0x2771, 0x2771, 0x2771, 0x2771, 0x2771, 0x2771, 0x2771, 0x2771, 0x2771, 0x2771, 0x2771, \
        0x2771, 0x2771, 0x2771, 0x2771, 0x2771, 0x2771, 0x2771, 0x2771, 0x2771, 0x2771, 0x2771, 0x2771, \
        0x2771, 0x2771, 0x2771, 0x2771, 0x2771, 0x2771, 0x2771, 0x2771, 0x2771, 0x2771, 0x2771, 0x2771, \
        0x2771, 0x2771, 0x2771, 0x2771, 0x2771, 0x2771, 0x2771, 0x2771, 0x2771, 0x2771, 0x2771, 0x2771, \
        0x2771, 0x2771, 0x2771, 0x2771, 0x2771, 0x2771, 0x2771, 0x2771, 0x2771, 0x2771, 0x2771, 0x2771, \
        0x2771, 0x2771, 0x2771, 0x2771, 0x2771, 0x2771, 0x2771, 0x2771, 0x2771, 0x2771, 0x2771, 0x2771, \
        0x2771, 0x2771, 0x2771, 0x2771, 0x2771, 0x2771, 0x2771, 0x2771, 0x2771, 0x2771, 0x2771, 0x2771, \
        0x2771, 0x2771, 0x2771, 0x2771, 0x2771, 0x2771, 0x2771, 0x2771, 0x2771, 0x2771, 0x2771, 0x2771, \
        0x2771, 0x2771, 0x2771, 0x2771, 0x2771, 0x2771, 0x2771, 0x2771, 0x2771, 0x2771, 0x2771, 0x2771, \
        0x2771, 0x2771, 0x2771, 0x2771, 0x2771, 0x2771, 0x2771, 0x2771, 0x2771, 0x2771, 0x2771, 0x2771, \
        0x2771, 0x2771, 0x2771, 0x2771, 0x2771, 0x2771, 0x2771, 0x2771, 0x2771, 0x2771, 0x2771, 0x2771, \
        0x2771, 0x2771, 0x2771, 0x2771, 0x2771, 0x2771, 0x2771, 0x2771, 0x2771, 0x2771, 0x2771, 0x2771, \
        0x2771, 0x2771, 0x2771, 0x2771, 0x2771, 0x2771, 0x2771, 0x2771, 0x2771, 0x2771, 0x2771, 0x2771, \
        0x2771, 0x2771, 0x2771, 0x2771, 0x2771, 0x2771, 0x2771, 0x2771, 0x2771, 0x2771, 0x2771, 0x2771, \
        0x2771, 0x2771, 0x2771, 0x2771, 0x2771, 0x2771, 0x2771, 0x2771, 0x2771, 0x2771, 0x2771, 0x2771, \
        0x2771, 0x2771, 0x2771, 0x2771, 0x2771, 0x2771, 0x2771, 0x2771, 0x2771, 0x2771, 0x2771, 0x2771, \
        0x2771, 0x2771, 0x2771, 0x2771, 0x2771, 0x2771, 0x2771, 0x2771, 0x2771, 0x2771, 0x2771, 0x2771, \
        0x2771, 0x2771, 0x2771, 0x2771, 0x2771, 0x2771, 0x2771, 0x2771, 0x2771, 0x2771, 0x2771, 0x2771, \
        0x2771, 0x2771, 0x2771, 0x2771, 0x2771, 0x2771, 0x2771, 0x2771, 0x2771, 0x2771, 0x2771, 0x2771, \
        0x2771, 0x2771, 0x2771, 0x2771, 0x2771, 0x2771, 0x2771, 0x2771, 0x2771, 0x2771, 0x2771, 0x2771, \
        0x2771, 0x2771, 0x2771, 0x2771, 0x2771, 0x2771, 0x2771, 0x2771, 0x2771, 0x2771, 0x2771, 0x2771, \
        0x2771, 0x2771, 0x2771, 0x2771, 0x2771, 0x2771, 0x2771, 0x2771, 0x2771, 0x2771, 0x2771, 0x2771, \
        0x2771, 0x2771, 0x2771, 0x2771, 0x2771, 0x2771, 0x2771, 0x2771, 0x2771, 0x2771, 0x2771, 0x2771, \
        0x2771, 0x2771, 0x2771, 0x2771, 0x2771, 0x2771, 0x2771, 0x2771, 0x2771, 0x2771, 0x2771, 0x2771, \
        0x2771, 0x2771, 0x2771, 0x2771, 0x2771, 0x2771, 0x2771, 0x2771, 0x2771, 0x2771, 0x2771, 0x2771, \
        0x2771, 0x2771, 0x2771, 0x2771, 0x2771, 0x2771, 0x2771, 0x2771, 0x2771, 0x2771, 0x2771, 0x2771, \
        0x2771, 0x2771, 0x2771, 0x2771, 0x2771, 0x2771, 0x2771, 0x2771, 0x2771, 0x2771, 0x2771, 0x2771, \
        0x2771, 0x2771, 0x2771, 0x2771, 0x2771, 0x2771, 0x2771, 0x2771, 0x2771, 0x2771, 0x2771, 0x2771, \
        0x2771, 0x2771, 0x2771, 0x2771, 0x2771, 0x2771, 0x2771, 0x2771, 0x2771, 0x2771, 0x2771, 0x2771, \
        0x2771, 0x2771, 0x2771, 0x2771, 0x2771, 0x2771, 0x2771, 0x2771, 0x2771, 0x2771, 0x2771, 0x2771, \
        0x2771, 0x2771, 0x2771, 0x2771, 0x2771, 0x2771, 0x2771, 0x2771, 0x2771, 0x2771, 0x2771, 0x2771, \
        0x2771, 0x2771, 0x2771, 0x2771, 0x2771, 0x2771, 0x2771, 0x2771, 0x2771, 0x2771, 0x2771, 0x2771, \
        0x2771, 0x2771, 0x2771, 0x2771, 0x2771, 0x2771, 0x2771, 0x2771, 0x2771, 0x2771, 0x2771, 0x2771, \
        0x2771, 0x2771, 0x2771, 0x2771, 0x2771, 0x2771, 0x2771, 0x2771, 0x2771, 0x2771, 0x2771, 0x2771, \
        0x2771, 0x2771, 0x2771, 0x2771, 0x2771, 0x2771, 0x2771, 0x2771, 0x2771, 0x2771, 0x2771, 0x2771, \
        0x2771, 0x2771, 0x2771, 0x2771, 0x2771, 0x2771, 0x2771, 0x2771, 0x2771, 0x2771, 0x2771, 0x2771, \
        0x2771, 0x2771, 0x2771, 0x2771, 0x2771, 0x2771, 0x2771, 0x2771, 0x2771, 0x2771, 0x2771, 0x2771, \
        0x2771, 0x2771, 0x2771, 0x2771, 0x2771, 0x2771, 0x2771, 0x2771, 0x2771, 0x2771, 0x2771, 0x2771, \
        0x2771, 0x2771, 0x2771, 0x2771, 0x2771, 0x2771, 0x2771, 0x2771, 0x2771, 0x2771, 0x2771, 0x2771, \
        0x2771, 0x2771, 0x2771, 0x2771, 0x2771, 0x2771, 0x2771, 0x2771, 0x2771, 0x2771, 0x2771, 0x2771, \
        0x2771, 0x2771, 0x2771, 0x2771, 0x2771, 0x2771, 0x2771, 0x2771, 0x2771, 0x2771, 0x2771, 0x2771, \
        0x2771, 0x2771, 0x2771, 0x2771, 0x2771, 0x2771, 0x2771, 0x2771, 0x2771, 0x2771, 0x2771, 0x2771, \
        0x2771, 0x2771, 0x2771, 0x2771, 0x2771, 0x2771, 0x2771, 0x2771, 0x2771, 0x2771, 0x2771, 0x2771, \
        0x2771, 0x2771, 0x2771, 0x2771, 0x2771, 0x2771, 0x2771, 0x2771, 0x2771, 0x2771, 0x2771, 0x2771, \
        0x2771, 0x2771, 0x2771, 0x2771, 0x2771, 0x2771, 0x2771, 0x2771, 0x2771, 0x2771, 0x2771, 0x2771, \
        0x2771, 0x2771, 0x2771, 0x2771, 0x2771, 0x2771, 0x2771, 0x2771, 0x2771, 0x2771, 0x2771, 0x2771, \
        0x2771, 0x2771, 0x2771, 0x2771, 0x2771, 0x2771, 0x2771, 0x2771, 0x2771, 0x2771, 0x2771, 0x2771, \
        0x2771, 0x2771, 0x2771, 0x2771, 0x2771, 0x2771, 0x2771, 0x2771, 0x2771, 0x2771, 0x2771, 0x2771, \
        0x2771, 0x2771, 0x2771, 0x2771, 0x2771, 0x2771, 0x2771, 0x2771, 0x2771, 0x2771, 0x2771, 0x2771, \
        0x2771, 0x2771, 0x2771, 0x2771, 0x2771, 0x2771, 0x2771, 0x2771, 0x2771, 0x2771, 0x2771, 0x2771, \
        0x2771, 0x2771, 0x2771, 0x2771, 0x2771, 0x2771, 0x2771, 0x2771, 0x2771, 0x2771, 0x2771, 0x2771, \
        0x2771, 0x2771, 0x2771, 0x2771, 0x2771, 0x2771, 0x2771, 0x2771, 0x2771, 0x2771, 0x2771, 0x2771, \
        0x2771, 0x2771, 0x2771, 0x2771, 0x2771, 0x2771, 0x2771, 0x2771, 0x2771, 0x2771, 0x2771, 0x2771, \
        0x2771, 0x2771, 0x2771, 0x2771, 0x2771, 0x2771, 0x2771, 0x2771, 0x2771, 0x2771, 0x2771, 0x2771, \
        0x2771, 0x2771, 0x2771, 0x2771, 0x2771, 0x2771, 0x2771, 0x2771, 0x2771, 0x2771, 0x2771, 0x2771, \
        0x2771, 0x2771, 0x2771, 0x2771, 0x2771, 0x2771, 0x2771, 0x2771, 0x2771, 0x2771, 0x2771, 0x2771, \
        0x2771, 0x2771, 0x2771, 0x2771, 0x2771, 0x2771, 0x2771, 0x2771, 0x2771, 0x2771, 0x2771, 0x2771, \
        0x2771, 0x2771, 0x2771, 0x2771, 0x2771, 0x2771, 0x2771, 0x2771, 0x2771, 0x2771, 0x2771, 0x2771, \
        0x2771, 0x2771, 0x2771, 0x2771, 0x2771, 0x2771, 0x2771, 0x2771, 0x2771, 0x2771, 0x2771, 0x2771, \
        0x2771, 0x2771, 0x2771, 0x2771, 0x2771, 0x2771, 0x2771, 0x2771, 0x2771, 0x2771, 0x2771, 0x2771, \
        0x2771, 0x2771, 0x2771, 0x2771, 0x2771, 0x2771, 0x2771, 0x2771, 0x2771, 0x2771, 0x2771, 0x2771, \
        0x2771, 0x2771, 0x2771, 0x2771, 0x2771, 0x2771, 0x2771, 0x2771, 0x2771, 0x2771, 0x2771, 0x2771, \
        0x2771, 0x2771, 0x2771, 0x2771, 0x2771, 0x2771, 0x2771, 0x2771, 0x2771, 0x2771, 0x2771, 0x2771, \
        0x2771, 0x2771, 0x2771, 0x2771, 0x2771, 0x2771, 0x2771, 0x2771, 0x2771, 0x2771, 0x2771, 0x2771, \
        0x2771, 0x2771, 0x2771, 0x2771, 0x2771, 0x2771, 0x2771, 0x2771, 0x2771, 0x2771, 0x2771, 0x2771, \
        0x2771, 0x2771, 0x2771, 0x2771, 0x2771, 0x2771, 0x2771, 0x2771, 0x2771, 0x2771, 0x2771, 0x2771, \
        0x2771, 0x2771, 0x2771, 0x2771, 0x2771, 0x2771, 0x2771, 0x2771, 0x2771, 0x2771, 0x2771, 0x2771, \
        0x2771, 0x2771, 0x2771, 0x2771, 0x2771, 0x2771, 0x2771, 0x2771, 0x2771, 0x2771, 0x2771, 0x2771, \
        0x2771, 0x2771, 0x2771, 0x2771, 0x2771, 0x2771, 0x2771, 0x2771, 0x2771, 0x2771, 0x2771, 0x2771, \
        0x2771, 0x2771, 0x2771, 0x2771, 0x2771, 0x2771, 0x2771, 0x2771, 0x2771, 0x2771, 0x2771, 0x2771, \
        0x2771, 0x2771, 0x2771, 0x2771, 0x2771, 0x2771, 0x2771, 0x2771, 0x2771, 0x2771, 0x2771, 0x2771, \
        0x2771, 0x2771, 0x2771, 0x2771, 0x2771, 0x2771, 0x2771, 0x2771, 0x2771, 0x2771, 0x2771, 0x2771, \
        0x2771, 0x2771, 0x2771, 0x2771, 0x2771, 0x2771, 0x2771, 0x2771, 0x2771, 0x2771, 0x2771, 0x2771, \
        0x2771, 0x2771, 0x2771, 0x2771, 0x2771, 0x2771, 0x2771, 0x2771, 0x2771, 0x2771, 0x2771, 0x2771, \
        0x2771, 0x2771, 0x2771, 0x2771, 0x2771, 0x2771, 0x2771, 0x2771, 0x2771, 0x2771, 0x2771, 0x2771, \
        0x2771, 0x2771, 0x2771, 0x2771, 0x2771, 0x2771, 0x2771, 0x2771, 0x2771, 0x2771, 0x2771, 0x2771, \
        0x2771, 0x2771, 0x2771, 0x2771, 0x2771, 0x2771, 0x2771, 0x2771, 0x2771, 0x2771, 0x2771, 0x2771, \
        0x2771, 0x2771, 0x2771, 0x2771, 0x2771, 0x2771, 0x2771, 0x2771, 0x2771, 0x2771, 0x2771, 0x2771, \
        0x2771, 0x2771, 0x2771, 0x2771, 0x2771, 0x2771, 0x2771, 0x2771, 0x2771, 0x2771, 0x2771, 0x2771, \
        0x2771, 0x2771, 0x2771, 0x2771, 0x2771, 0x2771, 0x2771, 0x2771, 0x2771, 0x2771, 0x2771, 0x2771, \
        0x2771, 0x2771, 0x2771, 0x2771, 0x2771, 0x2771, 0x2771, 0x2771, 0x2771, 0x2771, 0x2771, 0x2771, \
        0x2771, 0x2771, 0x2771, 0x2771, 0x2771, 0x2771, 0x2771, 0x2771, 0x2771, 0x2771, 0x2771, 0x2771, \
        0x2771, 0x2771, 0x2771, 0x2771, 0x2771, 0x2771, 0x2771, 0x2771, 0x2771, 0x2771, 0x2771, 0x2771, \
        0x2771, 0x2771, 0x2771, 0x2771, 0x2771, 0x2771, 0x2771, 0x2771, 0x2771, 0x2771, 0x2771, 0x2771, \
        0x2771, 0x2771, 0x2771, 0x2771, 0x2771, 0x2771, 0x2771, 0x2771, 0x2771, 0x2771, 0x2771, 0x2771, \
        0x2771, 0x2771, 0x2771, 0x2771, 0x2771, 0x2771, 0x2771, 0x2771, 0x2771, 0x2771, 0x2771, 0x2771, \
        0x2771, 0x2771, 0x2771, 0x2771, 0x2771, 0x2771, 0x2771, 0x2771, 0x2771, 0x2771, 0x2771, 0x2771, \
        0x2771, 0x2771, 0x2771, 0x2771, 0x2771, 0x2771, 0x2771, 0x2771, 0x2771, 0x2771, 0x2771, 0x2771, \
        0x2771, 0x2771, 0x2771, 0x2771, 0x2771, 0x2771, 0x2771, 0x2771, 0x2771, 0x2771, 0x2771, 0x2771, \
        0x2771, 0x2771, 0x2771, 0x2771, 0x2771, 0x2771, 0x2771, 0x2771, 0x2771, 0x2771, 0x2771, 0x2771, \
        0x2771, 0x2771, 0x2771, 0x2771, 0x2771, 0x2771, 0x2771, 0x2771, 0x2771, 0x2771, 0x2771, 0x2771, \
        0x2771, 0x2771, 0x2771, 0x2771, 0x2771, 0x2771, 0x2771, 0x2771, 0x2771, 0x2771, 0x2771, 0x2771, \
        0x2771, 0x2771, 0x2771, 0x2771, 0x2771, 0x2771, 0x2771, 0x2771, 0x2771, 0x2771, 0x2771, 0x2771, \
        0x2771, 0x2771, 0x2771, 0x2771, 0x2771, 0x2771, 0x2771, 0x2771, 0x2771, 0x2771, 0x2771, 0x2771, \
        0x2771, 0x2771, 0x2771, 0x2771, 0x2771, 0x2771, 0x2771, 0x2771, 0x2771, 0x2771, 0x2771, 0x2771, \
        0x2771, 0x2771, 0x2771, 0x2771, 0x2771, 0x2771, 0x2771, 0x2771, 0x2771, 0x2771, 0x2771, 0x2771, \
        0x2771, 0x2771, 0x2771, 0x2771, 0x2771, 0x2771, 0x2771, 0x2771, 0x2771, 0x2771, 0x2771, 0x2771, \
        0x2771, 0x2771, 0x2771, 0x2771, 0x2771, 0x2771, 0x2771, 0x2771, 0x2771, 0x2771, 0x2771, 0x2771, \
        0x2771, 0x2771, 0x2771, 0x2771, 0x2771, 0x2771, 0x2771, 0x2771, 0x2771, 0x2771, 0x2771, 0x2771, \
        0x2771, 0x2771, 0x2771, 0x2771, 0x2771, 0x2771, 0x2771, 0x2771, 0x2771, 0x2771, 0x2771, 0x2771, \
        0x2771, 0x2771, 0x2771, 0x2771, 0x2771, 0x2771, 0x2771, 0x2771, 0x2771, 0x2771, 0x2771, 0x2771, \
        0x2771, 0x2771, 0x2771, 0x2771, 0x2771, 0x2771, 0x2771, 0x2771, 0x2771, 0x2771, 0x2771, 0x2771, \
        0x2771, 0x2771, 0x2771, 0x2771, 0x2771, 0x2771, 0x2771, 0x2771, 0x2771, 0x2771, 0x2771, 0x2771, \
        0x2771, 0x2771, 0x2771, 0x2771, 0x2771, 0x2771, 0x2771, 0x2771, 0x2771, 0x2771, 0x2771, 0x2771, \
        0x2771, 0x2771, 0x2771, 0x2771, 0x2771, 0x2771, 0x2771, 0x2771, 0x2771, 0x2771, 0x2771, 0x2771, \
        0x2771, 0x2771, 0x2771, 0x2771, 0x2771, 0x2771, 0x2771, 0x2771, 0x2771, 0x2771, 0x2771, 0x2771, \
        0x2771, 0x2771, 0x2771, 0x2771, 0x2771, 0x2771, 0x2771, 0x2771, 0x2771, 0x2771, 0x2771, 0x2771, \
        0x2771, 0x2771, 0x2771, 0x2771, 0x2771, 0x2771, 0x2771, 0x2771, 0x2771, 0x2771, 0x2771, 0x2771, \
        0x2771, 0x2771, 0x2771, 0x2771, 0x2771, 0x2771, 0x2771, 0x2771, 0x2771, 0x2771, 0x2771, 0x2771, \
        0x2771, 0x2771, 0x2771, 0x2771, 0x2771, 0x2771, 0x2771, 0x2771, 0x2771, 0x2771, 0x2771, 0x2771, \
        0x2771, 0x2771, 0x2771, 0x2771, 0x2771, 0x2771, 0x2771, 0x2771, 0x2771, 0x2771, 0x2771, 0x2771, \
        0x2771, 0x2771, 0x2771, 0x2771, 0x2771, 0x2771, 0x2771, 0x2771, 0x2771, 0x2771, 0x2771, 0x2771, \
        0x2771, 0x2771, 0x2771, 0x2771, 0x2771, 0x2771, 0x2771, 0x2771, 0x2771, 0x2771, 0x2771, 0x2771, \
        0x2771, 0x2771, 0x2771, 0x2771, 0x2771, 0x2771, 0x2771, 0x2771, 0x2771, 0x2771, 0x2771, 0x2771, \
        0x2771, 0x2771, 0x2771, 0x2771, 0x2771, 0x2771, 0x2771, 0x2771, 0x2771, 0x2771, 0x2771, 0x2771, \
        0x2771, 0x2771, 0x2771, 0x2771, 0x2771, 0x2771, 0x2771, 0x2771, 0x2771, 0x2771, 0x2771, 0x2771, \
        0x2771, 0x2771, 0x2771, 0x2771, 0x2771, 0x2771, 0x2771, 0x2771, 0x2771, 0x2771, 0x2771, 0x2771, \
        0x2771, 0x2771, 0x2771, 0x2771, 0x2771, 0x2771, 0x2771, 0x2771, 0x2771, 0x2771, 0x2771, 0x2771, \
        0x2771, 0x2771, 0x2771, 0x2771, 0x2771, 0x2771, 0x2771, 0x2771, 0x2771, 0x2771, 0x2771, 0x2771, \
        0x2771, 0x2771, 0x2771, 0x2771, 0x2771, 0x2771, 0x2771, 0x2771, 0x2771, 0x2771, 0x2771, 0x2771, \
        0x2771, 0x2771, 0x2771, 0x2771, 0x2771, 0x2771, 0x2771, 0x2771, 0x2771, 0x2771, 0x2771, 0x2771, \
        0x2771, 0x2771, 0x2771, 0x2771, 0x2771, 0x2771, 0x2771, 0x2771, 0x2771, 0x2771, 0x2771, 0x2771, \
        0x2771, 0x2771, 0x2771, 0x2771, 0x2771, 0x2771, 0x2771, 0x2771, 0x2771, 0x2771, 0x2771, 0x2771, \
        0x2771, 0x2771, 0x2771, 0x2771, 0x2771, 0x2771, 0x2771, 0x2771, 0x2771, 0x2771, 0x2771, 0x2771, \
        0x2771, 0x2771, 0x2771, 0x2771, 0x2771, 0x2771, 0x2771, 0x2771, 0x2771, 0x2771, 0x2771, 0x2771, \
        0x2771, 0x2771, 0x2771, 0x2771, 0x2771, 0x2771, 0x2771, 0x2771, 0x2771, 0x2771, 0x2771, 0x2771, \
        0x2771, 0x2771, 0x2771, 0x2771, 0x2771, 0x2771, 0x2771, 0x2771, 0x2771, 0x2771, 0x2771, 0x2771, \
        0x2771, 0x2771, 0x2771, 0x2771, 0x2771, 0x2771, 0x2771, 0x2771, 0x2771, 0x2771, 0x2771, 0x2771, \
        0x2771, 0x2771, 0x2771, 0x2771, 0x2771, 0x2771, 0x2771, 0x2771, 0x2771, 0x2771, 0x2771, 0x2771, \
        0x2771, 0x2771, 0x2771, 0x2771, 0x2771, 0x2771, 0x2771, 0x2771, 0x2771, 0x2771, 0x2771, 0x2771, \
        0x2771, 0x2771, 0x2771, 0x2771, 0x2771, 0x2771, 0x2771, 0x2771, 0x2771, 0x2771, 0x2771, 0x2771, \
        0x2771, 0x2771, 0x2771, 0x2771, 0x2771, 0x2771, 0x2771, 0x2771, 0x2771, 0x2771, 0x2771, 0x2771, \
        0x2771, 0x2771, 0x2771, 0x2771, 0x2771, 0x2771, 0x2771, 0x2771, 0x2771, 0x2771, 0x2771, 0x2771, \
        0x2771, 0x2771, 0x2771, 0x2771, 0x2771, 0x2771, 0x2771, 0x2771, 0x2771, 0x2771, 0x2771, 0x2771, \
        0x2771, 0x2771, 0x2771, 0x2771, 0x2771, 0x2771, 0x2771, 0x2771, 0x2771, 0x2771, 0x2771, 0x2771, \
        0x2771, 0x2771, 0x2771, 0x2771, 0x2771, 0x2771, 0x2771, 0x2771, 0x2771, 0x2771, 0x2771, 0x2771, \
        0x2771, 0x2771, 0x2771, 0x2771, 0x2771, 0x2771, 0x2771, 0x2771, 0x2771, 0x2771, 0x2771, 0x2771, \
        0x2771, 0x2771, 0x2771, 0x2771, 0x2771, 0x2771, 0x2771, 0x2771, 0x2771, 0x2771, 0x2771, 0x2771, \
        0x2771, 0x2771, 0x2771, 0x2771, 0x2771, 0x2771, 0x2771, 0x2771, 0x2771, 0x2771, 0x2771, 0x2771, \
        0x2771, 0x2771, 0x2771, 0x2771, 0x2771, 0x2771, 0x2771, 0x2771, 0x2771, 0x2771, 0x2771, 0x2771, \
        0x2771, 0x2771, 0x2771, 0x2771, 0x2771, 0x2771, 0x2771, 0x2771, 0x2771, 0x2771, 0x2771, 0x2771, \
        0x2771, 0x2771, 0x2771, 0x2771, 0x2771, 0x2771, 0x2771, 0x2771, 0x2771, 0x2771, 0x2771, 0x2771, \
        0x2771, 0x2771, 0x2771, 0x2771, 0x2771, 0x2771, 0x2771, 0x2771, 0x2771, 0x2771, 0x2771, 0x2771, \
        0x2771, 0x2771, 0x2771, 0x2771, 0x2771, 0x2771, 0x2771, 0x2771, 0x2771, 0x2771, 0x2771, 0x2771, \
        0x2771, 0x2771, 0x2771, 0x2771, 0x2771, 0x2771, 0x2771, 0x2771, 0x2771, 0x2771, 0x2771, 0x2771, \
        0x2771, 0x2771, 0x2771, 0x2771, 0x2771, 0x2771, 0x2771, 0x2771, 0x2771, 0x2771, 0x2771, 0x2771, \
        0x2771, 0x2771, 0x2771, 0x2771, 0x2771, 0x2771, 0x2771, 0x2771, 0x2771, 0x2771, 0x2771, 0x2771, \
        0x2771, 0x2771, 0x2771, 0x2771, 0x2771, 0x2771, 0x2771, 0x2771, 0x2771, 0x2771, 0x2771, 0x2771, \
        0x2771, 0x2771, 0x2771, 0x2771, 0x2771, 0x2771, 0x2771, 0x2771, 0x2771, 0x2771, 0x2771, 0x2771, \
        0x2771, 0x2771, 0x2771, 0x2771, 0x2771, 0x2771, 0x2771, 0x2771, 0x2771, 0x2771, 0x2771, 0x2771, \
        0x2771, 0x2771, 0x2771, 0x2771, 0x2771, 0x2771, 0x2771, 0x2771, 0x2771, 0x2771, 0x2771, 0x2771, \
        0x2771, 0x2771, 0x2771, 0x2771, 0x2771, 0x2771, 0x2771, 0x2771, 0x2771, 0x2771, 0x2771, 0x2771, \
        0x2771, 0x2771, 0x2771, 0x2771, 0x2771, 0x2771, 0x2771, 0x2771, 0x2771, 0x2771, 0x2771, 0x2771, \
        0x2771, 0x2771, 0x2771, 0x2771, 0x2771, 0x2771, 0x2771, 0x2771, 0x2771, 0x2771, 0x2771, 0x2771, \
        0x2771, 0x2771, 0x2771, 0x2771, 0x2771, 0x2771, 0x2771, 0x2771, 0x2771, 0x2771, 0x2771, 0x2771, \
        0x2771, 0x2771, 0x2771, 0x2771, 0x2771, 0x2771, 0x2771, 0x2771, 0x2771, 0x2771, 0x2771, 0x2771, \
        0x2771, 0x2771, 0x2771, 0x2771, 0x2771, 0x2771, 0x2771, 0x2771, 0x2771, 0x2771, 0x2771, 0x2771, \
        0x2771, 0x2771, 0x2771, 0x2771, 0x2771, 0x2771, 0x2771, 0x2771, 0x2771, 0x2771, 0x2771, 0x2771, \
        0x2771, 0x2771, 0x2771, 0x2771, 0x2771, 0x2771, 0x2771, 0x2771, 0x2771, 0x2771, 0x2771, 0x2771, \
        0x2771, 0x2771, 0x2771, 0x2771, 0x2771, 0x2771, 0x2771, 0x2771, 0x2771, 0x2771, 0x2771, 0x2771, \
        0x2771, 0x2771, 0x2771, 0x2771, 0x2771, 0x2771, 0x2771, 0x2771, 0x2771, 0x2771, 0x2771, 0x2771, \
        0x2771, 0x2771, 0x2771, 0x2771, 0x2771, 0x2771, 0x2771, 0x2771, 0x2771, 0x2771, 0x2771, 0x2771, \
        0x2771, 0x2771, 0x2771, 0x2771, 0x2771, 0x2771, 0x2771, 0x2771, 0x2771, 0x2771, 0x2771, 0x2771, \
        0x2771, 0x2771, 0x2771, 0x2771, 0x2771, 0x2771, 0x2771, 0x2771, 0x2771, 0x2771, 0x2771, 0x2771, \
        0x2771, 0x2771, 0x2771, 0x2771, 0x2771, 0x2771, 0x2771, 0x2771, 0x2771, 0x2771, 0x2771, 0x2771, \
        0x2771, 0x2771, 0x2771, 0x2771, 0x2771, 0x2771, 0x2771, 0x2771, 0x2771, 0x2771, 0x2771, 0x2771, \
        0x2771, 0x2771, 0x2771, 0x2771, 0x2771, 0x2771, 0x2771, 0x2771, 0x2771, 0x2771, 0x2771, 0x2771, \
        0x2771, 0x2771, 0x2771, 0x2771, 0x2771, 0x2771, 0x2771, 0x2771, 0x2771, 0x2771, 0x2771, 0x2771, \
        0x2771, 0x2771, 0x2771, 0x2771, 0x2771, 0x2771, 0x2771, 0x2771, 0x2771, 0x2771, 0x2771, 0x2771, \
        0x2771, 0x2771, 0x2771, 0x2771, 0x2771, 0x2771, 0x2771, 0x2771, 0x2771, 0x2771, 0x2771, 0x2771, \
        0x2771, 0x2771, 0x2771, 0x2771, 0x2771, 0x2771, 0x2771, 0x2771, 0x2771, 0x2771, 0x2771, 0x2771, \
        0x2771, 0x2771, 0x2771, 0x2771, 0x2771, 0x2771, 0x2771, 0x2771, 0x2771, 0x2771, 0x2771, 0x2771, \
        0x2771, 0x2771, 0x2771, 0x2771, 0x2771, 0x2771, 0x2771, 0x2771, 0x2771, 0x2771, 0x2771, 0x2771, \
        0x2771, 0x2771, 0x2771, 0x2771, 0x2771, 0x2771, 0x2771, 0x2771, 0x2771, 0x2771, 0x2771, 0x2771, \
        0x2771, 0x2771, 0x2771, 0x2771, 0x2771, 0x2771, 0x2771, 0x2771, 0x2771, 0x2771, 0x2771, 0x2771, \
        0x2771, 0x2771, 0x2771, 0x2771, 0x2771, 0x2771, 0x2771, 0x2771, 0x2771, 0x2771, 0x2771, 0x2771, \
        0x2771, 0x2771, 0x2771, 0x2771, 0x2771, 0x2771, 0x2771, 0x2771, 0x2771, 0x2771, 0x2771, 0x2771, \
        0x2771, 0x2771, 0x2771, 0x2771, 0x2771, 0x2771, 0x2771, 0x2771, 0x2771, 0x2771, 0x2771, 0x2771, \
        0x2771, 0x2771, 0x2771, 0x2771, 0x2771, 0x2771, 0x2771, 0x2771, 0x2771, 0x2771, 0x2771, 0x2771, \
        0x2771, 0x2771, 0x2771, 0x2771, 0x2771, 0x2771, 0x2771, 0x2771, 0x2771, 0x2771, 0x2771, 0x2771, \
        0x2771, 0x2771, 0x2771, 0x2771, 0x2771, 0x2771, 0x2771, 0x2771, 0x2771, 0x2771, 0x2771, 0x2771, \
        0x2771, 0x2771, 0x2771, 0x2771, 0x2771, 0x2771, 0x2771, 0x2771, 0x2771, 0x2771, 0x2771, 0x2771, \
        0x2771, 0x2771, 0x2771, 0x2771, 0x2771, 0x2771, 0x2771, 0x2771, 0x2771, 0x2771, 0x2771, 0x2771, \
        0x2771, 0x2771, 0x2771, 0x2771, 0x2771, 0x2771, 0x2771, 0x2771, 0x2771, 0x2771, 0x2771, 0x2771, \
        0x2771, 0x2771, 0x2771, 0x2771, 0x2771, 0x2771, 0x2771, 0x2771, 0x2771, 0x2771, 0x2771, 0x2771, \
        0x2771, 0x2771, 0x2771, 0x2771, 0x2771, 0x2771, 0x2771, 0x2771, 0x2771, 0x2771, 0x2771, 0x2771, \
        0x2771, 0x2771, 0x2771, 0x2771, 0x2771, 0x2771, 0x2771, 0x2771, 0x2771, 0x2771, 0x2771, 0x2771, \
        0x2771, 0x2771, 0x2771, 0x2771, 0x2771, 0x2771, 0x2771, 0x2771, 0x2771, 0x2771, 0x2771, 0x2771, \
        0x2771, 0x2771, 0x2771, 0x2771, 0x2771, 0x2771, 0x2771, 0x2771, 0x2771, 0x2771, 0x2771, 0x2771, \
        0x2771, 0x2771, 0x2771, 0x2771, 0x2771, 0x2771, 0x2771, 0x2771, 0x2771, 0x2771, 0x2771, 0x2771, \
        0x2771, 0x2771, 0x2771, 0x2771, 0x2771, 0x2771, 0x2771, 0x2771, 0x2771, 0x2771, 0x2771, 0x2771, \
        0x2771, 0x2771, 0x2771, 0x2771, 0x2771, 0x2771, 0x2771, 0x2771, 0x2771, 0x2771, 0x2771, 0x2771, \
        0x2771, 0x2771, 0x2771, 0x2771, 0x2771, 0x2771, 0x2771, 0x2771, 0x2771, 0x2771, 0x2771, 0x2771, \
        0x2771, 0x2771, 0x2771, 0x2771, 0x2771, 0x2771, 0x2771, 0x2771, 0x2771, 0x2771, 0x2771, 0x2771, \
        0x2771, 0x2771, 0x2771, 0x2771, 0x2771, 0x2771, 0x2771, 0x2771, 0x2771, 0x2771, 0x2771, 0x2771, \
        0x2771, 0x2771, 0x2771, 0x2771, 0x2771, 0x2771, 0x2771, 0x2771, 0x2771, 0x2771, 0x2771, 0x2771, \
        0x2771, 0x2771, 0x2771, 0x2771, 0x2771, 0x2771, 0x2771, 0x2771, 0x2771, 0x2771, 0x2771, 0x2771, \
        0x2771, 0x2771, 0x2771, 0x2771, 0x2771, 0x2771, 0x2771, 0x2771, 0x2771, 0x2771, 0x2771, 0x2771, \
        0x2771, 0x2771, 0x2771, 0x2771, 0x2771, 0x2771, 0x2771, 0x2771, 0x2771, 0x2771, 0x2771, 0x2771, \
        0x2771, 0x2771, 0x2771, 0x2771, 0x2771, 0x2771, 0x2771, 0x2771, 0x2771, 0x2771, 0x2771, 0x2771, \
        0x2771, 0x2771, 0x2771, 0x2771, 0x2771, 0x2771, 0x2771, 0x2771, 0x2771, 0x2771, 0x2771, 0x2771, \
        0x2771, 0x2771, 0x2771, 0x2771, 0x2771, 0x2771, 0x2771, 0x2771, 0x2771, 0x2771, 0x2771, 0x2771, \
        0x2771, 0x2771, 0x2771, 0x2771, 0x2771, 0x2771, 0x2771, 0x2771, 0x2771, 0x2771, 0x2771, 0x2771, \
        0x2771, 0x2771, 0x2771, 0x2771, 0x2771, 0x2771, 0x2771, 0x2771, 0x2771, 0x2771, 0x2771, 0x2771, \
        0x2771, 0x2771, 0x2771, 0x2771, 0x2771, 0x2771, 0x2771, 0x2771, 0x2771, 0x2771, 0x2771, 0x2771, \
        0x2771, 0x2771, 0x2771, 0x2771, 0x2771, 0x2771, 0x2771, 0x2771, 0x2771, 0x2771, 0x2771, 0x2771, \
        0x2771, 0x2771, 0x2771, 0x2771, 0x2771, 0x2771, 0x2771, 0x2771, 0x2771, 0x2771, 0x2771, 0x2771, \
        0x2771, 0x2771, 0x2771, 0x2771, 0x2771, 0x2771, 0x2771, 0x2771, 0x2771, 0x2771, 0x2771, 0x2771, \
        0x2771, 0x2771, 0x2771, 0x2771, 0x2771, 0x2771, 0x2771, 0x2771, 0x2771, 0x2771, 0x2771, 0x2771, \
        0x2771, 0x2771, 0x2771, 0x2771, 0x2771, 0x2771, 0x2771, 0x2771, 0x2771, 0x2771, 0x2771, 0x2771, \
        0x2771, 0x2771, 0x2771, 0x2771, 0x2771, 0x2771, 0x2771, 0x2771, 0x2771, 0x2771, 0x2771, 0x2771, \
        0x2771, 0x2771, 0x2771, 0x2771, 0x2771, 0x2771, 0x2771, 0x2771, 0x2771, 0x2771, 0x2771, 0x2771, \
        0x2771, 0x2771, 0x2771, 0x2771, 0x2771, 0x2771, 0x2771, 0x2771, 0x2771, 0x2771, 0x2771, 0x2771, \
        0x2771, 0x2771, 0x2771, 0x2771, 0x2771, 0x2771, 0x2771, 0x2771, 0x2771, 0x2771, 0x2771, 0x2771, \
        0x2771, 0x2771, 0x2771, 0x2771, 0x2771, 0x2771, 0x2771, 0x2771, 0x2771, 0x2771, 0x2771, 0x2771, \
        0x2771, 0x2771, 0x2771, 0x2771, 0x2771, 0x2771, 0x2771, 0x2771, 0x2771, 0x2771, 0x2771, 0x2771, \
        0x2771, 0x2771, 0x2771, 0x2771, 0x2771, 0x2771, 0x2771, 0x2771, 0x2771, 0x2771, 0x2771, 0x2771, \
        0x2771, 0x2771, 0x2771, 0x2771, 0x2771, 0x2771, 0x2771, 0x2771, 0x2771, 0x2771, 0x2771, 0x2771, \
        0x2771, 0x2771, 0x2771, 0x2771, 0x2771, 0x2771, 0x2771, 0x2771, 0x2771, 0x2771, 0x2771, 0x2771, \
        0x2771, 0x2771, 0x2771, 0x2771, 0x2771, 0x2771, 0x2771, 0x2771, 0x2771, 0x2771, 0x2771, 0x2771, \
        0x2771, 0x2771, 0x2771, 0x2771, 0x2771, 0x2771, 0x2771, 0x2771, 0x2771, 0x2771, 0x2771, 0x2771, \
        0x2771, 0x2771, 0x2771, 0x2771, 0x2771, 0x2771, 0x2771, 0x2771, 0x2771, 0x2771, 0x2771, 0x2771, \
        0x2771, 0x2771, 0x2771, 0x2771, 0x2771, 0x2771, 0x2771, 0x2771, 0x2771, 0x2771, 0x2771, 0x2771, \
        0x2771, 0x2771, 0x2771, 0x2771, 0x2771, 0x2771, 0x2771, 0x2771, 0x2771, 0x2771, 0x2771, 0x2771, \
        0x2771, 0x2771, 0x2771, 0x2771, 0x2771, 0x2771, 0x2771, 0x2771, 0x2771, 0x2771, 0x2771, 0x2771, \
        0x2771, 0x2771, 0x2771, 0x2771, 0x2771, 0x2771, 0x2771, 0x2771, 0x2771, 0x2771, 0x2771, 0x2771, \
        0x2771, 0x2771, 0x2771, 0x2771, 0x2771, 0x2771, 0x2771, 0x2771, 0x2771, 0x2771, 0x2771, 0x2771, \
        0x2771, 0x2771, 0x2771, 0x2771, 0x2771, 0x2771, 0x2771, 0x2771, 0x2771, 0x2771, 0x2771, 0x2771, \
        0x2771, 0x2771, 0x2771, 0x2771, 0x2771, 0x2771, 0x2771, 0x2771, 0x2771, 0x2771, 0x2771, 0x2771, \
        0x2771, 0x2771, 0x2771, 0x2771, 0x2771, 0x2771, 0x2771, 0x2771, 0x2771, 0x2771, 0x2771, 0x2771, \
        0x2771, 0x2771, 0x2771, 0x2771, 0x2771, 0x2771, 0x2771, 0x2771, 0x2771, 0x2771, 0x2771, 0x2771, \
        0x2771, 0x2771, 0x2771, 0x2771, 0x2771, 0x2771, 0x2771, 0x2771, 0x2771, 0x2771, 0x2771, 0x2771, \
        0x2771, 0x2771, 0x2771, 0x2771, 0x2771, 0x2771, 0x2771, 0x2771, 0x2771, 0x2771, 0x2771, 0x2771, \
        0x2771, 0x2771, 0x2771, 0x2771, 0x2771, 0x2771, 0x2771, 0x2771, 0x2771, 0x2771, 0x2771, 0x2771, \
        0x2771, 0x2771, 0x2771, 0x2771, 0x2771, 0x2771, 0x2771, 0x2771, 0x2771, 0x2771, 0x2771, 0x2771, \
        0x2771, 0x2771, 0x2771, 0x2771, 0x2771, 0x2771, 0x2771, 0x2771, 0x2771, 0x2771, 0x2771, 0x2771, \
        0x2771, 0x2771, 0x2771, 0x2771, 0x2771, 0x2771, 0x2771, 0x2771, 0x2771, 0x2771, 0x2771, 0x2771, \
        0x2771, 0x2771, 0x2771, 0x2771, 0x2771, 0x2771, 0x2771, 0x2771, 0x2771, 0x2771, 0x2771, 0x2771, \
        0x2771, 0x2771, 0x2771, 0x2771, 0x2771, 0x2771, 0x2771, 0x2771, 0x2771, 0x2771, 0x2771, 0x2771, \
        0x2771, 0x2771, 0x2771, 0x2771, 0x2771, 0x2771, 0x2771, 0x2771, 0x2771, 0x2771, 0x2771, 0x2771, \
        0x2771, 0x2771, 0x2771, 0x2771, 0x2771, 0x2771, 0x2771, 0x2771, 0x2771, 0x2771, 0x2771, 0x2771, \
        0x2771, 0x2771, 0x2771, 0x2771, 0x2771, 0x2771, 0x2771, 0x2771, 0x2771, 0x2771, 0x2771, 0x2771, \
        0x2771, 0x2771, 0x2771, 0x2771, 0x2771, 0x2771, 0x2771, 0x2771, 0x2771, 0x2771, 0x2771, 0x2771, \
        0x2771, 0x2771, 0x2771, 0x2771, 0x2771, 0x2771, 0x2771, 0x2771, 0x2771, 0x2771, 0x2771, 0x2771, \
        0x2771, 0x2771, 0x2771, 0x2771, 0x2771, 0x2771, 0x2771, 0x2771, 0x2771, 0x2771, 0x2771, 0x2771, \
        0x2771, 0x2771, 0x2771, 0x2771, 0x2771, 0x2771, 0x2771, 0x2771, 0x2771, 0x2771, 0x2771, 0x2771, \
        0x2771, 0x2771, 0x2771, 0x2771, 0x2771, 0x2771, 0x2771, 0x2771, 0x2771, 0x2771, 0x2771, 0x2771, \
        0x2771, 0x2771, 0x2771, 0x2771, 0x2771, 0x2771, 0x2771, 0x2771, 0x2771, 0x2771, 0x2771, 0x2771, \
        0x2771, 0x2771, 0x2771, 0x2771, 0x2771, 0x2771, 0x2771, 0x2771, 0x2771, 0x2771, 0x2771, 0x2771, \
        0x2771, 0x2771, 0x2771, 0x2771, 0x2771, 0x2771, 0x2771, 0x2771, 0x2771, 0x2771, 0x2771, 0x2771, \
        0x2771, 0x2771, 0x2771, 0x2771, 0x2771, 0x2771, 0x2771, 0x2771, 0x2771, 0x2771, 0x2771, 0x2771, \
        0x2771, 0x2771, 0x2771, 0x2771, 0x2771, 0x2771, 0x2771, 0x2771, 0x2771, 0x2771, 0x2771, 0x2771, \
        0x2771, 0x2771, 0x2771, 0x2771, 0x2771, 0x2771, 0x2771, 0x2771, 0x2771, 0x2771, 0x2771, 0x2771, \
        0x2771, 0x2771, 0x2771, 0x2771, 0x2771, 0x2771, 0x2771, 0x2771, 0x2771, 0x2771, 0x2771, 0x2771, \
        0x2771, 0x2771, 0x2771, 0x2771, 0x2771, 0x2771, 0x2771, 0x2771, 0x2771, 0x2771, 0x2771, 0x2771, \
        0x2771, 0x2771, 0x2771, 0x2771, 0x2771, 0x2771, 0x2771, 0x2771, 0x2771, 0x2771, 0x2771, 0x2771, \
        0x2771, 0x2771, 0x2771, 0x2771, 0x2771, 0x2771, 0x2771, 0x2771, 0x2771, 0x2771, 0x2771, 0x2771, \
        0x2771, 0x2771, 0x2771, 0x2771, 0x2771, 0x2771, 0x2771, 0x2771, 0x2771, 0x2771, 0x2771, 0x2771, \
        0x2771, 0x2771, 0x2771, 0x2771, 0x2771, 0x2771, 0x2771, 0x2771, 0x2771, 0x2771, 0x2771, 0x2771, \
        0x2771, 0x2771, 0x2771, 0x2771, 0x2771, 0x2771, 0x2771, 0x2771, 0x2771, 0x2771, 0x2771, 0x2771, \
        0x2771, 0x2771, 0x2771, 0x2771, 0x2771, 0x2771, 0x2771, 0x2771, 0x2771, 0x2771, 0x2771, 0x2771, \
        0x2771, 0x2771, 0x2771, 0x2771, 0x2771, 0x2771, 0x2771, 0x2771, 0x2771, 0x2771, 0x2771, 0x2771, \
        0x2771, 0x2771, 0x2771, 0x2771, 0x2771, 0x2771, 0x2771, 0x2771, 0x2771, 0x2771, 0x2771, 0x2771, \
        0x2771, 0x2771, 0x2771, 0x2771, 0x2771, 0x2771, 0x2771, 0x2771, 0x2771, 0x2771, 0x2771, 0x2771, \
        0x2771, 0x2771, 0x2771, 0x2771, 0x2771, 0x2771, 0x2771, 0x2771, 0x2771, 0x2771, 0x2771, 0x2771, \
        0x2771, 0x2771, 0x2771, 0x2771, 0x2771, 0x2771, 0x2771, 0x2771, 0x2771, 0x2771, 0x2771, 0x2771, \
        0x2771, 0x2771, 0x2771, 0x2771, 0x2771, 0x2771, 0x2771, 0x2771, 0x2771, 0x2771, 0x2771, 0x2771, \
        0x2771, 0x2771, 0x2771, 0x2771, 0x2771, 0x2771, 0x2771, 0x2771, 0x2771, 0x2771, 0x2771, 0x2771, \
        0x2771, 0x2771, 0x2771, 0x2771, 0x2771, 0x2771, 0x2771, 0x2771, 0x2771, 0x2771, 0x2771, 0x2771, \
        0x2771, 0x2771, 0x2771, 0x2771, 0x2771, 0x2771, 0x2771, 0x2771, 0x2771, 0x2771, 0x2771, 0x2771, \
        0x2771, 0x2771, 0x2771, 0x2771, 0x2771, 0x2771, 0x2771, 0x2771, 0x2771, 0x2771, 0x2771, 0x2771, \
        0x2771, 0x2771, 0x2771, 0x2771, 0x2771, 0x2771, 0x2771, 0x2771, 0x2771, 0x2771, 0x2771, 0x2771, \
        0x2771, 0x2771, 0x2771, 0x2771, 0x2771, 0x2771, 0x2771, 0x2771, 0x2771, 0x2771, 0x2771, 0x2771, \
        0x2771, 0x2771, 0x2771, 0x2771, 0x2771, 0x2771, 0x2771, 0x2771, 0x2771, 0x2771, 0x2771, 0x2771, \
        0x2771, 0x2771, 0x2771, 0x2771, 0x2771, 0x2771, 0x2771, 0x2771, 0x2771, 0x2771, 0x2771, 0x2771, \
        0x2771, 0x2771, 0x2771, 0x2771, 0x2771, 0x2771, 0x2771, 0x2771, 0x2771, 0x2771, 0x2771, 0x2771, \
        0x2771, 0x2771, 0x2771, 0x2771, 0x2771, 0x2771, 0x2771, 0x2771, 0x2771, 0x2771, 0x2771, 0x2771, \
        0x2771, 0x2771, 0x2771, 0x2771, 0x2771, 0x2771, 0x2771, 0x2771, 0x2771, 0x2771, 0x2771, 0x2771, \
        0x2771, 0x2771, 0x2771, 0x2771, 0x2771, 0x2771, 0x2771, 0x2771, 0x2771, 0x2771, 0x2771, 0x2771, \
        0x2771, 0x2771, 0x2771, 0x2771, 0x2771, 0x2771, 0x2771, 0x2771, 0x2771, 0x2771, 0x2771, 0x2771, \
        0x2771, 0x2771, 0x2771, 0x2771, 0x2771, 0x2771, 0x2771, 0x2771, 0x2771, 0x2771, 0x2771, 0x2771, \
        0x2771, 0x2771, 0x2771, 0x2771, 0x2771, 0x2771, 0x2771, 0x2771, 0x2771, 0x2771, 0x2771, 0x2771, \
        0x2771, 0x2771, 0x2771, 0x2771, 0x2771, 0x2771, 0x2771, 0x2771, 0x2771, 0x2771, 0x2771, 0x2771, \
        0x2771, 0x2771, 0x2771, 0x2771, 0x2771, 0x2771, 0x2771, 0x2771, 0x2771, 0x2771, 0x2771, 0x2771, \
        0x2771, 0x2771, 0x2771, 0x2771, 0x2771, 0x2771, 0x2771, 0x2771, 0x2771, 0x2771, 0x2771, 0x2771, \
        0x2771, 0x2771, 0x2771, 0x2771, 0x2771, 0x2771, 0x2771, 0x2771, 0x2771, 0x2771, 0x2771, 0x2771, \
        0x2771, 0x2771, 0x2771, 0x2771, 0x2771, 0x2771, 0x2771, 0x2771, 0x2771, 0x2771, 0x2771, 0x2771, \
        0x2771, 0x2771, 0x2771, 0x2771, 0x2771, 0x2771, 0x2771, 0x2771, 0x2771, 0x2771, 0x2771, 0x2771, \
        0x2771, 0x2771, 0x2771, 0x2771, 0x2771, 0x2771, 0x2771, 0x2771, 0x2771, 0x2771, 0x2771, 0x2771, \
        0x2771, 0x2771, 0x2771, 0x2771, 0x2771, 0x2771, 0x2771, 0x2771, 0x2771, 0x2771, 0x2771, 0x2771, \
        0x2771, 0x2771, 0x2771, 0x2771, 0x2771, 0x2771, 0x2771, 0x2771, 0x2771, 0x2771, 0x2771, 0x2771, \
        0x2771, 0x2771, 0x2771, 0x2771, 0x2771, 0x2771, 0x2771, 0x2771, 0x2771, 0x2771, 0x2771, 0x2771, \
        0x2771, 0x2771, 0x2771, 0x2771, 0x2771, 0x2771, 0x2771, 0x2771, 0x2771, 0x2771, 0x2771, 0x2771, \
        0x2771, 0x2771, 0x2771, 0x2771, 0x2771, 0x2771, 0x2771, 0x2771, 0x2771, 0x2771, 0x2771, 0x2771, \
        0x2771, 0x2771, 0x2771, 0x2771, 0x2771, 0x2771, 0x2771, 0x2771, 0x2771, 0x2771, 0x2771, 0x2771, \
        0x2771, 0x2771, 0x2771, 0x2771, 0x2771, 0x2771, 0x2771, 0x2771, 0x2771, 0x2771, 0x2771, 0x2771, \
        0x2771, 0x2771, 0x2771, 0x2771, 0x2771, 0x2771, 0x2771, 0x2771, 0x2771, 0x2771, 0x2771, 0x2771, \
        0x2771, 0x2771, 0x2771, 0x2771, 0x2771, 0x2771, 0x2771, 0x2771, 0x2771, 0x2771, 0x2771, 0x2771, \
        0x2771, 0x2771, 0x2771, 0x2771, 0x2771, 0x2771, 0x2771, 0x2771, 0x2771, 0x2771, 0x2771, 0x2771, \
        0x2771, 0x2771, 0x2771, 0x2771, 0x2771, 0x2771, 0x2771, 0x2771, 0x2771, 0x2771, 0x2771, 0x2771, \
        0x2771, 0x2771, 0x2771, 0x2771, 0x2771, 0x2771, 0x2771, 0x2771, 0x2771, 0x2771, 0x2771, 0x2771, \
        0x2771, 0x2771, 0x2771, 0x2771, 0x2771, 0x2771, 0x2771, 0x2771, 0x2771, 0x2771, 0x2771, 0x2771, \
        0x2771, 0x2771, 0x2771, 0x2771, 0x2771, 0x2771, 0x2771, 0x2771, 0x2771, 0x2771, 0x2771, 0x2771, \
        0x2771, 0x2771, 0x2771, 0x2771, 0x2771, 0x2771, 0x2771, 0x2771, 0x2771, 0x2771, 0x2771, 0x2771, \
        0x2771, 0x2771, 0x2771, 0x2771, 0x2771, 0x2771, 0x2771, 0x2771, 0x2771, 0x2771, 0x2771, 0x2771, \
        0x2771, 0x2771, 0x2771, 0x2771, 0x2771, 0x2771, 0x2771, 0x2771, 0x2771, 0x2771, 0x2771, 0x2771, \
        0x2771, 0x2771, 0x2771, 0x2771, 0x2771, 0x2771, 0x2771, 0x2771, 0x2771, 0x2771, 0x2771, 0x2771, \
        0x2771, 0x2771, 0x2771, 0x2771, 0x2771, 0x2771, 0x2771, 0x2771, 0x2771, 0x2771, 0x2771, 0x2771, \
        0x2771, 0x2771, 0x2771, 0x2771, 0x2771, 0x2771, 0x2771, 0x2771, 0x2771, 0x2771, 0x2771, 0x2771, \
        0x2771, 0x2771, 0x2771, 0x2771, 0x2771, 0x2771, 0x2771, 0x2771, 0x2771, 0x2771, 0x2771, 0x2771, \
        0x2771, 0x2771, 0x2771, 0x2771, 0x2771, 0x2771, 0x2771, 0x2771, 0x2771, 0x2771, 0x2771, 0x2771, \
        0x2771, 0x2771, 0x2771, 0x2771, 0x2771, 0x2771, 0x2771, 0x2771, 0x2771, 0x2771, 0x2771, 0x2771, \
        0x2771, 0x2771, 0x2771, 0x2771, 0x2771, 0x2771, 0x2771, 0x2771, 0x2771, 0x2771, 0x2771, 0x2771, \
        0x2771, 0x2771, 0x2771, 0x2771, 0x2771, 0x2771, 0x2771, 0x2771, 0x2771, 0x2771, 0x2771, 0x2771, \
        0x2771, 0x2771, 0x2771, 0x2771, 0x2771, 0x2771, 0x2771, 0x2771, 0x2771, 0x2771, 0x2771, 0x2771, \
        0x2771, 0x2771, 0x2771, 0x2771, 0x2771, 0x2771, 0x2771, 0x2771, 0x2771, 0x2771, 0x2771, 0x2771, \
        0x2771, 0x2771, 0x2771, 0x2771, 0x2771, 0x2771, 0x2771, 0x2771, 0x2771, 0x2771, 0x2771, 0x2771, \
        0x2771, 0x2771, 0x2771, 0x2771, 0x2771, 0x2771, 0x2771, 0x2771, 0x2771, 0x2771, 0x2771, 0x2771, \
        0x2771, 0x2771, 0x2771, 0x2771, 0x2771, 0x2771, 0x2771, 0x2771, 0x2771, 0x2771, 0x2771, 0x2771, \
        0x2771, 0x2771, 0x2771, 0x2771, 0x2771, 0x2771, 0x2771, 0x2771, 0x2771, 0x2771, 0x2771, 0x2771, \
        0x2771, 0x2771, 0x2771, 0x2771, 0x2771, 0x2771, 0x2771, 0x2771, 0x2771, 0x2771, 0x2771, 0x2771, \
        0x2771, 0x2771, 0x2771, 0x2771, 0x2771, 0x2771, 0x2771, 0x2771, 0x2771, 0x2771, 0x2771, 0x2771, \
        0x2771, 0x2771, 0x2771, 0x2771, 0x2771, 0x2771, 0x2771, 0x2771, 0x2771, 0x2771, 0x2771, 0x2771, \
        0x2771, 0x2771, 0x2771, 0x2771, 0x2771, 0x2771, 0x2771, 0x2771, 0x2771, 0x2771, 0x2771, 0x2771, \
        0x2771, 0x2771, 0x2771, 0x2771, 0x2771, 0x2771, 0x2771, 0x2771, 0x2771, 0x2771, 0x2771, 0x2771, \
        0x2771, 0x2771, 0x2771, 0x2771, 0x2771, 0x2771, 0x2771, 0x2771, 0x2771, 0x2771, 0x2771, 0x2771, \
        0x2771, 0x2771, 0x2771, 0x2771, 0x2771, 0x2771, 0x2771, 0x2771, 0x2771, 0x2771, 0x2771, 0x2771, \
        0x2771, 0x2771, 0x2771, 0x2771, 0x2771, 0x2771, 0x2771, 0x2771, 0x2771, 0x2771, 0x2771, 0x2771, \
        0x2771, 0x2771, 0x2771, 0x2771, 0x2771, 0x2771, 0x2771, 0x2771, 0x2771, 0x2771, 0x2771, 0x2771, \
        0x2771, 0x2771, 0x2771, 0x2771, 0x2771, 0x2771, 0x2771, 0x2771, 0x2771, 0x2771, 0x2771, 0x2771, \
        0x2771, 0x2771, 0x2771, 0x2771, 0x2771, 0x2771, 0x2771, 0x2771, 0x2771, 0x2771, 0x2771, 0x2771, \
        0x2771, 0x2771, 0x2771, 0x2771, 0x2771, 0x2771, 0x2771, 0x2771, 0x2771, 0x2771, 0x2771, 0x2771, \
        0x2771, 0x2771, 0x2771, 0x2771, 0x2771, 0x2771, 0x2771, 0x2771, 0x2771, 0x2771, 0x2771, 0x2771, \
        0x2771, 0x2771, 0x2771, 0x2771, 0x2771, 0x2771, 0x2771, 0x2771, 0x2771, 0x2771, 0x2771, 0x2771, \
        0x2771, 0x2771, 0x2771, 0x2771, 0x2771, 0x2771, 0x2771, 0x2771, 0x2771, 0x2771, 0x2771, 0x2771, \
        0x2771, 0x2771, 0x2771, 0x2771, 0x2771, 0x2771, 0x2771, 0x2771, 0x2771, 0x2771, 0x2771, 0x2771, \
        0x2771, 0x2771, 0x2771, 0x2771, 0x2771, 0x2771, 0x2771, 0x2771, 0x2771, 0x2771, 0x2771, 0x2771, \
        0x2771, 0x2771, 0x2771, 0x2771, 0x2771, 0x2771, 0x2771, 0x2771, 0x2771, 0x2771, 0x2771, 0x2771, \
        0x2771, 0x2771, 0x2771, 0x2771, 0x2771, 0x2771, 0x2771, 0x2771, 0x2771, 0x2771, 0x2771, 0x2771, \
        0x2771, 0x2771, 0x2771, 0x2771, 0x2771, 0x2771, 0x2771, 0x2771, 0x2771, 0x2771, 0x2771, 0x2771, \
        0x2771, 0x2771, 0x2771, 0x2771, 0x2771, 0x2771, 0x2771, 0x2771, 0x2771, 0x2771, 0x2771, 0x2771, \
        0x2771, 0x2771, 0x2771, 0x2771, 0x2771, 0x2771, 0x2771, 0x2771, 0x2771, 0x2771, 0x2771, 0x2771, \
        0x2771, 0x2771, 0x2771, 0x2771, 0x2771, 0x2771, 0x2771, 0x2771, 0x2771, 0x2771, 0x2771, 0x2771, \
        0x2771, 0x2771, 0x2771, 0x2771, 0x2771, 0x2771, 0x2771, 0x2771, 0x2771, 0x2771, 0x2771, 0x2771, \
        0x2771, 0x2771, 0x2771, 0x2771, 0x2771, 0x2771, 0x2771, 0x2771, 0x2771, 0x2771, 0x2771, 0x2771, \
        0x2771, 0x2771, 0x2771, 0x2771, 0x2771, 0x2771, 0x2771, 0x2771, 0x2771, 0x2771, 0x2771, 0x2771, \
        0x2771, 0x2771, 0x2771, 0x2771, 0x2771, 0x2771, 0x2771, 0x2771, 0x2771, 0x2771, 0x2771, 0x2771, \
        0x2771, 0x2771, 0x2771, 0x2771, 0x2771, 0x2771, 0x2771, 0x2771, 0x2771, 0x2771, 0x2771, 0x2771, \
        0x2771, 0x2771, 0x2771, 0x2771, 0x2771, 0x2771, 0x2771, 0x2771, 0x2771, 0x2771, 0x2771, 0x2771, \
        0x2771, 0x2771, 0x2771, 0x2771, 0x2771, 0x2771, 0x2771, 0x2771, 0x2771, 0x2771, 0x2771, 0x2771, \
        0x2771, 0x2771, 0x2771, 0x2771, 0x2771, 0x2771, 0x2771, 0x2771, 0x2771, 0x2771, 0x2771, 0x2771, \
        0x2771, 0x2771, 0x2771, 0x2771, 0x2771, 0x2771, 0x2771, 0x2771, 0x2771, 0x2771, 0x2771, 0x2771, \
        0x2771, 0x2771, 0x2771, 0x2771, 0x2771, 0x2771, 0x2771, 0x2771, 0x2771, 0x2771, 0x2771, 0x2771, \
        0x2771, 0x2771, 0x2771, 0x2771, 0x2771, 0x2771, 0x2771, 0x2771, 0x2771, 0x2771, 0x2771, 0x2771, \
        0x2771, 0x2771, 0x2771, 0x2771, 0x2771, 0x2771, 0x2771, 0x2771, 0x2771, 0x2771, 0x2771, 0x2771, \
        0x2771, 0x2771, 0x2771, 0x2771, 0x2771, 0x2771, 0x2771, 0x2771, 0x2771, 0x2771, 0x2771, 0x2771, \
        0x2771, 0x2771, 0x2771, 0x2771, 0x2771, 0x2771, 0x2771, 0x2771, 0x2771, 0x2771, 0x2771, 0x2771, \
        0x2771, 0x2771, 0x2771, 0x2771, 0x2771, 0x2771, 0x2771, 0x2771, 0x2771, 0x2771, 0x2771, 0x2771, \
        0x2771, 0x2771, 0x2771, 0x2771, 0x2771, 0x2771, 0x2771, 0x2771, 0x2771, 0x2771, 0x2771, 0x2771, \
        0x2771, 0x2771, 0x2771, 0x2771, 0x2771, 0x2771, 0x2771, 0x2771, 0x2771, 0x2771, 0x2771, 0x2771, \
        0x2771, 0x2771, 0x2771, 0x2771, 0x2771, 0x2771, 0x2771, 0x2771, 0x2771, 0x2771, 0x2771, 0x2771, \
        0x2771, 0x2771, 0x2771, 0x2771, 0x2771, 0x2771, 0x2771, 0x2771, 0x2771, 0x2771, 0x2771, 0x2771, \
        0x2771, 0x2771, 0x2771, 0x2771, 0x2771, 0x2771, 0x2771, 0x2771, 0x2771, 0x2771, 0x2771, 0x2771, \
        0x2771, 0x2771, 0x2771, 0x2771, 0x2771, 0x2771, 0x2771, 0x2771, 0x2771, 0x2771, 0x2771, 0x2771, \
        0x2771, 0x2771, 0x2771, 0x2771, 0x2771, 0x2771, 0x2771, 0x2771, 0x2771, 0x2771, 0x2771, 0x2771, \
        0x2771, 0x2771, 0x2771, 0x2771, 0x2771, 0x2771, 0x2771, 0x2771, 0x2771, 0x2771, 0x2771, 0x2771, \
        0x2771, 0x2771, 0x2771, 0x2771, 0x2771, 0x2771, 0x2771, 0x2771, 0x2771, 0x2771, 0x2771, 0x2771, \
        0x2771, 0x2771, 0x2771, 0x2771, 0x2771, 0x2771, 0x2771, 0x2771, 0x2771, 0x2771, 0x2771, 0x2771, \
        0x2771, 0x2771, 0x2771, 0x2771, 0x2771, 0x2771, 0x2771, 0x2771, 0x2771, 0x2771, 0x2771, 0x2771, \
        0x2771, 0x2771, 0x2771, 0x2771, 0x2771, 0x2771, 0x2771, 0x2771, 0x2771, 0x2771, 0x2771, 0x2771, \
        0x2771, 0x2771, 0x2771, 0x2771, 0x2771, 0x2771, 0x2771, 0x2771, 0x2771, 0x2771, 0x2771, 0x2771, \
        0x2771, 0x2771, 0x2771, 0x2771, 0x2771, 0x2771, 0x2771, 0x2771, 0x2771, 0x2771, 0x2771, 0x2771, \
        0x2771, 0x2771, 0x2771, 0x2771, 0x2771, 0x2771, 0x2771, 0x2771, 0x2771, 0x2771, 0x2771, 0x2771, \
        0x2771, 0x2771, 0x2771, 0x2771, 0x2771, 0x2771, 0x2771, 0x2771, 0x2771, 0x2771, 0x2771, 0x2771, \
        0x2771, 0x2771, 0x2771, 0x2771, 0x2771, 0x2771, 0x2771, 0x2771, 0x2771, 0x2771, 0x2771, 0x2771, \
        0x2771, 0x2771, 0x2771, 0x2771, 0x2771, 0x2771, 0x2771, 0x2771, 0x2771, 0x2771, 0x2771, 0x2771, \
        0x2771, 0x2771, 0x2771, 0x2771, 0x2771, 0x2771, 0x2771, 0x2771, 0x2771, 0x2771, 0x2771, 0x2771, \
        0x2771, 0x2771, 0x2771, 0x2771, 0x2771, 0x2771, 0x2771, 0x2771, 0x2771, 0x2771, 0x2771, 0x2771, \
        0x2771, 0x2771, 0x2771, 0x2771, 0x2771, 0x2771, 0x2771, 0x2771, 0x2771, 0x2771, 0x2771, 0x2771, \
        0x2771, 0x2771, 0x2771, 0x2771, 0x2771, 0x2771, 0x2771, 0x2771, 0x2771, 0x2771, 0x2771, 0x2771, \
        0x2771, 0x2771, 0x2771, 0x2771, 0x2771, 0x2771, 0x2771, 0x2771, 0x2771, 0x2771, 0x2771, 0x2771, \
        0x2771, 0x2771, 0x2771, 0x2771, 0x2771, 0x2771, 0x2771, 0x2771, 0x2771, 0x2771, 0x2771, 0x2771, \
        0x2771, 0x2771, 0x2771, 0x2771, 0x2771, 0x2771, 0x2771, 0x2771, 0x2771, 0x2771, 0x2771, 0x2771, \
        0x2771, 0x2771, 0x2771, 0x2771, 0x2771, 0x2771, 0x2771, 0x2771, 0x2771, 0x2771, 0x2771, 0x2771, \
        0x2771, 0x2771, 0x2771, 0x2771, 0x2771, 0x2771, 0x2771, 0x2771, 0x2771, 0x2771, 0x2771, 0x2771, \
        0x2771, 0x2771, 0x2771, 0x2771, 0x2771, 0x2771, 0x2771, 0x2771, 0x2771, 0x2771, 0x2771, 0x2771, \
        0x2771, 0x2771, 0x2771, 0x2771, 0x2771, 0x2771, 0x2771, 0x2771, 0x2771, 0x2771, 0x2771, 0x2771, \
        0x2771, 0x2771, 0x2771, 0x2771, 0x2771, 0x2771, 0x2771, 0x2771, 0x2771, 0x2771, 0x2771, 0x2771, \
        0x2771, 0x2771, 0x2771, 0x2771, 0x2771, 0x2771, 0x2771, 0x2771, 0x2771, 0x2771, 0x2771, 0x2771, \
        0x2771, 0x2771, 0x2771, 0x2771, 0x2771, 0x2771, 0x2771, 0x2771, 0x2771, 0x2771, 0x2771, 0x2771, \
        0x2771, 0x2771, 0x2771, 0x2771, 0x2771, 0x2771, 0x2771, 0x2771, 0x2771, 0x2771, 0x2771, 0x2771, \
        0x2771, 0x2771, 0x2771, 0x2771, 0x2771, 0x2771, 0x2771, 0x2771, 0x2771, 0x2771, 0x2771, 0x2771, \
        0x2771, 0x2771, 0x2771, 0x2771, 0x2771, 0x2771, 0x2771, 0x2771, 0x2771, 0x2771, 0x2771, 0x2771, \
        0x2771, 0x2771, 0x2771, 0x2771, 0x2771, 0x2771, 0x2771, 0x2771, 0x2771, 0x2771, 0x2771, 0x2771, \
        0x2771, 0x2771, 0x2771, 0x2771, 0x2771, 0x2771, 0x2771, 0x2771, 0x2771, 0x2771, 0x2771, 0x2771, \
        0x2771, 0x2771, 0x2771, 0x2771, 0x2771, 0x2771, 0x2771, 0x2771, 0x2771, 0x2771, 0x2771, 0x2771, \
        0x2771, 0x2771, 0x2771, 0x2771, 0x2771, 0x2771, 0x2771, 0x2771, 0x2771, 0x2771, 0x2771, 0x2771, \
        0x2771, 0x2771, 0x2771, 0x2771, 0x2771, 0x2771, 0x2771, 0x2771, 0x2771, 0x2771, 0x2771, 0x2771, \
        0x2771, 0x2771, 0x2771, 0x2771, 0x2771, 0x2771, 0x2771, 0x2771, 0x2771, 0x2771, 0x2771, 0x2771, \
        0x2771, 0x2771, 0x2771, 0x2771, 0x2771, 0x2771, 0x2771, 0x2771, 0x2771, 0x2771, 0x2771, 0x2771, \
        0x2771, 0x2771, 0x2771, 0x2771, 0x2771, 0x2771, 0x2771, 0x2771, 0x2771, 0x2771, 0x2771, 0x2771, \
        0x2771, 0x2771, 0x2771, 0x2771, 0x2771, 0x2771, 0x2771, 0x2771, 0x2771, 0x2771, 0x2771, 0x2771, \
        0x2771, 0x2771, 0x2771, 0x2771, 0x2771, 0x2771, 0x2771, 0x2771, 0x2771, 0x2771, 0x2771, 0x2771, \
        0x2771, 0x2771, 0x2771, 0x2771, 0x2771, 0x2771, 0x2771, 0x2771, 0x2771, 0x2771, 0x2771, 0x2771, \
        0x2771, 0x2771, 0x2771, 0x2771, 0x2771, 0x2771, 0x2771, 0x2771, 0x2771, 0x2771, 0x2771, 0x2771, \
        0x2771, 0x2771, 0x2771, 0x2771, 0x2771, 0x2771, 0x2771, 0x2771, 0x2771, 0x2771, 0x2771, 0x2771, \
        0x2771, 0x2771, 0x2771, 0x2771, 0x2771, 0x2771, 0x2771, 0x2771, 0x2771, 0x2771, 0x2771, 0x2771, \
        0x2771, 0x2771, 0x2771, 0x2771, 0x2771, 0x2771, 0x2771, 0x2771, 0x2771, 0x2771, 0x2771, 0x2771, \
        0x2771, 0x2771, 0x2771, 0x2771, 0x2771, 0x2771, 0x2771, 0x2771, 0x2771, 0x2771, 0x2771, 0x2771, \
        0x2771, 0x2771, 0x2771, 0x2771, 0x2771, 0x2771, 0x2771, 0x2771, 0x2771, 0x2771, 0x2771, 0x2771, \
        0x2771, 0x2771, 0x2771, 0x2771, 0x2771, 0x2771, 0x2771, 0x2771, 0x2771, 0x2771, 0x2771, 0x2771, \
        0x2771, 0x2771, 0x2771, 0x2771, 0x2771, 0x2771, 0x2771, 0x2771, 0x2771, 0x2771, 0x2771, 0x2771, \
        0x2771, 0x2771, 0x2771, 0x2771, 0x2771, 0x2771, 0x2771, 0x2771, 0x2771, 0x2771, 0x2771, 0x2771, \
        0x2771, 0x2771, 0x2771, 0x2771, 0x2771, 0x2771, 0x2771, 0x2771, 0x2771, 0x2771, 0x2771, 0x2771, \
        0x2771, 0x2771, 0x2771, 0x2771, 0x2771, 0x2771, 0x2771, 0x2771, 0x2771, 0x2771, 0x2771, 0x2771, \
        0x2771, 0x2771, 0x2771, 0x2771, 0x2771, 0x2771, 0x2771, 0x2771, 0x2771, 0x2771, 0x2771, 0x2771, \
        0x2771, 0x2771, 0x2771, 0x2771, 0x2771, 0x2771, 0x2771, 0x2771, 0x2771, 0x2771, 0x2771, 0x2771, \
        0x2771, 0x2771, 0x2771, 0x2771, 0x2771, 0x2771, 0x2771, 0x2771, 0x2771, 0x2771, 0x2771, 0x2771, \
        0x2771, 0x2771, 0x2771, 0x2771, 0x2771, 0x2771, 0x2771, 0x2771, 0x2771, 0x2771, 0x2771, 0x2771, \
        0x2771, 0x2771, 0x2771, 0x2771, 0x2771, 0x2771, 0x2771, 0x2771, 0x2771, 0x2771, 0x2771, 0x2771, \
        0x2771, 0x2771, 0x2771, 0x2771, 0x2771, 0x2771, 0x2771, 0x2771, 0x2771, 0x2771, 0x2771, 0x2771, \
        0x2771, 0x2771, 0x2771, 0x2771, 0x2771, 0x2771, 0x2771, 0x2771, 0x2771, 0x2771, 0x2771, 0x2771, \
        0x2771, 0x2771, 0x2771, 0x2771, 0x2771, 0x2771, 0x2771, 0x2771, 0x2771, 0x2771, 0x2771, 0x2771, \
        0x2771, 0x2771, 0x2771, 0x2771, 0x2771, 0x2771, 0x2771, 0x2771, 0x2771, 0x2771, 0x2771, 0x2771, \
        0x2771, 0x2771, 0x2771, 0x2771, 0x2771, 0x2771, 0x2771, 0x2771, 0x2771, 0x2771, 0x2771, 0x2771, \
        0x2771, 0x2771, 0x2771, 0x2771, 0x2771, 0x2771, 0x2771, 0x2771, 0x2771, 0x2771, 0x2771, 0x2771, \
        0x2771, 0x2771, 0x2771, 0x2771, 0x2771, 0x2771, 0x2771, 0x2771, 0x2771, 0x2771, 0x2771, 0x2771, \
        0x2771, 0x2771, 0x2771, 0x2771, 0x2771, 0x2771, 0x2771, 0x2771, 0x2771, 0x2771, 0x2771, 0x2771, \
        0x2771, 0x2771, 0x2771, 0x2771, 0x2771, 0x2771, 0x2771, 0x2771, 0x2771, 0x2771, 0x2771, 0x2771, \
        0x2771, 0x2771, 0x2771, 0x2771, 0x2771, 0x2771, 0x2771, 0x2771, 0x2771, 0x2771, 0x2771, 0x2771, \
        0x2771, 0x2771, 0x2771, 0x2771, 0x2771, 0x2771, 0x2771, 0x2771, 0x2771, 0x2771, 0x2771, 0x2771, \
        0x2771, 0x2771, 0x2771, 0x2771, 0x2771, 0x2771, 0x2771, 0x2771, 0x2771, 0x2771, 0x2771, 0x2771, \
        0x2771, 0x2771, 0x2771, 0x2771, 0x2771, 0x2771, 0x2771, 0x2771, 0x2771, 0x2771, 0x2771, 0x2771, \
        0x2771, 0x2771, 0x2771, 0x2771, 0x2771, 0x2771, 0x2771, 0x2771, 0x2771, 0x2771, 0x2771, 0x2771, \
        0x2771, 0x2771, 0x2771, 0x2771, 0x2771, 0x2771, 0x2771, 0x2771, 0x2771, 0x2771, 0x2771, 0x2771, \
        0x2771, 0x2771, 0x2771, 0x2771, 0x2771, 0x2771, 0x2771, 0x2771, 0x2771, 0x2771, 0x2771, 0x2771, \
        0x2771, 0x2771, 0x2771, 0x2771, 0x2771, 0x2771, 0x2771, 0x2771, 0x2771, 0x2771, 0x2771, 0x2771, \
        0x2771, 0x2771, 0x2771, 0x2771, 0x2771, 0x2771, 0x2771, 0x2771, 0x2771, 0x2771, 0x2771, 0x2771, \
        0x2771, 0x2771, 0x2771, 0x2771, 0x2771, 0x2771, 0x2771, 0x2771, 0x2771, 0x2771, 0x2771, 0x2771, \
        0x2771, 0x2771, 0x2771, 0x2771, 0x2771, 0x2771, 0x2771, 0x2771, 0x2771, 0x2771, 0x2771, 0x2771, \
        0x2771, 0x2771, 0x2771, 0x2771, 0x2771, 0x2771, 0x2771, 0x2771, 0x2771, 0x2771, 0x2771, 0x2771, \
        0x2771, 0x2771, 0x2771, 0x2771, 0x2771, 0x2771, 0x2771, 0x2771, 0x2771, 0x2771, 0x2771, 0x2771, \
        0x2771, 0x2771, 0x2771, 0x2771, 0x2771, 0x2771, 0x2771, 0x2771, 0x2771, 0x2771, 0x2771, 0x2771, \
        0x2771, 0x2771, 0x2771, 0x2771, 0x2771, 0x2771, 0x2771, 0x2771, 0x2771, 0x2771, 0x2771, 0x2771, \
        0x2771, 0x2771, 0x2771, 0x2771, 0x2771, 0x2771, 0x2771, 0x2771, 0x2771, 0x2771, 0x2771, 0x2771, \
        0x2771, 0x2771, 0x2771, 0x2771, 0x2771, 0x2771, 0x2771, 0x2771, 0x2771, 0x2771, 0x2771, 0x2771, \
        0x2771, 0x2771, 0x2771, 0x2771, 0x2771, 0x2771, 0x2771, 0x2771, 0x2771, 0x2771, 0x2771, 0x2771, \
        0x2771, 0x2771, 0x2771, 0x2771, 0x2771, 0x2771, 0x2771, 0x2771, 0x2771, 0x2771, 0x2771, 0x2771, \
        0x2771, 0x2771, 0x2771, 0x2771, 0x2771, 0x2771, 0x2771, 0x2771, 0x2771, 0x2771, 0x2771, 0x2771, \
        0x2771, 0x2771, 0x2771, 0x2771, 0x2771, 0x2771, 0x2771, 0x2771, 0x2771, 0x2771, 0x2771, 0x2771, \
        0x2771, 0x2771, 0x2771, 0x2771, 0x2771, 0x2771, 0x2771, 0x2771, 0x2771, 0x2771, 0x2771, 0x2771, \
        0x2771, 0x2771, 0x2771, 0x2771, 0x2771, 0x2771, 0x2771, 0x2771, 0x2771, 0x2771, 0x2771, 0x2771, \
        0x2771, 0x2771, 0x2771, 0x2771, 0x2771, 0x2771, 0x2771, 0x2771, 0x2771, 0x2771, 0x2771, 0x2771, \
        0x2771, 0x2771, 0x2771, 0x2771, 0x2771, 0x2771, 0x2771, 0x2771, 0x2771, 0x2771, 0x2771, 0x2771, \
        0x2771, 0x2771, 0x2771, 0x2771, 0x2771, 0x2771, 0x2771, 0x2771, 0x2771, 0x2771, 0x2771, 0x2771, \
        0x2771, 0x2771, 0x2771, 0x2771, 0x2771, 0x2771, 0x2771, 0x2771, 0x2771, 0x2771, 0x2771, 0x2771, \
        0x2771, 0x2771, 0x2771, 0x2771, 0x2771, 0x2771, 0x2771, 0x2771, 0x2771, 0x2771, 0x2771, 0x2771, \
        0x2771, 0x2771, 0x2771, 0x2771, 0x2771, 0x2771, 0x2771, 0x2771, 0x2771, 0x2771, 0x2771, 0x2771, \
        0x2771, 0x2771, 0x2771, 0x2771, 0x2771, 0x2771, 0x2771, 0x2771, 0x2771, 0x2771, 0x2771, 0x2771, \
        0x2771, 0x2771, 0x2771, 0x2771, 0x2771, 0x2771, 0x2771, 0x2771, 0x2771, 0x2771, 0x2771, 0x2771, \
        0x2771, 0x2771, 0x2771, 0x2771, 0x2771, 0x2771, 0x2771, 0x2771, 0x2771, 0x2771, 0x2771, 0x2771, \
        0x2771, 0x2771, 0x2771, 0x2771, 0x2771, 0x2771, 0x2771, 0x2771, 0x2771, 0x2771, 0x2771, 0x2771, \
        0x2771, 0x2771, 0x2771, 0x2771, 0x2771, 0x2771, 0x2771, 0x2771, 0x2771, 0x2771, 0x2771, 0x2771, \
        0x2771, 0x2771, 0x2771, 0x2771, 0x2771, 0x2771, 0x2771, 0x2771, 0x2771, 0x2771, 0x2771, 0x2771, \
        0x2771, 0x2771, 0x2771, 0x2771, 0x2771, 0x2771, 0x2771, 0x2771, 0x2771, 0x2771, 0x2771, 0x2771, \
        0x2771, 0x2771, 0x2771, 0x2771, 0x2771, 0x2771, 0x2771, 0x2771, 0x2771, 0x2771, 0x2771, 0x2771, \
        0x2771, 0x2771, 0x2771, 0x2771, 0x2771, 0x2771, 0x2771, 0x2771, 0x2771, 0x2771, 0x2771, 0x2771, \
        0x2771, 0x2771, 0x2771, 0x2771, 0x2771, 0x2771, 0x2771, 0x2771, 0x2771, 0x2771, 0x2771, 0x2771, \
        0x2771, 0x2771, 0x2771, 0x2771, 0x2771, 0x2771, 0x2771, 0x2771, 0x2771, 0x2771, 0x2771, 0x2771, \
        0x2771, 0x2771, 0x2771, 0x2771, 0x2771, 0x2771, 0x2771, 0x2771, 0x2771, 0x2771, 0x2771, 0x2771, \
        0x2771, 0x2771, 0x2771, 0x2771, 0x2771, 0x2771, 0x2771, 0x2771, 0x2771, 0x2771, 0x2771, 0x2771, \
        0x2771, 0x2771, 0x2771, 0x2771, 0x2771, 0x2771, 0x2771, 0x2771, 0x2771, 0x2771, 0x2771, 0x2771, \
        0x2771, 0x2771, 0x2771, 0x2771, 0x2771, 0x2771, 0x2771, 0x2771, 0x2771, 0x2771, 0x2771, 0x2771, \
        0x2771, 0x2771, 0x2771, 0x2771, 0x2771, 0x2771, 0x2771, 0x2771, 0x2771, 0x2771, 0x2771, 0x2771, \
        0x2771, 0x2771, 0x2771, 0x2771, 0x2771, 0x2771, 0x2771, 0x2771, 0x2771, 0x2771, 0x2771, 0x2771, \
        0x2771, 0x2771, 0x2771, 0x2771, 0x2771, 0x2771, 0x2771, 0x2771, 0x2771, 0x2771, 0x2771, 0x2771, \
        0x2771, 0x2771, 0x2771, 0x2771, 0x2771, 0x2771, 0x2771, 0x2771, 0x2771, 0x2771, 0x2771, 0x2771, \
        0x2771, 0x2771, 0x2771, 0x2771, 0x2771, 0x2771, 0x2771, 0x2771, 0x2771, 0x2771, 0x2771, 0x2771, \
        0x2771, 0x2771, 0x2771, 0x2771, 0x2771, 0x2771, 0x2771, 0x2771, 0x2771, 0x2771, 0x2771, 0x2771, \
        0x2771, 0x2771, 0x2771, 0x2771, 0x2771, 0x2771, 0x2771, 0x2771, 0x2771, 0x2771, 0x2771, 0x2771, \
        0x2771, 0x2771, 0x2771, 0x2771, 0x2771, 0x2771, 0x2771, 0x2771, 0x2771, 0x2771, 0x2771, 0x2771, \
        0x2771, 0x2771, 0x2771, 0x2771, 0x2771, 0x2771, 0x2771, 0x2771, 0x2771, 0x2771, 0x2771, 0x2771, \
        0x2771, 0x2771, 0x2771, 0x2771, 0x2771, 0x2771, 0x2771, 0x2771, 0x2771, 0x2771, 0x2771, 0x2771, \
        0x2771, 0x2771, 0x2771, 0x2771, 0x2771, 0x2771, 0x2771, 0x2771, 0x2771, 0x2771, 0x2771, 0x2771, \
        0x2771, 0x2771, 0x2771, 0x2771, 0x2771, 0x2771, 0x2771, 0x2771, 0x2771, 0x2771, 0x2771, 0x2771, \
        0x2771, 0x2771, 0x2771, 0x2771, 0x2771, 0x2771, 0x2771, 0x2771, 0x2771, 0x2771, 0x2771, 0x2771, \
        0x2771, 0x2771, 0x2771, 0x2771, 0x2771, 0x2771, 0x2771, 0x2771, 0x2771, 0x2771, 0x2771, 0x2771, \
        0x2771, 0x2771, 0x2771, 0x2771, 0x2771, 0x2771, 0x2771, 0x2771, 0x2771, 0x2771, 0x2771, 0x2771, \
        0x2771, 0x2771, 0x2771, 0x2771, 0x2771, 0x2771, 0x2771, 0x2771, 0x2771, 0x2771, 0x2771, 0x2771, \
        0x2771, 0x2771, 0x2771, 0x2771, 0x2771, 0x2771, 0x2771, 0x2771, 0x2771, 0x2771, 0x2771, 0x2771, \
        0x2771, 0x2771, 0x2771, 0x2771, 0x2771, 0x2771, 0x2771, 0x2771, 0x2771, 0x2771, 0x2771, 0x2771, \
        0x2771, 0x2771, 0x2771, 0x2771, 0x2771, 0x2771, 0x2771, 0x2771, 0x2771, 0x2771, 0x2771, 0x2771, \
        0x2771, 0x2771, 0x2771, 0x2771, 0x2771, 0x2771, 0x2771, 0x2771, 0x2771, 0x2771, 0x2771, 0x2771, \
        0x2771, 0x2771, 0x2771, 0x2771, 0x2771, 0x2771, 0x2771, 0x2771, 0x2771, 0x2771, 0x2771, 0x2771, \
        0x2771, 0x2771, 0x2771, 0x2771, 0x2771, 0x2771, 0x2771, 0x2771, 0x2771, 0x2771, 0x2771, 0x2771, \
        0x2771, 0x2771, 0x2771, 0x2771, 0x2771, 0x2771, 0x2771, 0x2771, 0x2771, 0x2771, 0x2771, 0x2771, \
        0x2771, 0x2771, 0x2771, 0x2771, 0x2771, 0x2771, 0x2771, 0x2771, 0x2771, 0x2771, 0x2771, 0x2771, \
        0x2771, 0x2771, 0x2771, 0x2771, 0x2771, 0x2771, 0x2771, 0x2771, 0x2771, 0x2771, 0x2771, 0x2771, \
        0x2771, 0x2771, 0x2771, 0x2771, 0x2771, 0x2771, 0x2771, 0x2771, 0x2771, 0x2771, 0x2771, 0x2771, \
        0x2771, 0x2771, 0x2771, 0x2771, 0x2771, 0x2771, 0x2771, 0x2771, 0x2771, 0x2771, 0x2771, 0x2771, \
        0x2771, 0x2771, 0x2771, 0x2771, 0x2771, 0x2771, 0x2771, 0x2771, 0x2771, 0x2771, 0x2771, 0x2771, \
        0x2771, 0x2771, 0x2771, 0x2771, 0x2771, 0x2771, 0x2771, 0x2771, 0x2771, 0x2771, 0x2771, 0x2771, \
        0x2771, 0x2771, 0x2771, 0x2771, 0x2771, 0x2771, 0x2771, 0x2771, 0x2771, 0x2771, 0x2771, 0x2771, \
        0x2771, 0x2771, 0x2771, 0x2771, 0x2771, 0x2771, 0x2771, 0x2771, 0x2771, 0x2771, 0x2771, 0x2771, \
        0x2771, 0x2771, 0x2771, 0x2771, 0x2771, 0x2771, 0x2771, 0x2771, 0x2771, 0x2771, 0x2771, 0x2771, \
        0x2771, 0x2771, 0x2771, 0x2771, 0x2771, 0x2771, 0x2771, 0x2771, 0x2771, 0x2771, 0x2771, 0x2771, \
        0x2771, 0x2771, 0x2771, 0x2771, 0x2771, 0x2771, 0x2771, 0x2771, 0x2771, 0x2771, 0x2771, 0x2771, \
        0x2771, 0x2771, 0x2771, 0x2771, 0x2771, 0x2771, 0x2771, 0x2771, 0x2771, 0x2771, 0x2771, 0x2771, \
        0x2771, 0x2771, 0x2771, 0x2771, 0x2771, 0x2771, 0x2771, 0x2771, 0x2771, 0x2771, 0x2771, 0x2771, \
        0x2771, 0x2771, 0x2771, 0x2771, 0x2771, 0x2771, 0x2771, 0x2771, 0x2771, 0x2771, 0x2771, 0x2771, \
        0x2771, 0x2771, 0x2771, 0x2771, 0x2771, 0x2771, 0x2771, 0x2771, 0x2771, 0x2771, 0x2771, 0x2771, \
        0x2771, 0x2771, 0x2771, 0x2771, 0x2771, 0x2771, 0x2771, 0x2771, 0x2771, 0x2771, 0x2771, 0x2771, \
        0x2771, 0x2771, 0x2771, 0x2771, 0x2771, 0x2771, 0x2771, 0x2771, 0x2771, 0x2771, 0x2771, 0x2771, \
        0x2771, 0x2771, 0x2771, 0x2771, 0x2771, 0x2771, 0x2771, 0x2771, 0x2771, 0x2771, 0x2771, 0x2771, \
        0x2771, 0x2771, 0x2771, 0x2771, 0x2771, 0x2771, 0x2771, 0x2771, 0x2771, 0x2771, 0x2771, 0x2771, \
        0x2771, 0x2771, 0x2771, 0x2771, 0x2771, 0x2771, 0x2771, 0x2771, 0x2771, 0x2771, 0x2771, 0x2771, \
        0x2771, 0x2771, 0x2771, 0x2771, 0x2771, 0x2771, 0x2771, 0x2771, 0x2771, 0x2771, 0x2771, 0x2771, \
        0x2771, 0x2771, 0x2771, 0x2771, 0x2771, 0x2771, 0x2771, 0x2771, 0x2771, 0x2771, 0x2771, 0x2771, \
        0x2771, 0x2771, 0x2771, 0x2771, 0x2771, 0x2771, 0x2771, 0x2771, 0x2771, 0x2771, 0x2771, 0x2771, \
        0x2771, 0x2771, 0x2771, 0x2771, 0x2771, 0x2771, 0x2771, 0x2771, 0x2771, 0x2771, 0x2771, 0x2771, \
        0x2771, 0x2771, 0x2771, 0x2771, 0x2771, 0x2771, 0x2771, 0x2771, 0x2771, 0x2771, 0x2771, 0x2771, \
        0x2771, 0x2771, 0x2771, 0x2771, 0x2771, 0x2771, 0x2771, 0x2771, 0x2771, 0x2771, 0x2771, 0x2771, \
        0x2771, 0x2771, 0x2771, 0x2771, 0x2771, 0x2771, 0x2771, 0x2771, 0x2771, 0x2771, 0x2771, 0x2771, \
        0x2771, 0x2771, 0x2771, 0x2771, 0x2771, 0x2771, 0x2771, 0x2771, 0x2771, 0x2771, 0x2771, 0x2771, \
        0x2771, 0x2771, 0x2771, 0x2771, 0x2771, 0x2771, 0x2771, 0x2771, 0x2771, 0x2771, 0x2771, 0x2771, \
        0x2771, 0x2771, 0x2771, 0x2771, 0x2771, 0x2771, 0x2771, 0x2771, 0x2771, 0x2771, 0x2771, 0x2771, \
        0x2771, 0x2771, 0x2771, 0x2771, 0x2771, 0x2771, 0x2771, 0x2771, 0x2771, 0x2771, 0x2771, 0x2771, \
        0x2771, 0x2771, 0x2771, 0x2771, 0x2771, 0x2771, 0x2771, 0x2771, 0x2771, 0x2771, 0x2771, 0x2771, \
        0x2771, 0x2771, 0x2771, 0x2771, 0x2771, 0x2771, 0x2771, 0x2771, 0x2771, 0x2771, 0x2771, 0x2771, \
        0x2771, 0x2771, 0x2771, 0x2771, 0x2771, 0x2771, 0x2771, 0x2771, 0x2771, 0x2771, 0x2771, 0x2771, \
        0x2771, 0x2771, 0x2771, 0x2771, 0x2771, 0x2771, 0x2771, 0x2771, 0x2771, 0x2771, 0x2771, 0x2771, \
        0x2771, 0x2771, 0x2771, 0x2771, 0x2771, 0x2771, 0x2771, 0x2771, 0x2771, 0x2771, 0x2771, 0x2771, \
        0x2771, 0x2771, 0x2771, 0x2771, 0x2771, 0x2771, 0x2771, 0x2771, 0x2771, 0x2771, 0x2771, 0x2771, \
        0x2771, 0x2771, 0x2771, 0x2771, 0x2771, 0x2771, 0x2771, 0x2771, 0x2771, 0x2771, 0x2771, 0x2771, \
        0x2771, 0x2771, 0x2771, 0x2771, 0x2771, 0x2771, 0x2771, 0x2771, 0x2771, 0x2771, 0x2771, 0x2771, \
        0x2771, 0x2771, 0x2771, 0x2771, 0x2771, 0x2771, 0x2771, 0x2771, 0x2771, 0x2771, 0x2771, 0x2771, \
        0x2771, 0x2771, 0x2771, 0x2771, 0x2771, 0x2771, 0x2771, 0x2771, 0x2771, 0x2771, 0x2771, 0x2771, \
        0x2771, 0x2771, 0x2771, 0x2771, 0x2771, 0x2771, 0x2771, 0x2771, 0x2771, 0x2771, 0x2771, 0x2771, \
        0x2771, 0x2771, 0x2771, 0x2771, 0x2771, 0x2771, 0x2771, 0x2771, 0x2771, 0x2771, 0x2771, 0x2771, \
        0x2771, 0x2771, 0x2771, 0x2771, 0x2771, 0x2771, 0x2771, 0x2771, 0x2771, 0x2771, 0x2771, 0x2771, \
        0x2771, 0x2771, 0x2771, 0x2771, 0x2771, 0x2771, 0x2771, 0x2771, 0x2771, 0x2771, 0x2771, 0x2771, \
        0x2771, 0x2771, 0x2771, 0x2771, 0x2771, 0x2771, 0x2771, 0x2771, 0x2771, 0x2771, 0x2771, 0x2771, \
        0x2771, 0x2771, 0x2771, 0x2771, 0x2771, 0x2771, 0x2771, 0x2771, 0x2771, 0x2771, 0x2771, 0x2771, \
        0x2771, 0x2771, 0x2771, 0x2771, 0x2771, 0x2771, 0x2771, 0x2771, 0x2771, 0x2771, 0x2771, 0x2771, \
        0x2771, 0x2771, 0x2771, 0x2771, 0x2771, 0x2771, 0x2771, 0x2771, 0x2771, 0x2771, 0x2771, 0x2771, \
        0x2771, 0x2771, 0x2771, 0x2771, 0x2771, 0x2771, 0x2771, 0x2771, 0x2771, 0x2771, 0x2771, 0x2771, \
        0x2771, 0x2771, 0x2771, 0x2771, 0x2771, 0x2771, 0x2771, 0x2771, 0x2771, 0x2771, 0x2771, 0x2771, \
        0x2771, 0x2771, 0x2771, 0x2771, 0x2771, 0x2771, 0x2771, 0x2771, 0x2771, 0x2771, 0x2771, 0x2771, \
        0x2771, 0x2771, 0x2771, 0x2771, 0x2771, 0x2771, 0x2771, 0x2771, 0x2771, 0x2771, 0x2771, 0x2771, \
        0x2771, 0x2771, 0x2771, 0x2771, 0x2771, 0x2771, 0x2771, 0x2771, 0x2771, 0x2771, 0x2771, 0x2771, \
        0x2771, 0x2771, 0x2771, 0x2771, 0x2771, 0x2771, 0x2771, 0x2771, 0x2771, 0x2771, 0x2771, 0x2771, \
        0x2771, 0x2771, 0x2771, 0x2771, 0x2771, 0x2771, 0x2771, 0x2771, 0x2771, 0x2771, 0x2771, 0x2771, \
        0x2771, 0x2771, 0x2771, 0x2771, 0x2771, 0x2771, 0x2771, 0x2771, 0x2771, 0x2771, 0x2771, 0x2771, \
        0x2771, 0x2771, 0x2771, 0x2771, 0x2771, 0x2771, 0x2771, 0x2771, 0x2771, 0x2771, 0x2771, 0x2771, \
        0x2771, 0x2771, 0x2771, 0x2771, 0x2771, 0x2771, 0x2771, 0x2771, 0x2771, 0x2771, 0x2771, 0x2771, \
        0x2771, 0x2771, 0x2771, 0x2771, 0x2771, 0x2771, 0x2771, 0x2771, 0x2771, 0x2771, 0x2771, 0x2771, \
        0x2771, 0x2771, 0x2771, 0x2771, 0x2771, 0x2771, 0x2771, 0x2771, 0x2771, 0x2771, 0x2771, 0x2771, \
        0x2771, 0x2771, 0x2771, 0x2771, 0x2771, 0x2771, 0x2771, 0x2771, 0x2771, 0x2771, 0x2771, 0x2771, \
        0x2771, 0x2771, 0x2771, 0x2771, 0x2771, 0x2771, 0x2771, 0x2771, 0x2771, 0x2771, 0x2771, 0x2771, \
        0x2771, 0x2771, 0x2771, 0x2771, 0x2771, 0x2771, 0x2771, 0x2771, 0x2771, 0x2771, 0x2771, 0x2771, \
        0x2771, 0x2771, 0x2771, 0x2771, 0x2771, 0x2771, 0x2771, 0x2771, 0x2771, 0x2771, 0x2771, 0x2771, \
        0x2771, 0x2771, 0x2771, 0x2771, 0x2771, 0x2771, 0x2771, 0x2771, 0x2771, 0x2771, 0x2771, 0x2771, \
        0x2771, 0x2771, 0x2771, 0x2771, 0x2771, 0x2771, 0x2771, 0x2771, 0x2771, 0x2771, 0x2771, 0x2771, \
        0x2771, 0x2771, 0x2771, 0x2771, 0x2771, 0x2771, 0x2771, 0x2771, 0x2771, 0x2771, 0x2771, 0x2771, \
        0x2771, 0x2771, 0x2771, 0x2771, 0x2771, 0x2771, 0x2771, 0x2771, 0x2771, 0x2771, 0x2771, 0x2771, \
        0x2771, 0x2771, 0x2771, 0x2771, 0x2771, 0x2771, 0x2771, 0x2771, 0x2771, 0x2771, 0x2771, 0x2771, \
        0x2771, 0x2771, 0x2771, 0x2771, 0x2771, 0x2771, 0x2771, 0x2771, 0x2771, 0x2771, 0x2771, 0x2771, \
        0x2771, 0x2771, 0x2771, 0x2771, 0x2771, 0x2771, 0x2771, 0x2771, 0x2771, 0x2771, 0x2771, 0x2771, \
        0x2771, 0x2771, 0x2771, 0x2771, 0x2771, 0x2771, 0x2771, 0x2771, 0x2771, 0x2771, 0x2771, 0x2771, \
        0x2771, 0x2771, 0x2771, 0x2771, 0x2771, 0x2771, 0x2771, 0x2771, 0x2771, 0x2771, 0x2771, 0x2771, \
        0x2771, 0x2771, 0x2771, 0x2771, 0x2771, 0x2771, 0x2771, 0x2771, 0x2771, 0x2771, 0x2771, 0x2771, \
        0x2771, 0x2771, 0x2771, 0x2771, 0x2771, 0x2771, 0x2771, 0x2771, 0x2771, 0x2771, 0x2771, 0x2771, \
        0x2771, 0x2771, 0x2771, 0x2771, 0x2771, 0x2771, 0x2771, 0x2771, 0x2771, 0x2771, 0x2771, 0x2771, \
        0x2771, 0x2771, 0x2771, 0x2771, 0x2771, 0x2771, 0x2771, 0x2771, 0x2771, 0x2771, 0x2771, 0x2771, \
        0x2771, 0x2771, 0x2771, 0x2771, 0x2771, 0x2771, 0x2771, 0x2771, 0x2771, 0x2771, 0x2771, 0x2771, \
        0x2771, 0x2771, 0x2771, 0x2771, 0x2771, 0x2771, 0x2771, 0x2771, 0x2771, 0x2771, 0x2771, 0x2771, \
        0x2771, 0x2771, 0x2771, 0x2771, 0x2771, 0x2771, 0x2771, 0x2771, 0x2771, 0x2771, 0x2771, 0x2771, \
        0x2771, 0x2771, 0x2771, 0x2771, 0x2771, 0x2771, 0x2771, 0x2771, 0x2771, 0x2771, 0x2771, 0x2771, \
        0x2771, 0x2771, 0x2771, 0x2771, 0x2771, 0x2771, 0x2771, 0x2771, 0x2771, 0x2771, 0x2771, 0x2771, \
        0x2771, 0x2771, 0x2771, 0x2771, 0x2771, 0x2771, 0x2771, 0x2771, 0x2771, 0x2771, 0x2771, 0x2771, \
        0x2771, 0x2771, 0x2771, 0x2771, 0x2771, 0x2771, 0x2771, 0x2771, 0x2771, 0x2771, 0x2771, 0x2771, \
        0x2771, 0x2771, 0x2771, 0x2771, 0x2771, 0x2771, 0x2771, 0x2771, 0x2771, 0x2771, 0x2771, 0x2771, \
        0x2771, 0x2771, 0x2771, 0x2771, 0x2771, 0x2771, 0x2771, 0x2771, 0x2771, 0x2771, 0x2771, 0x2771, \
        0x2771, 0x2771, 0x2771, 0x2771, 0x2771, 0x2771, 0x2771, 0x2771, 0x2771, 0x2771, 0x2771, 0x2771, \
        0x2771, 0x2771, 0x2771, 0x2771, 0x2771, 0x2771, 0x2771, 0x2771, 0x2771, 0x2771, 0x2771, 0x2771, \
        0x2771, 0x2771, 0x2771, 0x2771, 0x2771, 0x2771, 0x2771, 0x2771, 0x2771, 0x2771, 0x2771, 0x2771, \
        0x2771, 0x2771, 0x2771, 0x2771, 0x2771, 0x2771, 0x2771, 0x2771, 0x2771, 0x2771, 0x2771, 0x2771, \
        0x2771, 0x2771, 0x2771, 0x2771, 0x2771, 0x2771, 0x2771, 0x2771, 0x2771, 0x2771, 0x2771, 0x2771, \
        0x2771, 0x2771, 0x2771, 0x2771, 0x2771, 0x2771, 0x2771, 0x2771, 0x2771, 0x2771, 0x2771, 0x2771, \
        0x2771, 0x2771, 0x2771, 0x2771, 0x2771, 0x2771, 0x2771, 0x2771, 0x2771, 0x2771, 0x2771, 0x2771, \
        0x2771, 0x2771, 0x2771, 0x2771, 0x2771, 0x2771, 0x2771, 0x2771, 0x2771, 0x2771, 0x2771, 0x2771, \
        0x2771, 0x2771, 0x2771, 0x2771, 0x2771, 0x2771, 0x2771, 0x2771, 0x2771, 0x2771, 0x2771, 0x2771, \
        0x2771, 0x2771, 0x2771, 0x2771, 0x2771, 0x2771, 0x2771, 0x2771, 0x2771, 0x2771, 0x2771, 0x2771, \
        0x2771, 0x2771, 0x2771, 0x2771, 0x2771, 0x2771, 0x2771, 0x2771, 0x2771, 0x2771, 0x2771, 0x2771, \
        0x2771, 0x2771, 0x2771, 0x2771, 0x2771, 0x2771, 0x2771, 0x2771, 0x2771, 0x2771, 0x2771, 0x2771, \
        0x2771, 0x2771, 0x2771, 0x2771, 0x2771, 0x2771, 0x2771, 0x2771, 0x2771, 0x2771, 0x2771, 0x2771, \
        0x2771, 0x2771, 0x2771, 0x2771, 0x2771, 0x2771, 0x2771, 0x2771, 0x2771, 0x2771, 0x2771, 0x2771, \
        0x2771, 0x2771, 0x2771, 0x2771, 0x2771, 0x2771, 0x2771, 0x2771, 0x2771, 0x2771, 0x2771, 0x2771, \
        0x2771, 0x2771, 0x2771, 0x2771, 0x2771, 0x2771, 0x2771, 0x2771, 0x2771, 0x2771, 0x2771, 0x2771, \
        0x2771, 0x2771, 0x2771, 0x2771, 0x2771, 0x2771, 0x2771, 0x2771, 0x2771, 0x2771, 0x2771, 0x2771, \
        0x2771, 0x2771, 0x2771, 0x2771, 0x2771, 0x2771, 0x2771, 0x2771, 0x2771, 0x2771, 0x2771, 0x2771, \
        0x2771, 0x2771, 0x2771, 0x2771, 0x2771, 0x2771, 0x2771, 0x2771, 0x2771, 0x2771, 0x2771, 0x2771, \
        0x2771, 0x2771, 0x2771, 0x2771, 0x2771, 0x2771, 0x2771, 0x2771, 0x2771, 0x2771, 0x2771, 0x2771, \
        0x2771, 0x2771, 0x2771, 0x2771, 0x2771, 0x2771, 0x2771, 0x2771, 0x2771, 0x2771, 0x2771, 0x2771, \
        0x2771, 0x2771, 0x2771, 0x2771, 0x2771, 0x2771, 0x2771, 0x2771, 0x2771, 0x2771, 0x2771, 0x2771, \
        0x2771, 0x2771, 0x2771, 0x2771, 0x2771, 0x2771, 0x2771, 0x2771, 0x2771, 0x2771, 0x2771, 0x2771, \
        0x2771, 0x2771, 0x2771, 0x2771, 0x2771, 0x2771, 0x2771, 0x2771, 0x2771, 0x2771, 0x2771, 0x2771, \
        0x2771, 0x2771, 0x2771, 0x2771, 0x2771, 0x2771, 0x2771, 0x2771, 0x2771, 0x2771, 0x2771, 0x2771, \
        0x2771, 0x2771, 0x2771, 0x2771, 0x2771, 0x2771, 0x2771, 0x2771, 0x2771, 0x2771, 0x2771, 0x2771, \
        0x2771, 0x2771, 0x2771, 0x2771, 0x2771, 0x2771, 0x2771, 0x2771, 0x2771, 0x2771, 0x2771, 0x2771, \
        0x2771, 0x2771, 0x2771, 0x2771, 0x2771, 0x2771, 0x2771, 0x2771, 0x2771, 0x2771, 0x2771, 0x2771, \
        0x2771, 0x2771, 0x2771, 0x2771, 0x2771, 0x2771, 0x2771, 0x2771, 0x2771, 0x2771, 0x2771, 0x2771, \
        0x2771, 0x2771, 0x2771, 0x2771, 0x2771, 0x2771, 0x2771, 0x2771, 0x2771, 0x2771, 0x2771, 0x2771, \
        0x2771, 0x2771, 0x2771, 0x2771, 0x2771, 0x2771, 0x2771, 0x2771, 0x2771, 0x2771, 0x2771, 0x2771, \
        0x2771, 0x2771, 0x2771, 0x2771, 0x2771, 0x2771, 0x2771, 0x2771, 0x2771, 0x2771, 0x2771, 0x2771, \
        0x2771, 0x2771, 0x2771, 0x2771, 0x2771, 0x2771, 0x2771, 0x2771, 0x2771, 0x2771, 0x2771, 0x2771, \
        0x2771, 0x2771, 0x2771, 0x2771, 0x2771, 0x2771, 0x2771, 0x2771, 0x2771, 0x2771, 0x2771, 0x2771, \
        0x2771, 0x2771, 0x2771, 0x2771, 0x2771, 0x2771, 0x2771, 0x2771, 0x2771, 0x2771, 0x2771, 0x2771, \
        0x2771, 0x2771, 0x2771, 0x2771, 0x2771, 0x2771, 0x2771, 0x2771, 0x2771, 0x2771, 0x2771, 0x2771, \
        0x2771, 0x2771, 0x2771, 0x2771, 0x2771, 0x2771, 0x2771, 0x2771, 0x2771, 0x2771, 0x2771, 0x2771, \
        0x2771, 0x2771, 0x2771, 0x2771, 0x2771, 0x2771, 0x2771, 0x2771, 0x2771, 0x2771, 0x2771, 0x2771, \
        0x2771, 0x2771, 0x2771, 0x2771, 0x2771, 0x2771, 0x2771, 0x2771, 0x2771, 0x2771, 0x2771, 0x2771, \
        0x2771, 0x2771, 0x2771, 0x2771, 0x2771, 0x2771, 0x2771, 0x2771, 0x2771, 0x2771, 0x2771, 0x2771, \
        0x2771, 0x2771, 0x2771, 0x2771, 0x2771, 0x2771, 0x2771, 0x2771, 0x2771, 0x2771, 0x2771, 0x2771, \
        0x2771, 0x2771, 0x2771, 0x2771, 0x2771, 0x2771, 0x2771, 0x2771, 0x2771, 0x2771, 0x2771, 0x2771, \
        0x2771, 0x2771, 0x2771, 0x2771, 0x2771, 0x2771, 0x2771, 0x2771, 0x2771, 0x2771, 0x2771, 0x2771, \
        0x2771, 0x2771, 0x2771, 0x2771, 0x2771, 0x2771, 0x2771, 0x2771, 0x2771, 0x2771, 0x2771, 0x2771, \
        0x2771, 0x2771, 0x2771, 0x2771, 0x2771, 0x2771, 0x2771, 0x2771, 0x2771, 0x2771, 0x2771, 0x2771, \
        0x2771, 0x2771, 0x2771, 0x2771, 0x2771, 0x2771, 0x2771, 0x2771, 0x2771, 0x2771, 0x2771, 0x2771, \
        0x2771, 0x2771, 0x2771, 0x2771, 0x2771, 0x2771, 0x2771, 0x2771, 0x2771, 0x2771, 0x2771, 0x2771, \
        0x2771, 0x2771, 0x2771, 0x2771, 0x2771, 0x2771, 0x2771, 0x2771, 0x2771, 0x2771, 0x2771, 0x2771, \
        0x2771, 0x2771, 0x2771, 0x2771, 0x2771, 0x2771, 0x2771, 0x2771, 0x2771, 0x2771, 0x2771, 0x2771, \
        0x2771, 0x2771, 0x2771, 0x2771, 0x2771, 0x2771, 0x2771, 0x2771, 0x2771, 0x2771, 0x2771, 0x2771, \
        0x2771, 0x2771, 0x2771, 0x2771, 0x2771, 0x2771, 0x2771, 0x2771, 0x2771, 0x2771, 0x2771, 0x2771, \
        0x2771, 0x2771, 0x2771, 0x2771, 0x2771, 0x2771, 0x2771, 0x2771, 0x2771, 0x2771, 0x26F0, 0x266F, \
        0x264F, 0x26B0, 0x2751, 0x2771, 0x2771, 0x2771, 0x2771, 0x2771, 0x2771, 0x2771, 0x2771, 0x2771, \
        0x2771, 0x2771, 0x2771, 0x2771, 0x2771, 0x2771, 0x2771, 0x2771, 0x2771, 0x2771, 0x2771, 0x2771, \
        0x2771, 0x2771, 0x2771, 0x2771, 0x2771, 0x2771, 0x2771, 0x2771, 0x2771, 0x2771, 0x2771, 0x2771, \
        0x2771, 0x2771, 0x2771, 0x2771, 0x2771, 0x2771, 0x2771, 0x2771, 0x2771, 0x2771, 0x2771, 0x2771, \
        0x2771, 0x2771, 0x2771, 0x2771, 0x2771, 0x2771, 0x2771, 0x2771, 0x2771, 0x2771, 0x2771, 0x2771, \
        0x2771, 0x2771, 0x2771, 0x2771, 0x2771, 0x2771, 0x2771, 0x2771, 0x2771, 0x2771, 0x2771, 0x2771, \
        0x2771, 0x2771, 0x2771, 0x2771, 0x2771, 0x2771, 0x2771, 0x2771, 0x2771, 0x2771, 0x2771, 0x2771, \
        0x2771, 0x2771, 0x2771, 0x2771, 0x2771, 0x2771, 0x2771, 0x2771, 0x2771, 0x2771, 0x2771, 0x2771, \
        0x2771, 0x2771, 0x2771, 0x2771, 0x2771, 0x2771, 0x2771, 0x2771, 0x2771, 0x2771, 0x2771, 0x2771, \
        0x2771, 0x2771, 0x2771, 0x2771, 0x2771, 0x2771, 0x2771, 0x2771, 0x2771, 0x2771, 0x2771, 0x2771, \
        0x2771, 0x2771, 0x2771, 0x2771, 0x2771, 0x2771, 0x2771, 0x2771, 0x2771, 0x2771, 0x2771, 0x2771, \
        0x2771, 0x2771, 0x2771, 0x2771, 0x2771, 0x2771, 0x2771, 0x2771, 0x2771, 0x2771, 0x2771, 0x2771, \
        0x2771, 0x2771, 0x2771, 0x2771, 0x2771, 0x2771, 0x2771, 0x2771, 0x2771, 0x2771, 0x2771, 0x2771, \
        0x2771, 0x2771, 0x2771, 0x2771, 0x2771, 0x2771, 0x2771, 0x2771, 0x2771, 0x2771, 0x2771, 0x2771, \
        0x2771, 0x2771, 0x2771, 0x2771, 0x2771, 0x2771, 0x2771, 0x2771, 0x2771, 0x2771, 0x2771, 0x2771, \
        0x2771, 0x2771, 0x2771, 0x2771, 0x2771, 0x2771, 0x2771, 0x2771, 0x2771, 0x2771, 0x2771, 0x2771, \
        0x2771, 0x2771, 0x2771, 0x2771, 0x2771, 0x2771, 0x2771, 0x2771, 0x2771, 0x2771, 0x2771, 0x2771, \
        0x2771, 0x2771, 0x2771, 0x2771, 0x2771, 0x2771, 0x2771, 0x2771, 0x2771, 0x2771, 0x2771, 0x2771, \
        0x2771, 0x2771, 0x2771, 0x2771, 0x2771, 0x2771, 0x2771, 0x2771, 0x2771, 0x2771, 0x2771, 0x2771, \
        0x2771, 0x2771, 0x2771, 0x2771, 0x2771, 0x2771, 0x2771, 0x2771, 0x2771, 0x2771, 0x2771, 0x2771, \
        0x2771, 0x2771, 0x2771, 0x2771, 0x2771, 0x2771, 0x2771, 0x2771, 0x2771, 0x2771, 0x2771, 0x2771, \
        0x2771, 0x2771, 0x2771, 0x2771, 0x2771, 0x2771, 0x2771, 0x2771, 0x2771, 0x2771, 0x2771, 0x2771, \
        0x2771, 0x2771, 0x2771, 0x2771, 0x2771, 0x2771, 0x2771, 0x2771, 0x2771, 0x2771, 0x2771, 0x2771, \
        0x2771, 0x2771, 0x2771, 0x2771, 0x2771, 0x2771, 0x2771, 0x2771, 0x2771, 0x2771, 0x2771, 0x2771, \
        0x2771, 0x2771, 0x2771, 0x2771, 0x2771, 0x2771, 0x2771, 0x2771, 0x2771, 0x2771, 0x2771, 0x2771, \
        0x2771, 0x2771, 0x2771, 0x2771, 0x2771, 0x2771, 0x2771, 0x2771, 0x2771, 0x2771, 0x2771, 0x2771, \
        0x2771, 0x2771, 0x2771, 0x2771, 0x1D4D, 0x0AA8, 0x0105, 0x0064, 0x0044, 0x00A5, 0x0A27, 0x14AC, \
        0x2731, 0x2771, 0x2771, 0x2771, 0x2771, 0x2771, 0x2771, 0x2771, 0x2771, 0x2771, 0x2771, 0x2771, \
        0x2771, 0x2771, 0x2771, 0x2771, 0x2771, 0x2771, 0x2771, 0x2771, 0x2771, 0x2771, 0x2771, 0x2771, \
        0x2771, 0x2771, 0x2771, 0x2771, 0x2771, 0x2771, 0x2771, 0x2771, 0x2771, 0x2771, 0x2771, 0x2771, \
        0x2771, 0x2771, 0x2771, 0x2771, 0x2771, 0x2771, 0x2771, 0x2771, 0x2771, 0x2771, 0x2771, 0x2771, \
        0x2771, 0x2771, 0x2771, 0x2771, 0x2771, 0x2771, 0x2771, 0x2771, 0x2771, 0x2771, 0x2771, 0x2771, \
        0x2771, 0x2771, 0x2771, 0x2771, 0x2771, 0x2771, 0x2771, 0x2771, 0x2771, 0x2771, 0x2771, 0x2771, \
        0x2771, 0x2771, 0x2771, 0x2771, 0x2771, 0x2771, 0x2771, 0x2771, 0x2771, 0x2771, 0x2771, 0x2771, \
        0x2771, 0x2771, 0x2771, 0x2771, 0x2771, 0x2771, 0x2771, 0x2771, 0x2771, 0x2771, 0x2771, 0x2771, \
        0x2771, 0x2771, 0x2771, 0x2771, 0x2771, 0x2771, 0x2771, 0x2771, 0x2771, 0x2771, 0x2771, 0x2771, \
        0x2771, 0x2771, 0x2771, 0x2771, 0x2771, 0x2771, 0x2771, 0x2771, 0x2771, 0x2771, 0x2771, 0x2771, \
        0x2771, 0x2771, 0x2771, 0x2771, 0x2771, 0x2771, 0x2771, 0x2771, 0x2771, 0x2771, 0x2771, 0x2771, \
        0x2771, 0x2771, 0x2771, 0x2771, 0x2771, 0x2771, 0x2771, 0x2771, 0x2771, 0x2771, 0x2771, 0x2771, \
        0x2771, 0x2771, 0x2771, 0x2771, 0x2771, 0x2771, 0x2771, 0x2771, 0x2771, 0x2771, 0x2771, 0x2771, \
        0x2771, 0x2771, 0x2771, 0x2771, 0x2771, 0x2771, 0x2771, 0x2771, 0x2771, 0x2771, 0x2771, 0x2771, \
        0x2771, 0x2771, 0x2771, 0x2771, 0x2771, 0x2771, 0x2771, 0x2771, 0x2771, 0x2771, 0x2771, 0x2771, \
        0x2771, 0x2771, 0x2771, 0x2771, 0x2771, 0x2771, 0x2771, 0x2771, 0x2771, 0x2771, 0x2771, 0x2771, \
        0x2771, 0x2771, 0x2771, 0x2771, 0x2771, 0x2771, 0x2771, 0x2771, 0x2771, 0x2771, 0x2771, 0x2771, \
        0x2771, 0x2771, 0x2771, 0x2771, 0x2771, 0x2771, 0x2771, 0x2771, 0x2771, 0x2771, 0x2771, 0x2771, \
        0x2771, 0x2771, 0x2771, 0x2771, 0x2771, 0x2771, 0x2771, 0x2771, 0x2771, 0x2771, 0x2771, 0x2771, \
        0x2771, 0x2771, 0x2771, 0x2771, 0x2771, 0x2771, 0x2771, 0x2771, 0x2771, 0x2771, 0x2771, 0x2771, \
        0x2771, 0x2771, 0x2771, 0x2771, 0x2771, 0x2771, 0x2771, 0x2771, 0x2771, 0x2771, 0x2771, 0x2771, \
        0x2771, 0x2771, 0x2771, 0x2771, 0x2771, 0x2771, 0x2771, 0x2771, 0x2771, 0x2771, 0x2771, 0x2771, \
        0x2771, 0x2771, 0x2771, 0x2771, 0x2771, 0x2771, 0x2771, 0x2771, 0x2771, 0x2771, 0x2771, 0x2771, \
        0x2771, 0x2771, 0x2771, 0x2771, 0x2771, 0x2771, 0x2771, 0x2771, 0x2771, 0x2771, 0x2771, 0x2771, \
        0x2771, 0x2771, 0x2771, 0x2771, 0x2771, 0x2771, 0x2771, 0x2771, 0x2771, 0x2771, 0x2771, 0x2771, \
        0x2771, 0x2771, 0x2771, 0x2771, 0x2771, 0x2771, 0x2771, 0x2771, 0x2771, 0x2771, 0x26B0, 0x0AC8, \
        0x2128, 0x73AF, 0x7BD0, 0x9D95, 0x9DB5, 0x8432, 0x7BD0, 0x2127, 0x0A07, 0x1E4F, 0x2771, 0x2771, \
        0x2771, 0x2771, 0x2771, 0x2771, 0x2771, 0x2771, 0x2771, 0x2771, 0x2771, 0x2771, 0x2771, 0x2771, \
        0x2771, 0x2771, 0x2771, 0x2771, 0x2771, 0x2771, 0x2771, 0x2771, 0x2771, 0x2771, 0x2771, 0x2771, \
        0x2771, 0x2771, 0x2771, 0x2771, 0x2771, 0x2771, 0x2771, 0x2771, 0x2771, 0x2771, 0x2771, 0x2771, \
        0x2771, 0x2771, 0x2771, 0x2771, 0x2771, 0x2771, 0x2771, 0x2771, 0x2771, 0x2771, 0x2771, 0x2771, \
        0x2771, 0x2771, 0x2771, 0x2771, 0x2771, 0x2771, 0x2771, 0x2771, 0x2771, 0x2771, 0x2771, 0x2771, \
        0x2771, 0x2771, 0x2771, 0x2771, 0x2771, 0x2771, 0x2771, 0x2771, 0x2771, 0x2771, 0x2771, 0x2771, \
        0x2771, 0x2771, 0x2771, 0x2771, 0x2771, 0x2771, 0x2771, 0x2771, 0x2771, 0x2771, 0x2771, 0x2771, \
        0x2771, 0x2771, 0x2771, 0x2771, 0x2771, 0x2771, 0x2771, 0x2771, 0x2771, 0x2771, 0x2771, 0x2771, \
        0x2771, 0x2771, 0x2771, 0x2771, 0x2771, 0x2771, 0x2771, 0x2771, 0x2771, 0x2771, 0x2771, 0x2771, \
        0x2771, 0x2771, 0x2771, 0x2771, 0x2771, 0x2771, 0x2771, 0x2771, 0x2771, 0x2771, 0x2771, 0x2771, \
        0x2771, 0x2771, 0x2771, 0x2771, 0x2771, 0x2771, 0x2771, 0x2771, 0x2771, 0x2771, 0x2771, 0x2771, \
        0x2771, 0x2771, 0x2771, 0x2771, 0x2771, 0x2771, 0x2771, 0x2771, 0x2771, 0x2771, 0x2771, 0x2771, \
        0x2771, 0x2771, 0x2771, 0x2771, 0x2771, 0x2771, 0x2771, 0x2771, 0x2771, 0x2771, 0x2771, 0x2771, \
        0x2771, 0x2771, 0x2771, 0x2771, 0x2771, 0x2771, 0x2771, 0x2771, 0x2771, 0x2771, 0x2771, 0x2771, \
        0x2771, 0x2771, 0x2771, 0x2771, 0x2771, 0x2771, 0x2771, 0x2771, 0x2771, 0x2771, 0x2771, 0x2771, \
        0x2771, 0x2771, 0x2771, 0x2771, 0x2771, 0x2771, 0x2771, 0x2771, 0x2771, 0x2771, 0x2771, 0x2771, \
        0x2771, 0x2771, 0x2771, 0x2771, 0x2771, 0x2771, 0x2771, 0x2771, 0x2771, 0x2771, 0x2771, 0x2771, \
        0x2771, 0x2771, 0x2771, 0x2771, 0x2771, 0x2771, 0x2771, 0x2771, 0x2771, 0x2771, 0x2771, 0x2771, \
        0x2771, 0x2771, 0x2771, 0x2771, 0x2771, 0x2771, 0x2771, 0x2771, 0x2771, 0x2771, 0x2771, 0x2771, \
        0x2771, 0x2771, 0x2771, 0x2771, 0x2771, 0x2771, 0x2771, 0x2771, 0x2771, 0x2771, 0x2771, 0x2771, \
        0x2771, 0x2771, 0x2771, 0x2771, 0x2771, 0x2771, 0x2771, 0x2771, 0x2771, 0x2771, 0x2771, 0x2771, \
        0x2771, 0x2771, 0x2771, 0x2771, 0x2771, 0x2771, 0x2771, 0x2771, 0x2771, 0x2771, 0x2771, 0x2771, \
        0x2771, 0x2771, 0x2771, 0x2771, 0x2771, 0x2771, 0x2771, 0x2771, 0x2771, 0x2771, 0x2771, 0x2771, \
        0x2771, 0x2771, 0x2771, 0x2771, 0x2771, 0x2771, 0x2771, 0x2771, 0x2771, 0x2771, 0x2771, 0x2771, \
        0x2771, 0x2771, 0x2771, 0x2771, 0x2771, 0x2771, 0x2771, 0x2771, 0x2771, 0x2771, 0x2771, 0x2771, \
        0x2771, 0x2771, 0x2771, 0x2771, 0x2771, 0x266F, 0x01A6, 0x2127, 0xB5F7, 0xFFFF, 0xFFFF, 0xFFFF, \
        0xFFFF, 0xFFFF, 0xFFFF, 0xBE58, 0x2126, 0x0146, 0x264F, 0x2771, 0x2771, 0x2771, 0x2771, 0x2771, \
        0x2771, 0x2771, 0x2771, 0x2771, 0x2771, 0x2771, 0x2771, 0x2771, 0x2771, 0x2771, 0x2771, 0x2771, \
        0x2771, 0x2771, 0x2751, 0x26D0, 0x268F, 0x26B0, 0x2731, 0x2771, 0x2771, 0x2771, 0x2771, 0x2771, \
        0x2771, 0x2771, 0x2771, 0x2771, 0x2771, 0x2771, 0x2771, 0x2771, 0x2771, 0x2771, 0x2771, 0x2771, \
        0x2771, 0x2771, 0x2771, 0x2771, 0x2771, 0x2771, 0x2771, 0x2771, 0x2771, 0x2771, 0x2771, 0x2771, \
        0x2771, 0x2771, 0x2771, 0x2771, 0x2771, 0x2771, 0x2771, 0x2771, 0x2771, 0x2771, 0x2771, 0x2771, \
        0x2771, 0x2771, 0x2771, 0x2771, 0x2771, 0x2771, 0x2771, 0x2771, 0x2771, 0x2771, 0x2771, 0x2771, \
        0x2771, 0x2771, 0x2771, 0x2771, 0x2771, 0x2771, 0x2771, 0x2771, 0x2771, 0x2771, 0x2771, 0x2771, \
        0x2771, 0x2771, 0x2771, 0x2771, 0x2771, 0x2771, 0x2771, 0x2771, 0x2771, 0x2771, 0x2771, 0x2771, \
        0x2771, 0x2771, 0x2771, 0x2771, 0x2771, 0x2771, 0x2771, 0x2771, 0x2771, 0x2771, 0x2771, 0x2771, \
        0x2771, 0x2771, 0x2771, 0x2771, 0x2771, 0x2771, 0x2771, 0x2771, 0x2771, 0x2771, 0x2771, 0x2771, \
        0x2771, 0x2771, 0x2771, 0x2771, 0x2771, 0x2771, 0x2771, 0x2771, 0x2771, 0x2771, 0x2771, 0x2771, \
        0x2771, 0x2771, 0x2771, 0x2771, 0x2771, 0x2771, 0x2771, 0x2771, 0x2771, 0x2771, 0x2771, 0x2771, \
        0x2771, 0x2771, 0x2771, 0x2771, 0x2771, 0x2771, 0x2771, 0x2771, 0x2771, 0x2771, 0x2771, 0x2771, \
        0x2771, 0x2771, 0x2771, 0x2771, 0x2771, 0x2771, 0x2771, 0x2771, 0x2771, 0x2771, 0x2771, 0x2771, \
        0x2771, 0x2771, 0x2771, 0x2771, 0x2771, 0x2771, 0x2771, 0x2771, 0x2771, 0x2771, 0x2771, 0x2771, \
        0x2771, 0x2771, 0x2771, 0x2771, 0x2771, 0x2771, 0x2771, 0x2771, 0x2771, 0x2771, 0x2771, 0x2771, \
        0x2771, 0x2771, 0x2771, 0x2771, 0x2771, 0x2771, 0x2771, 0x2771, 0x2771, 0x2771, 0x2771, 0x2771, \
        0x2771, 0x2771, 0x2771, 0x2771, 0x2771, 0x2771, 0x2771, 0x2771, 0x2771, 0x2771, 0x2771, 0x2771, \
        0x2771, 0x2771, 0x2771, 0x2771, 0x2771, 0x2771, 0x2771, 0x2771, 0x2771, 0x2771, 0x2771, 0x2771, \
        0x2771, 0x2771, 0x2771, 0x2771, 0x2771, 0x2771, 0x2771, 0x2771, 0x2771, 0x2771, 0x2771, 0x2771, \
        0x2771, 0x2771, 0x2771, 0x2771, 0x2771, 0x2771, 0x2771, 0x2771, 0x2771, 0x2771, 0x2771, 0x2771, \
        0x2771, 0x2771, 0x2771, 0x2771, 0x2771, 0x2771, 0x2771, 0x2771, 0x2771, 0x2771, 0x2771, 0x2771, \
        0x2771, 0x2771, 0x2771, 0x2771, 0x2771, 0x2771, 0x2771, 0x2771, 0x2771, 0x2771, 0x2771, 0x2771, \
        0x2771, 0x2771, 0x2771, 0x2771, 0x2771, 0x2771, 0x2771, 0x2771, 0x2771, 0x2771, 0x2771, 0x2771, \
        0x2771, 0x2771, 0x2771, 0x2771, 0x2771, 0x2771, 0x2771, 0x2771, 0x2771, 0x2771, 0x2771, 0x2771, \
        0x26D0, 0x01A6, 0x2127, 0xCEFB, 0xFFFF, 0xFFFF, 0xFFFF, 0xFFFF, 0xFFFF, 0xFFFF, 0xFFFF, 0xFFFF, \
        0xDF5C, 0x2127, 0x0A07, 0x2731, 0x2771, 0x2771, 0x2771, 0x2771, 0x2771, 0x2771, 0x2771, 0x2771, \
        0x2771, 0x2771, 0x2771, 0x2771, 0x2771, 0x2771, 0x2771, 0x2771, 0x26D0, 0x13EA, 0x09C6, 0x0084, \
        0x0064, 0x0085, 0x01A6, 0x13AA, 0x266F, 0x2771, 0x2771, 0x2771, 0x2771, 0x2771, 0x2771, 0x2771, \
        0x2771, 0x2771, 0x2771, 0x2771, 0x2771, 0x2771, 0x2771, 0x2771, 0x2771, 0x2771, 0x2771, 0x2771, \
        0x2771, 0x2771, 0x2771, 0x2771, 0x2771, 0x2771, 0x2771, 0x2771, 0x2771, 0x2771, 0x2771, 0x2771, \
        0x2771, 0x2771, 0x2771, 0x2771, 0x2771, 0x2771, 0x2771, 0x2771, 0x2771, 0x2771, 0x2771, 0x2771, \
        0x2771, 0x2771, 0x2771, 0x2771, 0x2771, 0x2771, 0x2771, 0x2771, 0x2771, 0x2771, 0x2771, 0x2771, \
        0x2771, 0x2771, 0x2771, 0x2771, 0x2771, 0x2771, 0x2771, 0x2771, 0x2771, 0x2771, 0x2771, 0x2771, \
        0x2771, 0x2771, 0x2771, 0x2771, 0x2771, 0x2771, 0x2771, 0x2771, 0x2771, 0x2771, 0x2771, 0x2771, \
        0x2771, 0x2771, 0x2771, 0x2771, 0x2771, 0x2771, 0x2771, 0x2771, 0x2771, 0x2771, 0x2771, 0x2771, \
        0x2771, 0x2771, 0x2771, 0x2771, 0x2771, 0x2771, 0x2771, 0x2771, 0x2771, 0x2771, 0x2771, 0x2771, \
        0x2771, 0x2771, 0x2771, 0x2771, 0x2771, 0x2771, 0x2771, 0x2771, 0x2771, 0x2771, 0x2771, 0x2771, \
        0x2771, 0x2771, 0x2771, 0x2771, 0x2771, 0x2771, 0x2771, 0x2771, 0x2771, 0x2771, 0x2771, 0x2771, \
        0x2771, 0x2771, 0x2771, 0x2771, 0x2771, 0x2771, 0x2771, 0x2771, 0x2771, 0x2771, 0x2771, 0x2771, \
        0x2771, 0x2771, 0x2771, 0x2771, 0x2771, 0x2771, 0x2771, 0x2771, 0x2771, 0x2771, 0x2771, 0x2771, \
        0x2771, 0x2771, 0x2771, 0x2771, 0x2771, 0x2771, 0x2771, 0x2771, 0x2771, 0x2771, 0x2771, 0x2771, \
        0x2771, 0x2771, 0x2771, 0x2771, 0x2771, 0x2771, 0x2771, 0x2771, 0x2771, 0x2771, 0x2771, 0x2771, \
        0x2771, 0x2771, 0x2771, 0x2771, 0x2771, 0x2771, 0x2771, 0x2771, 0x2771, 0x2771, 0x2771, 0x2771, \
        0x2771, 0x2771, 0x2771, 0x2771, 0x2771, 0x2771, 0x2771, 0x2771, 0x2771, 0x2771, 0x2771, 0x2771, \
        0x2771, 0x2771, 0x2771, 0x2771, 0x2771, 0x2771, 0x2771, 0x2771, 0x2771, 0x2771, 0x2771, 0x2771, \
        0x2771, 0x2771, 0x2771, 0x2771, 0x2771, 0x2771, 0x2771, 0x2771, 0x2771, 0x2771, 0x2771, 0x2771, \
        0x2771, 0x2771, 0x2771, 0x2771, 0x2771, 0x2771, 0x2771, 0x2771, 0x2771, 0x2771, 0x2771, 0x2771, \
        0x2771, 0x2771, 0x2771, 0x2771, 0x2771, 0x2771, 0x2771, 0x2771, 0x2771, 0x2771, 0x2771, 0x2771, \
        0x2771, 0x2771, 0x2771, 0x2771, 0x2771, 0x2771, 0x2771, 0x2771, 0x2771, 0x2771, 0x2771, 0x2771, \
        0x2771, 0x2771, 0x2771, 0x2771, 0x2771, 0x2771, 0x2771, 0x2771, 0x2771, 0x2771, 0x2771, 0x2771, \
        0x2771, 0x2771, 0x2771, 0x2771, 0x2771, 0x2771, 0x2771, 0x2751, 0x0A88, 0x2127, 0xCEDA, 0xFFFF, \
        0xFFFF, 0xFFFF, 0xFFFF, 0xFFFF, 0xFFFF, 0xFFFF, 0xFFFF, 0xFFFF, 0xFFFF, 0xBE58, 0x2127, 0x14AC, \
        0x2771, 0x2771, 0x2771, 0x2771, 0x2771, 0x2771, 0x2771, 0x2771, 0x2771, 0x2771, 0x2771, 0x2771, \
        0x2771, 0x2771, 0x2771, 0x1D2D, 0x0145, 0x2127, 0x73AF, 0x8CD3, 0x9D95, 0x8CF3, 0x7BD0, 0x2127, \
        0x00A4, 0x142B, 0x2771, 0x2771, 0x2771, 0x2771, 0x2771, 0x2771, 0x2771, 0x2771, 0x2771, 0x2771, \
        0x2771, 0x2771, 0x2771, 0x2771, 0x2771, 0x2771, 0x2771, 0x2771, 0x2771, 0x2771, 0x2771, 0x2771, \
        0x2771, 0x2771, 0x2771, 0x2771, 0x2771, 0x2771, 0x2771, 0x2771, 0x2771, 0x2771, 0x2771, 0x2771, \
        0x2771, 0x2771, 0x2771, 0x2771, 0x2771, 0x2771, 0x2771, 0x2771, 0x2771, 0x2771, 0x2771, 0x2771, \
        0x2771, 0x2771, 0x2771, 0x2771, 0x2771, 0x2771, 0x2771, 0x2771, 0x2771, 0x2771, 0x2771, 0x2771, \
        0x2771, 0x2771, 0x2771, 0x2771, 0x2771, 0x2771, 0x2771, 0x2771, 0x2771, 0x2771, 0x2771, 0x2771, \
        0x2771, 0x2771, 0x2771, 0x2771, 0x2771, 0x2771, 0x2771, 0x2771, 0x2771, 0x2771, 0x2771, 0x2771, \
        0x2771, 0x2771, 0x2771, 0x2771, 0x2771, 0x2771, 0x2771, 0x2771, 0x2771, 0x2771, 0x2771, 0x2771, \
        0x2771, 0x2771, 0x2771, 0x2771, 0x2771, 0x2771, 0x2771, 0x2771, 0x2771, 0x2771, 0x2771, 0x2771, \
        0x2771, 0x2771, 0x2771, 0x2771, 0x2771, 0x2771, 0x2771, 0x2771, 0x2771, 0x2771, 0x2771, 0x2771, \
        0x2771, 0x2771, 0x2771, 0x2771, 0x2771, 0x2771, 0x2771, 0x2771, 0x2771, 0x2771, 0x2771, 0x2771, \
        0x2771, 0x2771, 0x2771, 0x2771, 0x2771, 0x2771, 0x2771, 0x2771, 0x2771, 0x2771, 0x2771, 0x2771, \
        0x2771, 0x2771, 0x2771, 0x2771, 0x2771, 0x2771, 0x2771, 0x2771, 0x2771, 0x2771, 0x2771, 0x2771, \
        0x2771, 0x2771, 0x2771, 0x2771, 0x2771, 0x2771, 0x2771, 0x2771, 0x2771, 0x2771, 0x2771, 0x2771, \
        0x2771, 0x2771, 0x2771, 0x2771, 0x2771, 0x2771, 0x2771, 0x2771, 0x2771, 0x2771, 0x2771, 0x2771, \
        0x2771, 0x2771, 0x2771, 0x2771, 0x2771, 0x2771, 0x2771, 0x2771, 0x2771, 0x2771, 0x2771, 0x2771, \
        0x2771, 0x2771, 0x2771, 0x2771, 0x2771, 0x2771, 0x2771, 0x2771, 0x2771, 0x2771, 0x2771, 0x2771, \
        0x2771, 0x2771, 0x2771, 0x2771, 0x2771, 0x2771, 0x2771, 0x2771, 0x2771, 0x2771, 0x2771, 0x2771, \
        0x2771, 0x2771, 0x2771, 0x2771, 0x2771, 0x2771, 0x2771, 0x2771, 0x2771, 0x2771, 0x2771, 0x2771, \
        0x2771, 0x2771, 0x2771, 0x2771, 0x2771, 0x2771, 0x2771, 0x2771, 0x2771, 0x2771, 0x2771, 0x2771, \
        0x2771, 0x2771, 0x2771, 0x2771, 0x2771, 0x2771, 0x2771, 0x2771, 0x2771, 0x2771, 0x2771, 0x2771, \
        0x2771, 0x2771, 0x2771, 0x2771, 0x2771, 0x2771, 0x2771, 0x2771, 0x2771, 0x2771, 0x2771, 0x2771, \
        0x2771, 0x2771, 0x2771, 0x2771, 0x2771, 0x2771, 0x2771, 0x2771, 0x2771, 0x2771, 0x2771, 0x2771, \
        0x2771, 0x2771, 0x2771, 0x1369, 0x2127, 0xA556, 0xFFFF, 0xFFFF, 0xFFFF, 0xFFFF, 0xFFFF, 0xFFFF, \
        0xFFFF, 0xFFFF, 0xFFFF, 0xFFFF, 0xFFFF, 0xFFFF, 0x7BD0, 0x0A48, 0x2771, 0x2771, 0x2771, 0x2771, \
        0x2771, 0x2771, 0x2771, 0x2771, 0x2771, 0x2771, 0x2771, 0x2771, 0x2771, 0x2771, 0x146B, 0x2168, \
        0x7BD0, 0xDF5C, 0xFFFF, 0xFFFF, 0xFFFF, 0xFFFF, 0xFFFF, 0xEF9D, 0x73AF, 0x2128, 0x13AA, 0x2771, \
        0x2771, 0x2771, 0x2771, 0x2771, 0x2771, 0x2771, 0x2771, 0x2771, 0x2771, 0x2771, 0x2771, 0x2771, \
        0x2771, 0x2771, 0x2771, 0x2771, 0x2771, 0x2771, 0x2771, 0x2771, 0x2771, 0x2771, 0x2771, 0x2771, \
        0x2771, 0x2771, 0x2771, 0x2771, 0x2771, 0x2771, 0x2771, 0x2771, 0x2771, 0x2771, 0x2771, 0x2771, \
        0x2771, 0x2771, 0x2771, 0x2771, 0x2771, 0x2771, 0x2771, 0x2771, 0x2771, 0x2771, 0x2771, 0x2771, \
        0x2771, 0x2771, 0x2771, 0x2771, 0x2771, 0x2771, 0x2771, 0x2771, 0x2771, 0x2771, 0x2771, 0x2771, \
        0x2771, 0x2771, 0x2771, 0x2771, 0x2771, 0x2771, 0x2771, 0x2771, 0x2771, 0x2771, 0x2771, 0x2771, \
        0x2771, 0x2771, 0x2771, 0x2771, 0x2771, 0x2771, 0x2771, 0x2771, 0x2771, 0x2771, 0x2771, 0x2771, \
        0x2771, 0x2771, 0x2771, 0x2771, 0x2771, 0x2771, 0x2771, 0x2771, 0x2771, 0x2771, 0x2771, 0x2771, \
        0x2771, 0x2771, 0x2771, 0x2771, 0x2771, 0x2771, 0x2771, 0x2771, 0x2771, 0x2771, 0x2771, 0x2771, \
        0x2771, 0x2771, 0x2771, 0x2771, 0x2771, 0x2771, 0x2771, 0x2771, 0x2771, 0x2771, 0x2771, 0x2771, \
        0x2771, 0x2771, 0x2771, 0x2771, 0x2771, 0x2771, 0x2771, 0x2771, 0x2771, 0x2771, 0x2771, 0x2771, \
        0x2771, 0x2771, 0x2771, 0x2771, 0x2771, 0x2771, 0x2771, 0x2771, 0x2771, 0x2771, 0x2771, 0x2771, \
        0x2771, 0x2771, 0x2771, 0x2771, 0x2771, 0x2771, 0x2771, 0x2771, 0x2771, 0x2771, 0x2771, 0x2771, \
        0x2771, 0x2771, 0x2771, 0x2771, 0x2771, 0x2771, 0x2771, 0x2771, 0x2771, 0x2771, 0x2771, 0x2771, \
        0x2771, 0x2771, 0x2771, 0x2771, 0x2771, 0x2771, 0x2771, 0x2771, 0x2771, 0x2771, 0x2771, 0x2771, \
        0x2771, 0x2771, 0x2771, 0x2771, 0x2771, 0x2771, 0x2771, 0x2771, 0x2771, 0x2771, 0x2771, 0x2771, \
        0x2771, 0x2771, 0x2771, 0x2771, 0x2771, 0x2771, 0x2771, 0x2771, 0x2771, 0x2771, 0x2771, 0x2771, \
        0x2771, 0x2771, 0x2771, 0x2771, 0x2771, 0x2771, 0x2771, 0x2771, 0x2771, 0x2771, 0x2771, 0x2771, \
        0x2771, 0x2771, 0x2771, 0x2771, 0x2771, 0x2771, 0x2771, 0x2771, 0x2771, 0x2771, 0x2771, 0x2771, \
        0x2771, 0x2771, 0x2771, 0x2771, 0x2771, 0x2771, 0x2771, 0x2771, 0x2771, 0x2771, 0x2771, 0x2771, \
        0x2771, 0x2771, 0x2771, 0x2771, 0x2771, 0x2771, 0x2771, 0x2771, 0x2771, 0x2771, 0x2771, 0x2771, \
        0x2771, 0x2771, 0x2771, 0x2771, 0x2771, 0x2771, 0x2771, 0x2771, 0x2771, 0x2771, 0x2771, 0x2771, \
        0x2771, 0x2771, 0x2771, 0x2771, 0x2771, 0x2771, 0x2771, 0x2771, 0x2771, 0x2771, 0x142B, 0x2128, \
        0x9CD4, 0xFFFF, 0xFFFF, 0xFFFF, 0xFFFF, 0xFFFF, 0xFFFF, 0xFFFF, 0xFFFF, 0xFFFF, 0xFFFF, 0xFFFF, \
        0xFFFF, 0xFFFF, 0x7BD1, 0x0105, 0x26D0, 0x2771, 0x2771, 0x2771, 0x2771, 0x2771, 0x2771, 0x2771, \
        0x2771, 0x2771, 0x2771, 0x2771, 0x2771, 0x1D2D, 0x2188, 0x94B3, 0xFFFF, 0xFFFF, 0xFFFF, 0xFFFF, \
        0xFFFF, 0xFFFF, 0xFFFF, 0xFFFF, 0xFFFF, 0x9CF5, 0x2129, 0x146B, 0x2771, 0x2771, 0x2771, 0x2771, \
        0x2771, 0x2771, 0x2771, 0x2771, 0x2771, 0x2771, 0x2771, 0x2771, 0x2771, 0x2771, 0x2771, 0x2771, \
        0x2771, 0x2771, 0x2771, 0x2771, 0x2771, 0x2771, 0x2771, 0x2771, 0x2771, 0x2771, 0x2771, 0x2771, \
        0x2771, 0x2771, 0x2771, 0x2771, 0x2771, 0x2771, 0x2771, 0x2771, 0x2771, 0x2771, 0x2771, 0x2771, \
        0x2771, 0x2771, 0x2771, 0x2771, 0x2771, 0x2771, 0x2771, 0x2771, 0x2771, 0x2771, 0x2771, 0x2771, \
        0x2771, 0x2771, 0x2771, 0x2771, 0x2771, 0x2771, 0x2771, 0x2771, 0x2771, 0x2771, 0x2771, 0x2771, \
        0x2771, 0x2771, 0x2771, 0x2771, 0x2771, 0x2771, 0x2771, 0x2771, 0x2771, 0x2771, 0x2771, 0x2771, \
        0x2771, 0x2771, 0x2771, 0x2771, 0x2771, 0x2771, 0x2771, 0x2771, 0x2771, 0x2771, 0x2771, 0x2771, \
        0x2771, 0x2771, 0x2771, 0x2771, 0x2771, 0x2771, 0x2771, 0x2771, 0x2771, 0x2771, 0x2771, 0x2771, \
        0x2771, 0x2771, 0x2771, 0x2771, 0x2771, 0x2771, 0x2771, 0x2771, 0x2771, 0x2771, 0x2771, 0x2771, \
        0x2771, 0x2771, 0x2771, 0x2771, 0x2771, 0x2771, 0x2771, 0x2771, 0x2771, 0x2771, 0x2771, 0x2771, \
        0x2771, 0x2771, 0x2771, 0x2771, 0x2771, 0x2771, 0x2771, 0x2771, 0x2771, 0x2771, 0x2771, 0x2771, \
        0x2771, 0x2771, 0x2771, 0x2771, 0x2771, 0x2771, 0x2771, 0x2771, 0x2771, 0x2771, 0x2771, 0x2771, \
        0x2771, 0x2771, 0x2771, 0x2771, 0x2771, 0x2771, 0x2771, 0x2771, 0x2771, 0x2771, 0x2771, 0x2771, \
        0x2771, 0x2771, 0x2771, 0x2771, 0x2771, 0x2771, 0x2771, 0x2771, 0x2771, 0x2771, 0x2771, 0x2771, \
        0x2771, 0x2771, 0x2771, 0x2771, 0x2771, 0x2771, 0x2771, 0x2771, 0x2771, 0x2771, 0x2771, 0x2771, \
        0x2771, 0x2771, 0x2771, 0x2771, 0x2771, 0x2771, 0x2771, 0x2771, 0x2771, 0x2771, 0x2771, 0x2771, \
        0x2771, 0x2771, 0x2771, 0x2771, 0x2771, 0x2771, 0x2771, 0x2771, 0x2771, 0x2771, 0x2771, 0x2771, \
        0x2771, 0x2771, 0x2771, 0x2771, 0x2771, 0x2771, 0x2771, 0x2771, 0x2771, 0x2771, 0x2771, 0x2771, \
        0x2771, 0x2771, 0x2771, 0x2771, 0x2771, 0x2771, 0x2771, 0x2771, 0x2771, 0x2771, 0x2771, 0x2771, \
        0x2771, 0x2771, 0x2771, 0x2771, 0x2771, 0x2771, 0x2771, 0x2771, 0x2771, 0x2771, 0x2771, 0x2771, \
        0x2771, 0x2771, 0x2771, 0x2771, 0x2771, 0x2771, 0x2771, 0x2771, 0x2771, 0x2771, 0x2771, 0x2771, \
        0x2771, 0x2771, 0x2771, 0x2771, 0x2771, 0x2771, 0x2771, 0x2771, 0x2771, 0x2771, 0x2771, 0x2771, \
        0x2771, 0x2771, 0x2771, 0x2771, 0x2771, 0x1D4D, 0x2188, 0x94B3, 0xFFFF, 0xFFFF, 0xFFFF, 0xFFFF, \
        0xFFFF, 0xFFFF, 0xFFFF, 0xFFFF, 0xFFFF, 0xFFFF, 0xFFFF, 0xFFFF, 0xFFFF, 0xFFFF, 0x8CB3, 0x0064, \
        0x268F, 0x2771, 0x2771, 0x2771, 0x2771, 0x2771, 0x2771, 0x2771, 0x2771, 0x2771, 0x2771, 0x2771, \
        0x1DEE, 0x00E5, 0x73AF, 0xFFFF, 0xFFFF, 0xFFFF, 0xFFFF, 0xFFFF, 0xFFFF, 0xFFFF, 0xFFFF, 0xFFFF, \
        0xFFFF, 0xFFFF, 0x7BD0, 0x0084, 0x1DEE, 0x2771, 0x2771, 0x2771, 0x2771, 0x2771, 0x2771, 0x2771, \
        0x2771, 0x2771, 0x2771, 0x2771, 0x2771, 0x2771, 0x2771, 0x2771, 0x2771, 0x2771, 0x2771, 0x2771, \
        0x2771, 0x2771, 0x2771, 0x2771, 0x2771, 0x2771, 0x2771, 0x2771, 0x2771, 0x2771, 0x2771, 0x2771, \
        0x2771, 0x2771, 0x2771, 0x2771, 0x2771, 0x2771, 0x2771, 0x2771, 0x2771, 0x2771, 0x2771, 0x2771, \
        0x2771, 0x2771, 0x2771, 0x2771, 0x2771, 0x2771, 0x2771, 0x2771, 0x2771, 0x2771, 0x2771, 0x2771, \
        0x2771, 0x2771, 0x2771, 0x2771, 0x2771, 0x2771, 0x2771, 0x2771, 0x2771, 0x2771, 0x2771, 0x2771, \
        0x2771, 0x2771, 0x2771, 0x2771, 0x2771, 0x2771, 0x2771, 0x2771, 0x2771, 0x2771, 0x2771, 0x2771, \
        0x2771, 0x2771, 0x2771, 0x2771, 0x2771, 0x2771, 0x2771, 0x2771, 0x2771, 0x2771, 0x2771, 0x2771, \
        0x2771, 0x2771, 0x2771, 0x2771, 0x2771, 0x2771, 0x2771, 0x2771, 0x2771, 0x2771, 0x2771, 0x2771, \
        0x2771, 0x2771, 0x2771, 0x2771, 0x2771, 0x2771, 0x2771, 0x2771, 0x2771, 0x2771, 0x2771, 0x2771, \
        0x2771, 0x2771, 0x2771, 0x2771, 0x2771, 0x2771, 0x2771, 0x2771, 0x2771, 0x2771, 0x2771, 0x2771, \
        0x2771, 0x2771, 0x2771, 0x2771, 0x2771, 0x2771, 0x2771, 0x2771, 0x2771, 0x2771, 0x2771, 0x2771, \
        0x2771, 0x2771, 0x2771, 0x2771, 0x2771, 0x2771, 0x2771, 0x2771, 0x2771, 0x2771, 0x2771, 0x2771, \
        0x2771, 0x2771, 0x2771, 0x2771, 0x2771, 0x2771, 0x2771, 0x2771, 0x2771, 0x2771, 0x2771, 0x2771, \
        0x2771, 0x2771, 0x2771, 0x2771, 0x2771, 0x2771, 0x2771, 0x2771, 0x2771, 0x2771, 0x2771, 0x2771, \
        0x2771, 0x2771, 0x2771, 0x2771, 0x2771, 0x2771, 0x2771, 0x2771, 0x2771, 0x2771, 0x2771, 0x2771, \
        0x2771, 0x2771, 0x2771, 0x2771, 0x2771, 0x2771, 0x2771, 0x2771, 0x2771, 0x2771, 0x2771, 0x2771, \
        0x2771, 0x2771, 0x2771, 0x2771, 0x2771, 0x2771, 0x2771, 0x2771, 0x2771, 0x2771, 0x2771, 0x2771, \
        0x2771, 0x2771, 0x2771, 0x2771, 0x2771, 0x2771, 0x2771, 0x2771, 0x2771, 0x2771, 0x2771, 0x2771, \
        0x2771, 0x2771, 0x2771, 0x2771, 0x2771, 0x2771, 0x2771, 0x2771, 0x2771, 0x2771, 0x2771, 0x2771, \
        0x2771, 0x2771, 0x2771, 0x2771, 0x2771, 0x2771, 0x2771, 0x2771, 0x2771, 0x2771, 0x2771, 0x2771, \
        0x2771, 0x2771, 0x2771, 0x2771, 0x2771, 0x2771, 0x2771, 0x2771, 0x2771, 0x2771, 0x2771, 0x2771, \
        0x2771, 0x2771, 0x2771, 0x2771, 0x2771, 0x2771, 0x2771, 0x2771, 0x2771, 0x2771, 0x2771, 0x2771, \
        0x1E0F, 0x0105, 0x7BD0, 0xFFFF, 0xFFFF, 0xFFFF, 0xFFFF, 0xFFFF, 0xFFFF, 0xFFFF, 0xFFFF, 0xFFFF, \
        0xFFFF, 0xFFFF, 0xFFFF, 0xFFFF, 0xFFFF, 0xFFFF, 0x7BD1, 0x00C5, 0x26D0, 0x2771, 0x2771, 0x2771, \
        0x2771, 0x2771, 0x2771, 0x2771, 0x2771, 0x2771, 0x2771, 0x268F, 0x0166, 0x2126, 0xEF9D, 0xFFFF, \
        0xFFFF, 0xFFFF, 0xFFFF, 0xFFFF, 0xFFFF, 0xFFFF, 0xFFFF, 0xFFFF, 0xFFFF, 0xFFFF, 0xEFBE, 0x2126, \
        0x01C7, 0x2710, 0x2771, 0x2771, 0x2771, 0x2771, 0x2771, 0x2771, 0x2771, 0x2771, 0x2771, 0x2771, \
        0x2771, 0x2771, 0x2771, 0x2771, 0x2771, 0x2771, 0x2771, 0x2771, 0x2771, 0x2771, 0x2771, 0x2771, \
        0x2771, 0x2771, 0x2771, 0x2771, 0x2771, 0x2771, 0x2771, 0x2771, 0x2771, 0x2771, 0x2771, 0x2771, \
        0x2771, 0x2771, 0x2771, 0x2771, 0x2771, 0x2771, 0x2771, 0x2771, 0x2771, 0x2771, 0x2771, 0x2771, \
        0x2771, 0x2771, 0x2771, 0x2771, 0x2771, 0x2771, 0x2771, 0x2771, 0x2771, 0x2771, 0x2771, 0x2771, \
        0x2771, 0x2771, 0x2771, 0x2771, 0x2771, 0x2771, 0x2771, 0x2771, 0x2771, 0x2771, 0x2771, 0x2771, \
        0x2771, 0x2771, 0x2771, 0x2771, 0x2771, 0x2771, 0x2771, 0x2771, 0x2771, 0x2771, 0x2771, 0x2771, \
        0x2771, 0x2771, 0x2771, 0x2771, 0x2771, 0x2771, 0x2771, 0x2771, 0x2771, 0x2771, 0x2771, 0x2771, \
        0x2771, 0x2771, 0x2771, 0x2771, 0x2771, 0x2771, 0x2771, 0x2771, 0x2771, 0x2771, 0x2771, 0x2771, \
        0x2771, 0x2771, 0x2771, 0x2771, 0x2771, 0x2771, 0x2771, 0x2771, 0x2771, 0x2771, 0x2771, 0x2771, \
        0x2771, 0x2771, 0x2771, 0x2771, 0x2771, 0x2771, 0x2771, 0x2771, 0x2771, 0x2771, 0x2771, 0x2771, \
        0x2771, 0x2771, 0x2771, 0x2771, 0x2771, 0x2771, 0x2771, 0x2771, 0x2771, 0x2771, 0x2771, 0x2771, \
        0x2771, 0x2771, 0x2771, 0x2771, 0x2771, 0x2771, 0x2771, 0x2771, 0x2771, 0x2771, 0x2771, 0x2771, \
        0x2771, 0x2771, 0x2771, 0x2771, 0x2771, 0x2771, 0x2771, 0x2771, 0x2771, 0x2771, 0x2771, 0x2771, \
        0x2771, 0x2771, 0x2771, 0x2771, 0x2771, 0x2771, 0x2771, 0x2771, 0x2771, 0x2771, 0x2771, 0x2771, \
        0x2771, 0x2771, 0x2771, 0x2771, 0x2771, 0x2771, 0x2771, 0x2771, 0x2771, 0x2771, 0x2771, 0x2771, \
        0x2771, 0x2771, 0x2771, 0x2771, 0x2771, 0x2771, 0x2771, 0x2771, 0x2771, 0x2771, 0x2771, 0x2771, \
        0x2771, 0x2771, 0x2771, 0x2771, 0x2771, 0x2771, 0x2771, 0x2771, 0x2771, 0x2771, 0x2771, 0x2771, \
        0x2771, 0x2771, 0x2771, 0x2771, 0x2771, 0x2771, 0x2771, 0x2771, 0x2771, 0x2771, 0x2771, 0x2771, \
        0x2771, 0x2771, 0x2771, 0x2771, 0x2771, 0x2771, 0x2771, 0x2771, 0x2771, 0x2771, 0x2771, 0x2771, \
        0x2771, 0x2771, 0x2771, 0x2771, 0x2771, 0x2771, 0x2771, 0x2771, 0x2771, 0x2771, 0x2771, 0x2771, \
        0x2771, 0x2771, 0x2771, 0x2771, 0x2771, 0x2771, 0x2771, 0x2771, 0x2771, 0x2771, 0x2771, 0x2771, \
        0x2771, 0x2771, 0x2771, 0x2771, 0x2771, 0x2771, 0x2771, 0x268F, 0x0166, 0x2126, 0xEF9D, 0xFFFF, \
        0xFFFF, 0xFFFF, 0xFFFF, 0xFFFF, 0xFFFF, 0xFFFF, 0xFFFF, 0xFFFF, 0xFFFF, 0xFFFF, 0xFFFF, 0xFFFF, \
        0xFFFF, 0xFFFF, 0x7BD0, 0x0A07, 0x2751, 0x2771, 0x2771, 0x2771, 0x2771, 0x2771, 0x2771, 0x2771, \
        0x2771, 0x2771, 0x2710, 0x0A07, 0x2127, 0xD71B, 0xFFFF, 0xFFFF, 0xFFFF, 0xFFFF, 0xFFFF, 0xFFFF, \
        0xFFFF, 0xFFFF, 0xFFFF, 0xFFFF, 0xFFFF, 0xFFFF, 0xFFFF, 0xC6BA, 0x2128, 0x0B49, 0x2771, 0x2771, \
        0x2771, 0x2771, 0x2771, 0x2771, 0x2771, 0x2771, 0x2771, 0x2771, 0x2771, 0x2771, 0x2771, 0x2771, \
        0x2771, 0x2771, 0x2771, 0x2771, 0x2771, 0x2771, 0x2771, 0x2771, 0x2771, 0x2771, 0x2771, 0x2771, \
        0x2771, 0x2771, 0x2771, 0x2771, 0x2771, 0x2771, 0x2771, 0x2771, 0x2771, 0x2771, 0x2771, 0x2771, \
        0x2771, 0x2771, 0x2771, 0x2771, 0x2771, 0x2771, 0x2771, 0x2771, 0x2771, 0x2771, 0x2771, 0x2771, \
        0x2771, 0x2771, 0x2771, 0x2771, 0x2771, 0x2771, 0x2771, 0x2771, 0x2771, 0x2771, 0x2771, 0x2771, \
        0x2771, 0x2771, 0x2771, 0x2771, 0x2771, 0x2771, 0x2771, 0x2771, 0x2771, 0x2771, 0x2771, 0x2771, \
        0x2771, 0x2771, 0x2771, 0x2771, 0x2771, 0x2771, 0x2771, 0x2771, 0x2771, 0x2771, 0x2771, 0x2771, \
        0x2771, 0x2771, 0x2771, 0x2771, 0x2771, 0x2771, 0x2771, 0x2771, 0x2771, 0x2771, 0x2771, 0x2771, \
        0x2771, 0x2771, 0x2771, 0x2771, 0x2771, 0x2771, 0x2771, 0x2771, 0x2771, 0x2771, 0x2771, 0x2771, \
        0x2771, 0x2771, 0x2771, 0x2771, 0x2771, 0x2771, 0x2771, 0x2771, 0x2771, 0x2771, 0x2771, 0x2771, \
        0x2771, 0x2771, 0x2771, 0x2771, 0x2771, 0x2771, 0x2771, 0x2771, 0x2771, 0x2771, 0x2771, 0x2771, \
        0x2771, 0x2771, 0x2771, 0x2771, 0x2771, 0x2771, 0x2771, 0x2771, 0x2771, 0x2771, 0x2771, 0x2771, \
        0x2771, 0x2771, 0x2771, 0x2771, 0x2771, 0x2771, 0x2771, 0x2771, 0x2771, 0x2771, 0x2771, 0x2771, \
        0x2771, 0x2771, 0x2771, 0x2771, 0x2771, 0x2771, 0x2771, 0x2771, 0x2771, 0x2771, 0x2771, 0x2771, \
        0x2771, 0x2771, 0x2771, 0x2771, 0x2771, 0x2771, 0x2771, 0x2771, 0x2771, 0x2771, 0x2771, 0x2771, \
        0x2771, 0x2771, 0x2771, 0x2771, 0x2771, 0x2771, 0x2771, 0x2771, 0x2771, 0x2771, 0x2771, 0x2771, \
        0x2771, 0x2771, 0x2771, 0x2771, 0x2771, 0x2771, 0x2771, 0x2771, 0x2771, 0x2771, 0x2771, 0x2771, \
        0x2771, 0x2771, 0x2771, 0x2771, 0x2771, 0x2771, 0x2771, 0x2771, 0x2771, 0x2771, 0x2771, 0x2771, \
        0x2771, 0x2771, 0x2771, 0x2771, 0x2771, 0x2771, 0x2771, 0x2771, 0x2771, 0x2771, 0x2771, 0x2771, \
        0x2771, 0x2771, 0x2771, 0x2771, 0x2771, 0x2771, 0x2771, 0x2771, 0x2771, 0x2771, 0x2771, 0x2771, \
        0x2771, 0x2771, 0x2771, 0x2771, 0x2771, 0x2771, 0x2771, 0x2771, 0x2771, 0x2771, 0x2771, 0x2771, \
        0x2771, 0x2771, 0x2771, 0x2771, 0x2771, 0x2771, 0x2771, 0x2771, 0x2771, 0x2771, 0x2771, 0x2771, \
        0x2771, 0x2771, 0x2731, 0x0A27, 0x2127, 0xCEFA, 0xFFFF, 0xFFFF, 0xFFFF, 0xFFFF, 0xFFFF, 0xFFFF, \
        0xFFFF, 0xFFFF, 0xFFFF, 0xFFFF, 0xFFFF, 0xFFFF, 0xFFFF, 0xFFFF, 0xFFFF, 0xDF3C, 0x2127, 0x140B, \
        0x2771, 0x2771, 0x2771, 0x2771, 0x2771, 0x2771, 0x2771, 0x2771, 0x2771, 0x2771, 0x0AE9, 0x2127, \
        0xBE58, 0xFFFF, 0xFFFF, 0xFFFF, 0xFFFF, 0xFFFF, 0xFFFF, 0xFFFF, 0xFFFF, 0xFFFF, 0xFFFF, 0xFFFF, \
        0xFFFF, 0xFFFF, 0xFFFF, 0xFFFF, 0x9CD4, 0x2128, 0x1D2D, 0x2771, 0x2771, 0x2771, 0x2771, 0x2771, \
        0x2771, 0x2771, 0x2771, 0x2771, 0x2771, 0x2771, 0x2771, 0x2771, 0x2771, 0x2771, 0x2771, 0x2771, \
        0x2771, 0x2771, 0x2771, 0x2771, 0x2771, 0x2771, 0x2771, 0x2771, 0x2771, 0x2771, 0x2771, 0x2771, \
        0x2771, 0x2771, 0x2771, 0x2771, 0x2771, 0x2771, 0x2771, 0x2771, 0x2771, 0x2771, 0x2771, 0x2771, \
        0x2771, 0x2771, 0x2771, 0x2771, 0x2771, 0x2771, 0x2771, 0x2771, 0x2771, 0x2771, 0x2771, 0x2771, \
        0x2771, 0x2771, 0x2771, 0x2771, 0x2771, 0x2771, 0x2771, 0x2771, 0x2771, 0x2771, 0x2771, 0x2771, \
        0x2771, 0x2771, 0x2771, 0x2771, 0x2771, 0x2771, 0x2771, 0x2771, 0x2771, 0x2771, 0x2771, 0x2771, \
        0x2771, 0x2771, 0x2771, 0x2771, 0x2771, 0x2771, 0x2771, 0x2771, 0x2771, 0x2771, 0x2771, 0x2771, \
        0x2771, 0x2771, 0x2771, 0x2771, 0x2771, 0x2771, 0x2771, 0x2771, 0x2771, 0x2771, 0x2771, 0x2771, \
        0x2771, 0x2771, 0x2771, 0x2771, 0x2771, 0x2771, 0x2771, 0x2771, 0x2771, 0x2771, 0x2771, 0x2771, \
        0x2771, 0x2771, 0x2771, 0x2771, 0x2771, 0x2771, 0x2771, 0x2771, 0x2771, 0x2771, 0x2771, 0x2771, \
        0x2771, 0x2771, 0x2771, 0x2771, 0x2771, 0x2771, 0x2771, 0x2771, 0x2771, 0x2771, 0x2771, 0x2771, \
        0x2771, 0x2771, 0x2771, 0x2771, 0x2771, 0x2771, 0x2771, 0x2771, 0x2771, 0x2771, 0x2771, 0x2771, \
        0x2771, 0x2771, 0x2771, 0x2771, 0x2771, 0x2771, 0x2771, 0x2771, 0x2771, 0x2771, 0x2771, 0x2771, \
        0x2771, 0x2771, 0x2771, 0x2771, 0x2771, 0x2771, 0x2771, 0x2771, 0x2771, 0x2771, 0x2771, 0x2771, \
        0x2771, 0x2771, 0x2771, 0x2771, 0x2771, 0x2771, 0x2771, 0x2771, 0x2771, 0x2771, 0x2771, 0x2771, \
        0x2771, 0x2771, 0x2771, 0x2771, 0x2771, 0x2771, 0x2771, 0x2771, 0x2771, 0x2771, 0x2771, 0x2771, \
        0x2771, 0x2771, 0x2771, 0x2771, 0x2771, 0x2771, 0x2771, 0x2771, 0x2771, 0x2771, 0x2771, 0x2771, \
        0x2771, 0x2771, 0x2771, 0x2771, 0x2771, 0x2771, 0x2771, 0x2771, 0x2771, 0x2771, 0x2771, 0x2771, \
        0x2771, 0x2771, 0x2771, 0x2771, 0x2771, 0x2771, 0x2771, 0x2771, 0x2771, 0x2771, 0x2771, 0x2771, \
        0x2771, 0x2771, 0x2771, 0x2771, 0x2771, 0x2771, 0x2771, 0x2771, 0x2771, 0x2771, 0x2771, 0x2771, \
        0x2771, 0x2771, 0x2771, 0x2771, 0x2771, 0x2771, 0x2771, 0x2771, 0x2771, 0x2771, 0x2771, 0x2771, \
        0x2771, 0x2771, 0x2771, 0x2771, 0x2771, 0x2771, 0x2771, 0x2771, 0x2771, 0x2771, 0x0B49, 0x2127, \
        0xB5F7, 0xFFFF, 0xFFFF, 0xFFFF, 0xFFFF, 0xFFFF, 0xFFFF, 0xFFFF, 0xFFFF, 0xFFFF, 0xFFFF, 0xFFFF, \
        0xFFFF, 0xFFFF, 0xFFFF, 0xFFFF, 0xFFFF, 0x7BD0, 0x0105, 0x26B0, 0x2771, 0x2771, 0x2771, 0x2771, \
        0x2771, 0x2771, 0x2771, 0x2771, 0x2771, 0x13CA, 0x2127, 0x9CD4, 0xFFFF, 0xFFFF, 0xFFFF, 0xFFFF, \
        0xFFFF, 0xFFFF, 0xFFFF, 0xFFFF, 0xFFFF, 0xFFFF, 0xFFFF, 0xFFFF, 0xFFFF, 0xFFFF, 0xFFFF, 0xFFFF, \
        0xFFFF, 0x7BD0, 0x0125, 0x266F, 0x2771, 0x2771, 0x2771, 0x2771, 0x2771, 0x2771, 0x2771, 0x2771, \
        0x2771, 0x2771, 0x2771, 0x2771, 0x2771, 0x2771, 0x2771, 0x2771, 0x2771, 0x2771, 0x2771, 0x2771, \
        0x2771, 0x2771, 0x2771, 0x2771, 0x2771, 0x2771, 0x2771, 0x2771, 0x2771, 0x2771, 0x2771, 0x2771, \
        0x2771, 0x2771, 0x2771, 0x2771, 0x2771, 0x2771, 0x2771, 0x2771, 0x2771, 0x2771, 0x2771, 0x2771, \
        0x2771, 0x2771, 0x2771, 0x2771, 0x2771, 0x2771, 0x2771, 0x2771, 0x2771, 0x2771, 0x2771, 0x2771, \
        0x2771, 0x2771, 0x2771, 0x2771, 0x2771, 0x2771, 0x2771, 0x2771, 0x2771, 0x2771, 0x2771, 0x2771, \
        0x2771, 0x2771, 0x2771, 0x2771, 0x2771, 0x2771, 0x2771, 0x2771, 0x2771, 0x2771, 0x2771, 0x2771, \
        0x2771, 0x2771, 0x2771, 0x2771, 0x2771, 0x2771, 0x2771, 0x2771, 0x2771, 0x2771, 0x2771, 0x2771, \
        0x2771, 0x2771, 0x2771, 0x2771, 0x2771, 0x2771, 0x2771, 0x2771, 0x2771, 0x2771, 0x2771, 0x2771, \
        0x2771, 0x2771, 0x2771, 0x2771, 0x2771, 0x2771, 0x2771, 0x2771, 0x2771, 0x2771, 0x2771, 0x2771, \
        0x2771, 0x2771, 0x2771, 0x2771, 0x2771, 0x2771, 0x2771, 0x2771, 0x2771, 0x2771, 0x2771, 0x2771, \
        0x2771, 0x2771, 0x2771, 0x2771, 0x2771, 0x2771, 0x2771, 0x2771, 0x2771, 0x2771, 0x2771, 0x2771, \
        0x2771, 0x2771, 0x2771, 0x2771, 0x2771, 0x2771, 0x2771, 0x2771, 0x2771, 0x2771, 0x2771, 0x2771, \
        0x2771, 0x2771, 0x2771, 0x2771, 0x2771, 0x2771, 0x2771, 0x2771, 0x2771, 0x2771, 0x2771, 0x2771, \
        0x2771, 0x2771, 0x2771, 0x2771, 0x2771, 0x2771, 0x2771, 0x2771, 0x2771, 0x2771, 0x2771, 0x2771, \
        0x2771, 0x2771, 0x2771, 0x2771, 0x2771, 0x2771, 0x2771, 0x2771, 0x2771, 0x2771, 0x2771, 0x2771, \
        0x2771, 0x2771, 0x2771, 0x2771, 0x2771, 0x2771, 0x2771, 0x2771, 0x2771, 0x2771, 0x2771, 0x2771, \
        0x2771, 0x2771, 0x2771, 0x2771, 0x2771, 0x2771, 0x2771, 0x2771, 0x2771, 0x2771, 0x2771, 0x2771, \
        0x2771, 0x2771, 0x2771, 0x2771, 0x2771, 0x2771, 0x2771, 0x2771, 0x2771, 0x2771, 0x2771, 0x2771, \
        0x2771, 0x2771, 0x2771, 0x2771, 0x2771, 0x2771, 0x2771, 0x2771, 0x2771, 0x2771, 0x2771, 0x2771, \
        0x2771, 0x2771, 0x2771, 0x2771, 0x2771, 0x2771, 0x2771, 0x2771, 0x2771, 0x2771, 0x2771, 0x2771, \
        0x2771, 0x2771, 0x2771, 0x2771, 0x2771, 0x2771, 0x2771, 0x2771, 0x2771, 0x2771, 0x2771, 0x2771, \
        0x2771, 0x2771, 0x2771, 0x2771, 0x2771, 0x140B, 0x2128, 0x9CD4, 0xFFFF, 0xFFFF, 0xFFFF, 0xFFFF, \
        0xFFFF, 0xFFFF, 0xFFFF, 0xFFFF, 0xFFFF, 0xFFFF, 0xFFFF, 0xFFFF, 0xFFFF, 0xFFFF, 0xFFFF, 0xFFFF, \
        0x9CD4, 0x2148, 0x1D2D, 0x2771, 0x2771, 0x2771, 0x2771, 0x2771, 0x2771, 0x2771, 0x2771, 0x2771, \
        0x148C, 0x2148, 0x94B3, 0xFFFF, 0xFFFF, 0xFFFF, 0xFFFF, 0xFFFF, 0xFFFF, 0xFFFF, 0xFFFF, 0xFFFF, \
        0xFFFF, 0xFFFF, 0xFFFF, 0xFFFF, 0xFFFF, 0xFFFF, 0xFFFF, 0xFFFF, 0xFFFF, 0xE77D, 0x2127, 0x0A47, \
        0x2731, 0x2771, 0x2771, 0x2771, 0x2771, 0x2771, 0x2771, 0x2771, 0x2771, 0x2771, 0x2771, 0x2771, \
        0x2771, 0x2771, 0x2771, 0x2771, 0x2771, 0x2771, 0x2771, 0x2771, 0x2771, 0x2771, 0x2771, 0x2771, \
        0x2771, 0x2771, 0x2771, 0x2771, 0x2771, 0x2771, 0x2771, 0x2771, 0x2771, 0x2771, 0x2771, 0x2771, \
        0x2771, 0x2771, 0x2771, 0x2771, 0x2771, 0x2771, 0x2771, 0x2771, 0x2771, 0x2771, 0x2771, 0x2771, \
        0x2771, 0x2771, 0x2771, 0x2771, 0x2771, 0x2771, 0x2771, 0x2771, 0x2771, 0x2771, 0x2771, 0x2771, \
        0x2771, 0x2771, 0x2771, 0x2771, 0x2771, 0x2771, 0x2771, 0x2771, 0x2771, 0x2771, 0x2771, 0x2771, \
        0x2771, 0x2771, 0x2771, 0x2771, 0x2771, 0x2771, 0x2771, 0x2771, 0x2771, 0x2771, 0x2771, 0x2771, \
        0x2771, 0x2771, 0x2771, 0x2771, 0x2771, 0x2771, 0x2771, 0x2771, 0x2771, 0x2771, 0x2771, 0x2771, \
        0x2771, 0x2771, 0x2771, 0x2771, 0x2771, 0x2771, 0x2771, 0x2771, 0x2771, 0x2771, 0x2771, 0x2771, \
        0x2771, 0x2771, 0x2771, 0x2771, 0x2771, 0x2771, 0x2771, 0x2771, 0x2771, 0x2771, 0x2771, 0x2771, \
        0x2771, 0x2771, 0x2771, 0x2771, 0x2771, 0x2771, 0x2771, 0x2771, 0x2771, 0x2771, 0x2771, 0x2771, \
        0x2771, 0x2771, 0x2771, 0x2771, 0x2771, 0x2771, 0x2771, 0x2771, 0x2771, 0x2771, 0x2771, 0x2771, \
        0x2771, 0x2771, 0x2771, 0x2771, 0x2771, 0x2771, 0x2771, 0x2771, 0x2771, 0x2771, 0x2771, 0x2771, \
        0x2771, 0x2771, 0x2771, 0x2771, 0x2771, 0x2771, 0x2771, 0x2771, 0x2771, 0x2771, 0x2771, 0x2771, \
        0x2771, 0x2771, 0x2771, 0x2771, 0x2771, 0x2771, 0x2771, 0x2771, 0x2771, 0x2771, 0x2771, 0x2771, \
        0x2771, 0x2771, 0x2771, 0x2771, 0x2771, 0x2771, 0x2771, 0x2771, 0x2771, 0x2771, 0x2771, 0x2771, \
        0x2771, 0x2771, 0x2771, 0x2771, 0x2771, 0x2771, 0x2771, 0x2771, 0x2771, 0x2771, 0x2771, 0x2771, \
        0x2771, 0x2771, 0x2771, 0x2771, 0x2771, 0x2771, 0x2771, 0x2771, 0x2771, 0x2771, 0x2771, 0x2771, \
        0x2771, 0x2771, 0x2771, 0x2771, 0x2771, 0x2771, 0x2771, 0x2771, 0x2771, 0x2771, 0x2771, 0x2771, \
        0x2771, 0x2771, 0x2771, 0x2771, 0x2771, 0x2771, 0x2771, 0x2771, 0x2771, 0x2771, 0x2771, 0x2771, \
        0x2771, 0x2771, 0x2771, 0x2771, 0x2771, 0x2771, 0x2771, 0x2771, 0x2771, 0x2771, 0x2771, 0x2771, \
        0x2771, 0x2771, 0x2771, 0x2771, 0x2771, 0x2771, 0x2771, 0x2771, 0x2771, 0x2771, 0x2771, 0x2771, \
        0x1CEC, 0x2168, 0x94B3, 0xFFFF, 0xFFFF, 0xFFFF, 0xFFFF, 0xFFFF, 0xFFFF, 0xFFFF, 0xFFFF, 0xFFFF, \
        0xFFFF, 0xFFFF, 0xFFFF, 0xFFFF, 0xFFFF, 0xFFFF, 0xFFFF, 0x9CD4, 0x2127, 0x13EA, 0x2771, 0x2771, \
        0x2771, 0x2771, 0x2771, 0x2771, 0x2771, 0x2771, 0x2771, 0x1D6D, 0x29A8, 0x9492, 0xFFFF, 0xFFFF, \
        0xFFFF, 0xFFFF, 0xFFFF, 0xFFFF, 0xFFFF, 0xFFFF, 0xFFFF, 0xFFFF, 0xFFFF, 0xFFFF, 0xFFFF, 0xFFFF, \
        0xFFFF, 0xFFFF, 0xFFFF, 0xFFFF, 0xFFFF, 0xFFFF, 0xB638, 0x2128, 0x13EA, 0x2771, 0x2771, 0x2771, \
        0x2771, 0x2771, 0x2771, 0x2771, 0x2771, 0x2771, 0x2771, 0x2771, 0x2771, 0x2771, 0x2771, 0x2771, \
        0x2771, 0x2771, 0x2771, 0x2771, 0x2771, 0x2771, 0x2771, 0x2771, 0x2771, 0x2771, 0x2771, 0x2771, \
        0x2771, 0x2771, 0x2771, 0x2771, 0x2771, 0x2771, 0x2771, 0x2771, 0x2771, 0x2771, 0x2771, 0x2771, \
        0x2771, 0x2771, 0x2771, 0x2771, 0x2771, 0x2771, 0x2771, 0x2771, 0x2771, 0x2771, 0x2771, 0x2771, \
        0x2771, 0x2771, 0x2771, 0x2771, 0x2771, 0x2771, 0x2771, 0x2771, 0x2771, 0x2771, 0x2771, 0x2771, \
        0x2771, 0x2771, 0x2771, 0x2771, 0x2771, 0x2771, 0x2771, 0x2771, 0x2771, 0x2771, 0x2771, 0x2771, \
        0x2771, 0x2771, 0x2771, 0x2771, 0x2771, 0x2771, 0x2771, 0x2771, 0x2771, 0x2771, 0x2771, 0x2771, \
        0x2771, 0x2771, 0x2771, 0x2771, 0x2771, 0x2771, 0x2771, 0x2771, 0x2771, 0x2771, 0x2771, 0x2771, \
        0x2771, 0x2771, 0x2771, 0x2771, 0x2771, 0x2771, 0x2771, 0x2771, 0x2771, 0x2771, 0x2771, 0x2771, \
        0x2771, 0x2771, 0x2771, 0x2771, 0x2771, 0x2771, 0x2771, 0x2771, 0x2771, 0x2771, 0x2771, 0x2771, \
        0x2771, 0x2771, 0x2771, 0x2771, 0x2771, 0x2771, 0x2771, 0x2771, 0x2771, 0x2771, 0x2771, 0x2771, \
        0x2771, 0x2771, 0x2771, 0x2771, 0x2771, 0x2771, 0x2771, 0x2771, 0x2771, 0x2771, 0x2771, 0x2771, \
        0x2771, 0x2771, 0x2771, 0x2771, 0x2771, 0x2771, 0x2771, 0x2771, 0x2771, 0x2771, 0x2771, 0x2771, \
        0x2771, 0x2771, 0x2771, 0x2771, 0x2771, 0x2771, 0x2771, 0x2771, 0x2771, 0x2771, 0x2771, 0x2771, \
        0x2771, 0x2771, 0x2771, 0x2771, 0x2771, 0x2771, 0x2771, 0x2771, 0x2771, 0x2771, 0x2771, 0x2771, \
        0x2771, 0x2771, 0x2771, 0x2771, 0x2771, 0x2771, 0x2771, 0x2771, 0x2771, 0x2771, 0x2771, 0x2771, \
        0x2771, 0x2771, 0x2771, 0x2771, 0x2771, 0x2771, 0x2771, 0x2771, 0x2771, 0x2771, 0x2771, 0x2771, \
        0x2771, 0x2771, 0x2771, 0x2771, 0x2771, 0x2771, 0x2771, 0x2771, 0x2771, 0x2771, 0x2771, 0x2771, \
        0x2771, 0x2771, 0x2771, 0x2771, 0x2771, 0x2771, 0x2771, 0x2771, 0x2771, 0x2771, 0x2771, 0x2771, \
        0x2771, 0x2771, 0x2771, 0x2771, 0x2771, 0x2771, 0x2771, 0x2771, 0x2771, 0x2771, 0x2771, 0x2771, \
        0x2771, 0x2771, 0x2771, 0x2771, 0x2771, 0x2771, 0x2771, 0x2771, 0x2771, 0x2771, 0x2771, 0x2771, \
        0x2771, 0x2771, 0x2771, 0x2771, 0x2771, 0x2771, 0x2771, 0x1DEE, 0x29C9, 0x94B3, 0xFFFF, 0xFFFF, \
        0xFFFF, 0xFFFF, 0xFFFF, 0xFFFF, 0xFFFF, 0xFFFF, 0xFFFF, 0xFFFF, 0xFFFF, 0xFFFF, 0xFFFF, 0xFFFF, \
        0xFFFF, 0xFFFF, 0xB5F7, 0x2127, 0x0B08, 0x2771, 0x2771, 0x2771, 0x2771, 0x2771, 0x2771, 0x2771, \
        0x2771, 0x2771, 0x266F, 0x0145, 0x73AF, 0xFFFF, 0xFFFF, 0xFFFF, 0xFFFF, 0xFFFF, 0xFFFF, 0xFFFF, \
        0xFFFF, 0xFFFF, 0xFFFF, 0xFFFF, 0xFFFF, 0xFFFF, 0xFFFF, 0xFFFF, 0xFFFF, 0xFFFF, 0xFFFF, 0xFFFF, \
        0xFFFF, 0xFFFF, 0xFFFF, 0x94B4, 0x2188, 0x1DCE, 0x2771, 0x2771, 0x2771, 0x2771, 0x2771, 0x2771, \
        0x2771, 0x2771, 0x2771, 0x2771, 0x2771, 0x2771, 0x2771, 0x2771, 0x2771, 0x2771, 0x2771, 0x2771, \
        0x2771, 0x2771, 0x2771, 0x2771, 0x2771, 0x2771, 0x2771, 0x2771, 0x2771, 0x2771, 0x2771, 0x2771, \
        0x2771, 0x2771, 0x2771, 0x2771, 0x2771, 0x2771, 0x2771, 0x2771, 0x2771, 0x2771, 0x2771, 0x2771, \
        0x2771, 0x2771, 0x2771, 0x2771, 0x2771, 0x2771, 0x2771, 0x2771, 0x2771, 0x2771, 0x2771, 0x2771, \
        0x2771, 0x2771, 0x2771, 0x2771, 0x2771, 0x2771, 0x2771, 0x2771, 0x2771, 0x2771, 0x2771, 0x2771, \
        0x2771, 0x2771, 0x2771, 0x2771, 0x2771, 0x2771, 0x2771, 0x2771, 0x2771, 0x2771, 0x2771, 0x2771, \
        0x2771, 0x2771, 0x2771, 0x2771, 0x2771, 0x2771, 0x2771, 0x2771, 0x2771, 0x2771, 0x2771, 0x2771, \
        0x2771, 0x2771, 0x2771, 0x2771, 0x2771, 0x2771, 0x2771, 0x2771, 0x2771, 0x2771, 0x2771, 0x2771, \
        0x2771, 0x2771, 0x2771, 0x2771, 0x2771, 0x2771, 0x2771, 0x2771, 0x2771, 0x2771, 0x2771, 0x2771, \
        0x2771, 0x2771, 0x2771, 0x2771, 0x2771, 0x2771, 0x2771, 0x2771, 0x2771, 0x2771, 0x2771, 0x2771, \
        0x2771, 0x2771, 0x2771, 0x2771, 0x2771, 0x2771, 0x2771, 0x2771, 0x2771, 0x2771, 0x2771, 0x2771, \
        0x2771, 0x2771, 0x2771, 0x2771, 0x2771, 0x2771, 0x2771, 0x2771, 0x2771, 0x2771, 0x2771, 0x2771, \
        0x2771, 0x2771, 0x2771, 0x2771, 0x2771, 0x2771, 0x2771, 0x2771, 0x2771, 0x2771, 0x2771, 0x2771, \
        0x2771, 0x2771, 0x2771, 0x2771, 0x2771, 0x2771, 0x2771, 0x2771, 0x2771, 0x2771, 0x2771, 0x2771, \
        0x2771, 0x2771, 0x2771, 0x2771, 0x2771, 0x2771, 0x2771, 0x2771, 0x2771, 0x2771, 0x2771, 0x2771, \
        0x2771, 0x2771, 0x2771, 0x2771, 0x2771, 0x2771, 0x2771, 0x2771, 0x2771, 0x2771, 0x2771, 0x2771, \
        0x2771, 0x2771, 0x2771, 0x2771, 0x2771, 0x2771, 0x2771, 0x2771, 0x2771, 0x2771, 0x2771, 0x2771, \
        0x2771, 0x2771, 0x2771, 0x2771, 0x2771, 0x2771, 0x2771, 0x2771, 0x2771, 0x2771, 0x2771, 0x2771, \
        0x2771, 0x2771, 0x2771, 0x2771, 0x2771, 0x2771, 0x2771, 0x2771, 0x2771, 0x2771, 0x2771, 0x2771, \
        0x2771, 0x2771, 0x2771, 0x2771, 0x2771, 0x2771, 0x2771, 0x2771, 0x2771, 0x2771, 0x2771, 0x2771, \
        0x2771, 0x2771, 0x2771, 0x2771, 0x2771, 0x2771, 0x2771, 0x2771, 0x2771, 0x2771, 0x2771, 0x2771, \
        0x2771, 0x2771, 0x268F, 0x0186, 0x7BD0, 0xFFFF, 0xFFFF, 0xFFFF, 0xFFFF, 0xFFFF, 0xFFFF, 0xFFFF, \
        0xFFFF, 0xFFFF, 0xFFFF, 0xFFFF, 0xFFFF, 0xFFFF, 0xFFFF, 0xFFFF, 0xFFFF, 0xCEDA, 0x2127, 0x0A47, \
        0x2730, 0x2771, 0x2771, 0x2771, 0x2771, 0x2771, 0x2771, 0x2771, 0x2771, 0x26F0, 0x09E7, 0x2126, \
        0xDF5C, 0xFFFF, 0xFFFF, 0xFFFF, 0xFFFF, 0xFFFF, 0xFFFF, 0xFFFF, 0xFFFF, 0xFFFF, 0xFFFF, 0xFFFF, \
        0xFFFF, 0xFFFF, 0xFFFF, 0xFFFF, 0xFFFF, 0xFFFF, 0xFFFF, 0xFFFF, 0xFFFF, 0xFFFF, 0xFFFF, 0xFFFF, \
        0x7BD0, 0x01A6, 0x26F0, 0x2771, 0x2771, 0x2771, 0x2771, 0x2771, 0x2771, 0x2771, 0x2771, 0x2771, \
        0x2771, 0x2771, 0x2771, 0x2771, 0x2771, 0x2771, 0x2771, 0x2771, 0x2771, 0x2771, 0x2771, 0x2771, \
        0x2771, 0x2771, 0x2771, 0x2771, 0x2771, 0x2771, 0x2771, 0x2771, 0x2771, 0x2771, 0x2771, 0x2771, \
        0x2771, 0x2771, 0x2771, 0x2771, 0x2771, 0x2771, 0x2771, 0x2771, 0x2771, 0x2771, 0x2771, 0x2771, \
        0x2771, 0x2771, 0x2771, 0x2771, 0x2771, 0x2771, 0x2771, 0x2771, 0x2771, 0x2771, 0x2771, 0x2771, \
        0x2771, 0x2771, 0x2771, 0x2771, 0x2771, 0x2771, 0x2771, 0x2771, 0x2771, 0x2771, 0x2771, 0x2771, \
        0x2771, 0x2771, 0x2771, 0x2771, 0x2771, 0x2771, 0x2771, 0x2771, 0x2771, 0x2771, 0x2771, 0x2771, \
        0x2771, 0x2771, 0x2771, 0x2771, 0x2771, 0x2771, 0x2771, 0x2771, 0x2771, 0x2771, 0x2771, 0x2771, \
        0x2771, 0x2771, 0x2771, 0x2771, 0x2771, 0x2771, 0x2771, 0x2771, 0x2771, 0x2771, 0x2771, 0x2771, \
        0x2771, 0x2771, 0x2771, 0x2771, 0x2771, 0x2771, 0x2771, 0x2771, 0x2771, 0x2771, 0x2771, 0x2771, \
        0x2771, 0x2771, 0x2771, 0x2771, 0x2771, 0x2771, 0x2771, 0x2771, 0x2771, 0x2771, 0x2771, 0x2771, \
        0x2771, 0x2771, 0x2771, 0x2771, 0x2771, 0x2771, 0x2771, 0x2771, 0x2771, 0x2771, 0x2771, 0x2771, \
        0x2771, 0x2771, 0x2771, 0x2771, 0x2771, 0x2771, 0x2771, 0x2771, 0x2771, 0x2771, 0x2771, 0x2771, \
        0x2771, 0x2771, 0x2771, 0x2771, 0x2771, 0x2771, 0x2771, 0x2771, 0x2771, 0x2771, 0x2771, 0x2771, \
        0x2771, 0x2771, 0x2771, 0x2771, 0x2771, 0x2771, 0x2771, 0x2771, 0x2771, 0x2771, 0x2771, 0x2731, \
        0x2710, 0x2731, 0x2771, 0x2771, 0x2771, 0x2771, 0x2771, 0x2771, 0x2771, 0x2771, 0x2771, 0x2771, \
        0x2771, 0x2771, 0x2771, 0x2771, 0x2771, 0x2771, 0x2771, 0x2771, 0x2771, 0x2771, 0x2771, 0x2771, \
        0x2771, 0x2771, 0x2771, 0x2771, 0x2771, 0x2771, 0x2771, 0x2771, 0x2771, 0x2771, 0x2771, 0x2771, \
        0x2771, 0x2771, 0x2771, 0x2771, 0x2771, 0x2771, 0x2771, 0x2771, 0x2771, 0x2771, 0x2771, 0x2771, \
        0x2771, 0x2771, 0x2771, 0x2771, 0x2771, 0x2771, 0x2771, 0x2771, 0x2771, 0x2771, 0x2771, 0x2771, \
        0x2771, 0x2771, 0x2771, 0x2771, 0x2771, 0x2771, 0x2771, 0x2771, 0x2771, 0x2771, 0x2771, 0x2771, \
        0x2771, 0x2771, 0x2771, 0x2771, 0x2771, 0x2771, 0x2771, 0x2771, 0x2771, 0x2710, 0x0A07, 0x2127, \
        0xD73C, 0xFFFF, 0xFFFF, 0xFFFF, 0xFFFF, 0xFFFF, 0xFFFF, 0xFFFF, 0xFFFF, 0xFFFF, 0xFFFF, 0xFFFF, \
        0xFFFF, 0xFFFF, 0xFFFF, 0xFFFF, 0xDF5C, 0x2126, 0x0186, 0x26D0, 0x2771, 0x2771, 0x2771, 0x2771, \
        0x2771, 0x2771, 0x2771, 0x2771, 0x2751, 0x0A88, 0x2127, 0xC699, 0xFFFF, 0xFFFF, 0xFFFF, 0xFFFF, \
        0xFFFF, 0xFFFF, 0xFFFF, 0xFFFF, 0xFFFF, 0xFFFF, 0xFFFF, 0xFFFF, 0xFFFF, 0xFFFF, 0xFFFF, 0xFFFF, \
        0xFFFF, 0xFFFF, 0xFFFF, 0xFFFF, 0xFFFF, 0xFFFF, 0xFFFF, 0xFFFF, 0xD6FB, 0x2127, 0x0B09, 0x2771, \
        0x2771, 0x2771, 0x2771, 0x2771, 0x2771, 0x2771, 0x2771, 0x2771, 0x2771, 0x2771, 0x2771, 0x2771, \
        0x2771, 0x2771, 0x2771, 0x2771, 0x2771, 0x2771, 0x2771, 0x2771, 0x2771, 0x2771, 0x2771, 0x2771, \
        0x2771, 0x2771, 0x2771, 0x2771, 0x2771, 0x2771, 0x2771, 0x2771, 0x2771, 0x2771, 0x2771, 0x2771, \
        0x2771, 0x2771, 0x2771, 0x2771, 0x2771, 0x2771, 0x2771, 0x2771, 0x2771, 0x2771, 0x2771, 0x2771, \
        0x2771, 0x2771, 0x2771, 0x2771, 0x2771, 0x2771, 0x2771, 0x2771, 0x2771, 0x2771, 0x2771, 0x2771, \
        0x2771, 0x2771, 0x2771, 0x2771, 0x2771, 0x2771, 0x2771, 0x2771, 0x2771, 0x2771, 0x2771, 0x2771, \
        0x2771, 0x2771, 0x2771, 0x2771, 0x2771, 0x2771, 0x2771, 0x2771, 0x2771, 0x2771, 0x2771, 0x2771, \
        0x2771, 0x2771, 0x2771, 0x2771, 0x2771, 0x2771, 0x2771, 0x2771, 0x2771, 0x2771, 0x2771, 0x2771, \
        0x2771, 0x2771, 0x2771, 0x2771, 0x2771, 0x2771, 0x2771, 0x2771, 0x2771, 0x2771, 0x2771, 0x2771, \
        0x2771, 0x2771, 0x2771, 0x2771, 0x2771, 0x2771, 0x2771, 0x2771, 0x2771, 0x2771, 0x2771, 0x2771, \
        0x2771, 0x2771, 0x2771, 0x2771, 0x2771, 0x2771, 0x2771, 0x2771, 0x2771, 0x2771, 0x2771, 0x2771, \
        0x2771, 0x2771, 0x2771, 0x2771, 0x2771, 0x2771, 0x2771, 0x2771, 0x2771, 0x2771, 0x2771, 0x2771, \
        0x2771, 0x2771, 0x2771, 0x2771, 0x2771, 0x2771, 0x2771, 0x2771, 0x2771, 0x2771, 0x2771, 0x2771, \
        0x2771, 0x2771, 0x2771, 0x2771, 0x2771, 0x2771, 0x2771, 0x2771, 0x2771, 0x2771, 0x2771, 0x2771, \
        0x2771, 0x2771, 0x26B0, 0x1D8E, 0x142B, 0x0AE9, 0x0A07, 0x0186, 0x0145, 0x0186, 0x0AC9, 0x1D8E, \
        0x2771, 0x2771, 0x2771, 0x2771, 0x2771, 0x2771, 0x2771, 0x2771, 0x2771, 0x2771, 0x2771, 0x2771, \
        0x2771, 0x2771, 0x2771, 0x2771, 0x2771, 0x2771, 0x2771, 0x2771, 0x2771, 0x2771, 0x2771, 0x2771, \
        0x2771, 0x2771, 0x2771, 0x2771, 0x2771, 0x2771, 0x2771, 0x2771, 0x2771, 0x2771, 0x2771, 0x2771, \
        0x2771, 0x2771, 0x2771, 0x2771, 0x2771, 0x2771, 0x2771, 0x2771, 0x2771, 0x2771, 0x2771, 0x2771, \
        0x2771, 0x2771, 0x2771, 0x2771, 0x2771, 0x2771, 0x2771, 0x2771, 0x2771, 0x2771, 0x2771, 0x2771, \
        0x2771, 0x2771, 0x2771, 0x2771, 0x2771, 0x2771, 0x2771, 0x2771, 0x2771, 0x2771, 0x2771, 0x2771, \
        0x2771, 0x2771, 0x2771, 0x2771, 0x2771, 0x0AE8, 0x2127, 0xBE58, 0xFFFF, 0xFFFF, 0xFFFF, 0xFFFF, \
        0xFFFF, 0xFFFF, 0xFFFF, 0xFFFF, 0xFFFF, 0xFFFF, 0xFFFF, 0xFFFF, 0xFFFF, 0xFFFF, 0xFFFF, 0xFFFF, \
        0x73AF, 0x00E5, 0x1E0E, 0x2771, 0x2771, 0x2771, 0x2771, 0x2771, 0x2771, 0x2771, 0x2771, 0x2771, \
        0x138A, 0x2127, 0x9D15, 0xFFFF, 0xFFFF, 0xFFFF, 0xFFFF, 0xFFFF, 0xFFFF, 0xFFFF, 0xFFFF, 0xFFFF, \
        0xFFFF, 0xFFFF, 0xFFFF, 0xFFFF, 0xFFFF, 0xFFFF, 0xFFFF, 0xFFFF, 0xFFFF, 0xFFFF, 0xFFFF, 0xFFFF, \
        0xFFFF, 0xFFFF, 0xFFFF, 0xFFFF, 0xFFFF, 0xA536, 0x2128, 0x14AC, 0x2771, 0x2771, 0x2771, 0x2771, \
        0x2771, 0x2771, 0x2771, 0x2771, 0x2771, 0x2771, 0x2771, 0x2771, 0x2771, 0x2771, 0x2771, 0x2771, \
        0x2771, 0x2771, 0x2771, 0x2771, 0x2771, 0x2771, 0x2771, 0x2771, 0x2771, 0x2771, 0x2771, 0x2771, \
        0x2771, 0x2771, 0x2771, 0x2771, 0x2771, 0x2771, 0x2771, 0x2771, 0x2771, 0x2771, 0x2771, 0x2771, \
        0x2771, 0x2771, 0x2771, 0x2771, 0x2771, 0x2771, 0x2771, 0x2771, 0x2771, 0x2771, 0x2771, 0x2771, \
        0x2771, 0x2771, 0x2771, 0x2771, 0x2771, 0x2771, 0x2771, 0x2771, 0x2771, 0x2771, 0x2771, 0x2771, \
        0x2771, 0x2771, 0x2771, 0x2771, 0x2771, 0x2771, 0x2771, 0x2771, 0x2771, 0x2771, 0x2771, 0x2771, \
        0x2771, 0x2771, 0x2771, 0x2771, 0x2771, 0x2771, 0x2771, 0x2771, 0x2771, 0x2771, 0x2771, 0x2771, \
        0x2771, 0x2771, 0x2771, 0x2771, 0x2771, 0x2771, 0x2771, 0x2771, 0x2771, 0x2771, 0x2771, 0x2771, \
        0x2771, 0x2771, 0x2771, 0x2771, 0x2771, 0x2771, 0x2771, 0x2771, 0x2771, 0x2771, 0x2771, 0x2771, \
        0x2771, 0x2771, 0x2771, 0x2771, 0x2771, 0x2771, 0x2771, 0x2771, 0x2771, 0x2771, 0x2771, 0x2771, \
        0x2771, 0x2771, 0x2771, 0x2771, 0x2771, 0x2771, 0x2771, 0x2771, 0x2771, 0x2771, 0x2771, 0x2771, \
        0x2771, 0x2771, 0x2771, 0x2771, 0x2771, 0x2771, 0x2771, 0x2771, 0x2771, 0x2771, 0x2771, 0x2771, \
        0x2771, 0x2771, 0x2771, 0x2771, 0x2771, 0x2771, 0x2771, 0x2771, 0x2771, 0x2771, 0x2771, 0x2771, \
        0x2771, 0x2771, 0x2771, 0x2771, 0x2771, 0x2771, 0x2771, 0x266F, 0x148C, 0x0A48, 0x00C5, 0x0002, \
        0x0000, 0x0000, 0x0000, 0x0000, 0x0000, 0x0000, 0x0000, 0x0064, 0x13EB, 0x2771, 0x2771, 0x2771, \
        0x2771, 0x2771, 0x2771, 0x2771, 0x2771, 0x2771, 0x2771, 0x2771, 0x2771, 0x2771, 0x2771, 0x2771, \
        0x2771, 0x2771, 0x2771, 0x2771, 0x2771, 0x2771, 0x2771, 0x2771, 0x2771, 0x2771, 0x2771, 0x2771, \
        0x2771, 0x2771, 0x2771, 0x2771, 0x2771, 0x2771, 0x2771, 0x2771, 0x2771, 0x2771, 0x2771, 0x2771, \
        0x2771, 0x2771, 0x2771, 0x2771, 0x2771, 0x2771, 0x2771, 0x2771, 0x2771, 0x2771, 0x2771, 0x2771, \
        0x2771, 0x2771, 0x2771, 0x2771, 0x2771, 0x2771, 0x2771, 0x2771, 0x2771, 0x2771, 0x2771, 0x2771, \
        0x2771, 0x2771, 0x2771, 0x2771, 0x2771, 0x2771, 0x2771, 0x2771, 0x2771, 0x2771, 0x2771, 0x2771, \
        0x13EB, 0x2127, 0x9CF4, 0xFFFF, 0xFFFF, 0xFFFF, 0xFFFF, 0xFFFF, 0xFFFF, 0xFFFF, 0xFFFF, 0xFFFF, \
        0xFFFF, 0xFFFF, 0xFFFF, 0xFFFF, 0xFFFF, 0xFFFF, 0xFFFF, 0x94B3, 0x29A8, 0x1D8D, 0x2771, 0x2771, \
        0x2771, 0x2771, 0x2771, 0x2771, 0x2771, 0x2771, 0x2771, 0x148C, 0x2128, 0x94B3, 0xFFFF, 0xFFFF, \
        0xFFFF, 0xFFFF, 0xFFFF, 0xFFFF, 0xFFFF, 0xFFFF, 0xFFFF, 0xFFFF, 0xFFFF, 0xFFFF, 0xFFFF, 0xFFFF, \
        0xFFFF, 0xFFFF, 0xFFFF, 0xFFFF, 0xFFFF, 0xFFFF, 0xFFFF, 0xFFFF, 0xFFFF, 0xFFFF, 0xFFFF, 0xFFFF, \
        0xFFFF, 0xFFFF, 0x73AF, 0x00C4, 0x1E0F, 0x2771, 0x2771, 0x2771, 0x2771, 0x2771, 0x2771, 0x2771, \
        0x2771, 0x2771, 0x2771, 0x2771, 0x2771, 0x2771, 0x2771, 0x2771, 0x2771, 0x2771, 0x2771, 0x2771, \
        0x2771, 0x2771, 0x2771, 0x2771, 0x2771, 0x2771, 0x2771, 0x2771, 0x2771, 0x2771, 0x2771, 0x2771, \
        0x2771, 0x2771, 0x2771, 0x2771, 0x2771, 0x2771, 0x2771, 0x2771, 0x2771, 0x2771, 0x2771, 0x2771, \
        0x2771, 0x2771, 0x2771, 0x2771, 0x2771, 0x2771, 0x2771, 0x2771, 0x2771, 0x2771, 0x2771, 0x2771, \
        0x2771, 0x2771, 0x2771, 0x2771, 0x2771, 0x2771, 0x2771, 0x2771, 0x2771, 0x2771, 0x2771, 0x2771, \
        0x2771, 0x2771, 0x2771, 0x2771, 0x2771, 0x2771, 0x2771, 0x2771, 0x2771, 0x2771, 0x2771, 0x2771, \
        0x2771, 0x2771, 0x2771, 0x2771, 0x2771, 0x2771, 0x2771, 0x2771, 0x2771, 0x2771, 0x2771, 0x2771, \
        0x2771, 0x2771, 0x2771, 0x2771, 0x2771, 0x2771, 0x2771, 0x2771, 0x2771, 0x2771, 0x2771, 0x2771, \
        0x2771, 0x2771, 0x2771, 0x2771, 0x2771, 0x2771, 0x2771, 0x2771, 0x2771, 0x2771, 0x2771, 0x2771, \
        0x2771, 0x2771, 0x2771, 0x2771, 0x2771, 0x2771, 0x2771, 0x2771, 0x2771, 0x2771, 0x2771, 0x2771, \
        0x2771, 0x2771, 0x2771, 0x2771, 0x2771, 0x2771, 0x2771, 0x2771, 0x2771, 0x2771, 0x2771, 0x2771, \
        0x2771, 0x2771, 0x2771, 0x2771, 0x2771, 0x2771, 0x2771, 0x2771, 0x2771, 0x2771, 0x2771, 0x2771, \
        0x2771, 0x2771, 0x2771, 0x2771, 0x2771, 0x2771, 0x2771, 0x2771, 0x2771, 0x2771, 0x2771, 0x2771, \
        0x2771, 0x1D6E, 0x0A88, 0x00A5, 0x0001, 0x0000, 0x0044, 0x094A, 0x1A0E, 0x2291, 0x22B2, 0x22D3, \
        0x22F4, 0x22D3, 0x1A0E, 0x0003, 0x0044, 0x148C, 0x2771, 0x2771, 0x2771, 0x2771, 0x2771, 0x2771, \
        0x2771, 0x2771, 0x2771, 0x2771, 0x2771, 0x2771, 0x2771, 0x2771, 0x2771, 0x2771, 0x2771, 0x2771, \
        0x2771, 0x2771, 0x2771, 0x2771, 0x2771, 0x2771, 0x2771, 0x2771, 0x2771, 0x2771, 0x2771, 0x2771, \
        0x2771, 0x2771, 0x2771, 0x2771, 0x2771, 0x2771, 0x2771, 0x2771, 0x2771, 0x2771, 0x2771, 0x2771, \
        0x2771, 0x2771, 0x2771, 0x2771, 0x2771, 0x2771, 0x2771, 0x2771, 0x2771, 0x2771, 0x2771, 0x2771, \
        0x2771, 0x2771, 0x2771, 0x2771, 0x2771, 0x2771, 0x2771, 0x2771, 0x2771, 0x2771, 0x2771, 0x2771, \
        0x2771, 0x2771, 0x2771, 0x2771, 0x2771, 0x2771, 0x2771, 0x14CC, 0x2148, 0x9CD4, 0xFFFF, 0xFFFF, \
        0xFFFF, 0xFFFF, 0xFFFF, 0xFFFF, 0xFFFF, 0xFFFF, 0xFFFF, 0xFFFF, 0xFFFF, 0xFFFF, 0xFFFF, 0xFFFF, \
        0xFFFF, 0xFFFF, 0x94B3, 0x2148, 0x14EC, 0x2771, 0x2771, 0x2771, 0x2771, 0x2771, 0x2771, 0x2771, \
        0x2771, 0x2771, 0x1D4D, 0x21A8, 0x94B3, 0xFFFF, 0xFFFF, 0xFFFF, 0xFFFF, 0xFFFF, 0xFFFF, 0xFFFF, \
        0xFFFF, 0xFFFF, 0xFFFF, 0xFFFF, 0xFFFF, 0xFFFF, 0xFFFF, 0xFFFF, 0xFFFF, 0xFFFF, 0xFFFF, 0xFFFF, \
        0xFFFF, 0xFFFF, 0xFFFF, 0xFFFF, 0xFFFF, 0xFFFF, 0xFFFF, 0xFFFF, 0xFFFF, 0xFFFF, 0xEFBE, 0x2127, \
        0x0A07, 0x2710, 0x2771, 0x2771, 0x2771, 0x2771, 0x2771, 0x2771, 0x2771, 0x2771, 0x2771, 0x2771, \
        0x2771, 0x2771, 0x2771, 0x2771, 0x2771, 0x2771, 0x2771, 0x2771, 0x2771, 0x2771, 0x2771, 0x2771, \
        0x2771, 0x2771, 0x2771, 0x2771, 0x2771, 0x2771, 0x2771, 0x2771, 0x2771, 0x2771, 0x2771, 0x2771, \
        0x2771, 0x2771, 0x2771, 0x2771, 0x2771, 0x2771, 0x2771, 0x2771, 0x2771, 0x2771, 0x2771, 0x2771, \
        0x2771, 0x2771, 0x2771, 0x2771, 0x2771, 0x2771, 0x2771, 0x2771, 0x2771, 0x2771, 0x2771, 0x2771, \
        0x2771, 0x2771, 0x2771, 0x2771, 0x2771, 0x2771, 0x2771, 0x2771, 0x2771, 0x2771, 0x2771, 0x2771, \
        0x2771, 0x2771, 0x2771, 0x2771, 0x2771, 0x2771, 0x2771, 0x2771, 0x2771, 0x2771, 0x2771, 0x2771, \
        0x2771, 0x2771, 0x2771, 0x2771, 0x2771, 0x2771, 0x2771, 0x2771, 0x2771, 0x2771, 0x2771, 0x2771, \
        0x2771, 0x2771, 0x2771, 0x2771, 0x2771, 0x2771, 0x2771, 0x2771, 0x2771, 0x2771, 0x2771, 0x2771, \
        0x2771, 0x2771, 0x2771, 0x2771, 0x2771, 0x2771, 0x2771, 0x2771, 0x2771, 0x2771, 0x2771, 0x2771, \
        0x2771, 0x2771, 0x2771, 0x2771, 0x2771, 0x2771, 0x2771, 0x2771, 0x2771, 0x2771, 0x2771, 0x2771, \
        0x2771, 0x2771, 0x2771, 0x2771, 0x2771, 0x2771, 0x2771, 0x2771, 0x2771, 0x2771, 0x2771, 0x2771, \
        0x2771, 0x2771, 0x2771, 0x2771, 0x2771, 0x2771, 0x2771, 0x2771, 0x2771, 0x2771, 0x2771, 0x2771, \
        0x2771, 0x2771, 0x2771, 0x2771, 0x2771, 0x2771, 0x2771, 0x1DCE, 0x0A48, 0x0044, 0x0000, 0x0023, \
        0x118B, 0x2271, 0x2B15, 0x2B57, 0x2B77, 0x2B77, 0x2B77, 0x2B77, 0x2B77, 0x2B78, 0x3378, 0x1A50, \
        0x0000, 0x0166, 0x2731, 0x2771, 0x2771, 0x2771, 0x2771, 0x2771, 0x2771, 0x2771, 0x2771, 0x2771, \
        0x2771, 0x2771, 0x2771, 0x2771, 0x2771, 0x2771, 0x2771, 0x2771, 0x2771, 0x2771, 0x2771, 0x2771, \
        0x2771, 0x2771, 0x2771, 0x2771, 0x2771, 0x2771, 0x2771, 0x2771, 0x2771, 0x2771, 0x2771, 0x2771, \
        0x2771, 0x2771, 0x2771, 0x2771, 0x2771, 0x2771, 0x2771, 0x2771, 0x2771, 0x2771, 0x2771, 0x2771, \
        0x2771, 0x2771, 0x2771, 0x2771, 0x2771, 0x2771, 0x2771, 0x2771, 0x2771, 0x2771, 0x2771, 0x2771, \
        0x2771, 0x2771, 0x2771, 0x2771, 0x2771, 0x2771, 0x2771, 0x2771, 0x2771, 0x2771, 0x2771, 0x2771, \
        0x2771, 0x2771, 0x1DCE, 0x29C9, 0x94B3, 0xFFFF, 0xFFFF, 0xFFFF, 0xFFFF, 0xFFFF, 0xFFFF, 0xFFFF, \
        0xFFFF, 0xFFFF, 0xFFFF, 0xFFFF, 0xFFFF, 0xFFFF, 0xFFFF, 0xFFFF, 0xFFFF, 0x9CD4, 0x2127, 0x13EA, \
        0x2771, 0x2771, 0x2771, 0x2771, 0x2771, 0x2771, 0x2771, 0x2771, 0x2771, 0x1E2F, 0x00E5, 0x73AF, \
        0xFFFF, 0xFFFF, 0xFFFF, 0xFFFF, 0xFFFF, 0xFFFF, 0xFFFF, 0xFFFF, 0xFFFF, 0xFFFF, 0xFFFF, 0xFFFF, \
        0xFFFF, 0xFFFF, 0xFFFF, 0x9CF5, 0x9CD4, 0xFFFF, 0xFFFF, 0xFFFF, 0xFFFF, 0xFFFF, 0xFFFF, 0xFFFF, \
        0xFFFF, 0xFFFF, 0xFFFF, 0xFFFF, 0xFFFF, 0xFFFF, 0xFFFF, 0xC699, 0x2127, 0x138A, 0x2771, 0x2771, \
        0x2771, 0x2771, 0x2771, 0x2771, 0x2771, 0x2771, 0x2771, 0x2771, 0x2771, 0x2771, 0x2771, 0x2771, \
        0x2771, 0x2771, 0x2771, 0x2771, 0x2771, 0x2771, 0x2771, 0x2771, 0x2771, 0x2771, 0x2771, 0x2771, \
        0x2771, 0x2771, 0x2771, 0x2771, 0x2771, 0x2771, 0x2771, 0x2771, 0x2771, 0x2771, 0x2771, 0x2771, \
        0x2771, 0x2771, 0x2771, 0x2771, 0x2771, 0x2771, 0x2771, 0x2771, 0x2771, 0x2771, 0x2771, 0x2771, \
        0x2771, 0x2771, 0x2771, 0x2771, 0x2771, 0x2771, 0x2771, 0x2771, 0x2771, 0x2771, 0x2771, 0x2771, \
        0x2771, 0x2771, 0x2771, 0x2771, 0x2771, 0x2771, 0x2771, 0x2771, 0x2771, 0x2771, 0x2771, 0x2771, \
        0x2771, 0x2771, 0x2771, 0x2771, 0x2771, 0x2771, 0x2771, 0x2771, 0x2771, 0x2771, 0x2771, 0x2771, \
        0x2771, 0x2771, 0x2771, 0x2771, 0x2771, 0x2771, 0x2771, 0x2771, 0x2771, 0x2771, 0x2771, 0x2771, \
        0x2771, 0x2771, 0x2771, 0x2771, 0x2771, 0x2771, 0x2771, 0x2771, 0x2771, 0x2771, 0x2771, 0x2771, \
        0x2771, 0x2771, 0x2771, 0x2771, 0x2771, 0x2771, 0x2771, 0x2771, 0x2771, 0x2771, 0x2771, 0x2771, \
        0x2771, 0x2771, 0x2771, 0x2771, 0x2771, 0x2771, 0x2771, 0x2771, 0x2771, 0x2771, 0x2771, 0x2771, \
        0x2771, 0x2771, 0x2771, 0x2771, 0x2771, 0x2771, 0x2771, 0x2771, 0x2771, 0x2771, 0x2771, 0x2771, \
        0x2771, 0x2771, 0x2771, 0x2771, 0x2771, 0x2771, 0x2771, 0x2771, 0x2771, 0x2771, 0x2771, 0x2771, \
        0x2771, 0x2710, 0x13AA, 0x0084, 0x0001, 0x0003, 0x11CD, 0x22F4, 0x2B57, 0x2B77, 0x2B77, 0x2B57, \
        0x2B57, 0x2B77, 0x2B77, 0x2B77, 0x2B77, 0x2B77, 0x2B77, 0x2B36, 0x08E7, 0x0002, 0x1D0D, 0x2771, \
        0x2771, 0x2771, 0x2771, 0x2771, 0x2771, 0x2771, 0x2771, 0x2771, 0x2771, 0x2771, 0x2771, 0x2771, \
        0x2771, 0x2771, 0x2771, 0x2771, 0x2771, 0x2771, 0x2771, 0x2771, 0x2771, 0x2771, 0x2771, 0x2771, \
        0x2771, 0x2771, 0x2771, 0x2771, 0x2771, 0x2771, 0x2771, 0x2771, 0x2771, 0x2771, 0x2771, 0x2771, \
        0x2771, 0x2771, 0x2771, 0x2771, 0x2771, 0x2771, 0x2771, 0x2771, 0x2771, 0x2771, 0x2771, 0x2771, \
        0x2771, 0x2771, 0x2771, 0x2771, 0x2771, 0x2771, 0x2771, 0x2771, 0x2771, 0x2771, 0x2771, 0x2771, \
        0x2771, 0x2771, 0x2771, 0x2771, 0x2771, 0x2771, 0x2771, 0x2771, 0x2771, 0x266F, 0x0146, 0x7BD0, \
        0xFFFF, 0xFFFF, 0xFFFF, 0xFFFF, 0xFFFF, 0xFFFF, 0xFFFF, 0xFFFF, 0xFFFF, 0xFFFF, 0xFFFF, 0xFFFF, \
        0xFFFF, 0xFFFF, 0xFFFF, 0xFFFF, 0xB618, 0x2127, 0x0B09, 0x2771, 0x2771, 0x2771, 0x2771, 0x2771, \
        0x2771, 0x2771, 0x2771, 0x2771, 0x26B0, 0x01A6, 0x2126, 0xE77D, 0xFFFF, 0xFFFF, 0xFFFF, 0xFFFF, \
        0xFFFF, 0xFFFF, 0xFFFF, 0xFFFF, 0xFFFF, 0xFFFF, 0xFFFF, 0xFFFF, 0xFFFF, 0xFFFF, 0xB618, 0x2128, \
        0x2127, 0xCEBA, 0xFFFF, 0xFFFF, 0xFFFF, 0xFFFF, 0xFFFF, 0xFFFF, 0xFFFF, 0xFFFF, 0xFFFF, 0xFFFF, \
        0xFFFF, 0xFFFF, 0xFFFF, 0xFFFF, 0x9CD4, 0x2128, 0x1D2D, 0x2771, 0x2771, 0x2771, 0x2771, 0x2771, \
        0x2771, 0x2771, 0x2771, 0x2771, 0x2771, 0x2771, 0x2771, 0x2771, 0x2771, 0x2771, 0x2771, 0x2771, \
        0x2771, 0x2771, 0x2771, 0x2771, 0x2771, 0x2771, 0x2771, 0x2771, 0x2771, 0x2771, 0x2771, 0x2771, \
        0x2771, 0x2771, 0x2771, 0x2771, 0x2771, 0x2771, 0x2771, 0x2771, 0x2771, 0x2771, 0x2771, 0x2771, \
        0x2771, 0x2771, 0x2771, 0x2771, 0x2771, 0x2771, 0x2771, 0x2771, 0x2771, 0x2771, 0x2771, 0x2771, \
        0x2771, 0x2771, 0x2771, 0x2771, 0x2771, 0x2771, 0x2771, 0x2771, 0x2771, 0x2771, 0x2771, 0x2771, \
        0x2771, 0x2771, 0x2771, 0x2771, 0x2771, 0x2771, 0x2771, 0x2771, 0x2771, 0x2771, 0x2771, 0x2771, \
        0x2771, 0x2771, 0x2771, 0x2771, 0x2771, 0x2771, 0x2771, 0x2771, 0x2771, 0x2771, 0x2771, 0x2771, \
        0x2771, 0x2771, 0x2771, 0x2771, 0x2771, 0x2771, 0x2771, 0x2771, 0x2771, 0x2771, 0x2771, 0x2771, \
        0x2771, 0x2771, 0x2771, 0x2771, 0x2771, 0x2771, 0x2771, 0x2771, 0x2771, 0x2771, 0x2771, 0x2771, \
        0x2771, 0x2771, 0x2771, 0x2771, 0x2771, 0x2771, 0x2771, 0x2771, 0x2771, 0x2771, 0x2771, 0x2771, \
        0x2771, 0x2771, 0x2771, 0x2771, 0x2771, 0x2771, 0x2771, 0x2771, 0x2771, 0x2771, 0x2771, 0x2771, \
        0x2771, 0x2771, 0x2771, 0x2771, 0x2771, 0x2771, 0x2771, 0x2771, 0x2771, 0x2771, 0x2771, 0x2771, \
        0x2771, 0x2771, 0x2771, 0x2771, 0x2771, 0x2771, 0x2771, 0x2771, 0x1E2F, 0x09A7, 0x0023, 0x0002, \
        0x012A, 0x1A93, 0x2B57, 0x2B57, 0x2B57, 0x2B57, 0x2B57, 0x2B57, 0x2B57, 0x2B77, 0x2B77, 0x2B77, \
        0x2B77, 0x2B77, 0x2B77, 0x2B77, 0x1A2F, 0x0000, 0x0A48, 0x2771, 0x2771, 0x2771, 0x2771, 0x2771, \
        0x2771, 0x2771, 0x2771, 0x2771, 0x2771, 0x2771, 0x2771, 0x2771, 0x2771, 0x2771, 0x2771, 0x2771, \
        0x2771, 0x2771, 0x2771, 0x2771, 0x2771, 0x2771, 0x2771, 0x2771, 0x2771, 0x2771, 0x2771, 0x2771, \
        0x2771, 0x2771, 0x2771, 0x2771, 0x2771, 0x2771, 0x2771, 0x2771, 0x2771, 0x2771, 0x2771, 0x2771, \
        0x2771, 0x2771, 0x2771, 0x2771, 0x2771, 0x2771, 0x2771, 0x2771, 0x2771, 0x2771, 0x2771, 0x2771, \
        0x2771, 0x2771, 0x2771, 0x2771, 0x2771, 0x2771, 0x2771, 0x2771, 0x2771, 0x2771, 0x2771, 0x2771, \
        0x2771, 0x2771, 0x2771, 0x2771, 0x2710, 0x0A07, 0x2127, 0xDF5C, 0xFFFF, 0xFFFF, 0xFFFF, 0xFFFF, \
        0xFFFF, 0xFFFF, 0xFFFF, 0xFFFF, 0xFFFF, 0xFFFF, 0xFFFF, 0xFFFF, 0xFFFF, 0xFFFF, 0xFFFF, 0xCEFB, \
        0x2127, 0x0A47, 0x2731, 0x2771, 0x2771, 0x2771, 0x2771, 0x2771, 0x2771, 0x2771, 0x2771, 0x2710, \
        0x0A27, 0x2127, 0xD71B, 0xFFFF, 0xFFFF, 0xFFFF, 0xFFFF, 0xFFFF, 0xFFFF, 0xFFFF, 0xFFFF, 0xFFFF, \
        0xFFFF, 0xFFFF, 0xFFFF, 0xFFFF, 0xFFFF, 0xCEFB, 0x2127, 0x0A67, 0x09E6, 0x73AF, 0xFFFF, 0xFFFF, \
        0xFFFF, 0xFFFF, 0xFFFF, 0xFFFF, 0xFFFF, 0xFFFF, 0xFFFF, 0xFFFF, 0xFFFF, 0xFFFF, 0xFFFF, 0xFFFF, \
        0xFFFF, 0x7BD0, 0x0105, 0x266F, 0x2771, 0x2771, 0x2771, 0x2771, 0x2771, 0x2771, 0x2771, 0x2771, \
        0x2771, 0x2771, 0x2771, 0x2771, 0x2771, 0x2771, 0x2771, 0x2771, 0x2771, 0x2771, 0x2771, 0x2771, \
        0x2771, 0x2771, 0x2771, 0x2771, 0x2771, 0x2771, 0x2771, 0x2771, 0x2771, 0x2771, 0x2771, 0x2771, \
        0x2771, 0x2771, 0x2771, 0x2771, 0x2771, 0x2771, 0x2771, 0x2771, 0x2771, 0x2771, 0x2771, 0x2771, \
        0x2771, 0x2771, 0x2771, 0x2771, 0x2771, 0x2771, 0x2771, 0x2771, 0x2771, 0x2771, 0x2771, 0x2771, \
        0x2771, 0x2771, 0x2771, 0x2771, 0x2771, 0x2771, 0x2771, 0x2771, 0x2771, 0x2771, 0x2771, 0x2771, \
        0x2771, 0x2771, 0x2771, 0x2771, 0x2771, 0x2771, 0x2771, 0x2771, 0x2771, 0x2771, 0x2771, 0x2771, \
        0x2771, 0x2771, 0x2771, 0x2771, 0x2771, 0x2771, 0x2771, 0x2771, 0x2771, 0x2771, 0x2771, 0x2771, \
        0x2771, 0x2771, 0x2771, 0x2771, 0x2771, 0x2771, 0x2771, 0x2771, 0x2771, 0x2771, 0x2771, 0x2771, \
        0x2771, 0x2771, 0x2771, 0x2771, 0x2771, 0x2771, 0x2771, 0x2771, 0x2771, 0x2771, 0x2771, 0x2771, \
        0x2771, 0x2771, 0x2771, 0x2771, 0x2771, 0x2771, 0x2771, 0x2771, 0x2771, 0x2771, 0x2771, 0x2771, \
        0x2771, 0x2771, 0x2771, 0x2771, 0x2771, 0x2771, 0x2771, 0x2771, 0x2771, 0x2771, 0x2771, 0x2771, \
        0x2771, 0x2771, 0x2771, 0x2771, 0x2771, 0x2771, 0x2771, 0x2771, 0x2771, 0x2771, 0x2771, 0x2771, \
        0x2771, 0x2771, 0x2771, 0x264F, 0x0105, 0x0002, 0x0085, 0x01CF, 0x1AD5, 0x2B77, 0x2B77, 0x2B57, \
        0x2B57, 0x2B57, 0x2B57, 0x2B57, 0x2B57, 0x2B77, 0x2B77, 0x2B77, 0x2B77, 0x2B77, 0x2B57, 0x2B77, \
        0x2B14, 0x0064, 0x0064, 0x1E0F, 0x2771, 0x2771, 0x2771, 0x2771, 0x2771, 0x2771, 0x2771, 0x2771, \
        0x2771, 0x2771, 0x2771, 0x2771, 0x2771, 0x2771, 0x2771, 0x2771, 0x2771, 0x2771, 0x2771, 0x2771, \
        0x2771, 0x2771, 0x2771, 0x2771, 0x2771, 0x2771, 0x2771, 0x2771, 0x2771, 0x2771, 0x2771, 0x2771, \
        0x2771, 0x2771, 0x2771, 0x2771, 0x2771, 0x2771, 0x2771, 0x2771, 0x2771, 0x2771, 0x2771, 0x2771, \
        0x2771, 0x2771, 0x2771, 0x2771, 0x2771, 0x2771, 0x2771, 0x2771, 0x2771, 0x2771, 0x2771, 0x2771, \
        0x2771, 0x2771, 0x2771, 0x2771, 0x2771, 0x2771, 0x2771, 0x2771, 0x2771, 0x2771, 0x2771, 0x2751, \
        0x0AC8, 0x2127, 0xC699, 0xFFFF, 0xFFFF, 0xFFFF, 0xFFFF, 0xFFFF, 0xFFFF, 0xFFFF, 0xFFFF, 0xFFFF, \
        0xFFFF, 0xFFFF, 0xFFFF, 0xFFFF, 0xFFFF, 0xFFFF, 0xE77D, 0x2126, 0x01A6, 0x26D0, 0x2771, 0x2771, \
        0x2771, 0x2771, 0x2771, 0x2771, 0x2771, 0x2771, 0x2771, 0x0B09, 0x2127, 0xBE58, 0xFFFF, 0xFFFF, \
        0xFFFF, 0xFFFF, 0xFFFF, 0xFFFF, 0xFFFF, 0xFFFF, 0xFFFF, 0xFFFF, 0xFFFF, 0xFFFF, 0xFFFF, 0xFFFF, \
        0xE77D, 0x2126, 0x01C6, 0x26F0, 0x1E0E, 0x29C9, 0x94B3, 0xFFFF, 0xFFFF, 0xFFFF, 0xFFFF, 0xFFFF, \
        0xFFFF, 0xFFFF, 0xFFFF, 0xFFFF, 0xFFFF, 0xFFFF, 0xFFFF, 0xFFFF, 0xFFFF, 0xDF5C, 0x2127, 0x0A88, \
        0x2771, 0x2771, 0x2771, 0x2771, 0x2771, 0x2771, 0x2771, 0x2771, 0x2771, 0x2771, 0x2771, 0x2771, \
        0x2771, 0x2771, 0x2771, 0x2771, 0x2771, 0x2771, 0x2771, 0x2771, 0x2771, 0x2771, 0x2771, 0x2771, \
        0x2771, 0x2771, 0x2771, 0x2771, 0x2771, 0x2771, 0x2771, 0x2771, 0x2771, 0x2771, 0x2771, 0x2771, \
        0x2771, 0x2771, 0x2771, 0x2771, 0x2771, 0x2771, 0x2771, 0x2771, 0x2771, 0x2771, 0x2771, 0x2771, \
        0x2771, 0x2771, 0x2771, 0x2771, 0x2771, 0x2771, 0x2771, 0x2771, 0x2771, 0x2771, 0x2771, 0x2771, \
        0x2771, 0x2771, 0x2771, 0x2771, 0x2771, 0x2771, 0x2771, 0x2771, 0x2771, 0x2771, 0x2771, 0x2771, \
        0x2771, 0x2771, 0x2771, 0x2771, 0x2771, 0x2771, 0x2771, 0x2771, 0x2771, 0x2771, 0x2771, 0x2771, \
        0x2771, 0x2771, 0x2771, 0x2771, 0x2771, 0x2771, 0x2771, 0x2771, 0x2771, 0x2771, 0x2771, 0x2771, \
        0x2771, 0x2771, 0x2771, 0x2771, 0x2771, 0x2771, 0x2771, 0x2771, 0x2771, 0x2771, 0x2771, 0x2771, \
        0x2771, 0x2771, 0x2771, 0x2771, 0x2771, 0x2771, 0x2771, 0x2771, 0x2771, 0x2771, 0x2771, 0x2771, \
        0x2771, 0x2771, 0x2771, 0x2771, 0x2771, 0x2771, 0x2771, 0x2771, 0x2771, 0x2771, 0x2771, 0x2771, \
        0x2771, 0x2771, 0x2771, 0x2771, 0x2771, 0x2771, 0x2771, 0x2771, 0x2771, 0x2771, 0x2771, 0x2771, \
        0x2771, 0x2771, 0x2771, 0x2771, 0x2771, 0x2771, 0x2771, 0x2771, 0x2771, 0x2771, 0x26D0, 0x01C7, \
        0x0002, 0x00E7, 0x0231, 0x1AD5, 0x2B77, 0x3377, 0x2B77, 0x2B57, 0x2B57, 0x2B57, 0x2B57, 0x2B77, \
        0x2B77, 0x2B57, 0x2B77, 0x2B77, 0x2B77, 0x2B77, 0x2B77, 0x2B77, 0x2B77, 0x19ED, 0x0000, 0x0B29, \
        0x2771, 0x2771, 0x2771, 0x2771, 0x2771, 0x2771, 0x2771, 0x2771, 0x2771, 0x2771, 0x2771, 0x2771, \
        0x2771, 0x2771, 0x2771, 0x2771, 0x2771, 0x2771, 0x2771, 0x2771, 0x2771, 0x2771, 0x2771, 0x2771, \
        0x2771, 0x2771, 0x2771, 0x2771, 0x2771, 0x2771, 0x2771, 0x2771, 0x2771, 0x2771, 0x2771, 0x2771, \
        0x2771, 0x2771, 0x2771, 0x2771, 0x2771, 0x2771, 0x2771, 0x2771, 0x2771, 0x2771, 0x2771, 0x2771, \
        0x2771, 0x2771, 0x2771, 0x2771, 0x2771, 0x2771, 0x2771, 0x2771, 0x2771, 0x2771, 0x2771, 0x2771, \
        0x2771, 0x2771, 0x2771, 0x2771, 0x2771, 0x2771, 0x2771, 0x13AA, 0x2128, 0xA536, 0xFFFF, 0xFFFF, \
        0xFFFF, 0xFFFF, 0xFFFF, 0xFFFF, 0xFFFF, 0xFFFF, 0xFFFF, 0xFFFF, 0xFFFF, 0xFFFF, 0xFFFF, 0xFFFF, \
        0xFFFF, 0xFFFF, 0x73AF, 0x0105, 0x1E2F, 0x2771, 0x2771, 0x2771, 0x2771, 0x2771, 0x2771, 0x2771, \
        0x2771, 0x2771, 0x13EA, 0x2128, 0x9CD4, 0xFFFF, 0xFFFF, 0xFFFF, 0xFFFF, 0xFFFF, 0xFFFF, 0xFFFF, \
        0xFFFF, 0xFFFF, 0xFFFF, 0xFFFF, 0xFFFF, 0xFFFF, 0xFFFF, 0xFFFF, 0x73AF, 0x0125, 0x1E4F, 0x2771, \
        0x2771, 0x144B, 0x2127, 0xAD76, 0xFFFF, 0xFFFF, 0xFFFF, 0xFFFF, 0xFFFF, 0xFFFF, 0xFFFF, 0xFFFF, \
        0xFFFF, 0xFFFF, 0xFFFF, 0xFFFF, 0xFFFF, 0xFFFF, 0xB618, 0x2127, 0x144B, 0x2771, 0x2771, 0x2771, \
        0x2771, 0x2771, 0x2771, 0x2771, 0x2771, 0x2771, 0x2771, 0x2771, 0x2771, 0x2771, 0x2771, 0x2771, \
        0x2771, 0x2771, 0x2771, 0x2771, 0x2771, 0x2771, 0x2771, 0x2771, 0x2771, 0x2771, 0x2771, 0x2771, \
        0x2771, 0x2771, 0x2771, 0x2771, 0x2771, 0x2771, 0x2771, 0x2771, 0x2771, 0x2771, 0x2771, 0x2771, \
        0x2771, 0x2771, 0x2771, 0x2771, 0x2771, 0x2771, 0x2771, 0x2771, 0x2771, 0x2771, 0x2771, 0x2771, \
        0x2771, 0x2771, 0x2771, 0x2771, 0x2771, 0x2771, 0x2771, 0x2771, 0x2771, 0x2771, 0x2771, 0x2771, \
        0x2771, 0x2771, 0x2771, 0x2771, 0x2771, 0x2771, 0x2771, 0x2771, 0x2771, 0x2771, 0x2771, 0x2771, \
        0x2771, 0x2771, 0x2771, 0x2771, 0x2771, 0x2771, 0x2771, 0x2771, 0x2771, 0x2771, 0x2771, 0x2771, \
        0x2771, 0x2771, 0x2771, 0x2771, 0x2771, 0x2771, 0x2771, 0x2771, 0x2771, 0x2771, 0x2771, 0x2771, \
        0x2771, 0x2771, 0x2771, 0x2771, 0x2771, 0x2771, 0x2771, 0x2771, 0x2771, 0x2771, 0x2771, 0x2771, \
        0x2771, 0x2771, 0x2771, 0x2771, 0x2771, 0x2771, 0x2771, 0x2771, 0x2771, 0x2771, 0x2771, 0x2771, \
        0x2771, 0x2771, 0x2771, 0x2771, 0x2771, 0x2771, 0x2771, 0x2771, 0x2771, 0x2771, 0x2771, 0x2771, \
        0x2771, 0x2771, 0x2771, 0x2771, 0x2771, 0x2771, 0x2771, 0x2771, 0x2771, 0x2771, 0x2771, 0x2771, \
        0x2771, 0x2771, 0x2771, 0x2771, 0x2771, 0x2731, 0x0A27, 0x0022, 0x00C7, 0x0211, 0x1294, 0x2B56, \
        0x2B77, 0x2B57, 0x2B57, 0x2B57, 0x2B57, 0x2B57, 0x2B57, 0x2B57, 0x2B57, 0x2B57, 0x2B57, 0x2B57, \
        0x2B57, 0x2B77, 0x2B57, 0x2B77, 0x2B77, 0x2AF4, 0x0001, 0x00A4, 0x1E2F, 0x2771, 0x2771, 0x2771, \
        0x2771, 0x2771, 0x2771, 0x2771, 0x2771, 0x2771, 0x2771, 0x2771, 0x2771, 0x2771, 0x2771, 0x2771, \
        0x2771, 0x2771, 0x2771, 0x2771, 0x2771, 0x2771, 0x2771, 0x2771, 0x2771, 0x2771, 0x2771, 0x2771, \
        0x2771, 0x2771, 0x2771, 0x2771, 0x2771, 0x2771, 0x2771, 0x2771, 0x2771, 0x2771, 0x2771, 0x2771, \
        0x2771, 0x2771, 0x2771, 0x2771, 0x2771, 0x2771, 0x2771, 0x2771, 0x2771, 0x2771, 0x2771, 0x2771, \
        0x2771, 0x2771, 0x2771, 0x2771, 0x2771, 0x2771, 0x2771, 0x2771, 0x2771, 0x2771, 0x2771, 0x2771, \
        0x2771, 0x2771, 0x146B, 0x2128, 0x9CD4, 0xFFFF, 0xFFFF, 0xFFFF, 0xFFFF, 0xFFFF, 0xFFFF, 0xFFFF, \
        0xFFFF, 0xFFFF, 0xFFFF, 0xFFFF, 0xFFFF, 0xFFFF, 0xFFFF, 0xFFFF, 0xFFFF, 0x94B3, 0x29C8, 0x1D8D, \
        0x2771, 0x2771, 0x2771, 0x2771, 0x2771, 0x2771, 0x2771, 0x2771, 0x2771, 0x14CC, 0x2148, 0x9CD4, \
        0xFFFF, 0xFFFF, 0xFFFF, 0xFFFF, 0xFFFF, 0xFFFF, 0xFFFF, 0xFFFF, 0xFFFF, 0xFFFF, 0xFFFF, 0xFFFF, \
        0xFFFF, 0xFFFF, 0xFFFF, 0x9493, 0x29C9, 0x1DCE, 0x2771, 0x2771, 0x2771, 0x2771, 0x0AC8, 0x2127, \
        0xDF3C, 0xFFFF, 0xFFFF, 0xFFFF, 0xFFFF, 0xFFFF, 0xFFFF, 0xFFFF, 0xFFFF, 0xFFFF, 0xFFFF, 0xFFFF, \
        0xFFFF, 0xFFFF, 0xFFFF, 0x94B3, 0x2188, 0x1D8D, 0x2771, 0x2771, 0x2771, 0x2771, 0x2771, 0x2771, \
        0x2771, 0x2771, 0x2771, 0x2771, 0x2771, 0x2771, 0x2771, 0x2771, 0x2771, 0x2771, 0x2771, 0x2771, \
        0x2771, 0x2771, 0x2771, 0x2771, 0x2771, 0x2771, 0x2771, 0x2771, 0x2771, 0x2771, 0x2771, 0x2771, \
        0x2771, 0x2771, 0x2771, 0x2771, 0x2771, 0x2771, 0x2771, 0x2771, 0x2771, 0x2771, 0x2771, 0x2771, \
        0x2771, 0x2771, 0x2771, 0x2771, 0x2771, 0x2771, 0x2771, 0x2771, 0x2771, 0x2771, 0x2771, 0x2771, \
        0x2771, 0x2771, 0x2771, 0x2771, 0x2771, 0x2771, 0x2771, 0x2771, 0x2771, 0x2771, 0x2771, 0x2771, \
        0x2771, 0x2771, 0x2771, 0x2771, 0x2771, 0x2771, 0x2771, 0x2771, 0x2771, 0x2771, 0x2771, 0x2771, \
        0x2771, 0x2771, 0x2771, 0x2771, 0x2771, 0x2771, 0x2771, 0x2771, 0x2771, 0x2771, 0x2771, 0x2771, \
        0x2771, 0x2771, 0x2771, 0x2771, 0x2771, 0x2771, 0x2771, 0x2771, 0x2771, 0x2771, 0x2771, 0x2771, \
        0x2771, 0x2771, 0x2771, 0x2771, 0x2771, 0x2771, 0x2771, 0x2771, 0x2771, 0x2771, 0x2771, 0x2771, \
        0x2771, 0x2771, 0x2771, 0x2771, 0x2771, 0x2771, 0x2771, 0x2771, 0x2771, 0x2771, 0x2771, 0x2771, \
        0x2771, 0x2771, 0x2771, 0x2771, 0x2771, 0x2771, 0x2771, 0x2771, 0x2771, 0x2771, 0x2771, 0x2771, \
        0x2771, 0x2771, 0x2771, 0x2771, 0x2771, 0x2771, 0x2771, 0x2771, 0x2771, 0x2771, 0x2771, 0x2771, \
        0x2771, 0x13EB, 0x0023, 0x0064, 0x0211, 0x0253, 0x2316, 0x2B77, 0x2B57, 0x2B77, 0x2B57, 0x2B57, \
        0x2B57, 0x2B57, 0x2B57, 0x2B57, 0x2B57, 0x2B57, 0x2B57, 0x2B57, 0x2B57, 0x2B57, 0x2B57, 0x2B77, \
        0x2B77, 0x2B77, 0x11AC, 0x0000, 0x0B09, 0x2771, 0x2771, 0x2771, 0x2771, 0x2771, 0x2771, 0x2771, \
        0x2771, 0x2771, 0x2771, 0x2771, 0x2771, 0x2771, 0x2771, 0x2771, 0x2771, 0x2771, 0x2771, 0x2771, \
        0x2771, 0x2771, 0x2771, 0x2771, 0x2771, 0x2771, 0x2771, 0x2771, 0x2771, 0x2771, 0x2771, 0x2771, \
        0x2771, 0x2771, 0x2771, 0x2771, 0x2771, 0x2771, 0x2771, 0x2771, 0x2771, 0x2771, 0x2771, 0x2771, \
        0x2771, 0x2771, 0x2771, 0x2771, 0x2771, 0x2771, 0x2771, 0x2771, 0x2771, 0x2771, 0x2771, 0x2771, \
        0x2771, 0x2771, 0x2771, 0x2771, 0x2771, 0x2771, 0x2771, 0x2771, 0x2771, 0x1D6D, 0x21A8, 0x9492, \
        0xFFFF, 0xFFFF, 0xFFFF, 0xFFFF, 0xFFFF, 0xFFFF, 0xFFFF, 0xFFFF, 0xFFFF, 0xFFFF, 0xFFFF, 0xFFFF, \
        0xFFFF, 0xFFFF, 0xFFFF, 0xFFFF, 0x9CD4, 0x2148, 0x1CCC, 0x2771, 0x2771, 0x2771, 0x2771, 0x2771, \
        0x2771, 0x2771, 0x2771, 0x2771, 0x1DAE, 0x29C9, 0x94B3, 0xFFFF, 0xFFFF, 0xFFFF, 0xFFFF, 0xFFFF, \
        0xFFFF, 0xFFFF, 0xFFFF, 0xFFFF, 0xFFFF, 0xFFFF, 0xFFFF, 0xFFFF, 0xFFFF, 0xFFFF, 0x94B3, 0x2148, \
        0x14AC, 0x2771, 0x2771, 0x2771, 0x2771, 0x2771, 0x26D0, 0x0146, 0x73AF, 0xFFFF, 0xFFFF, 0xFFFF, \
        0xFFFF, 0xFFFF, 0xFFFF, 0xFFFF, 0xFFFF, 0xFFFF, 0xFFFF, 0xFFFF, 0xFFFF, 0xFFFF, 0xFFFF, 0xFFFF, \
        0x7BD0, 0x0166, 0x26D0, 0x2771, 0x2771, 0x2771, 0x2771, 0x2771, 0x2771, 0x2771, 0x2771, 0x2771, \
        0x2771, 0x2771, 0x2771, 0x2771, 0x2771, 0x2771, 0x2771, 0x2771, 0x2771, 0x2771, 0x2771, 0x2771, \
        0x2771, 0x2771, 0x2771, 0x2771, 0x2771, 0x2771, 0x2771, 0x2771, 0x2771, 0x2771, 0x2771, 0x2771, \
        0x2771, 0x2771, 0x2771, 0x2771, 0x2771, 0x2771, 0x2771, 0x2771, 0x2771, 0x2771, 0x2771, 0x2771, \
        0x2771, 0x2771, 0x2771, 0x2771, 0x2771, 0x2771, 0x2771, 0x2771, 0x26D0, 0x266F, 0x26D0, 0x2771, \
        0x2771, 0x2771, 0x2771, 0x2771, 0x2771, 0x2771, 0x2771, 0x2771, 0x2771, 0x2771, 0x2771, 0x2771, \
        0x2771, 0x2771, 0x2771, 0x2771, 0x2771, 0x2771, 0x2771, 0x2771, 0x2771, 0x2771, 0x2771, 0x2771, \
        0x2771, 0x2771, 0x2771, 0x2771, 0x2771, 0x2771, 0x2771, 0x2771, 0x2771, 0x2771, 0x2771, 0x2771, \
        0x2771, 0x2771, 0x2771, 0x2771, 0x2771, 0x2771, 0x2771, 0x2771, 0x2771, 0x2771, 0x2771, 0x2771, \
        0x2771, 0x2771, 0x2771, 0x2771, 0x2771, 0x2771, 0x2771, 0x2771, 0x2771, 0x2771, 0x2771, 0x2771, \
        0x2771, 0x2771, 0x2771, 0x2771, 0x2771, 0x2771, 0x2771, 0x2771, 0x2771, 0x2771, 0x2771, 0x2771, \
        0x2771, 0x2771, 0x2771, 0x2771, 0x2771, 0x2771, 0x2771, 0x2771, 0x2771, 0x2771, 0x2771, 0x2771, \
        0x2771, 0x2771, 0x2771, 0x2771, 0x2771, 0x2771, 0x2771, 0x2771, 0x2690, 0x00C5, 0x0001, 0x018E, \
        0x0253, 0x1294, 0x2B57, 0x2B57, 0x2B57, 0x2B57, 0x2B57, 0x2B57, 0x2B57, 0x2B57, 0x2B57, 0x2B57, \
        0x2B57, 0x2B57, 0x2B57, 0x2B57, 0x2B57, 0x2B57, 0x2B77, 0x2B77, 0x2B77, 0x2B78, 0x22F4, 0x0002, \
        0x0084, 0x1DEE, 0x2771, 0x2771, 0x2771, 0x2771, 0x2771, 0x2771, 0x2771, 0x2771, 0x2771, 0x2771, \
        0x2771, 0x2771, 0x2771, 0x2771, 0x2771, 0x2771, 0x2771, 0x2771, 0x2771, 0x2771, 0x2771, 0x2771, \
        0x2771, 0x2771, 0x2771, 0x2771, 0x2771, 0x2771, 0x2771, 0x2771, 0x2771, 0x2771, 0x2771, 0x2771, \
        0x2771, 0x2771, 0x2771, 0x2771, 0x2771, 0x2771, 0x2771, 0x2771, 0x2771, 0x2771, 0x2771, 0x2771, \
        0x2771, 0x2771, 0x2771, 0x2771, 0x2771, 0x2771, 0x2771, 0x2771, 0x2771, 0x2771, 0x2771, 0x2771, \
        0x2771, 0x2771, 0x2771, 0x2771, 0x1E4F, 0x0146, 0x7BD0, 0xFFFF, 0xFFFF, 0xFFFF, 0xFFFF, 0xFFFF, \
        0xFFFF, 0xFFFF, 0xFFFF, 0xFFFF, 0xFFFF, 0xFFFF, 0xFFFF, 0xFFFF, 0xFFFF, 0xFFFF, 0xFFFF, 0x9CD4, \
        0x2128, 0x13CA, 0x2771, 0x2771, 0x2771, 0x2771, 0x2771, 0x2771, 0x2771, 0x2771, 0x2771, 0x264F, \
        0x0146, 0x7BD0, 0xFFFF, 0xFFFF, 0xFFFF, 0xFFFF, 0xFFFF, 0xFFFF, 0xFFFF, 0xFFFF, 0xFFFF, 0xFFFF, \
        0xFFFF, 0xFFFF, 0xFFFF, 0xFFFF, 0xFFFF, 0x9CD4, 0x2127, 0x13CA, 0x2771, 0x2771, 0x2771, 0x2771, \
        0x2771, 0x2771, 0x2771, 0x1D4D, 0x2148, 0x9CD4, 0xFFFF, 0xFFFF, 0xFFFF, 0xFFFF, 0xFFFF, 0xFFFF, \
        0xFFFF, 0xFFFF, 0xFFFF, 0xFFFF, 0xFFFF, 0xFFFF, 0xFFFF, 0xFFFF, 0xD71B, 0x2127, 0x0B09, 0x2771, \
        0x2771, 0x2771, 0x2771, 0x2771, 0x2771, 0x2771, 0x2771, 0x2771, 0x2771, 0x2771, 0x2771, 0x2771, \
        0x2771, 0x2771, 0x2771, 0x2771, 0x2771, 0x2771, 0x2771, 0x2771, 0x2771, 0x2771, 0x2771, 0x2771, \
        0x2771, 0x2771, 0x2771, 0x2771, 0x2771, 0x2771, 0x2771, 0x2771, 0x2771, 0x2771, 0x2771, 0x2771, \
        0x2771, 0x2771, 0x2771, 0x2771, 0x2771, 0x2771, 0x2771, 0x2771, 0x2771, 0x2771, 0x2771, 0x2771, \
        0x2771, 0x2731, 0x1CED, 0x0A48, 0x00E5, 0x0043, 0x00C5, 0x0A48, 0x1D4D, 0x2771, 0x2771, 0x2771, \
        0x2771, 0x2771, 0x2771, 0x2771, 0x2771, 0x2771, 0x2771, 0x2771, 0x2771, 0x2771, 0x2771, 0x2771, \
        0x2771, 0x2771, 0x2771, 0x2771, 0x2771, 0x2771, 0x2771, 0x2771, 0x2771, 0x2771, 0x2771, 0x2771, \
        0x2771, 0x2771, 0x2771, 0x2771, 0x2771, 0x2771, 0x2771, 0x2771, 0x2771, 0x2771, 0x2771, 0x2771, \
        0x2771, 0x2771, 0x2771, 0x2771, 0x2771, 0x2771, 0x2771, 0x2771, 0x2771, 0x2771, 0x2771, 0x2771, \
        0x2771, 0x2771, 0x2771, 0x2771, 0x2771, 0x2771, 0x2771, 0x2771, 0x2771, 0x2771, 0x2771, 0x2771, \
        0x2771, 0x2771, 0x2771, 0x2771, 0x2771, 0x2771, 0x2771, 0x2771, 0x2771, 0x2771, 0x2771, 0x2771, \
        0x2771, 0x2771, 0x2771, 0x2771, 0x2771, 0x2771, 0x2771, 0x2771, 0x2771, 0x2771, 0x2771, 0x2771, \
        0x2771, 0x2771, 0x2771, 0x2771, 0x13EB, 0x0023, 0x00C7, 0x0232, 0x0253, 0x2315, 0x2B77, 0x2B57, \
        0x2B57, 0x2B57, 0x2B57, 0x2B57, 0x2B57, 0x2B57, 0x2B57, 0x2B57, 0x2B57, 0x2B57, 0x2B57, 0x2B57, \
        0x2B57, 0x2B57, 0x2B77, 0x2B77, 0x2B77, 0x2B77, 0x2B77, 0x19ED, 0x0000, 0x0A07, 0x2731, 0x2771, \
        0x2771, 0x2771, 0x2771, 0x2771, 0x2771, 0x2771, 0x2771, 0x2771, 0x2771, 0x2771, 0x2771, 0x2771, \
        0x2771, 0x2751, 0x2731, 0x2771, 0x2771, 0x2771, 0x2771, 0x2771, 0x2771, 0x2771, 0x2771, 0x2771, \
        0x2771, 0x2771, 0x2771, 0x2771, 0x2771, 0x2771, 0x2771, 0x2771, 0x2771, 0x2771, 0x2771, 0x2771, \
        0x2771, 0x2771, 0x2771, 0x2771, 0x2771, 0x2771, 0x2771, 0x2771, 0x2771, 0x2771, 0x2771, 0x2771, \
        0x2771, 0x2771, 0x2771, 0x2771, 0x2771, 0x2771, 0x2771, 0x2771, 0x2771, 0x2771, 0x2771, 0x26B0, \
        0x01C6, 0x2127, 0xDF5C, 0xFFFF, 0xFFFF, 0xFFFF, 0xFFFF, 0xFFFF, 0xFFFF, 0xFFFF, 0xFFFF, 0xFFFF, \
        0xFFFF, 0xFFFF, 0xFFFF, 0xFFFF, 0xFFFF, 0xFFFF, 0xB618, 0x2127, 0x0B09, 0x2771, 0x2771, 0x2771, \
        0x2771, 0x2771, 0x2771, 0x2771, 0x2771, 0x2771, 0x26D0, 0x01C6, 0x2127, 0xE77D, 0xFFFF, 0xFFFF, \
        0xFFFF, 0xFFFF, 0xFFFF, 0xFFFF, 0xFFFF, 0xFFFF, 0xFFFF, 0xFFFF, 0xFFFF, 0xFFFF, 0xFFFF, 0xFFFF, \
        0xB638, 0x2127, 0x0B29, 0x2771, 0x2771, 0x2771, 0x2771, 0x2771, 0x2771, 0x2771, 0x2771, 0x2771, \
        0x13AA, 0x2127, 0xC699, 0xFFFF, 0xFFFF, 0xFFFF, 0xFFFF, 0xFFFF, 0xFFFF, 0xFFFF, 0xFFFF, 0xFFFF, \
        0xFFFF, 0xFFFF, 0xFFFF, 0xFFFF, 0xFFFF, 0x9D15, 0x2127, 0x146B, 0x2771, 0x2771, 0x2771, 0x2771, \
        0x2771, 0x2771, 0x2771, 0x2771, 0x2771, 0x2771, 0x2771, 0x2771, 0x2771, 0x2771, 0x2771, 0x2771, \
        0x2771, 0x2771, 0x2771, 0x2771, 0x2771, 0x2771, 0x2771, 0x2771, 0x2771, 0x2771, 0x2771, 0x2771, \
        0x2771, 0x2771, 0x2771, 0x2771, 0x2771, 0x2771, 0x2771, 0x2771, 0x2771, 0x2771, 0x2771, 0x2771, \
        0x2771, 0x2771, 0x2771, 0x2771, 0x2771, 0x2771, 0x2771, 0x2771, 0x1D0D, 0x0986, 0x0043, 0x0000, \
        0x0000, 0x18E5, 0x0000, 0x0000, 0x0064, 0x140B, 0x2771, 0x2771, 0x2771, 0x2771, 0x2771, 0x2771, \
        0x2771, 0x2771, 0x2771, 0x2771, 0x2771, 0x2771, 0x2771, 0x2771, 0x2771, 0x2771, 0x2771, 0x2771, \
        0x2771, 0x2771, 0x2771, 0x2771, 0x2771, 0x2771, 0x2771, 0x2771, 0x2771, 0x2771, 0x2771, 0x2771, \
        0x2771, 0x2771, 0x2771, 0x2771, 0x2771, 0x2771, 0x2771, 0x2771, 0x2771, 0x2771, 0x2771, 0x2771, \
        0x2771, 0x2771, 0x2771, 0x2771, 0x2771, 0x2771, 0x2771, 0x2771, 0x2771, 0x2771, 0x2771, 0x2771, \
        0x2771, 0x2771, 0x2771, 0x2771, 0x2771, 0x2771, 0x2771, 0x2771, 0x2771, 0x2771, 0x2771, 0x2771, \
        0x2771, 0x2771, 0x2771, 0x2771, 0x2771, 0x2771, 0x2771, 0x2771, 0x2771, 0x2771, 0x2771, 0x2771, \
        0x2771, 0x2771, 0x2771, 0x2771, 0x2771, 0x2771, 0x2771, 0x2771, 0x2771, 0x2771, 0x2771, 0x2711, \
        0x0166, 0x0000, 0x01AE, 0x0253, 0x0A53, 0x2B36, 0x2B57, 0x2B57, 0x2B57, 0x2B57, 0x2B57, 0x2B57, \
        0x2B57, 0x2B57, 0x2B57, 0x2B57, 0x2B57, 0x2B57, 0x2B57, 0x2B57, 0x2B57, 0x2B57, 0x2B57, 0x2B57, \
        0x2B77, 0x2B77, 0x2B77, 0x2B15, 0x0085, 0x0023, 0x142B, 0x2771, 0x2771, 0x2771, 0x2771, 0x2771, \
        0x2771, 0x2771, 0x2771, 0x2771, 0x2771, 0x2771, 0x2771, 0x266F, 0x12E7, 0x0963, 0x0143, 0x0A65, \
        0x260F, 0x2771, 0x2771, 0x2771, 0x2771, 0x2771, 0x2771, 0x2771, 0x2771, 0x2771, 0x2771, 0x2771, \
        0x2771, 0x2771, 0x2771, 0x2771, 0x2771, 0x2771, 0x2771, 0x2771, 0x2771, 0x2771, 0x2771, 0x2771, \
        0x2771, 0x2771, 0x2771, 0x2771, 0x2771, 0x2771, 0x2771, 0x2771, 0x2771, 0x2771, 0x2771, 0x2771, \
        0x2771, 0x2771, 0x2771, 0x2771, 0x2771, 0x2771, 0x2731, 0x0A68, 0x2127, 0xCEDA, 0xFFFF, 0xFFFF, \
        0xFFFF, 0xFFFF, 0xFFFF, 0xFFFF, 0xFFFF, 0xFFFF, 0xFFFF, 0xFFFF, 0xFFFF, 0xFFFF, 0xFFFF, 0xFFFF, \
        0xFFFF, 0xD6FB, 0x2127, 0x0A88, 0x2731, 0x2771, 0x2771, 0x2771, 0x2771, 0x2771, 0x2771, 0x2771, \
        0x2771, 0x2751, 0x0A88, 0x2127, 0xCEDA, 0xFFFF, 0xFFFF, 0xFFFF, 0xFFFF, 0xFFFF, 0xFFFF, 0xFFFF, \
        0xFFFF, 0xFFFF, 0xFFFF, 0xFFFF, 0xFFFF, 0xFFFF, 0xFFFF, 0xD71B, 0x2126, 0x0A27, 0x2731, 0x2771, \
        0x2771, 0x2771, 0x2771, 0x2771, 0x2771, 0x2771, 0x2771, 0x2771, 0x2731, 0x0A27, 0x2126, 0xEFBE, \
        0xFFFF, 0xFFFF, 0xFFFF, 0xFFFF, 0xFFFF, 0xFFFF, 0xFFFF, 0xFFFF, 0xFFFF, 0xFFFF, 0xFFFF, 0xFFFF, \
        0xFFFF, 0xFFFF, 0x73AF, 0x00A4, 0x1E0E, 0x2771, 0x2771, 0x2771, 0x2771, 0x2771, 0x2771, 0x2771, \
        0x2771, 0x2771, 0x2771, 0x2771, 0x2771, 0x2771, 0x2771, 0x2771, 0x2771, 0x2771, 0x2771, 0x2771, \
        0x2771, 0x2771, 0x2771, 0x2771, 0x2771, 0x2771, 0x2771, 0x2771, 0x2771, 0x2771, 0x2771, 0x2771, \
        0x2771, 0x2771, 0x2771, 0x2771, 0x2771, 0x2771, 0x2771, 0x2771, 0x2771, 0x2771, 0x2771, 0x2771, \
        0x2771, 0x2771, 0x2731, 0x1349, 0x0043, 0x0000, 0x0005, 0x6BF2, 0xBE3A, 0xD6DC, 0xBE5A, 0x73F1, \
        0x0000, 0x0064, 0x1D4D, 0x2771, 0x2771, 0x2771, 0x2771, 0x2771, 0x2771, 0x2771, 0x2771, 0x2771, \
        0x2771, 0x2771, 0x2771, 0x2771, 0x2771, 0x2771, 0x2771, 0x2771, 0x2771, 0x2771, 0x2771, 0x2771, \
        0x2771, 0x2771, 0x2771, 0x2771, 0x2771, 0x2771, 0x2771, 0x2771, 0x2771, 0x2771, 0x2771, 0x2771, \
        0x2771, 0x2771, 0x2771, 0x2771, 0x2771, 0x2771, 0x2771, 0x2771, 0x2771, 0x2771, 0x2771, 0x2771, \
        0x2771, 0x2771, 0x2771, 0x2771, 0x2771, 0x2771, 0x2771, 0x2771, 0x2771, 0x2771, 0x2771, 0x2771, \
        0x2771, 0x2771, 0x2771, 0x2771, 0x2771, 0x2771, 0x2771, 0x2771, 0x2771, 0x2771, 0x2771, 0x2771, \
        0x2771, 0x2771, 0x2771, 0x2771, 0x2771, 0x2771, 0x2771, 0x2771, 0x2771, 0x2771, 0x2771, 0x2771, \
        0x2771, 0x2771, 0x2771, 0x2771, 0x2771, 0x2771, 0x2771, 0x1D6E, 0x0043, 0x0086, 0x0232, 0x0233, \
        0x1294, 0x2B57, 0x2B57, 0x2B57, 0x2B57, 0x2B57, 0x2B57, 0x2B57, 0x2B57, 0x2B57, 0x2B57, 0x2B57, \
        0x2B57, 0x2B57, 0x2B57, 0x2B57, 0x2B57, 0x2B57, 0x2B77, 0x2B77, 0x2B77, 0x2B77, 0x2B57, 0x2B77, \
        0x2271, 0x0000, 0x00A5, 0x1DEE, 0x2771, 0x2771, 0x2771, 0x2771, 0x2771, 0x2771, 0x2771, 0x2771, \
        0x2771, 0x2771, 0x1DEF, 0x00A4, 0x0413, 0x059A, 0x4DDA, 0x3CB5, 0x0148, 0x1D6C, 0x2771, 0x2771, \
        0x2771, 0x2771, 0x2771, 0x2771, 0x2771, 0x2771, 0x2771, 0x2771, 0x2771, 0x2771, 0x2771, 0x2771, \
        0x2771, 0x2771, 0x2771, 0x2771, 0x2771, 0x2771, 0x2771, 0x2771, 0x2771, 0x2771, 0x2771, 0x2771, \
        0x2771, 0x2771, 0x2771, 0x2771, 0x2771, 0x2771, 0x2771, 0x2771, 0x2771, 0x2771, 0x2771, 0x2771, \
        0x2771, 0x2771, 0x138A, 0x2128, 0xADD7, 0xFFFF, 0xFFFF, 0xFFFF, 0xFFFF, 0xFFFF, 0xFFFF, 0xFFFF, \
        0xFFFF, 0xFFFF, 0xFFFF, 0xFFFF, 0xFFFF, 0xFFFF, 0xFFFF, 0xFFFF, 0xE77D, 0x2126, 0x01A6, 0x26D0, \
        0x2771, 0x2771, 0x2771, 0x2771, 0x2771, 0x2771, 0x2771, 0x2771, 0x2771, 0x0B69, 0x2127, 0xADD7, \
        0xFFFF, 0xFFFF, 0xFFFF, 0xFFFF, 0xFFFF, 0xFFFF, 0xFFFF, 0xFFFF, 0xFFFF, 0xFFFF, 0xFFFF, 0xFFFF, \
        0xFFFF, 0xFFFF, 0xEF9D, 0x2126, 0x0186, 0x26B0, 0x2771, 0x2771, 0x2771, 0x2771, 0x2771, 0x2771, \
        0x2771, 0x2771, 0x2771, 0x2771, 0x2771, 0x1E2F, 0x00E5, 0x73AF, 0xFFFF, 0xFFFF, 0xFFFF, 0xFFFF, \
        0xFFFF, 0xFFFF, 0xFFFF, 0xFFFF, 0xFFFF, 0xFFFF, 0xFFFF, 0xFFFF, 0xFFFF, 0xFFFF, 0xEF9E, 0x2126, \
        0x01C7, 0x2710, 0x2771, 0x2771, 0x2771, 0x2771, 0x2771, 0x2771, 0x2771, 0x2771, 0x2771, 0x2771, \
        0x2771, 0x2771, 0x2771, 0x2771, 0x2771, 0x2771, 0x2771, 0x2771, 0x2771, 0x2771, 0x2771, 0x2771, \
        0x2771, 0x2771, 0x2771, 0x2771, 0x2771, 0x2771, 0x2771, 0x2771, 0x2771, 0x2771, 0x2771, 0x2771, \
        0x2771, 0x2771, 0x2771, 0x2771, 0x2771, 0x2771, 0x2771, 0x2771, 0x2771, 0x26D0, 0x0A27, 0x0023, \
        0x0000, 0x014D, 0x7C98, 0xD71E, 0xDF7F, 0xDF5F, 0xDF5F, 0xD71E, 0x7C31, 0x0000, 0x09C7, 0x2731, \
        0x2771, 0x2771, 0x2771, 0x2771, 0x2771, 0x2771, 0x2771, 0x2771, 0x2771, 0x2771, 0x2771, 0x2771, \
        0x2771, 0x2771, 0x2771, 0x2771, 0x2771, 0x2771, 0x2771, 0x2771, 0x2771, 0x2771, 0x2771, 0x2771, \
        0x2771, 0x2771, 0x2771, 0x2771, 0x2771, 0x2771, 0x2771, 0x2771, 0x2771, 0x2771, 0x2771, 0x2771, \
        0x2771, 0x2771, 0x2771, 0x2771, 0x2771, 0x2771, 0x2771, 0x2771, 0x2771, 0x2771, 0x2771, 0x2771, \
        0x2771, 0x2771, 0x2771, 0x2771, 0x2771, 0x2771, 0x2771, 0x2771, 0x2771, 0x2771, 0x2771, 0x2771, \
        0x2771, 0x2771, 0x2771, 0x2771, 0x2771, 0x2771, 0x2771, 0x2771, 0x2771, 0x2771, 0x2771, 0x2771, \
        0x2771, 0x2771, 0x2771, 0x2771, 0x2771, 0x2771, 0x2771, 0x2771, 0x2771, 0x2771, 0x2771, 0x2771, \
        0x2771, 0x2771, 0x2771, 0x138A, 0x0002, 0x014B, 0x0253, 0x0232, 0x1AD4, 0x2B57, 0x2B57, 0x2B57, \
        0x2B57, 0x2B57, 0x2B57, 0x2B57, 0x2B57, 0x2B57, 0x2B57, 0x2B57, 0x2B57, 0x2B57, 0x2B57, 0x2B57, \
        0x2B57, 0x2B57, 0x2B77, 0x2B77, 0x2B57, 0x2B77, 0x2B57, 0x2B57, 0x2B57, 0x11CD, 0x0000, 0x0166, \
        0x26B0, 0x2771, 0x2771, 0x2771, 0x2771, 0x2771, 0x2771, 0x2771, 0x2771, 0x2751, 0x0983, 0x03F5, \
        0x065F, 0x5EBF, 0xD7FF, 0xBFBF, 0x2CF7, 0x0124, 0x2710, 0x2771, 0x2771, 0x2771, 0x2771, 0x2771, \
        0x2771, 0x2771, 0x2771, 0x2771, 0x2771, 0x2771, 0x2771, 0x2771, 0x2771, 0x2771, 0x2771, 0x2771, \
        0x2771, 0x2771, 0x2771, 0x2771, 0x2771, 0x2771, 0x2771, 0x2771, 0x2771, 0x2771, 0x2771, 0x2771, \
        0x2771, 0x2771, 0x2771, 0x2771, 0x2771, 0x2771, 0x2771, 0x2771, 0x2771, 0x144B, 0x2127, 0x9CD4, \
        0xFFFF, 0xFFFF, 0xFFFF, 0xFFFF, 0xFFFF, 0xFFFF, 0xFFFF, 0xFFFF, 0xFFFF, 0xFFFF, 0xFFFF, 0xFFFF, \
        0xFFFF, 0xFFFF, 0xFFFF, 0xFFFF, 0x7BD0, 0x0105, 0x1E4F, 0x2771, 0x2771, 0x2771, 0x2771, 0x2771, \
        0x2771, 0x2771, 0x2771, 0x2771, 0x140B, 0x2128, 0x9CD4, 0xFFFF, 0xFFFF, 0xFFFF, 0xFFFF, 0xFFFF, \
        0xFFFF, 0xFFFF, 0xFFFF, 0xFFFF, 0xFFFF, 0xFFFF, 0xFFFF, 0xFFFF, 0xFFFF, 0xFFFF, 0x73AF, 0x00E5, \
        0x1E0E, 0x2771, 0x2771, 0x2771, 0x2771, 0x2771, 0x2771, 0x2771, 0x2771, 0x2771, 0x2771, 0x2771, \
        0x2771, 0x2771, 0x14AC, 0x2128, 0x9CD4, 0xFFFF, 0xFFFF, 0xFFFF, 0xFFFF, 0xFFFF, 0xFFFF, 0xFFFF, \
        0xFFFF, 0xFFFF, 0xFFFF, 0xFFFF, 0xFFFF, 0xFFFF, 0xFFFF, 0xC69A, 0x2127, 0x0B49, 0x2771, 0x2771, \
        0x2771, 0x2771, 0x2771, 0x2771, 0x2771, 0x2771, 0x2771, 0x2771, 0x2771, 0x2771, 0x2771, 0x2771, \
        0x2771, 0x2771, 0x2771, 0x2771, 0x2771, 0x2771, 0x2771, 0x2771, 0x2771, 0x2771, 0x2771, 0x2771, \
        0x2771, 0x2771, 0x2771, 0x2771, 0x2771, 0x2771, 0x2771, 0x2771, 0x2771, 0x2771, 0x2771, 0x2771, \
        0x2771, 0x2771, 0x2771, 0x2771, 0x264F, 0x0986, 0x0001, 0x00A5, 0x0272, 0x7CB9, 0xD71E, 0xDF3E, \
        0xDF3E, 0xDF3E, 0xD73E, 0xDF5E, 0xCEBC, 0x2967, 0x0002, 0x254D, 0x2771, 0x2771, 0x2771, 0x2771, \
        0x2771, 0x2771, 0x2771, 0x2771, 0x2771, 0x2771, 0x2771, 0x2771, 0x2771, 0x2771, 0x2771, 0x2771, \
        0x2771, 0x2771, 0x2771, 0x2771, 0x2771, 0x2771, 0x2771, 0x2771, 0x2771, 0x2771, 0x2771, 0x2771, \
        0x2771, 0x2771, 0x2771, 0x2771, 0x2771, 0x2771, 0x2771, 0x2771, 0x2771, 0x2771, 0x2771, 0x2771, \
        0x2771, 0x2771, 0x2771, 0x2771, 0x2771, 0x2771, 0x2771, 0x2771, 0x2771, 0x2771, 0x2771, 0x2771, \
        0x2771, 0x2771, 0x2771, 0x2771, 0x2771, 0x2771, 0x2771, 0x2771, 0x2771, 0x2771, 0x2771, 0x2771, \
        0x2771, 0x2771, 0x2771, 0x2771, 0x2771, 0x2771, 0x2771, 0x2771, 0x2771, 0x2771, 0x2771, 0x2771, \
        0x2771, 0x2771, 0x2771, 0x2771, 0x2771, 0x2771, 0x2771, 0x2771, 0x2771, 0x2771, 0x2771, 0x0A07, \
        0x0000, 0x01CF, 0x0253, 0x0232, 0x22F5, 0x2B77, 0x2B57, 0x2B57, 0x2B57, 0x2B57, 0x2B57, 0x2B57, \
        0x2B57, 0x2B57, 0x2B57, 0x2B57, 0x2B57, 0x2B57, 0x2B57, 0x2B57, 0x2B57, 0x2B57, 0x2B57, 0x2B57, \
        0x2B57, 0x2B77, 0x2B57, 0x2B57, 0x2B77, 0x2B36, 0x0928, 0x0002, 0x0A88, 0x2751, 0x2771, 0x2771, \
        0x2771, 0x2771, 0x2771, 0x2771, 0x2771, 0x1DCD, 0x01AA, 0x055C, 0x063F, 0x569F, 0xCFDF, 0xBF9F, \
        0x2E3E, 0x02AE, 0x1D0C, 0x2771, 0x2771, 0x2771, 0x2771, 0x2771, 0x2771, 0x2771, 0x2771, 0x2771, \
        0x2771, 0x2771, 0x2771, 0x2771, 0x2771, 0x2771, 0x2771, 0x2771, 0x2771, 0x2771, 0x2771, 0x2771, \
        0x2771, 0x2771, 0x2771, 0x2771, 0x2771, 0x2771, 0x2771, 0x2771, 0x2771, 0x2771, 0x2771, 0x2771, \
        0x2771, 0x2771, 0x2771, 0x2771, 0x1D2D, 0x2168, 0x9492, 0xFFFF, 0xFFFF, 0xFFFF, 0xFFFF, 0xFFFF, \
        0xFFFF, 0xFFFF, 0xFFFF, 0xFFFF, 0xFFFF, 0xFFFF, 0xFFFF, 0xFFFF, 0xFFFF, 0xFFFF, 0xFFFF, 0x94B3, \
        0x21A8, 0x1D6D, 0x2771, 0x2771, 0x2771, 0x2771, 0x2771, 0x2771, 0x2771, 0x2771, 0x2771, 0x14EC, \
        0x2168, 0x94B3, 0xFFFF, 0xFFFF, 0xFFFF, 0xFFFF, 0xFFFF, 0xFFFF, 0xFFFF, 0xFFFF, 0xFFFF, 0xFFFF, \
        0xFFFF, 0xFFFF, 0xFFFF, 0xFFFF, 0xFFFF, 0x9493, 0x2188, 0x1D4D, 0x2771, 0x2771, 0x2771, 0x2771, \
        0x2771, 0x2771, 0x2771, 0x2771, 0x2771, 0x2771, 0x2771, 0x2771, 0x2771, 0x2771, 0x2771, 0x0B09, \
        0x2127, 0xD71B, 0xFFFF, 0xFFFF, 0xFFFF, 0xFFFF, 0xFFFF, 0xFFFF, 0xFFFF, 0xFFFF, 0xFFFF, 0xFFFF, \
        0xFFFF, 0xFFFF, 0xFFFF, 0xFFFF, 0x9CD4, 0x2128, 0x1D0C, 0x2771, 0x2771, 0x2771, 0x2771, 0x2771, \
        0x2771, 0x2771, 0x2771, 0x2771, 0x2771, 0x2771, 0x2771, 0x2771, 0x2771, 0x2771, 0x2771, 0x2771, \
        0x2771, 0x2771, 0x2771, 0x2771, 0x2771, 0x2771, 0x2771, 0x2771, 0x2771, 0x2771, 0x2771, 0x2771, \
        0x2771, 0x2771, 0x2771, 0x2771, 0x2771, 0x2771, 0x2771, 0x2771, 0x2771, 0x2771, 0x2771, 0x262F, \
        0x0146, 0x0000, 0x08E7, 0x1AD4, 0x5C39, 0xCEFE, 0xDF3E, 0xD73E, 0xD73E, 0xD73E, 0xDF3E, 0xDF3E, \
        0xDF3E, 0x7C32, 0x0000, 0x12E9, 0x2771, 0x2771, 0x2771, 0x2771, 0x2771, 0x2771, 0x2771, 0x2771, \
        0x2771, 0x2771, 0x2771, 0x2771, 0x2771, 0x2771, 0x2771, 0x2771, 0x2771, 0x2771, 0x2771, 0x2771, \
        0x2771, 0x2771, 0x2771, 0x2771, 0x2771, 0x2771, 0x2771, 0x2771, 0x2771, 0x2771, 0x2771, 0x2771, \
        0x2771, 0x2771, 0x2771, 0x2771, 0x2771, 0x2771, 0x2771, 0x2771, 0x2771, 0x2771, 0x2771, 0x2771, \
        0x2771, 0x2771, 0x2771, 0x2771, 0x2771, 0x2771, 0x2771, 0x2771, 0x2771, 0x2771, 0x2771, 0x2771, \
        0x2771, 0x2771, 0x2771, 0x2771, 0x2771, 0x2771, 0x2771, 0x2771, 0x2771, 0x2771, 0x2771, 0x2771, \
        0x2771, 0x2771, 0x2771, 0x2771, 0x2771, 0x2771, 0x2771, 0x2771, 0x2771, 0x2771, 0x2771, 0x2771, \
        0x2771, 0x2771, 0x2771, 0x2771, 0x2771, 0x2771, 0x26F0, 0x0105, 0x0023, 0x0211, 0x0253, 0x0232, \
        0x2316, 0x2B57, 0x2B57, 0x2B57, 0x2B57, 0x2B57, 0x2B57, 0x2B57, 0x2B57, 0x2B57, 0x2B57, 0x2B57, \
        0x2B57, 0x2B57, 0x2B57, 0x2B57, 0x2B57, 0x2B57, 0x2B57, 0x2B57, 0x2B57, 0x2B57, 0x2B57, 0x2B77, \
        0x2B77, 0x2B77, 0x2314, 0x0064, 0x0003, 0x138A, 0x2771, 0x2771, 0x2771, 0x2771, 0x2771, 0x2771, \
        0x2771, 0x1CEB, 0x028F, 0x057D, 0x063F, 0x065F, 0x467F, 0x3E7F, 0x065F, 0x0351, 0x146A, 0x2771, \
        0x2771, 0x2771, 0x2771, 0x2771, 0x2771, 0x2771, 0x2771, 0x2771, 0x2771, 0x2771, 0x2771, 0x2771, \
        0x2771, 0x2771, 0x2771, 0x2771, 0x2771, 0x2771, 0x2771, 0x2771, 0x2771, 0x2771, 0x2771, 0x2771, \
        0x2771, 0x2771, 0x2771, 0x2771, 0x2771, 0x2771, 0x2771, 0x2771, 0x2771, 0x2771, 0x2771, 0x1E2F, \
        0x00E5, 0x73AF, 0xFFFF, 0xFFFF, 0xFFFF, 0xFFFF, 0xFFFF, 0xFFFF, 0xFFFF, 0xFFFF, 0xFFFF, 0xFFFF, \
        0xFFFF, 0xFFFF, 0xFFFF, 0xFFFF, 0xFFFF, 0xFFFF, 0x9CD4, 0x2148, 0x14AC, 0x2771, 0x2771, 0x2771, \
        0x2771, 0x2771, 0x2771, 0x2771, 0x2771, 0x2771, 0x1DEE, 0x00C5, 0x7BD0, 0xFFFF, 0xFFFF, 0xFFFF, \
        0xFFFF, 0xFFFF, 0xFFFF, 0xFFFF, 0xFFFF, 0xFFFF, 0xFFFF, 0xFFFF, 0xFFFF, 0xFFFF, 0xFFFF, 0xFFFF, \
        0x9CD4, 0x2128, 0x144B, 0x2771, 0x2771, 0x2771, 0x2771, 0x2771, 0x2771, 0x2771, 0x2771, 0x2771, \
        0x2771, 0x2771, 0x2771, 0x2771, 0x2771, 0x2771, 0x2771, 0x26D0, 0x0186, 0x73AF, 0xFFFF, 0xFFFF, \
        0xFFFF, 0xFFFF, 0xFFFF, 0xFFFF, 0xFFFF, 0xFFFF, 0xFFFF, 0xFFFF, 0xFFFF, 0xFFFF, 0xFFFF, 0xFFFF, \
        0xFFFF, 0x73AF, 0x0125, 0x266F, 0x2771, 0x2771, 0x2771, 0x2771, 0x2771, 0x2771, 0x2771, 0x2771, \
        0x2771, 0x2771, 0x2771, 0x2771, 0x2771, 0x2771, 0x2771, 0x2771, 0x2771, 0x2771, 0x2771, 0x2771, \
        0x2771, 0x2771, 0x2771, 0x2771, 0x2771, 0x2771, 0x2771, 0x2771, 0x2771, 0x2771, 0x2771, 0x2771, \
        0x2771, 0x2771, 0x2771, 0x2771, 0x2771, 0x2771, 0x266F, 0x0146, 0x0000, 0x0928, 0x2B15, 0x3377, \
        0xBE7D, 0xDF5E, 0xD73E, 0xD73E, 0xD73E, 0xD73E, 0xDF3E, 0xD73E, 0xDF5F, 0xADD8, 0x0000, 0x0966, \
        0x2710, 0x2771, 0x2771, 0x2771, 0x2771, 0x2771, 0x2771, 0x2771, 0x2771, 0x2771, 0x2771, 0x2771, \
        0x2771, 0x2771, 0x2771, 0x2771, 0x2771, 0x2771, 0x2771, 0x2771, 0x2771, 0x2771, 0x2771, 0x2771, \
        0x2771, 0x2771, 0x2771, 0x2771, 0x2771, 0x2771, 0x2771, 0x2771, 0x2771, 0x2771, 0x2771, 0x2771, \
        0x2771, 0x2771, 0x2771, 0x2771, 0x2771, 0x2771, 0x2771, 0x2771, 0x2771, 0x2771, 0x2771, 0x2771, \
        0x2771, 0x2771, 0x2771, 0x2771, 0x2771, 0x2771, 0x2771, 0x2771, 0x2771, 0x2771, 0x2771, 0x2771, \
        0x2771, 0x2771, 0x2771, 0x2771, 0x2771, 0x2771, 0x2771, 0x2771, 0x2771, 0x2771, 0x2771, 0x2771, \
        0x2771, 0x2771, 0x2771, 0x2771, 0x2771, 0x2771, 0x2771, 0x2771, 0x2771, 0x2771, 0x2771, 0x2771, \
        0x2771, 0x2771, 0x1E2F, 0x0084, 0x0085, 0x0232, 0x0253, 0x0253, 0x2316, 0x2B57, 0x2B57, 0x2B57, \
        0x2B57, 0x2B57, 0x2B57, 0x2B57, 0x2B57, 0x2B57, 0x2B57, 0x2B57, 0x2B57, 0x2B57, 0x2B57, 0x2B57, \
        0x2B57, 0x2B57, 0x2B57, 0x2B57, 0x2B57, 0x2B57, 0x2B77, 0x2B77, 0x2B77, 0x2B77, 0x2B77, 0x22B2, \
        0x0001, 0x0023, 0x13EB, 0x2771, 0x2771, 0x2771, 0x2771, 0x2771, 0x2771, 0x1D4C, 0x020C, 0x053D, \
        0x059E, 0x063F, 0x063F, 0x063F, 0x05BD, 0x022C, 0x1D2C, 0x2771, 0x2771, 0x2771, 0x2771, 0x2771, \
        0x2771, 0x2771, 0x2771, 0x2771, 0x2771, 0x2771, 0x2771, 0x2771, 0x2771, 0x2771, 0x2771, 0x2771, \
        0x2771, 0x2771, 0x2771, 0x2771, 0x2771, 0x2771, 0x2771, 0x2771, 0x2771, 0x2771, 0x2771, 0x2771, \
        0x2771, 0x2771, 0x2771, 0x2771, 0x2771, 0x2771, 0x26D0, 0x01A6, 0x2126, 0xEF9E, 0xFFFF, 0xFFFF, \
        0xFFFF, 0xFFFF, 0xFFFF, 0xFFFF, 0xFFFF, 0xFFFF, 0xFFFF, 0xFFFF, 0xFFFF, 0xFFFF, 0xFFFF, 0xFFFF, \
        0xFFFF, 0x9CD4, 0x2128, 0x13EA, 0x2771, 0x2771, 0x2771, 0x2771, 0x2771, 0x2771, 0x2771, 0x2771, \
        0x2771, 0x266F, 0x0166, 0x2127, 0xEFBE, 0xFFFF, 0xFFFF, 0xFFFF, 0xFFFF, 0xFFFF, 0xFFFF, 0xFFFF, \
        0xFFFF, 0xFFFF, 0xFFFF, 0xFFFF, 0xFFFF, 0xFFFF, 0xFFFF, 0xAD96, 0x2127, 0x138A, 0x2771, 0x2771, \
        0x2771, 0x2771, 0x2771, 0x2771, 0x2771, 0x2771, 0x2771, 0x2771, 0x2771, 0x2771, 0x2771, 0x2771, \
        0x2771, 0x2771, 0x2771, 0x2771, 0x1DCE, 0x2188, 0x94B3, 0xFFFF, 0xFFFF, 0xFFFF, 0xFFFF, 0xFFFF, \
        0xFFFF, 0xFFFF, 0xFFFF, 0xFFFF, 0xFFFF, 0xFFFF, 0xFFFF, 0xFFFF, 0xFFFF, 0xE77D, 0x2127, 0x0A47, \
        0x2731, 0x2771, 0x2771, 0x2771, 0x2771, 0x2771, 0x2771, 0x2771, 0x2771, 0x2771, 0x2771, 0x2771, \
        0x2771, 0x2771, 0x2771, 0x2771, 0x2771, 0x2771, 0x2771, 0x2771, 0x2771, 0x2771, 0x2771, 0x2771, \
        0x2771, 0x2771, 0x2771, 0x2771, 0x2771, 0x2771, 0x2771, 0x2771, 0x2771, 0x2771, 0x2771, 0x2771, \
        0x2771, 0x2690, 0x0186, 0x0000, 0x0929, 0x2B35, 0x1337, 0x9D9B, 0xDF5E, 0xD73E, 0xD73E, 0xD73E, \
        0xD73E, 0xD73E, 0xDF3E, 0xD73E, 0xDF3E, 0xCEBC, 0x2146, 0x0023, 0x262F, 0x2771, 0x2771, 0x2771, \
        0x2771, 0x2771, 0x2771, 0x2771, 0x2771, 0x2771, 0x2771, 0x2771, 0x2771, 0x2771, 0x2771, 0x2771, \
        0x2771, 0x2771, 0x2771, 0x2771, 0x2771, 0x2771, 0x2771, 0x2771, 0x2771, 0x2771, 0x2771, 0x2771, \
        0x2771, 0x2771, 0x2771, 0x2771, 0x2771, 0x2771, 0x2771, 0x2771, 0x2771, 0x2771, 0x2771, 0x2771, \
        0x2771, 0x2771, 0x2771, 0x2771, 0x2771, 0x2771, 0x2771, 0x2771, 0x2771, 0x2771, 0x2771, 0x2771, \
        0x2771, 0x2771, 0x2771, 0x2771, 0x2771, 0x2771, 0x2771, 0x2771, 0x2771, 0x2771, 0x2771, 0x2771, \
        0x2771, 0x2771, 0x2771, 0x2771, 0x2771, 0x2771, 0x2771, 0x2771, 0x2771, 0x2771, 0x2771, 0x2771, \
        0x2771, 0x2771, 0x2771, 0x2771, 0x2771, 0x2771, 0x2771, 0x2771, 0x2771, 0x2771, 0x1DAE, 0x0043, \
        0x00A7, 0x0253, 0x0253, 0x0253, 0x2316, 0x2B57, 0x2B57, 0x2B57, 0x2B57, 0x2B57, 0x2B57, 0x2B57, \
        0x2B57, 0x2B57, 0x2B57, 0x2B57, 0x2B57, 0x2B57, 0x2B57, 0x2B57, 0x2B57, 0x2B57, 0x2B57, 0x2B57, \
        0x2B57, 0x2B57, 0x2B77, 0x2B77, 0x2B77, 0x2B77, 0x2B77, 0x3378, 0x2291, 0x0000, 0x0024, 0x13AB, \
        0x2771, 0x2771, 0x2771, 0x2771, 0x2771, 0x26F0, 0x00C4, 0x0417, 0x055D, 0x057D, 0x05BE, 0x059E, \
        0x03F5, 0x0102, 0x26F0, 0x2771, 0x2771, 0x2771, 0x2771, 0x2771, 0x2771, 0x2771, 0x2771, 0x2771, \
        0x2771, 0x2771, 0x2771, 0x2771, 0x2771, 0x2771, 0x2771, 0x2771, 0x2771, 0x2771, 0x2771, 0x2771, \
        0x2771, 0x2771, 0x2771, 0x2771, 0x2771, 0x2771, 0x2771, 0x2771, 0x2771, 0x2771, 0x2771, 0x2771, \
        0x2771, 0x2731, 0x0A47, 0x2127, 0xD6FB, 0xFFFF, 0xFFFF, 0xFFFF, 0xFFFF, 0xFFFF, 0xFFFF, 0xFFFF, \
        0xFFFF, 0xFFFF, 0xFFFF, 0xFFFF, 0xFFFF, 0xFFFF, 0xFFFF, 0xFFFF, 0xB618, 0x2127, 0x0B09, 0x2771, \
        0x2771, 0x2771, 0x2771, 0x2771, 0x2771, 0x2771, 0x2771, 0x2771, 0x26F0, 0x01E7, 0x2127, 0xDF3C, \
        0xFFFF, 0xFFFF, 0xFFFF, 0xFFFF, 0xFFFF, 0xFFFF, 0xFFFF, 0xFFFF, 0xFFFF, 0xFFFF, 0xFFFF, 0xFFFF, \
        0xFFFF, 0xFFFF, 0xC6BA, 0x2127, 0x0AE8, 0x2751, 0x2771, 0x2771, 0x2771, 0x2771, 0x2771, 0x2771, \
        0x2771, 0x2771, 0x2771, 0x2771, 0x2771, 0x2771, 0x2771, 0x2771, 0x2771, 0x2771, 0x2771, 0x2771, \
        0x2771, 0x142B, 0x2127, 0xBE58, 0xFFFF, 0xFFFF, 0xFFFF, 0xFFFF, 0xFFFF, 0xFFFF, 0xFFFF, 0xFFFF, \
        0xFFFF, 0xFFFF, 0xFFFF, 0xFFFF, 0xFFFF, 0xFFFF, 0xBE38, 0x2127, 0x13CA, 0x2771, 0x2771, 0x2771, \
        0x2771, 0x2771, 0x2771, 0x2771, 0x2771, 0x2771, 0x2771, 0x2771, 0x2771, 0x2771, 0x2771, 0x2771, \
        0x2771, 0x2771, 0x2771, 0x2771, 0x2771, 0x2771, 0x2771, 0x2771, 0x2771, 0x2771, 0x2771, 0x2771, \
        0x2771, 0x2771, 0x2771, 0x2771, 0x2771, 0x2771, 0x2771, 0x2771, 0x26B0, 0x09A7, 0x0001, 0x0908, \
        0x2B35, 0x2357, 0x6C99, 0xD71E, 0xD73E, 0xD73E, 0xD73E, 0xD73E, 0xD73E, 0xD73E, 0xD73E, 0xDF3E, \
        0xDF3E, 0xD71D, 0x52CC, 0x0000, 0x1D2D, 0x2771, 0x2771, 0x2771, 0x2771, 0x2771, 0x2771, 0x2771, \
        0x2771, 0x2771, 0x2771, 0x2771, 0x2771, 0x2771, 0x2771, 0x2771, 0x2771, 0x2771, 0x2771, 0x2771, \
        0x2771, 0x2771, 0x2771, 0x2771, 0x2771, 0x2771, 0x2771, 0x2771, 0x2771, 0x2771, 0x2771, 0x2771, \
        0x2771, 0x2771, 0x2771, 0x2771, 0x2771, 0x2771, 0x2771, 0x2771, 0x2771, 0x2771, 0x2771, 0x2771, \
        0x2771, 0x2771, 0x2771, 0x2771, 0x2771, 0x2771, 0x2771, 0x2771, 0x2771, 0x2771, 0x2771, 0x2771, \
        0x2771, 0x2771, 0x2771, 0x2771, 0x2771, 0x2771, 0x2771, 0x2771, 0x2771, 0x2771, 0x2771, 0x2771, \
        0x2771, 0x2771, 0x2771, 0x2771, 0x2771, 0x2771, 0x2771, 0x2771, 0x2771, 0x2771, 0x2771, 0x2771, \
        0x2771, 0x2771, 0x2771, 0x2771, 0x2771, 0x2771, 0x1D6D, 0x0022, 0x00E8, 0x0253, 0x0253, 0x0253, \
        0x2316, 0x2B77, 0x2B57, 0x2B57, 0x2B57, 0x2B57, 0x2B57, 0x2B57, 0x2B57, 0x2B57, 0x2B57, 0x2B57, \
        0x2B57, 0x2B57, 0x2B57, 0x2B57, 0x2B57, 0x2B57, 0x2B57, 0x2B77, 0x2B57, 0x2B57, 0x2B57, 0x2B57, \
        0x2B57, 0x2B77, 0x2B77, 0x2B77, 0x3378, 0x2291, 0x0000, 0x0023, 0x13CB, 0x2771, 0x2771, 0x2771, \
        0x2771, 0x2771, 0x148C, 0x00A5, 0x03B5, 0x04BA, 0x0499, 0x0373, 0x0085, 0x1D2D, 0x2771, 0x2771, \
        0x2771, 0x2771, 0x2771, 0x2771, 0x2771, 0x2771, 0x2771, 0x2771, 0x2771, 0x2771, 0x2771, 0x2771, \
        0x2771, 0x2771, 0x2771, 0x2771, 0x2771, 0x2771, 0x2771, 0x2771, 0x2771, 0x2771, 0x2771, 0x2771, \
        0x2771, 0x2771, 0x2771, 0x2771, 0x2771, 0x2771, 0x2771, 0x2771, 0x2771, 0x0B29, 0x2127, 0xBE38, \
        0xFFFF, 0xFFFF, 0xFFFF, 0xFFFF, 0xFFFF, 0xFFFF, 0xFFFF, 0xFFFF, 0xFFFF, 0xFFFF, 0xFFFF, 0xFFFF, \
        0xFFFF, 0xFFFF, 0xFFFF, 0xCEDA, 0x2127, 0x0A47, 0x2710, 0x2771, 0x2771, 0x2771, 0x2771, 0x2771, \
        0x2771, 0x2771, 0x2771, 0x2771, 0x0AC8, 0x2127, 0xBE58, 0xFFFF, 0xFFFF, 0xFFFF, 0xFFFF, 0xFFFF, \
        0xFFFF, 0xFFFF, 0xFFFF, 0xFFFF, 0xFFFF, 0xFFFF, 0xFFFF, 0xFFFF, 0xFFFF, 0xDF3C, 0x2127, 0x0207, \
        0x2710, 0x2771, 0x2771, 0x2771, 0x2771, 0x2771, 0x2771, 0x2771, 0x2771, 0x2771, 0x2771, 0x2771, \
        0x2771, 0x2771, 0x2771, 0x2771, 0x2771, 0x2771, 0x2771, 0x2771, 0x2771, 0x2751, 0x0A47, 0x2127, \
        0xEF9D, 0xFFFF, 0xFFFF, 0xFFFF, 0xFFFF, 0xFFFF, 0xFFFF, 0xFFFF, 0xFFFF, 0xFFFF, 0xFFFF, 0xFFFF, \
        0xFFFF, 0xFFFF, 0xFFFF, 0x94B3, 0x2168, 0x1DAE, 0x2771, 0x2771, 0x2771, 0x2771, 0x2771, 0x2771, \
        0x2771, 0x2771, 0x2771, 0x2771, 0x2771, 0x2771, 0x2771, 0x2771, 0x2771, 0x2771, 0x2771, 0x2771, \
        0x2771, 0x2771, 0x2771, 0x2771, 0x2771, 0x2771, 0x2771, 0x2771, 0x2771, 0x2771, 0x2771, 0x2771, \
        0x2771, 0x2771, 0x2771, 0x26F0, 0x0A07, 0x0001, 0x08E7, 0x2B15, 0x2B77, 0x3BB7, 0xC6BD, 0xDF3E, \
        0xD73E, 0xD73E, 0xD73E, 0xD73E, 0xD73E, 0xD73E, 0xD73E, 0xD73E, 0xD73E, 0xDF5E, 0x73D0, 0x0000, \
        0x1C4B, 0x2771, 0x2771, 0x2771, 0x2771, 0x2771, 0x2771, 0x2771, 0x2771, 0x2771, 0x2771, 0x2771, \
        0x2771, 0x2771, 0x2771, 0x2771, 0x2771, 0x2771, 0x2771, 0x2771, 0x2771, 0x2771, 0x2771, 0x2771, \
        0x2771, 0x2771, 0x2771, 0x2771, 0x2771, 0x2771, 0x2771, 0x2771, 0x2771, 0x2771, 0x2771, 0x2771, \
        0x2771, 0x2771, 0x2771, 0x2771, 0x2771, 0x2771, 0x2771, 0x2771, 0x2771, 0x2771, 0x2771, 0x2771, \
        0x2771, 0x2771, 0x2771, 0x2771, 0x2771, 0x2771, 0x2771, 0x2771, 0x2771, 0x2771, 0x2771, 0x2771, \
        0x2771, 0x2771, 0x2771, 0x2771, 0x2771, 0x2771, 0x2771, 0x2771, 0x2771, 0x2771, 0x2771, 0x2771, \
        0x2771, 0x2771, 0x2771, 0x2771, 0x2771, 0x2771, 0x2771, 0x2771, 0x2771, 0x2771, 0x2771, 0x2771, \
        0x2771, 0x2771, 0x1D4D, 0x0022, 0x00E9, 0x0253, 0x0253, 0x0253, 0x22F5, 0x2B77, 0x2B57, 0x2B57, \
        0x2B57, 0x2B57, 0x2B57, 0x2B57, 0x2B57, 0x2B57, 0x2B57, 0x2B57, 0x2B57, 0x2B57, 0x2B57, 0x2B57, \
        0x2B57, 0x2B57, 0x2B57, 0x2B57, 0x2B57, 0x2B57, 0x2B57, 0x2B57, 0x2B57, 0x2B77, 0x2B77, 0x2B77, \
        0x2B77, 0x2B77, 0x2292, 0x0003, 0x0003, 0x0AE9, 0x26D0, 0x2771, 0x2771, 0x2771, 0x2771, 0x1D0D, \
        0x0983, 0x00C4, 0x00A3, 0x09C4, 0x1D6E, 0x2771, 0x2771, 0x2771, 0x2771, 0x2771, 0x2771, 0x2771, \
        0x2771, 0x2771, 0x2771, 0x2771, 0x2771, 0x2771, 0x2771, 0x2771, 0x2771, 0x2771, 0x2771, 0x2771, \
        0x2771, 0x2771, 0x2771, 0x2771, 0x2771, 0x2771, 0x2771, 0x2771, 0x2771, 0x2771, 0x2771, 0x2771, \
        0x2771, 0x2771, 0x2771, 0x2771, 0x142B, 0x2128, 0x9CD4, 0xFFFF, 0xFFFF, 0xFFFF, 0xFFFF, 0xFFFF, \
        0xFFFF, 0xFFFF, 0xFFFF, 0xFFFF, 0xFFFF, 0xFFFF, 0xFFFF, 0xFFFF, 0xFFFF, 0xFFFF, 0xE77D, 0x2126, \
        0x01A6, 0x26B0, 0x2771, 0x2771, 0x2771, 0x2771, 0x2771, 0x2771, 0x2771, 0x2771, 0x2771, 0x13EA, \
        0x2127, 0x9CF5, 0xFFFF, 0xFFFF, 0xFFFF, 0xFFFF, 0xFFFF, 0xFFFF, 0xFFFF, 0xFFFF, 0xFFFF, 0xFFFF, \
        0xFFFF, 0xFFFF, 0xFFFF, 0xFFFF, 0xFFFF, 0x7BD0, 0x0125, 0x1E4F, 0x2771, 0x2771, 0x2771, 0x2771, \
        0x2771, 0x2771, 0x2771, 0x2771, 0x2771, 0x2771, 0x2771, 0x2771, 0x2771, 0x2771, 0x2771, 0x2771, \
        0x2771, 0x2771, 0x2771, 0x2771, 0x2771, 0x2771, 0x266F, 0x0105, 0x73AF, 0xFFFF, 0xFFFF, 0xFFFF, \
        0xFFFF, 0xFFFF, 0xFFFF, 0xFFFF, 0xFFFF, 0xFFFF, 0xFFFF, 0xFFFF, 0xFFFF, 0xFFFF, 0xFFFF, 0xFFFF, \
        0x73AF, 0x0186, 0x26D0, 0x2771, 0x2771, 0x2771, 0x2771, 0x2771, 0x2771, 0x2771, 0x2771, 0x2771, \
        0x2771, 0x2771, 0x2771, 0x2771, 0x2771, 0x2771, 0x2771, 0x2771, 0x2771, 0x2771, 0x2771, 0x2771, \
        0x2771, 0x2771, 0x2771, 0x2771, 0x2771, 0x2771, 0x2771, 0x2771, 0x2771, 0x2771, 0x2731, 0x0A68, \
        0x0002, 0x00A5, 0x2AF4, 0x3377, 0x0B37, 0xA5DB, 0xDF5E, 0xD73E, 0xD73E, 0xD73E, 0xD73E, 0xD73E, \
        0xD73E, 0xD73E, 0xD73E, 0xD73E, 0xD73E, 0xDF5F, 0x8473, 0x0000, 0x138A, 0x2771, 0x2771, 0x2771, \
        0x2771, 0x2771, 0x2771, 0x2771, 0x2771, 0x2771, 0x2771, 0x2771, 0x2771, 0x2771, 0x2771, 0x2771, \
        0x2771, 0x2771, 0x2771, 0x2771, 0x2771, 0x2771, 0x2771, 0x2771, 0x2771, 0x2771, 0x2771, 0x2771, \
        0x2771, 0x2771, 0x2771, 0x2771, 0x2771, 0x2771, 0x2771, 0x2771, 0x2771, 0x2771, 0x2771, 0x2771, \
        0x2771, 0x2771, 0x2771, 0x2771, 0x2771, 0x2771, 0x2771, 0x2771, 0x2771, 0x2771, 0x2771, 0x2771, \
        0x2771, 0x2771, 0x2771, 0x2771, 0x2771, 0x2771, 0x2771, 0x2771, 0x2771, 0x2771, 0x2771, 0x2771, \
        0x2771, 0x2771, 0x2771, 0x2771, 0x2771, 0x2771, 0x2771, 0x2771, 0x2771, 0x2771, 0x2771, 0x2771, \
        0x2771, 0x2771, 0x2771, 0x2771, 0x2771, 0x2771, 0x2771, 0x2771, 0x2771, 0x2771, 0x1D6D, 0x0022, \
        0x00E8, 0x0253, 0x0253, 0x0253, 0x1AD5, 0x2B77, 0x2B77, 0x2B57, 0x2B57, 0x2B57, 0x2B57, 0x2B57, \
        0x2B57, 0x2B57, 0x2B57, 0x2B57, 0x2B57, 0x2B57, 0x2B57, 0x2B57, 0x2B57, 0x2B57, 0x2B57, 0x2B57, \
        0x2B57, 0x2B57, 0x2B57, 0x2B57, 0x2B57, 0x2B57, 0x2B77, 0x2B77, 0x2B77, 0x2B77, 0x2B77, 0x22D2, \
        0x00A5, 0x0002, 0x0187, 0x1E0F, 0x2771, 0x2771, 0x2771, 0x2771, 0x2751, 0x26D0, 0x26D0, 0x2771, \
        0x2771, 0x2771, 0x2771, 0x2771, 0x2771, 0x2771, 0x2771, 0x2771, 0x2771, 0x2771, 0x2771, 0x2771, \
        0x2771, 0x2771, 0x2771, 0x2771, 0x2771, 0x2771, 0x2771, 0x2771, 0x2771, 0x2771, 0x2771, 0x2771, \
        0x2771, 0x2771, 0x2771, 0x2771, 0x2771, 0x2771, 0x2771, 0x2771, 0x2771, 0x2771, 0x2771, 0x1D4D, \
        0x2188, 0x9CD4, 0xFFFF, 0xFFFF, 0xFFFF, 0xFFFF, 0xFFFF, 0xFFFF, 0xFFFF, 0xFFFF, 0xFFFF, 0xFFFF, \
        0xFFFF, 0xFFFF, 0xFFFF, 0xFFFF, 0xFFFF, 0xFFFF, 0x73AF, 0x0125, 0x266F, 0x2771, 0x2771, 0x2771, \
        0x2771, 0x2771, 0x2771, 0x2771, 0x2771, 0x2771, 0x148C, 0x2128, 0x9CD4, 0xFFFF, 0xFFFF, 0xFFFF, \
        0xFFFF, 0xFFFF, 0xFFFF, 0xFFFF, 0xFFFF, 0xFFFF, 0xFFFF, 0xFFFF, 0xFFFF, 0xFFFF, 0xFFFF, 0xFFFF, \
        0x94B3, 0x2A09, 0x1DEE, 0x2771, 0x2771, 0x2771, 0x2771, 0x2771, 0x2771, 0x2771, 0x2771, 0x2771, \
        0x2771, 0x2771, 0x2771, 0x2771, 0x2771, 0x2771, 0x2771, 0x2771, 0x2771, 0x2771, 0x2771, 0x2771, \
        0x2771, 0x2771, 0x2771, 0x1D0C, 0x2128, 0x9CD4, 0xFFFF, 0xFFFF, 0xFFFF, 0xFFFF, 0xFFFF, 0xFFFF, \
        0xFFFF, 0xFFFF, 0xFFFF, 0xFFFF, 0xFFFF, 0xFFFF, 0xFFFF, 0xFFFF, 0xD6FB, 0x2127, 0x0AC8, 0x2771, \
        0x2771, 0x2771, 0x2771, 0x2771, 0x2771, 0x2771, 0x2771, 0x2771, 0x2771, 0x2771, 0x2771, 0x2771, \
        0x2771, 0x2771, 0x2771, 0x2771, 0x2771, 0x2771, 0x2771, 0x2771, 0x2771, 0x2771, 0x2771, 0x2771, \
        0x2771, 0x2771, 0x2771, 0x2771, 0x2771, 0x2751, 0x0AA9, 0x0023, 0x0064, 0x2AD3, 0x3377, 0x1B37, \
        0x6C99, 0xD73E, 0xD73E, 0xD73E, 0xD73E, 0xD73E, 0xD73E, 0xD73E, 0xD73E, 0xD73E, 0xD73E, 0xD73E, \
        0xD73E, 0xDF5F, 0x94D4, 0x0000, 0x12E9, 0x2771, 0x2771, 0x2771, 0x2771, 0x2771, 0x2771, 0x2771, \
        0x2771, 0x2771, 0x2771, 0x2771, 0x2771, 0x2771, 0x2771, 0x2771, 0x2771, 0x2771, 0x2771, 0x2771, \
        0x2771, 0x2771, 0x2771, 0x2771, 0x2771, 0x2771, 0x2771, 0x2771, 0x2771, 0x2771, 0x2771, 0x2771, \
        0x2771, 0x2771, 0x2771, 0x2771, 0x2771, 0x2771, 0x2771, 0x2771, 0x2771, 0x2771, 0x2771, 0x2771, \
        0x2771, 0x2771, 0x2771, 0x2771, 0x2771, 0x2771, 0x2771, 0x2771, 0x2771, 0x2771, 0x2771, 0x2771, \
        0x2771, 0x2771, 0x2771, 0x2771, 0x2771, 0x2771, 0x2771, 0x2771, 0x2771, 0x2771, 0x2771, 0x2771, \
        0x2771, 0x2771, 0x2771, 0x2771, 0x2771, 0x2771, 0x2771, 0x2771, 0x2771, 0x2771, 0x2771, 0x2771, \
        0x2771, 0x2771, 0x2771, 0x2771, 0x2771, 0x2771, 0x1DCE, 0x0043, 0x00C7, 0x0253, 0x0253, 0x0253, \
        0x12B4, 0x2B57, 0x2B57, 0x2B57, 0x2B57, 0x2B57, 0x2B57, 0x2B57, 0x2B57, 0x2B57, 0x2B57, 0x2B57, \
        0x2B57, 0x2B57, 0x2B57, 0x2B57, 0x2B57, 0x2B57, 0x2B57, 0x2B57, 0x2B57, 0x2B57, 0x2B57, 0x2B57, \
        0x2B57, 0x2B57, 0x2B57, 0x2B77, 0x2B77, 0x2B77, 0x2B77, 0x3377, 0x2B14, 0x0949, 0x0000, 0x00C5, \
        0x148C, 0x2771, 0x2771, 0x2771, 0x2771, 0x2771, 0x2771, 0x2771, 0x2771, 0x2771, 0x2771, 0x2771, \
        0x2771, 0x2771, 0x2771, 0x2771, 0x2771, 0x2771, 0x2771, 0x2771, 0x2771, 0x2771, 0x2771, 0x2771, \
        0x2771, 0x2771, 0x2771, 0x2771, 0x2771, 0x2771, 0x2771, 0x2771, 0x2771, 0x2771, 0x2771, 0x2771, \
        0x2771, 0x2771, 0x2771, 0x2771, 0x2771, 0x2771, 0x26F0, 0x0166, 0x7BD0, 0xFFFF, 0xFFFF, 0xFFFF, \
        0xFFFF, 0xFFFF, 0xFFFF, 0xFFFF, 0xFFFF, 0xFFFF, 0xFFFF, 0xFFFF, 0xFFFF, 0xFFFF, 0xFFFF, 0xFFFF, \
        0xFFFF, 0x94B3, 0x21A8, 0x1D6D, 0x2771, 0x2771, 0x2771, 0x2771, 0x2771, 0x2771, 0x2771, 0x2771, \
        0x2771, 0x1D6D, 0x29A8, 0x94B3, 0xFFFF, 0xFFFF, 0xFFFF, 0xFFFF, 0xFFFF, 0xFFFF, 0xFFFF, 0xFFFF, \
        0xFFFF, 0xFFFF, 0xFFFF, 0xFFFF, 0xFFFF, 0xFFFF, 0xFFFF, 0x9CD4, 0x2148, 0x1D0D, 0x2771, 0x2771, \
        0x2771, 0x2771, 0x2771, 0x2771, 0x2771, 0x2771, 0x2771, 0x2771, 0x2771, 0x2771, 0x2771, 0x2771, \
        0x2771, 0x2771, 0x2771, 0x2771, 0x2771, 0x2771, 0x2771, 0x2771, 0x2771, 0x2771, 0x2771, 0x2771, \
        0x0B49, 0x2127, 0xCEDA, 0xFFFF, 0xFFFF, 0xFFFF, 0xFFFF, 0xFFFF, 0xFFFF, 0xFFFF, 0xFFFF, 0xFFFF, \
        0xFFFF, 0xFFFF, 0xFFFF, 0xFFFF, 0xFFFF, 0x9D15, 0x2128, 0x148B, 0x2771, 0x2771, 0x2771, 0x2771, \
        0x2771, 0x2771, 0x2771, 0x2771, 0x2771, 0x2771, 0x2771, 0x2771, 0x2771, 0x2771, 0x2771, 0x2771, \
        0x2771, 0x2771, 0x2771, 0x2771, 0x2771, 0x2771, 0x2771, 0x2771, 0x2771, 0x2771, 0x2771, 0x2771, \
        0x2771, 0x0B29, 0x0023, 0x0002, 0x22B2, 0x3377, 0x2B57, 0x3377, 0xC6BD, 0xDF3E, 0xD73E, 0xD73E, \
        0xD73E, 0xD73E, 0xD73E, 0xD73E, 0xD73E, 0xD73E, 0xD73E, 0xD73E, 0xD73E, 0xDF5F, 0x9515, 0x0000, \
        0x12A8, 0x2771, 0x2771, 0x2771, 0x2771, 0x2771, 0x2771, 0x2771, 0x2771, 0x2771, 0x2771, 0x2771, \
        0x2771, 0x2771, 0x2771, 0x2771, 0x2771, 0x2771, 0x2771, 0x2771, 0x2771, 0x2771, 0x2771, 0x2771, \
        0x2771, 0x2771, 0x2771, 0x2771, 0x2771, 0x2771, 0x2771, 0x2771, 0x2771, 0x2771, 0x2771, 0x2771, \
        0x2771, 0x2771, 0x2771, 0x2771, 0x2771, 0x2771, 0x2771, 0x2771, 0x2771, 0x2771, 0x2771, 0x2771, \
        0x2771, 0x2771, 0x2771, 0x2771, 0x2771, 0x2771, 0x2771, 0x2771, 0x2771, 0x2771, 0x2771, 0x2771, \
        0x2771, 0x2771, 0x2771, 0x2771, 0x2771, 0x2771, 0x2771, 0x2771, 0x2771, 0x2771, 0x2771, 0x2771, \
        0x2771, 0x2771, 0x2771, 0x2771, 0x2771, 0x2771, 0x2771, 0x2771, 0x2771, 0x2771, 0x2771, 0x2771, \
        0x2771, 0x2771, 0x266F, 0x00A4, 0x0086, 0x0232, 0x0273, 0x0253, 0x0A94, 0x2B57, 0x2B57, 0x2B57, \
        0x2B57, 0x2B57, 0x2B57, 0x2B57, 0x2B57, 0x2B57, 0x2B57, 0x2B57, 0x2B57, 0x2B57, 0x2B57, 0x2B57, \
        0x2B57, 0x2B57, 0x2B57, 0x2B57, 0x2B57, 0x2B57, 0x2B57, 0x2B57, 0x2B57, 0x2B57, 0x2B77, 0x2B77, \
        0x2B77, 0x2B77, 0x2B77, 0x2B77, 0x2B77, 0x2B56, 0x19ED, 0x0000, 0x0023, 0x0AC9, 0x2690, 0x2771, \
        0x2771, 0x2771, 0x2771, 0x2771, 0x2771, 0x2771, 0x2771, 0x2771, 0x2771, 0x2771, 0x2771, 0x2771, \
        0x2771, 0x2771, 0x2771, 0x2771, 0x2771, 0x2771, 0x2771, 0x2771, 0x2771, 0x2771, 0x2771, 0x2771, \
        0x2771, 0x2771, 0x2771, 0x2771, 0x2771, 0x2771, 0x2771, 0x2771, 0x2771, 0x2771, 0x2771, 0x2771, \
        0x2771, 0x2771, 0x14AC, 0x2127, 0xD71B, 0xFFFF, 0xFFFF, 0xFFFF, 0xFFFF, 0xFFFF, 0xFFFF, 0xFFFF, \
        0xFFFF, 0xFFFF, 0xFFFF, 0xFFFF, 0xFFFF, 0xFFFF, 0xFFFF, 0xFFFF, 0x94B3, 0x2148, 0x148C, 0x2771, \
        0x2771, 0x2771, 0x2771, 0x2771, 0x2771, 0x2771, 0x2771, 0x2771, 0x26F0, 0x0166, 0x7BD0, 0xFFFF, \
        0xFFFF, 0xFFFF, 0xFFFF, 0xFFFF, 0xFFFF, 0xFFFF, 0xFFFF, 0xFFFF, 0xFFFF, 0xFFFF, 0xFFFF, 0xFFFF, \
        0xFFFF, 0xFFFF, 0x9CD4, 0x2128, 0x140B, 0x2771, 0x2771, 0x2771, 0x2771, 0x2771, 0x2771, 0x2771, \
        0x2771, 0x2771, 0x2771, 0x2771, 0x2771, 0x2771, 0x2771, 0x2771, 0x2771, 0x2771, 0x2771, 0x2771, \
        0x2771, 0x2771, 0x2771, 0x2771, 0x2771, 0x2771, 0x2771, 0x2771, 0x26F0, 0x01A6, 0x73AF, 0xFFFF, \
        0xFFFF, 0xFFFF, 0xFFFF, 0xFFFF, 0xFFFF, 0xFFFF, 0xFFFF, 0xFFFF, 0xFFFF, 0xFFFF, 0xFFFF, 0xFFFF, \
        0xFFFF, 0xFFFF, 0x7BD0, 0x00C5, 0x1E4F, 0x2771, 0x2771, 0x2771, 0x2771, 0x2771, 0x2771, 0x2771, \
        0x2771, 0x2771, 0x2771, 0x2771, 0x2771, 0x2771, 0x2771, 0x2771, 0x2771, 0x2771, 0x2771, 0x2771, \
        0x2771, 0x2771, 0x2771, 0x2771, 0x2771, 0x2771, 0x2771, 0x2771, 0x138A, 0x0023, 0x0001, 0x22B2, \
        0x3377, 0x3377, 0x0316, 0xA5DB, 0xDF5E, 0xD73E, 0xD73E, 0xD73E, 0xD73E, 0xD73E, 0xD73E, 0xD73E, \
        0xD73E, 0xD73E, 0xD73E, 0xD73E, 0xD73E, 0xDF5F, 0x9515, 0x0000, 0x1288, 0x2771, 0x2771, 0x2771, \
        0x2771, 0x2771, 0x2771, 0x2771, 0x2771, 0x2771, 0x2771, 0x2771, 0x2771, 0x2771, 0x2771, 0x2771, \
        0x2771, 0x2771, 0x2771, 0x2771, 0x2771, 0x2771, 0x2771, 0x2771, 0x2771, 0x2771, 0x2771, 0x2771, \
        0x2771, 0x2771, 0x2771, 0x2771, 0x2771, 0x2771, 0x2771, 0x2771, 0x2771, 0x2771, 0x2771, 0x2771, \
        0x2771, 0x2771, 0x2771, 0x2771, 0x2771, 0x2771, 0x2771, 0x2771, 0x2771, 0x2771, 0x2771, 0x2771, \
        0x2771, 0x2771, 0x2771, 0x2771, 0x2771, 0x2771, 0x2771, 0x2771, 0x2771, 0x2771, 0x2771, 0x2771, \
        0x2771, 0x2771, 0x2771, 0x2771, 0x2771, 0x2771, 0x2771, 0x2771, 0x2771, 0x2771, 0x2771, 0x2771, \
        0x2771, 0x2771, 0x2771, 0x2771, 0x2771, 0x2771, 0x2771, 0x2771, 0x2771, 0x2771, 0x26F0, 0x0105, \
        0x0043, 0x0231, 0x0253, 0x0253, 0x0253, 0x2B36, 0x2B57, 0x2B57, 0x2B57, 0x2B57, 0x2B57, 0x2B57, \
        0x2B57, 0x2B57, 0x2B57, 0x2B57, 0x2B57, 0x2B77, 0x2B57, 0x2B57, 0x2B57, 0x2B57, 0x2B57, 0x2B57, \
        0x2B57, 0x2B57, 0x2B57, 0x2B57, 0x2B77, 0x2B77, 0x2B77, 0x2B77, 0x2B77, 0x2B77, 0x2B77, 0x2B77, \
        0x2B77, 0x2B77, 0x2B77, 0x2292, 0x00C6, 0x0000, 0x0105, 0x14AC, 0x2751, 0x2771, 0x2771, 0x2771, \
        0x2771, 0x2771, 0x2771, 0x2771, 0x2771, 0x2771, 0x2771, 0x2771, 0x2771, 0x2771, 0x2771, 0x2771, \
        0x2771, 0x2771, 0x2771, 0x2771, 0x2771, 0x2771, 0x2771, 0x2771, 0x2771, 0x2771, 0x2771, 0x2771, \
        0x2771, 0x2771, 0x2771, 0x2771, 0x2771, 0x2771, 0x2771, 0x2771, 0x2771, 0x2771, 0x0A88, 0x7BD0, \
        0xFFFF, 0xFFFF, 0xFFFF, 0xFFFF, 0xFFFF, 0xFFFF, 0xFFFF, 0xFFFF, 0xFFFF, 0xFFFF, 0xFFFF, 0xFFFF, \
        0xFFFF, 0xFFFF, 0xFFFF, 0x9CD4, 0x2127, 0x140A, 0x2771, 0x2771, 0x2771, 0x2771, 0x2771, 0x2771, \
        0x2771, 0x2771, 0x2771, 0x2771, 0x142B, 0x2127, 0xDF3C, 0xFFFF, 0xFFFF, 0xFFFF, 0xFFFF, 0xFFFF, \
        0xFFFF, 0xFFFF, 0xFFFF, 0xFFFF, 0xFFFF, 0xFFFF, 0xFFFF, 0xFFFF, 0xFFFF, 0xBE38, 0x2127, 0x0B29, \
        0x2771, 0x2771, 0x2771, 0x2771, 0x2771, 0x2771, 0x2771, 0x2771, 0x2771, 0x2771, 0x2771, 0x2771, \
        0x2771, 0x2771, 0x2771, 0x2771, 0x2771, 0x2771, 0x2771, 0x2771, 0x2771, 0x2771, 0x2771, 0x2771, \
        0x2771, 0x2771, 0x2771, 0x2771, 0x2771, 0x1E0E, 0x29C9, 0x94B3, 0xFFFF, 0xFFFF, 0xFFFF, 0xFFFF, \
        0xFFFF, 0xFFFF, 0xFFFF, 0xFFFF, 0xFFFF, 0xFFFF, 0xFFFF, 0xFFFF, 0xFFFF, 0xFFFF, 0xEFBE, 0x2127, \
        0x0A07, 0x2731, 0x2771, 0x2771, 0x2771, 0x2771, 0x2771, 0x2771, 0x2771, 0x2771, 0x2771, 0x2771, \
        0x2771, 0x2771, 0x2771, 0x2771, 0x2771, 0x2771, 0x2771, 0x2771, 0x2771, 0x2771, 0x2771, 0x2771, \
        0x2771, 0x2771, 0x2771, 0x138A, 0x0043, 0x0000, 0x2291, 0x3377, 0x3377, 0x1336, 0x74B9, 0xDF3E, \
        0xDF3E, 0xD73E, 0xD73E, 0xD73E, 0xD73E, 0xD73E, 0xD73E, 0xD73E, 0xD73E, 0xD73E, 0xD73E, 0xD73E, \
        0xD73E, 0xDF5F, 0x9515, 0x0000, 0x1288, 0x2771, 0x2771, 0x2771, 0x2771, 0x2771, 0x2771, 0x2771, \
        0x2771, 0x2771, 0x2771, 0x2771, 0x2771, 0x2771, 0x2771, 0x2771, 0x2771, 0x2771, 0x2771, 0x2771, \
        0x2771, 0x2771, 0x2771, 0x2771, 0x2771, 0x2771, 0x2771, 0x2771, 0x2771, 0x2771, 0x2771, 0x2771, \
        0x2771, 0x2771, 0x2771, 0x2771, 0x2771, 0x2771, 0x2771, 0x2771, 0x2771, 0x2771, 0x2771, 0x2771, \
        0x2771, 0x2771, 0x2771, 0x2771, 0x2771, 0x2771, 0x2771, 0x2771, 0x2771, 0x2771, 0x2771, 0x2771, \
        0x2771, 0x2771, 0x2771, 0x2771, 0x2771, 0x2771, 0x2771, 0x2771, 0x2771, 0x2771, 0x2771, 0x2771, \
        0x2771, 0x2771, 0x2771, 0x2771, 0x2771, 0x2771, 0x2771, 0x2771, 0x2771, 0x2771, 0x2771, 0x2771, \
        0x2771, 0x2771, 0x2771, 0x2771, 0x2771, 0x2771, 0x2751, 0x01C7, 0x0001, 0x01F0, 0x0253, 0x0253, \
        0x0253, 0x2316, 0x2B57, 0x2B57, 0x2B57, 0x2B57, 0x2B57, 0x2B57, 0x2B57, 0x2B57, 0x2B57, 0x2B57, \
        0x2B57, 0x2B77, 0x2B57, 0x2B77, 0x2B57, 0x2B57, 0x2B57, 0x2B57, 0x2B57, 0x2B57, 0x2B57, 0x2B57, \
        0x2B57, 0x2B77, 0x2B77, 0x2B77, 0x2B77, 0x2B77, 0x2B77, 0x2B77, 0x2B77, 0x2B77, 0x2B77, 0x2B77, \
        0x2B15, 0x11CD, 0x0000, 0x0002, 0x0A08, 0x1DAE, 0x2771, 0x2771, 0x2771, 0x2771, 0x2771, 0x2771, \
        0x2771, 0x2771, 0x2771, 0x2771, 0x2771, 0x2771, 0x2771, 0x2771, 0x2771, 0x2771, 0x2771, 0x2771, \
        0x2771, 0x2771, 0x2771, 0x2771, 0x2771, 0x2771, 0x2771, 0x2771, 0x2771, 0x2771, 0x2771, 0x2771, \
        0x2771, 0x2771, 0x2771, 0x2771, 0x2771, 0x2751, 0x01A7, 0x7BD0, 0xFFFF, 0xFFFF, 0xFFFF, 0xFFFF, \
        0xFFFF, 0xFFFF, 0xFFFF, 0xFFFF, 0xFFFF, 0xFFFF, 0xFFFF, 0xFFFF, 0xFFFF, 0xFFFF, 0xB5F7, 0x2127, \
        0x0B29, 0x2771, 0x2771, 0x2771, 0x2771, 0x2771, 0x2771, 0x2771, 0x2771, 0x2771, 0x2771, 0x2751, \
        0x09E7, 0x7BD0, 0xFFFF, 0xFFFF, 0xFFFF, 0xFFFF, 0xFFFF, 0xFFFF, 0xFFFF, 0xFFFF, 0xFFFF, 0xFFFF, \
        0xFFFF, 0xFFFF, 0xFFFF, 0xFFFF, 0xD71B, 0x2127, 0x0A67, 0x2731, 0x2771, 0x2771, 0x2771, 0x2771, \
        0x2771, 0x2771, 0x2771, 0x2771, 0x2771, 0x2771, 0x2771, 0x2771, 0x2771, 0x2771, 0x2771, 0x2771, \
        0x2771, 0x2771, 0x2771, 0x2771, 0x2771, 0x2771, 0x2771, 0x2771, 0x2771, 0x2771, 0x2771, 0x2771, \
        0x2771, 0x2771, 0x146B, 0x2128, 0xADB7, 0xFFFF, 0xFFFF, 0xFFFF, 0xFFFF, 0xFFFF, 0xFFFF, 0xFFFF, \
        0xFFFF, 0xFFFF, 0xFFFF, 0xFFFF, 0xFFFF, 0xFFFF, 0xFFFF, 0xC69A, 0x2127, 0x14AC, 0x2771, 0x2771, \
        0x2771, 0x2771, 0x2771, 0x2771, 0x2771, 0x2771, 0x2771, 0x2771, 0x2771, 0x2771, 0x2771, 0x2771, \
        0x2771, 0x2771, 0x2771, 0x2771, 0x2771, 0x2771, 0x2771, 0x2771, 0x2771, 0x2771, 0x138A, 0x0044, \
        0x0000, 0x2270, 0x3377, 0x3377, 0x2B57, 0x4BD7, 0xCEDD, 0xDF3E, 0xD73E, 0xD73E, 0xD73E, 0xD73E, \
        0xD73E, 0xD73E, 0xD73E, 0xD73E, 0xD73E, 0xD73E, 0xD73E, 0xD73E, 0xD73E, 0xDF5F, 0x9515, 0x0000, \
        0x12A8, 0x2771, 0x2771, 0x2771, 0x2771, 0x2771, 0x2771, 0x2771, 0x2771, 0x2771, 0x2771, 0x2771, \
        0x2771, 0x2771, 0x2771, 0x2771, 0x2771, 0x2771, 0x2771, 0x2771, 0x2771, 0x2771, 0x2771, 0x2771, \
        0x2771, 0x2771, 0x2771, 0x2771, 0x2771, 0x2771, 0x2771, 0x2771, 0x2771, 0x2771, 0x2771, 0x2771, \
        0x2771, 0x2771, 0x2771, 0x2771, 0x2771, 0x2771, 0x2771, 0x2771, 0x2771, 0x2771, 0x2771, 0x2771, \
        0x2771, 0x2771, 0x2771, 0x2771, 0x2771, 0x2771, 0x2771, 0x2771, 0x2771, 0x2771, 0x2771, 0x2771, \
        0x2771, 0x2771, 0x2771, 0x2771, 0x2771, 0x2771, 0x2771, 0x2771, 0x2771, 0x2771, 0x2771, 0x2771, \
        0x2771, 0x2771, 0x2771, 0x2771, 0x2771, 0x2771, 0x2771, 0x2771, 0x2771, 0x2771, 0x2771, 0x2771, \
        0x2771, 0x2771, 0x2771, 0x0AE9, 0x0001, 0x018D, 0x0253, 0x0253, 0x0233, 0x1AD5, 0x2B57, 0x2B57, \
        0x2B57, 0x2B57, 0x2B57, 0x2B57, 0x2B57, 0x2B57, 0x2B57, 0x2B57, 0x2B57, 0x2B57, 0x2B57, 0x2B57, \
        0x2B77, 0x2B57, 0x2B57, 0x2B57, 0x2B57, 0x2B57, 0x2B57, 0x2B57, 0x2B77, 0x2B77, 0x2B77, 0x2B77, \
        0x2B77, 0x2B77, 0x2B77, 0x2B77, 0x2B77, 0x2B77, 0x2B77, 0x2B57, 0x2B77, 0x2B77, 0x22B2, 0x0929, \
        0x0000, 0x0043, 0x0AE9, 0x1E2F, 0x2771, 0x2771, 0x2771, 0x2771, 0x2771, 0x2771, 0x2771, 0x2771, \
        0x2771, 0x2771, 0x2771, 0x2771, 0x2771, 0x2771, 0x2771, 0x2771, 0x2771, 0x2771, 0x2771, 0x2771, \
        0x2771, 0x2771, 0x2771, 0x2771, 0x2771, 0x2771, 0x2771, 0x2771, 0x2771, 0x2771, 0x2771, 0x2771, \
        0x2771, 0x2751, 0x01A7, 0x7BD0, 0xFFFF, 0xFFFF, 0xFFFF, 0xFFFF, 0xFFFF, 0xFFFF, 0xFFFF, 0xFFFF, \
        0xFFFF, 0xFFFF, 0xFFFF, 0xFFFF, 0xFFFF, 0xCEDA, 0x2127, 0x0A47, 0x2731, 0x2771, 0x2771, 0x2771, \
        0x2771, 0x2771, 0x2771, 0x2771, 0x2771, 0x2771, 0x2771, 0x26D0, 0x00C5, 0x8452, 0xFFFF, 0xFFFF, \
        0xFFFF, 0xFFFF, 0xFFFF, 0xFFFF, 0xFFFF, 0xFFFF, 0xFFFF, 0xFFFF, 0xFFFF, 0xFFFF, 0xFFFF, 0xE77D, \
        0x2126, 0x01A6, 0x26B0, 0x2771, 0x2771, 0x2771, 0x2771, 0x2771, 0x2771, 0x2771, 0x2771, 0x2771, \
        0x2771, 0x2771, 0x2771, 0x2771, 0x2771, 0x2771, 0x2771, 0x2771, 0x2771, 0x2771, 0x2771, 0x2771, \
        0x2771, 0x2771, 0x2771, 0x2771, 0x2771, 0x2771, 0x2771, 0x2771, 0x2771, 0x2771, 0x2771, 0x0AC8, \
        0x2127, 0xDF3C, 0xFFFF, 0xFFFF, 0xFFFF, 0xFFFF, 0xFFFF, 0xFFFF, 0xFFFF, 0xFFFF, 0xFFFF, 0xFFFF, \
        0xFFFF, 0xFFFF, 0xFFFF, 0xFFFF, 0x7BD0, 0x0A47, 0x2771, 0x2771, 0x2771, 0x2771, 0x2771, 0x2771, \
        0x2771, 0x2771, 0x2771, 0x2771, 0x2771, 0x2771, 0x2771, 0x2771, 0x2771, 0x2771, 0x2771, 0x2771, \
        0x2771, 0x2771, 0x2771, 0x2771, 0x2771, 0x13AA, 0x0044, 0x0000, 0x2270, 0x3377, 0x3377, 0x3357, \
        0x2336, 0xB63C, 0xDF5E, 0xD73E, 0xD73E, 0xD73E, 0xD73E, 0xD73E, 0xD73E, 0xD73E, 0xD73E, 0xD73E, \
        0xD73E, 0xD73E, 0xD73E, 0xD73E, 0xD73E, 0xDF5F, 0x8CD4, 0x0000, 0x1309, 0x2771, 0x2771, 0x2771, \
        0x2771, 0x2771, 0x2771, 0x2771, 0x2771, 0x2771, 0x2771, 0x2771, 0x2771, 0x2771, 0x2771, 0x2771, \
        0x2771, 0x2771, 0x2771, 0x2771, 0x2771, 0x2771, 0x2771, 0x2771, 0x2771, 0x2771, 0x2771, 0x2771, \
        0x2771, 0x2771, 0x2771, 0x2771, 0x2771, 0x2771, 0x2771, 0x2771, 0x2771, 0x2771, 0x2771, 0x2771, \
        0x2771, 0x2771, 0x2771, 0x2771, 0x2771, 0x2771, 0x2771, 0x2771, 0x2771, 0x2771, 0x2771, 0x2771, \
        0x2771, 0x2771, 0x2771, 0x2771, 0x2771, 0x2771, 0x2771, 0x2771, 0x2771, 0x2771, 0x2771, 0x2771, \
        0x2771, 0x2771, 0x2771, 0x2771, 0x2771, 0x2771, 0x2771, 0x2771, 0x2771, 0x2771, 0x2771, 0x2771, \
        0x2771, 0x2771, 0x2771, 0x2771, 0x2771, 0x2771, 0x2771, 0x2771, 0x2771, 0x2771, 0x2771, 0x148C, \
        0x0022, 0x0109, 0x0253, 0x0253, 0x0253, 0x1273, 0x2B57, 0x2B57, 0x2B57, 0x2B57, 0x2B57, 0x2B57, \
        0x2B57, 0x2B57, 0x2B57, 0x2B57, 0x2B57, 0x2B57, 0x2B57, 0x2B57, 0x2B77, 0x2B57, 0x2B57, 0x2B57, \
        0x2B57, 0x2B57, 0x2B57, 0x2B77, 0x2B77, 0x2B77, 0x2B77, 0x2B77, 0x2B77, 0x2B77, 0x2B77, 0x2B77, \
        0x2B77, 0x2B77, 0x2B77, 0x2B77, 0x2B77, 0x2B77, 0x2B78, 0x2B57, 0x2271, 0x00C6, 0x0000, 0x0084, \
        0x0AC9, 0x1DCF, 0x2771, 0x2771, 0x2771, 0x2771, 0x2771, 0x2771, 0x2771, 0x2771, 0x2771, 0x2771, \
        0x2771, 0x2771, 0x2771, 0x2771, 0x2771, 0x2771, 0x2771, 0x2771, 0x2771, 0x2771, 0x2771, 0x2771, \
        0x2771, 0x2771, 0x2771, 0x2771, 0x2771, 0x2771, 0x2771, 0x2771, 0x2771, 0x2771, 0x0AA8, 0x7BD0, \
        0xFFFF, 0xFFFF, 0xFFFF, 0xFFFF, 0xFFFF, 0xFFFF, 0xFFFF, 0xFFFF, 0xFFFF, 0xFFFF, 0xFFFF, 0xFFFF, \
        0xDF5C, 0x2126, 0x01C6, 0x26D0, 0x2771, 0x2771, 0x2771, 0x2771, 0x2771, 0x2771, 0x2771, 0x2771, \
        0x2771, 0x2771, 0x2771, 0x26D0, 0x00A5, 0x8472, 0xFFFF, 0xFFFF, 0xFFFF, 0xFFFF, 0xFFFF, 0xFFFF, \
        0xFFFF, 0xFFFF, 0xFFFF, 0xFFFF, 0xFFFF, 0xFFFF, 0xFFFF, 0x73AF, 0x0105, 0x1E2F, 0x2771, 0x2771, \
        0x2771, 0x2771, 0x2771, 0x2771, 0x2771, 0x2771, 0x2771, 0x2771, 0x2771, 0x2771, 0x2771, 0x2771, \
        0x2771, 0x2771, 0x2771, 0x2771, 0x2771, 0x2771, 0x2771, 0x2771, 0x2771, 0x2771, 0x2771, 0x2771, \
        0x2771, 0x2771, 0x2771, 0x2771, 0x2771, 0x2771, 0x2771, 0x26B0, 0x0145, 0x73AF, 0xFFFF, 0xFFFF, \
        0xFFFF, 0xFFFF, 0xFFFF, 0xFFFF, 0xFFFF, 0xFFFF, 0xFFFF, 0xFFFF, 0xFFFF, 0xFFFF, 0xFFFF, 0xFFFF, \
        0x7BD0, 0x0125, 0x26F0, 0x2771, 0x2771, 0x2771, 0x2771, 0x2771, 0x2771, 0x2771, 0x2771, 0x2771, \
        0x2771, 0x2771, 0x2771, 0x2771, 0x2771, 0x2771, 0x2771, 0x2771, 0x2771, 0x2771, 0x2771, 0x2771, \
        0x136A, 0x0043, 0x0000, 0x2250, 0x3377, 0x3377, 0x3377, 0x0B16, 0x955A, 0xDF3E, 0xD73E, 0xD73E, \
        0xD73E, 0xD73E, 0xD73E, 0xD73E, 0xD73E, 0xD73E, 0xD73E, 0xD73E, 0xD73E, 0xD73E, 0xD73E, 0xD73E, \
        0xD73E, 0xDF5E, 0x8472, 0x0000, 0x1349, 0x2771, 0x2771, 0x2771, 0x2771, 0x2771, 0x2771, 0x2771, \
        0x2771, 0x2771, 0x2771, 0x2771, 0x2771, 0x2771, 0x2771, 0x2771, 0x2771, 0x2771, 0x2771, 0x2771, \
        0x2771, 0x2771, 0x2771, 0x2771, 0x2771, 0x2771, 0x2771, 0x2771, 0x2771, 0x2771, 0x2771, 0x2771, \
        0x2771, 0x2771, 0x2771, 0x2771, 0x2771, 0x2771, 0x2771, 0x2771, 0x2771, 0x2771, 0x2771, 0x2771, \
        0x2771, 0x2771, 0x2771, 0x2771, 0x2771, 0x2771, 0x2771, 0x2771, 0x2771, 0x2771, 0x2771, 0x2771, \
        0x2771, 0x2771, 0x2771, 0x2771, 0x2771, 0x2771, 0x2771, 0x2771, 0x2771, 0x2771, 0x2771, 0x2771, \
        0x2771, 0x2771, 0x2771, 0x2771, 0x2771, 0x2771, 0x2771, 0x2771, 0x2771, 0x2771, 0x2771, 0x2771, \
        0x2771, 0x2771, 0x2771, 0x2771, 0x2771, 0x2771, 0x2771, 0x1E2F, 0x0084, 0x0085, 0x0232, 0x0253, \
        0x0253, 0x0253, 0x2316, 0x2B57, 0x2B57, 0x2B57, 0x2B57, 0x2B57, 0x2B57, 0x2B57, 0x2B57, 0x2B57, \
        0x2B57, 0x2B77, 0x2B57, 0x2B57, 0x2B57, 0x2B77, 0x2B57, 0x2B57, 0x2B57, 0x2B57, 0x2B77, 0x2B77, \
        0x2B77, 0x2B77, 0x2B57, 0x2B77, 0x2B57, 0x2B57, 0x2B77, 0x2B77, 0x2B77, 0x2B77, 0x2B77, 0x2B77, \
        0x2B57, 0x2B77, 0x2B77, 0x2B77, 0x3398, 0x2B35, 0x1A2F, 0x00A5, 0x0000, 0x0044, 0x0AA9, 0x1DAE, \
        0x2771, 0x2771, 0x2771, 0x2771, 0x2771, 0x2771, 0x2771, 0x2771, 0x2771, 0x2771, 0x2771, 0x2771, \
        0x2771, 0x2771, 0x2771, 0x2771, 0x2771, 0x2771, 0x2771, 0x2771, 0x2771, 0x2771, 0x2771, 0x2771, \
        0x2771, 0x2771, 0x2771, 0x2771, 0x2771, 0x2771, 0x14CC, 0x2128, 0xCEDA, 0xFFFF, 0xFFFF, 0xFFFF, \
        0xFFFF, 0xFFFF, 0xFFFF, 0xFFFF, 0xFFFF, 0xFFFF, 0xFFFF, 0xFFFF, 0x7BD0, 0x0145, 0x266F, 0x2771, \
        0x2771, 0x2771, 0x2771, 0x2771, 0x2771, 0x2771, 0x2771, 0x2771, 0x2771, 0x2771, 0x2771, 0x2731, \
        0x0186, 0x7BD1, 0xFFFF, 0xFFFF, 0xFFFF, 0xFFFF, 0xFFFF, 0xFFFF, 0xFFFF, 0xFFFF, 0xFFFF, 0xFFFF, \
        0xFFFF, 0xFFFF, 0x94B3, 0x21A8, 0x1D6D, 0x2771, 0x2771, 0x2771, 0x2771, 0x2771, 0x2771, 0x2771, \
        0x2771, 0x2771, 0x2771, 0x2771, 0x2771, 0x2771, 0x2771, 0x2771, 0x2771, 0x2771, 0x2771, 0x2771, \
        0x2771, 0x2771, 0x2771, 0x2771, 0x2771, 0x2771, 0x2771, 0x2771, 0x2771, 0x2771, 0x2771, 0x2771, \
        0x2771, 0x2771, 0x2771, 0x2771, 0x1D6D, 0x2148, 0x9CD4, 0xFFFF, 0xFFFF, 0xFFFF, 0xFFFF, 0xFFFF, \
        0xFFFF, 0xFFFF, 0xFFFF, 0xFFFF, 0xFFFF, 0xFFFF, 0xFFFF, 0xFFFF, 0x7BD0, 0x00C5, 0x26D0, 0x2771, \
        0x2771, 0x2771, 0x2771, 0x2771, 0x2771, 0x2771, 0x2771, 0x2771, 0x2771, 0x2771, 0x2771, 0x2771, \
        0x2771, 0x2771, 0x2771, 0x2771, 0x2771, 0x2771, 0x2751, 0x0B29, 0x0023, 0x0000, 0x2250, 0x3377, \
        0x3377, 0x3377, 0x1337, 0x7499, 0xD71E, 0xD73E, 0xD73E, 0xD73E, 0xD73E, 0xD73E, 0xD73E, 0xD73E, \
        0xD73E, 0xD73E, 0xD73E, 0xD73E, 0xD73E, 0xD73E, 0xD73E, 0xD73E, 0xD73E, 0xDF3E, 0x73F0, 0x0000, \
        0x1BCA, 0x2771, 0x2771, 0x2771, 0x2771, 0x2771, 0x2771, 0x2771, 0x2771, 0x2771, 0x2771, 0x2771, \
        0x2771, 0x2771, 0x2771, 0x2771, 0x2771, 0x2771, 0x2771, 0x2771, 0x2771, 0x2771, 0x2771, 0x2771, \
        0x2771, 0x2771, 0x2771, 0x2771, 0x2771, 0x2771, 0x2771, 0x2771, 0x2771, 0x2771, 0x2771, 0x2771, \
        0x2771, 0x2771, 0x2771, 0x2771, 0x2771, 0x2771, 0x2771, 0x2771, 0x2771, 0x2771, 0x2771, 0x2771, \
        0x2771, 0x2771, 0x2771, 0x2771, 0x2771, 0x2771, 0x2771, 0x2771, 0x2771, 0x2771, 0x2771, 0x2771, \
        0x2771, 0x2771, 0x2771, 0x2771, 0x2771, 0x2771, 0x2771, 0x2771, 0x2771, 0x2771, 0x2771, 0x2771, \
        0x2771, 0x2771, 0x2771, 0x2771, 0x2771, 0x2771, 0x2771, 0x2771, 0x2771, 0x2771, 0x2771, 0x2771, \
        0x2771, 0x2771, 0x2771, 0x2731, 0x01A6, 0x0001, 0x01CF, 0x0253, 0x0253, 0x0233, 0x1AD4, 0x2B57, \
        0x2B57, 0x2B57, 0x2B57, 0x2B57, 0x2B57, 0x2B57, 0x2B57, 0x2B57, 0x2B77, 0x2B77, 0x2B77, 0x2B57, \
        0x2B57, 0x2B57, 0x2B57, 0x2B57, 0x2B57, 0x2B57, 0x2B77, 0x2B77, 0x2B77, 0x2B57, 0x2B57, 0x2B57, \
        0x2B57, 0x2B57, 0x2B57, 0x2B57, 0x2B77, 0x2B77, 0x2B77, 0x2B57, 0x2B57, 0x2B57, 0x2B57, 0x2B77, \
        0x2B77, 0x3377, 0x3377, 0x2B35, 0x1A4F, 0x00A6, 0x0000, 0x0003, 0x0A28, 0x1CED, 0x2710, 0x2771, \
        0x2771, 0x2771, 0x2771, 0x2771, 0x2771, 0x2771, 0x2771, 0x2771, 0x2771, 0x2771, 0x2771, 0x2771, \
        0x2771, 0x2771, 0x2771, 0x2771, 0x2771, 0x2771, 0x2771, 0x2771, 0x2771, 0x2771, 0x2771, 0x2771, \
        0x2771, 0x2771, 0x26F0, 0x0186, 0x73AF, 0xFFFF, 0xFFFF, 0xFFFF, 0xFFFF, 0xFFFF, 0xFFFF, 0xFFFF, \
        0xFFFF, 0xFFFF, 0xFFFF, 0x9CD4, 0x29C9, 0x1DAE, 0x2771, 0x2771, 0x2771, 0x2771, 0x2771, 0x2771, \
        0x2771, 0x2771, 0x2771, 0x2771, 0x2771, 0x2771, 0x2771, 0x2771, 0x0B49, 0x2127, 0xEFBE, 0xFFFF, \
        0xFFFF, 0xFFFF, 0xFFFF, 0xFFFF, 0xFFFF, 0xFFFF, 0xFFFF, 0xFFFF, 0xFFFF, 0x9CD4, 0x2128, 0x148C, \
        0x2771, 0x2771, 0x2771, 0x2771, 0x2771, 0x2771, 0x2771, 0x2771, 0x2771, 0x2771, 0x2771, 0x2771, \
        0x2771, 0x2771, 0x2771, 0x2771, 0x2771, 0x2771, 0x2771, 0x2771, 0x2771, 0x2771, 0x2771, 0x2771, \
        0x2771, 0x2771, 0x2771, 0x2771, 0x2771, 0x2771, 0x2771, 0x2771, 0x2771, 0x2771, 0x2771, 0x2771, \
        0x2771, 0x13CA, 0x2127, 0xCEBA, 0xFFFF, 0xFFFF, 0xFFFF, 0xFFFF, 0xFFFF, 0xFFFF, 0xFFFF, 0xFFFF, \
        0xFFFF, 0xFFFF, 0xFFFF, 0xFFFF, 0x7BD0, 0x0146, 0x2710, 0x2771, 0x2771, 0x2771, 0x2771, 0x2771, \
        0x2771, 0x2771, 0x2771, 0x2771, 0x2771, 0x2771, 0x2771, 0x2771, 0x2771, 0x2771, 0x2771, 0x2771, \
        0x2771, 0x2731, 0x0AC9, 0x0023, 0x0001, 0x2271, 0x2B57, 0x3377, 0x3377, 0x2357, 0x5418, 0xCEDD, \
        0xD73E, 0xD73E, 0xD73E, 0xD73E, 0xD73E, 0xD73E, 0xD73E, 0xD73E, 0xD73E, 0xD73E, 0xD73E, 0xD73E, \
        0xD73E, 0xD73E, 0xD73E, 0xD73E, 0xD73E, 0xD73E, 0x634E, 0x0000, 0x1C6C, 0x2771, 0x2771, 0x2771, \
        0x2771, 0x2771, 0x2771, 0x2771, 0x2771, 0x2771, 0x2771, 0x2771, 0x2771, 0x2771, 0x2771, 0x2771, \
        0x2771, 0x2771, 0x2771, 0x2771, 0x2771, 0x2771, 0x2771, 0x2771, 0x2771, 0x2771, 0x2771, 0x2771, \
        0x2771, 0x2771, 0x2771, 0x2771, 0x2771, 0x2771, 0x2771, 0x2771, 0x2771, 0x2771, 0x2771, 0x2771, \
        0x2771, 0x2771, 0x2771, 0x2771, 0x2771, 0x2771, 0x2771, 0x2771, 0x2771, 0x2771, 0x2771, 0x2771, \
        0x2771, 0x2771, 0x2771, 0x2771, 0x2771, 0x2771, 0x2771, 0x2771, 0x2771, 0x2771, 0x2771, 0x2771, \
        0x2771, 0x2771, 0x2771, 0x2771, 0x2771, 0x2771, 0x2771, 0x2771, 0x2771, 0x2771, 0x2771, 0x2771, \
        0x2771, 0x2771, 0x2771, 0x2771, 0x2771, 0x2771, 0x2771, 0x2771, 0x2771, 0x2771, 0x2771, 0x2771, \
        0x13AA, 0x0001, 0x012A, 0x0253, 0x0253, 0x0253, 0x0A73, 0x2B36, 0x2B57, 0x2B57, 0x2B57, 0x2B57, \
        0x2B57, 0x2B57, 0x2B57, 0x2B57, 0x2B77, 0x2B77, 0x2B77, 0x2B77, 0x2B57, 0x2B57, 0x2B57, 0x2B57, \
        0x2B57, 0x2B57, 0x2B77, 0x2B77, 0x2B77, 0x2B77, 0x2B57, 0x2B57, 0x2B57, 0x2B57, 0x2B57, 0x2B57, \
        0x2B57, 0x2B57, 0x2B77, 0x3377, 0x3377, 0x2B77, 0x2B57, 0x2B57, 0x2B57, 0x2B57, 0x3377, 0x3377, \
        0x3378, 0x2B36, 0x2270, 0x0928, 0x0000, 0x0001, 0x0146, 0x13AB, 0x260F, 0x2771, 0x2771, 0x2771, \
        0x2771, 0x2771, 0x2771, 0x2771, 0x2771, 0x2771, 0x2771, 0x2771, 0x2771, 0x2771, 0x2771, 0x2771, \
        0x2771, 0x2771, 0x2771, 0x2771, 0x2771, 0x2771, 0x2771, 0x2771, 0x2771, 0x2771, 0x2771, 0x1DAE, \
        0x29E8, 0x73AF, 0xE79D, 0xFFFF, 0xFFFF, 0xFFFF, 0xFFFF, 0xFFFF, 0xFFFF, 0xDF3C, 0x7BD0, 0x29A8, \
        0x1D0C, 0x2771, 0x2771, 0x2771, 0x2771, 0x2771, 0x2771, 0x2771, 0x2771, 0x2771, 0x2771, 0x2771, \
        0x2771, 0x2771, 0x2771, 0x2771, 0x1E2F, 0x00A4, 0x73AF, 0xFFFF, 0xFFFF, 0xFFFF, 0xFFFF, 0xFFFF, \
        0xFFFF, 0xFFFF, 0xFFFF, 0xFFFF, 0x9CD4, 0x2128, 0x13EA, 0x2771, 0x2771, 0x2771, 0x2771, 0x2771, \
        0x2771, 0x2771, 0x2771, 0x2771, 0x2771, 0x2771, 0x2771, 0x2771, 0x2771, 0x2771, 0x2771, 0x2771, \
        0x2771, 0x2771, 0x2771, 0x2771, 0x2771, 0x2771, 0x2771, 0x2771, 0x2771, 0x2771, 0x2771, 0x2771, \
        0x2771, 0x2771, 0x2771, 0x2771, 0x2771, 0x2771, 0x2771, 0x2771, 0x2771, 0x2731, 0x0A27, 0x7BD0, \
        0xFFFF, 0xFFFF, 0xFFFF, 0xFFFF, 0xFFFF, 0xFFFF, 0xFFFF, 0xFFFF, 0xFFFF, 0xFFFF, 0xFFFF, 0xFFFF, \
        0x7BD0, 0x0AA8, 0x2771, 0x2771, 0x2771, 0x2771, 0x2771, 0x2771, 0x2771, 0x2771, 0x2771, 0x2771, \
        0x2771, 0x2771, 0x2771, 0x2771, 0x2771, 0x2771, 0x2771, 0x2771, 0x26B0, 0x0A27, 0x0002, 0x0023, \
        0x22B2, 0x3377, 0x3357, 0x3377, 0x2B57, 0x3BB8, 0xBE9D, 0xDF5E, 0xD73E, 0xD73E, 0xD73E, 0xD73E, \
        0xD73E, 0xD73E, 0xD73E, 0xD73E, 0xD73E, 0xD73E, 0xD73E, 0xD73E, 0xD73E, 0xD73E, 0xD73E, 0xD73E, \
        0xD73E, 0xCEFD, 0x424A, 0x0001, 0x252D, 0x2771, 0x2771, 0x2771, 0x2771, 0x2771, 0x2771, 0x2771, \
        0x2771, 0x2771, 0x2771, 0x2771, 0x2771, 0x2771, 0x2771, 0x2771, 0x2771, 0x2771, 0x2771, 0x2771, \
        0x2771, 0x2771, 0x2771, 0x2771, 0x2771, 0x2771, 0x2771, 0x2771, 0x2771, 0x2771, 0x2771, 0x2771, \
        0x2771, 0x2771, 0x2771, 0x2771, 0x2771, 0x2771, 0x2771, 0x2771, 0x2771, 0x2771, 0x2771, 0x2771, \
        0x2771, 0x2771, 0x2771, 0x2771, 0x2771, 0x2771, 0x2771, 0x2771, 0x2771, 0x2771, 0x2771, 0x2771, \
        0x2771, 0x2771, 0x2771, 0x2771, 0x2771, 0x2771, 0x2771, 0x2771, 0x2771, 0x2771, 0x2771, 0x2771, \
        0x2771, 0x2771, 0x2771, 0x2771, 0x2771, 0x2771, 0x2771, 0x2771, 0x2771, 0x2771, 0x2771, 0x2771, \
        0x2771, 0x2771, 0x2771, 0x2771, 0x2771, 0x2771, 0x2771, 0x2771, 0x1DCE, 0x0043, 0x0064, 0x0211, \
        0x0253, 0x0253, 0x0253, 0x22F5, 0x2B57, 0x2B57, 0x2B57, 0x2B57, 0x2B57, 0x2B57, 0x2B57, 0x2B77, \
        0x2B77, 0x2B77, 0x2B57, 0x2B57, 0x2B57, 0x2B57, 0x2B57, 0x2B57, 0x2B57, 0x2B57, 0x2B57, 0x2B77, \
        0x2B77, 0x2B77, 0x2B77, 0x2B57, 0x2B57, 0x2B57, 0x2B57, 0x2B57, 0x3398, 0x3BF9, 0x443A, 0x443A, \
        0x445A, 0x443A, 0x443A, 0x4419, 0x3BF9, 0x3BD8, 0x33B8, 0x3377, 0x3377, 0x2B77, 0x3377, 0x2B56, \
        0x22B2, 0x118B, 0x0002, 0x0000, 0x0064, 0x0A48, 0x1D0D, 0x2710, 0x2771, 0x2771, 0x2771, 0x2771, \
        0x2771, 0x2771, 0x2771, 0x2771, 0x2771, 0x2771, 0x2771, 0x2771, 0x2771, 0x2771, 0x2771, 0x2771, \
        0x2771, 0x2771, 0x2771, 0x2771, 0x2771, 0x2771, 0x2771, 0x2771, 0x1D8D, 0x0126, 0x2127, 0x7BD1, \
        0xAE17, 0xBEB9, 0xB699, 0x9D95, 0x73AF, 0x2126, 0x0145, 0x1D6D, 0x2771, 0x2771, 0x2771, 0x2771, \
        0x2771, 0x2771, 0x2771, 0x2771, 0x2771, 0x2771, 0x2771, 0x2771, 0x2771, 0x2771, 0x2771, 0x2771, \
        0x2771, 0x146B, 0x2148, 0x7BD0, 0xEF9E, 0xFFFF, 0xFFFF, 0xFFFF, 0xFFFF, 0xFFFF, 0xEFBE, 0x7BD0, \
        0x2127, 0x0B49, 0x2771, 0x2771, 0x2771, 0x2771, 0x2771, 0x2771, 0x2771, 0x2771, 0x2771, 0x2771, \
        0x2771, 0x2771, 0x2771, 0x2771, 0x2771, 0x2771, 0x2771, 0x2771, 0x2771, 0x2771, 0x2771, 0x2771, \
        0x2771, 0x2771, 0x2771, 0x2771, 0x2771, 0x2771, 0x2771, 0x2771, 0x2771, 0x2771, 0x2771, 0x2771, \
        0x2771, 0x2771, 0x2771, 0x2771, 0x2771, 0x2771, 0x1E2F, 0x29C9, 0x9492, 0xFFFF, 0xFFFF, 0xFFFF, \
        0xFFFF, 0xFFFF, 0xFFFF, 0xFFFF, 0xFFFF, 0xFFFF, 0xFFFF, 0xA576, 0x2128, 0x1D4D, 0x2771, 0x2771, \
        0x2771, 0x2771, 0x2771, 0x2771, 0x2771, 0x2771, 0x2771, 0x2771, 0x2771, 0x2771, 0x2771, 0x2771, \
        0x2771, 0x2771, 0x2771, 0x1DEF, 0x0166, 0x0001, 0x0085, 0x2AD3, 0x3377, 0x3377, 0x3377, 0x2B57, \
        0x2B77, 0xB65C, 0xDF5E, 0xD73E, 0xD73E, 0xD73E, 0xD73E, 0xD73E, 0xD73E, 0xD73E, 0xD73E, 0xD73E, \
        0xD73E, 0xD73E, 0xD73E, 0xD73E, 0xD73E, 0xD73E, 0xD73E, 0xD73E, 0xDF3E, 0xC69C, 0x18E5, 0x0003, \
        0x260F, 0x2771, 0x2771, 0x2771, 0x2771, 0x2771, 0x2771, 0x2771, 0x2771, 0x2771, 0x2771, 0x2771, \
        0x2771, 0x2771, 0x2771, 0x2771, 0x2771, 0x2771, 0x2771, 0x2771, 0x2771, 0x2771, 0x2771, 0x2771, \
        0x2771, 0x2771, 0x2771, 0x2771, 0x2771, 0x2771, 0x2771, 0x2771, 0x2771, 0x2771, 0x2771, 0x2771, \
        0x2771, 0x2771, 0x2771, 0x2771, 0x2771, 0x2771, 0x2771, 0x2771, 0x2771, 0x2771, 0x2771, 0x2771, \
        0x2771, 0x2771, 0x2771, 0x2771, 0x2771, 0x2771, 0x2771, 0x2771, 0x2771, 0x2771, 0x2771, 0x2771, \
        0x2771, 0x2771, 0x2771, 0x2771, 0x2771, 0x2771, 0x2771, 0x2771, 0x2771, 0x2771, 0x2771, 0x2771, \
        0x2771, 0x2771, 0x2771, 0x2771, 0x2771, 0x2771, 0x2771, 0x2771, 0x2771, 0x2771, 0x2771, 0x2771, \
        0x2771, 0x2771, 0x2771, 0x2771, 0x2731, 0x0186, 0x0001, 0x01AE, 0x0253, 0x0253, 0x0252, 0x1273, \
        0x2B57, 0x2B57, 0x2B57, 0x2B57, 0x2B57, 0x2B57, 0x2B57, 0x2B57, 0x2B57, 0x2B57, 0x2B57, 0x2B77, \
        0x2B57, 0x2B57, 0x2B57, 0x2B57, 0x2B57, 0x2B57, 0x2B57, 0x2B77, 0x2B77, 0x2B77, 0x2B77, 0x2B57, \
        0x2B57, 0x2B77, 0x2B57, 0x3BD8, 0x4C7B, 0x4C7B, 0x4C7B, 0x4C7B, 0x4C7B, 0x4C7B, 0x4C7B, 0x4C7B, \
        0x4C7B, 0x4C7B, 0x4C7B, 0x4C5B, 0x443A, 0x3BF9, 0x3BB8, 0x3377, 0x3377, 0x3377, 0x2B14, 0x1A2F, \
        0x00C7, 0x0000, 0x0001, 0x0146, 0x13AA, 0x1E2F, 0x2771, 0x2771, 0x2771, 0x2771, 0x2771, 0x2771, \
        0x2771, 0x2771, 0x2771, 0x2771, 0x2771, 0x2771, 0x2771, 0x2771, 0x2771, 0x2771, 0x2771, 0x2771, \
        0x2771, 0x2771, 0x2771, 0x2771, 0x2771, 0x268F, 0x138A, 0x0105, 0x0003, 0x0003, 0x0003, 0x0004, \
        0x0186, 0x13CA, 0x26D0, 0x2771, 0x2771, 0x2771, 0x2771, 0x2771, 0x2771, 0x2771, 0x2771, 0x2771, \
        0x2771, 0x2771, 0x2771, 0x2771, 0x2771, 0x2771, 0x2771, 0x2771, 0x2771, 0x2771, 0x146B, 0x00C5, \
        0x2127, 0x7BD0, 0x9555, 0xA5B6, 0x9514, 0x7BD0, 0x2127, 0x00A4, 0x140B, 0x2751, 0x2771, 0x2771, \
        0x2771, 0x2771, 0x2771, 0x2771, 0x2771, 0x2771, 0x2771, 0x2771, 0x2771, 0x2771, 0x2771, 0x2771, \
        0x2771, 0x2771, 0x2771, 0x2771, 0x2771, 0x2771, 0x2771, 0x2771, 0x2771, 0x2771, 0x2771, 0x2771, \
        0x2771, 0x2771, 0x2771, 0x2771, 0x2771, 0x2771, 0x2771, 0x2771, 0x2771, 0x2771, 0x2771, 0x2771, \
        0x2771, 0x2771, 0x2771, 0x146B, 0x2128, 0x9CF5, 0xFFFF, 0xFFFF, 0xFFFF, 0xFFFF, 0xFFFF, 0xFFFF, \
        0xFFFF, 0xFFFF, 0xBE79, 0x2127, 0x0AC8, 0x2771, 0x2771, 0x2771, 0x2771, 0x2771, 0x2771, 0x2771, \
        0x2771, 0x2771, 0x2771, 0x2771, 0x2771, 0x2771, 0x2771, 0x2771, 0x2771, 0x2771, 0x1D0D, 0x00C5, \
        0x0000, 0x0908, 0x2AF4, 0x3377, 0x3377, 0x3377, 0x2B57, 0x1B37, 0xA5FB, 0xDF5E, 0xD73E, 0xD73E, \
        0xD73E, 0xD71E, 0xD73E, 0xD73E, 0xD71E, 0xD73E, 0xD73E, 0xD73E, 0xD73E, 0xD73E, 0xD73E, 0xD73E, \
        0xD73E, 0xD73E, 0xD73E, 0xD73E, 0xDF5F, 0xBE39, 0x0000, 0x00E5, 0x26B0, 0x2771, 0x2771, 0x2771, \
        0x2771, 0x2771, 0x2771, 0x2771, 0x2771, 0x2771, 0x2771, 0x2771, 0x2771, 0x2771, 0x2771, 0x2771, \
        0x2771, 0x2771, 0x2771, 0x2771, 0x2771, 0x2771, 0x2771, 0x2771, 0x2771, 0x2771, 0x2771, 0x2771, \
        0x2771, 0x2771, 0x2771, 0x2771, 0x2771, 0x2771, 0x2771, 0x2771, 0x2771, 0x2771, 0x2771, 0x2771, \
        0x2771, 0x2771, 0x2771, 0x2771, 0x2771, 0x2771, 0x2771, 0x2771, 0x2771, 0x2771, 0x2771, 0x2771, \
        0x2771, 0x2771, 0x2771, 0x2771, 0x2771, 0x2771, 0x2771, 0x2771, 0x2771, 0x2771, 0x2771, 0x2771, \
        0x2771, 0x2771, 0x2771, 0x2771, 0x2771, 0x2771, 0x2771, 0x2771, 0x2771, 0x2771, 0x2771, 0x2771, \
        0x2771, 0x2771, 0x2771, 0x2771, 0x2771, 0x2771, 0x2771, 0x2771, 0x2771, 0x2771, 0x2771, 0x2771, \
        0x2771, 0x144B, 0x0023, 0x00C7, 0x0253, 0x0253, 0x0253, 0x0232, 0x22F5, 0x2B77, 0x2B57, 0x2B57, \
        0x2B57, 0x2B57, 0x2B57, 0x2B57, 0x2B57, 0x2B77, 0x2B57, 0x2B77, 0x2B77, 0x2B57, 0x2B57, 0x2B57, \
        0x2B57, 0x2B57, 0x2B77, 0x2B77, 0x2B77, 0x2B77, 0x2B77, 0x2B77, 0x2B57, 0x2B77, 0x2B77, 0x443A, \
        0x4C7B, 0x4C7B, 0x4C7B, 0x4C7B, 0x4C7B, 0x4C7B, 0x4C7B, 0x4C7B, 0x4C7B, 0x4C7B, 0x4C7B, 0x4C7B, \
        0x4C7B, 0x4C7B, 0x4C7B, 0x4C5A, 0x4419, 0x3BD8, 0x3398, 0x3377, 0x2B36, 0x2292, 0x118B, 0x0023, \
        0x0000, 0x0063, 0x0A48, 0x1CCD, 0x26D0, 0x2771, 0x2771, 0x2771, 0x2771, 0x2771, 0x2771, 0x2771, \
        0x2771, 0x2771, 0x2771, 0x2771, 0x2771, 0x2771, 0x2771, 0x2771, 0x2771, 0x2771, 0x2771, 0x2771, \
        0x2771, 0x2771, 0x2771, 0x26F0, 0x1DCE, 0x1D2D, 0x1D4D, 0x1E0F, 0x2731, 0x2771, 0x2771, 0x2771, \
        0x2771, 0x2771, 0x2771, 0x2771, 0x2771, 0x2771, 0x2771, 0x2771, 0x2771, 0x2771, 0x2771, 0x2771, \
        0x2771, 0x2771, 0x2771, 0x2771, 0x2771, 0x2771, 0x2771, 0x264F, 0x138A, 0x0186, 0x0085, 0x0065, \
        0x0085, 0x01A6, 0x138A, 0x1E4F, 0x2771, 0x2771, 0x2771, 0x2771, 0x2771, 0x2771, 0x2771, 0x2771, \
        0x2771, 0x2771, 0x2771, 0x2771, 0x2771, 0x2771, 0x2771, 0x2771, 0x2771, 0x2771, 0x2771, 0x2771, \
        0x2771, 0x2771, 0x2771, 0x2771, 0x2771, 0x2771, 0x2771, 0x2771, 0x2771, 0x2771, 0x2771, 0x2771, \
        0x2771, 0x2771, 0x2771, 0x2771, 0x2771, 0x2771, 0x2771, 0x2771, 0x2771, 0x2771, 0x2771, 0x2771, \
        0x13AA, 0x2128, 0x7BD0, 0xE77D, 0xFFFF, 0xFFFF, 0xFFFF, 0xFFFF, 0xFFFF, 0x9CD4, 0x2127, 0x0A27, \
        0x26F0, 0x2771, 0x2771, 0x2771, 0x2771, 0x2771, 0x2771, 0x2771, 0x2771, 0x2771, 0x2771, 0x2771, \
        0x2771, 0x2771, 0x2771, 0x2771, 0x2751, 0x13CB, 0x0044, 0x0000, 0x118B, 0x2B35, 0x3377, 0x3377, \
        0x3377, 0x2B57, 0x0B16, 0x9DBB, 0xDF3E, 0xD73E, 0xD73E, 0xD73E, 0xD73E, 0xD73E, 0xD73E, 0xD73E, \
        0xD73E, 0xD73E, 0xD73E, 0xD73E, 0xD73E, 0xD73E, 0xD73E, 0xD73E, 0xD73E, 0xD73E, 0xD73E, 0xD73E, \
        0xDF5F, 0xA576, 0x0000, 0x09C7, 0x2731, 0x2771, 0x2771, 0x2771, 0x2771, 0x2771, 0x2771, 0x2771, \
        0x2771, 0x2771, 0x2771, 0x2771, 0x2771, 0x2771, 0x2771, 0x2771, 0x2771, 0x2771, 0x2771, 0x2771, \
        0x2771, 0x2771, 0x2771, 0x2771, 0x2771, 0x2771, 0x2771, 0x2771, 0x2771, 0x2771, 0x2771, 0x2771, \
        0x2771, 0x2771, 0x2771, 0x2771, 0x2771, 0x2771, 0x2771, 0x2771, 0x2771, 0x2771, 0x2771, 0x2771, \
        0x2771, 0x2771, 0x2771, 0x2771, 0x2771, 0x2771, 0x2771, 0x2771, 0x2771, 0x2771, 0x2771, 0x2771, \
        0x2771, 0x2771, 0x2771, 0x2771, 0x2771, 0x2771, 0x2771, 0x2771, 0x2771, 0x2771, 0x2771, 0x2771, \
        0x2771, 0x2771, 0x2771, 0x2771, 0x2771, 0x2771, 0x2771, 0x2771, 0x2771, 0x2771, 0x2771, 0x2771, \
        0x2771, 0x2771, 0x2771, 0x2771, 0x2771, 0x2771, 0x2771, 0x2771, 0x2771, 0x26D0, 0x0105, 0x0000, \
        0x01CF, 0x0273, 0x0253, 0x0253, 0x1293, 0x2B57, 0x2B57, 0x2B57, 0x2B57, 0x2B57, 0x2B57, 0x2B57, \
        0x2B57, 0x2B77, 0x2B77, 0x2B77, 0x2B57, 0x2B77, 0x2B77, 0x2B57, 0x2B57, 0x2B57, 0x2B57, 0x2B77, \
        0x2B77, 0x2B77, 0x2B77, 0x2B77, 0x2B77, 0x2B77, 0x2B77, 0x443A, 0x4C7B, 0x4C7B, 0x4C7B, 0x4C7B, \
        0x4C7B, 0x4C7B, 0x4C7B, 0x4C7B, 0x4C7B, 0x4C7B, 0x4C7B, 0x4C7B, 0x4C7B, 0x4C7B, 0x4C7B, 0x4C7B, \
        0x4C7B, 0x4C7B, 0x4C7B, 0x4419, 0x3BB8, 0x3377, 0x2B56, 0x22F4, 0x1A2F, 0x0908, 0x0000, 0x0002, \
        0x0106, 0x136A, 0x1E0F, 0x2771, 0x2771, 0x2771, 0x2771, 0x2771, 0x2771, 0x2771, 0x2771, 0x2771, \
        0x2771, 0x2771, 0x2771, 0x2771, 0x2771, 0x2771, 0x2771, 0x2771, 0x2771, 0x2771, 0x2771, 0x2771, \
        0x2771, 0x2771, 0x2771, 0x2771, 0x2771, 0x2771, 0x2771, 0x2771, 0x2771, 0x2771, 0x2771, 0x2771, \
        0x2771, 0x2771, 0x2771, 0x2771, 0x2771, 0x2771, 0x2771, 0x2771, 0x2771, 0x2771, 0x2771, 0x2771, \
        0x2771, 0x2771, 0x2771, 0x2771, 0x2771, 0x2731, 0x26B0, 0x268F, 0x26D0, 0x2731, 0x2771, 0x2771, \
        0x2771, 0x2771, 0x2771, 0x2771, 0x2771, 0x2771, 0x2771, 0x2771, 0x2771, 0x2771, 0x2771, 0x2771, \
        0x2771, 0x2771, 0x2771, 0x2771, 0x2771, 0x2771, 0x2771, 0x2771, 0x2771, 0x2771, 0x2771, 0x2771, \
        0x2771, 0x2771, 0x2771, 0x2771, 0x2771, 0x2771, 0x2771, 0x2771, 0x2771, 0x2771, 0x2771, 0x2771, \
        0x2771, 0x2771, 0x2771, 0x2771, 0x2771, 0x2771, 0x2771, 0x2771, 0x2771, 0x14AC, 0x0105, 0x2127, \
        0x7BD0, 0x7BD1, 0x7BD0, 0x73AF, 0x7BD0, 0x29C9, 0x13AA, 0x2710, 0x2771, 0x2771, 0x2771, 0x2771, \
        0x2771, 0x2771, 0x2771, 0x2771, 0x2771, 0x2771, 0x2771, 0x2771, 0x2771, 0x2771, 0x2771, 0x266F, \
        0x0A28, 0x0023, 0x0000, 0x1A0F, 0x2B56, 0x3377, 0x3357, 0x3377, 0x2B77, 0x1337, 0x9D9B, 0xD73E, \
        0xD73E, 0xD73E, 0xD73E, 0xD73E, 0xD73E, 0xD73E, 0xD73E, 0xD73E, 0xD73E, 0xD73E, 0xD73E, 0xD73E, \
        0xD73E, 0xD73E, 0xD73E, 0xD73E, 0xD73E, 0xD73E, 0xD73E, 0xD73E, 0xDF5E, 0x8472, 0x0000, 0x1329, \
        0x2771, 0x2771, 0x2771, 0x2771, 0x2771, 0x2771, 0x2771, 0x2771, 0x2771, 0x2771, 0x2771, 0x2771, \
        0x2771, 0x2771, 0x2771, 0x2771, 0x2771, 0x2771, 0x2771, 0x2771, 0x2771, 0x2771, 0x2771, 0x2771, \
        0x2771, 0x2771, 0x2771, 0x2771, 0x2771, 0x2771, 0x2771, 0x2771, 0x2771, 0x2771, 0x2771, 0x2771, \
        0x2771, 0x2771, 0x2771, 0x2771, 0x2771, 0x2771, 0x2771, 0x2771, 0x2771, 0x2771, 0x2771, 0x2771, \
        0x2771, 0x2771, 0x2771, 0x2771, 0x2771, 0x2771, 0x2771, 0x2771, 0x2771, 0x2771, 0x2771, 0x2771, \
        0x2771, 0x2771, 0x2771, 0x2771, 0x2771, 0x2771, 0x2771, 0x2771, 0x2771, 0x2771, 0x2771, 0x2771, \
        0x2771, 0x2771, 0x2771, 0x2771, 0x2771, 0x2771, 0x2771, 0x2771, 0x2771, 0x2771, 0x2771, 0x2771, \
        0x2771, 0x2771, 0x2771, 0x2771, 0x2771, 0x2771, 0x140B, 0x0023, 0x00C8, 0x0253, 0x0253, 0x0253, \
        0x0252, 0x22F5, 0x2B57, 0x2B57, 0x2B57, 0x2B57, 0x2B57, 0x2B57, 0x2B57, 0x2B57, 0x2B57, 0x2B57, \
        0x2B77, 0x2B57, 0x2B57, 0x2B57, 0x2B57, 0x2B57, 0x2B77, 0x2B77, 0x2B77, 0x2B77, 0x2B77, 0x2B77, \
        0x2B77, 0x2B77, 0x2B57, 0x3BB8, 0x4C5B, 0x4C7B, 0x4C7B, 0x4C7B, 0x4C7B, 0x4C7B, 0x4C7B, 0x4C7B, \
        0x4C7B, 0x4C7B, 0x4C7B, 0x4C7B, 0x4C7B, 0x4C7B, 0x4C7B, 0x4C7B, 0x4C7B, 0x4C7B, 0x4C7B, 0x4C7B, \
        0x4C7B, 0x4C3A, 0x3BD9, 0x3377, 0x2B57, 0x2B36, 0x2292, 0x11AC, 0x0043, 0x0000, 0x0063, 0x0A88, \
        0x1D6E, 0x2751, 0x2771, 0x2771, 0x2771, 0x2771, 0x2771, 0x2771, 0x2771, 0x2771, 0x2771, 0x2771, \
        0x2771, 0x2771, 0x2771, 0x2771, 0x2771, 0x2771, 0x2771, 0x2771, 0x2771, 0x2771, 0x2771, 0x2771, \
        0x2771, 0x2771, 0x2771, 0x2771, 0x2771, 0x2771, 0x2771, 0x2771, 0x2771, 0x2771, 0x2771, 0x2771, \
        0x2771, 0x2771, 0x2771, 0x2771, 0x2771, 0x2771, 0x2771, 0x2771, 0x2771, 0x2771, 0x2771, 0x2771, \
        0x2771, 0x2771, 0x2771, 0x2771, 0x2771, 0x2771, 0x2771, 0x2771, 0x2771, 0x2771, 0x2771, 0x2771, \
        0x2771, 0x2771, 0x2771, 0x2771, 0x2771, 0x2771, 0x2771, 0x2771, 0x2771, 0x2771, 0x2771, 0x2771, \
        0x2771, 0x2771, 0x2771, 0x2771, 0x2771, 0x2771, 0x2771, 0x2771, 0x2771, 0x2771, 0x2771, 0x2771, \
        0x2771, 0x2771, 0x2771, 0x2771, 0x2771, 0x2771, 0x2771, 0x2771, 0x2771, 0x2771, 0x2771, 0x2771, \
        0x2771, 0x2771, 0x2771, 0x2771, 0x2771, 0x2771, 0x26B0, 0x144B, 0x0A88, 0x09C6, 0x01A6, 0x0A68, \
        0x140B, 0x266F, 0x2771, 0x2771, 0x2771, 0x2771, 0x2771, 0x2771, 0x2771, 0x2771, 0x2771, 0x2771, \
        0x2771, 0x2771, 0x2771, 0x2771, 0x2771, 0x2771, 0x1CED, 0x0105, 0x0000, 0x0085, 0x2292, 0x3377, \
        0x3377, 0x3377, 0x3377, 0x2B57, 0x1337, 0x9DBB, 0xDF5E, 0xD73E, 0xD73E, 0xD73E, 0xD73E, 0xD73E, \
        0xD73E, 0xD73E, 0xD73E, 0xD73E, 0xD73E, 0xD73E, 0xD73E, 0xD73E, 0xD73E, 0xD73E, 0xD73E, 0xD73E, \
        0xD73E, 0xD73E, 0xD73E, 0xD73E, 0xD71E, 0x5B0D, 0x0000, 0x1C6C, 0x2771, 0x2771, 0x2771, 0x2771, \
        0x2771, 0x2771, 0x2771, 0x2771, 0x2771, 0x2771, 0x2771, 0x2771, 0x2771, 0x2771, 0x2771, 0x2771, \
        0x2771, 0x2771, 0x2771, 0x2771, 0x2771, 0x2771, 0x2771, 0x2771, 0x2771, 0x2771, 0x2771, 0x2771, \
        0x2771, 0x2771, 0x2771, 0x2771, 0x2771, 0x2771, 0x2771, 0x2771, 0x2771, 0x2771, 0x2771, 0x2771, \
        0x2771, 0x2771, 0x2771, 0x2771, 0x2771, 0x2771, 0x2771, 0x2771, 0x2771, 0x2771, 0x2771, 0x2771, \
        0x2771, 0x2771, 0x2771, 0x2771, 0x2771, 0x2771, 0x2771, 0x2771, 0x2771, 0x2771, 0x2771, 0x2771, \
        0x2771, 0x2771, 0x2771, 0x2771, 0x2771, 0x2771, 0x2771, 0x2771, 0x2771, 0x2771, 0x2771, 0x2771, \
        0x2771, 0x2771, 0x2771, 0x2771, 0x2771, 0x2771, 0x2771, 0x2771, 0x2771, 0x2771, 0x2771, 0x2771, \
        0x2771, 0x2771, 0x26F0, 0x0146, 0x0000, 0x01AE, 0x0253, 0x0253, 0x0253, 0x0A53, 0x2B36, 0x2B57, \
        0x2B57, 0x2B57, 0x2B57, 0x2B57, 0x2B57, 0x2B57, 0x2B57, 0x2B57, 0x2B57, 0x2B57, 0x2B57, 0x2B57, \
        0x2B57, 0x2B77, 0x2B77, 0x2B77, 0x2B77, 0x2B77, 0x2B77, 0x2B77, 0x2B77, 0x2B77, 0x2B77, 0x2B57, \
        0x3BD8, 0x4C7B, 0x4C7B, 0x4C7B, 0x4C7B, 0x4C7B, 0x4C7B, 0x4C7B, 0x4C7B, 0x4C7B, 0x4C7B, 0x4C7B, \
        0x4C7B, 0x4C7B, 0x4C7B, 0x4C7B, 0x4C7B, 0x4C7B, 0x4C7B, 0x4C7B, 0x4C7B, 0x4C7B, 0x4C7B, 0x4C5B, \
        0x4419, 0x3398, 0x2B57, 0x2B57, 0x2B15, 0x1A2F, 0x00C7, 0x0000, 0x0002, 0x09E7, 0x1CCC, 0x2711, \
        0x2771, 0x2771, 0x2771, 0x2771, 0x2771, 0x2771, 0x2771, 0x2771, 0x2771, 0x2771, 0x2771, 0x2771, \
        0x2771, 0x2771, 0x2771, 0x2771, 0x2771, 0x2771, 0x2771, 0x2771, 0x2771, 0x2771, 0x2771, 0x2771, \
        0x2771, 0x2771, 0x2771, 0x2771, 0x2771, 0x2771, 0x2771, 0x2771, 0x2771, 0x2771, 0x2771, 0x2771, \
        0x2771, 0x2771, 0x2771, 0x2771, 0x2771, 0x2771, 0x2771, 0x2771, 0x2771, 0x2771, 0x2771, 0x2771, \
        0x2771, 0x2771, 0x2771, 0x2771, 0x2771, 0x2771, 0x2771, 0x2771, 0x2771, 0x2771, 0x2771, 0x2771, \
        0x2771, 0x2771, 0x2771, 0x2771, 0x2771, 0x2771, 0x2771, 0x2771, 0x2771, 0x2771, 0x2771, 0x2771, \
        0x2771, 0x2771, 0x2771, 0x2771, 0x2771, 0x2771, 0x2771, 0x2771, 0x2771, 0x2771, 0x2771, 0x2771, \
        0x2751, 0x2751, 0x2771, 0x2771, 0x2771, 0x2771, 0x2771, 0x2771, 0x2771, 0x2771, 0x2771, 0x2771, \
        0x2771, 0x2771, 0x2771, 0x2771, 0x2771, 0x2771, 0x2771, 0x2771, 0x2771, 0x2771, 0x2771, 0x2771, \
        0x2771, 0x2771, 0x2771, 0x2771, 0x2771, 0x2771, 0x2771, 0x2771, 0x2771, 0x2771, 0x2771, 0x2771, \
        0x2690, 0x0AE9, 0x0043, 0x0000, 0x118B, 0x2B15, 0x3377, 0x3377, 0x3377, 0x3377, 0x2B57, 0x2357, \
        0xA5DB, 0xDF3E, 0xDF3E, 0xD73E, 0xD73E, 0xD73E, 0xD73E, 0xD73E, 0xD73E, 0xD73E, 0xD73E, 0xD73E, \
        0xD73E, 0xD73E, 0xD73E, 0xD73E, 0xD73E, 0xD73E, 0xD73E, 0xD73E, 0xD73E, 0xD73E, 0xD73E, 0xD73E, \
        0xC6BC, 0x1926, 0x0003, 0x25CE, 0x2771, 0x2771, 0x2771, 0x2771, 0x2771, 0x2771, 0x2771, 0x2771, \
        0x2771, 0x2771, 0x2771, 0x2771, 0x2771, 0x2771, 0x2771, 0x2771, 0x2771, 0x2771, 0x2771, 0x2771, \
        0x2771, 0x2771, 0x2771, 0x2771, 0x2771, 0x2771, 0x2771, 0x2771, 0x2771, 0x2771, 0x2771, 0x2771, \
        0x2771, 0x2771, 0x2771, 0x2771, 0x2771, 0x2771, 0x2771, 0x2771, 0x2771, 0x2771, 0x2771, 0x2771, \
        0x2771, 0x2771, 0x2771, 0x2771, 0x2771, 0x2771, 0x2771, 0x2771, 0x2771, 0x2771, 0x2771, 0x2771, \
        0x2771, 0x2771, 0x2771, 0x2771, 0x2771, 0x2771, 0x2771, 0x2771, 0x2771, 0x2771, 0x2771, 0x2771, \
        0x2771, 0x2771, 0x2771, 0x2771, 0x2771, 0x2771, 0x2771, 0x2771, 0x2771, 0x2771, 0x2771, 0x2771, \
        0x2771, 0x2771, 0x2771, 0x2771, 0x2771, 0x2771, 0x2771, 0x2771, 0x2771, 0x2771, 0x2771, 0x1CCC, \
        0x0023, 0x0065, 0x0211, 0x0253, 0x0253, 0x0253, 0x1294, 0x2B57, 0x2B57, 0x2B57, 0x2B57, 0x2B57, \
        0x2B57, 0x2B57, 0x2B57, 0x2B57, 0x2B57, 0x2B57, 0x2B57, 0x2B57, 0x2B57, 0x2B57, 0x2B77, 0x2B77, \
        0x2B77, 0x2B77, 0x2B77, 0x2B77, 0x2B77, 0x2B77, 0x2B77, 0x2B77, 0x2B77, 0x33B8, 0x443A, 0x4C7B, \
        0x4C7B, 0x4C7B, 0x4C7B, 0x4C7B, 0x4C7B, 0x4C7B, 0x4C7B, 0x4C7B, 0x4C7B, 0x4C7B, 0x4C7B, 0x4C7B, \
        0x4C7B, 0x4C7B, 0x4C7B, 0x4C7B, 0x4C7B, 0x4C7B, 0x4C7B, 0x4C7B, 0x4C7B, 0x4C7B, 0x443A, 0x3BB8, \
        0x2B77, 0x3377, 0x2B36, 0x2291, 0x0929, 0x0000, 0x0001, 0x0186, 0x1CAC, 0x2731, 0x2771, 0x2771, \
        0x2771, 0x2771, 0x2771, 0x2771, 0x2771, 0x2771, 0x2771, 0x2771, 0x2771, 0x2771, 0x2771, 0x2771, \
        0x2771, 0x2771, 0x2771, 0x2771, 0x2771, 0x2771, 0x2771, 0x2771, 0x2771, 0x2771, 0x2771, 0x2771, \
        0x2771, 0x2771, 0x2771, 0x2771, 0x2771, 0x2771, 0x2771, 0x2771, 0x2771, 0x2771, 0x2771, 0x2771, \
        0x2771, 0x2771, 0x2771, 0x2771, 0x2771, 0x2771, 0x2771, 0x2771, 0x2771, 0x2771, 0x2771, 0x2771, \
        0x2771, 0x2771, 0x2771, 0x2771, 0x2771, 0x2771, 0x2771, 0x2771, 0x2771, 0x2771, 0x2771, 0x2771, \
        0x2771, 0x2771, 0x2771, 0x2771, 0x2771, 0x2771, 0x2771, 0x2771, 0x2771, 0x2771, 0x2771, 0x2771, \
        0x2771, 0x2771, 0x2771, 0x2771, 0x2771, 0x2771, 0x2771, 0x2771, 0x2771, 0x2771, 0x2771, 0x2771, \
        0x2771, 0x2771, 0x2771, 0x2771, 0x2771, 0x2771, 0x2771, 0x2771, 0x2771, 0x2771, 0x2771, 0x2771, \
        0x2771, 0x2771, 0x2771, 0x2771, 0x2771, 0x2771, 0x2771, 0x2771, 0x2771, 0x2771, 0x2771, 0x2771, \
        0x2771, 0x2771, 0x2771, 0x2771, 0x2771, 0x2771, 0x2751, 0x148C, 0x0105, 0x0000, 0x0023, 0x2270, \
        0x3377, 0x3377, 0x3377, 0x3377, 0x3377, 0x2357, 0x3397, 0xAE1C, 0xDF3E, 0xD73E, 0xD73E, 0xD73E, \
        0xD73E, 0xD73E, 0xD73E, 0xD73E, 0xD73E, 0xD73E, 0xD73E, 0xD73E, 0xD73E, 0xD73E, 0xD73E, 0xD73E, \
        0xD73E, 0xD73E, 0xD73E, 0xD73E, 0xD73E, 0xD73E, 0xD73E, 0xDF5F, 0xADD8, 0x0000, 0x0125, 0x26F0, \
        0x2771, 0x2771, 0x2771, 0x2771, 0x2771, 0x2771, 0x2771, 0x2771, 0x2771, 0x2771, 0x2771, 0x2771, \
        0x2771, 0x2771, 0x2771, 0x2771, 0x2771, 0x2771, 0x2771, 0x2771, 0x2771, 0x2771, 0x2771, 0x2771, \
        0x2771, 0x2771, 0x2771, 0x2771, 0x2771, 0x2771, 0x2771, 0x2771, 0x2771, 0x2771, 0x2771, 0x2771, \
        0x2771, 0x2771, 0x2771, 0x2771, 0x2771, 0x2771, 0x2771, 0x2771, 0x2771, 0x2771, 0x2771, 0x2771, \
        0x2771, 0x2771, 0x2771, 0x2771, 0x2771, 0x2771, 0x2771, 0x2771, 0x2771, 0x2771, 0x2771, 0x2771, \
        0x2771, 0x2771, 0x2771, 0x2771, 0x2771, 0x2771, 0x2771, 0x2771, 0x2771, 0x2771, 0x2771, 0x2771, \
        0x2771, 0x2771, 0x2771, 0x2771, 0x2771, 0x2771, 0x2771, 0x2771, 0x2771, 0x2771, 0x2771, 0x2771, \
        0x2771, 0x2771, 0x2771, 0x2771, 0x2771, 0x2771, 0x2771, 0x2751, 0x09E7, 0x0001, 0x014B, 0x0253, \
        0x0253, 0x0253, 0x0253, 0x22F5, 0x2B57, 0x2B57, 0x2B57, 0x2B57, 0x2B57, 0x2B57, 0x2B57, 0x2B57, \
        0x2B57, 0x2B57, 0x2B77, 0x2B77, 0x2B77, 0x2B77, 0x2B77, 0x2B77, 0x2B77, 0x2B77, 0x2B77, 0x2B77, \
        0x2B77, 0x2B77, 0x3377, 0x3377, 0x3377, 0x2B77, 0x3377, 0x3BF9, 0x4C5B, 0x4C7B, 0x4C7B, 0x4C7B, \
        0x4C7B, 0x4C7B, 0x4C7B, 0x4C7B, 0x4C7B, 0x4C5B, 0x4C7B, 0x4C7B, 0x4C7B, 0x4C7B, 0x4C7B, 0x4C7B, \
        0x4C7B, 0x4C7B, 0x4C7B, 0x4C7B, 0x4C7B, 0x4C7B, 0x4C7B, 0x4C7B, 0x443A, 0x3BB8, 0x2B77, 0x3378, \
        0x2B57, 0x22B2, 0x118A, 0x0000, 0x0002, 0x0186, 0x1CCC, 0x2751, 0x2771, 0x2771, 0x2771, 0x2771, \
        0x2771, 0x2771, 0x2771, 0x2771, 0x2771, 0x2771, 0x2771, 0x2771, 0x2771, 0x2771, 0x2771, 0x2771, \
        0x2771, 0x2771, 0x2771, 0x2771, 0x2771, 0x2771, 0x2771, 0x2771, 0x2771, 0x2771, 0x2771, 0x2771, \
        0x2771, 0x2771, 0x2771, 0x2771, 0x2771, 0x2771, 0x2771, 0x2771, 0x2771, 0x2771, 0x2771, 0x2771, \
        0x2771, 0x2771, 0x2771, 0x2771, 0x2771, 0x2771, 0x2771, 0x2771, 0x2771, 0x2771, 0x2771, 0x2771, \
        0x2771, 0x2771, 0x2771, 0x2771, 0x2771, 0x2771, 0x2771, 0x2771, 0x2771, 0x2771, 0x2771, 0x2771, \
        0x2771, 0x2771, 0x2771, 0x2771, 0x2771, 0x2771, 0x2771, 0x2771, 0x2771, 0x2771, 0x2771, 0x2771, \
        0x2771, 0x2771, 0x2771, 0x2771, 0x2771, 0x2771, 0x2771, 0x2771, 0x2771, 0x2771, 0x2771, 0x2771, \
        0x2771, 0x2771, 0x2771, 0x2771, 0x2771, 0x2771, 0x2771, 0x2771, 0x2771, 0x2771, 0x2771, 0x2771, \
        0x2771, 0x2771, 0x2771, 0x2771, 0x2771, 0x2771, 0x2771, 0x2771, 0x2771, 0x2771, 0x2771, 0x2771, \
        0x2771, 0x1E0F, 0x0A48, 0x0023, 0x0000, 0x118B, 0x2B14, 0x3398, 0x3377, 0x3377, 0x3377, 0x3377, \
        0x1B37, 0x53F8, 0xBE7D, 0xDF5E, 0xD73E, 0xD73E, 0xD73E, 0xD73E, 0xD73E, 0xD73E, 0xD73E, 0xD73E, \
        0xD73E, 0xD73E, 0xD73E, 0xD73E, 0xD73E, 0xD73E, 0xD73E, 0xD73E, 0xD73E, 0xD73E, 0xD73E, 0xD73E, \
        0xD73E, 0xD73E, 0xD73E, 0xDF5E, 0x8473, 0x0000, 0x1288, 0x2771, 0x2771, 0x2771, 0x2771, 0x2771, \
        0x2771, 0x2771, 0x2771, 0x2771, 0x2771, 0x2771, 0x2771, 0x2771, 0x2771, 0x2771, 0x2771, 0x2771, \
        0x2771, 0x2771, 0x2771, 0x2771, 0x2771, 0x2771, 0x2771, 0x2771, 0x2771, 0x2771, 0x2771, 0x2771, \
        0x2771, 0x2771, 0x2771, 0x2771, 0x2771, 0x2771, 0x2771, 0x2771, 0x2771, 0x2771, 0x2771, 0x2771, \
        0x2771, 0x2771, 0x2771, 0x2771, 0x2771, 0x2771, 0x2771, 0x2771, 0x2771, 0x2771, 0x2771, 0x2771, \
        0x2771, 0x2771, 0x2771, 0x2771, 0x2771, 0x2771, 0x2771, 0x2771, 0x2771, 0x2771, 0x2771, 0x2771, \
        0x2771, 0x2771, 0x2771, 0x2771, 0x2771, 0x2771, 0x2771, 0x2771, 0x2771, 0x2771, 0x2771, 0x2771, \
        0x2771, 0x2771, 0x2771, 0x2771, 0x2771, 0x2771, 0x2771, 0x2771, 0x2771, 0x2771, 0x2771, 0x2771, \
        0x2771, 0x2771, 0x2771, 0x2771, 0x1DAE, 0x0084, 0x0002, 0x01CF, 0x0253, 0x0253, 0x0253, 0x0273, \
        0x2B36, 0x2B57, 0x2B57, 0x2B57, 0x2B57, 0x2B57, 0x2B57, 0x2B57, 0x2B57, 0x2B77, 0x2B77, 0x2B77, \
        0x2B77, 0x2B77, 0x2B77, 0x2B77, 0x3377, 0x2B77, 0x2B77, 0x2B77, 0x2B77, 0x2B77, 0x3377, 0x3377, \
        0x3377, 0x3377, 0x2B77, 0x2B57, 0x3377, 0x3BF9, 0x445A, 0x4C7B, 0x4C7B, 0x4C7B, 0x4C5B, 0x4C5B, \
        0x4C7B, 0x4C5B, 0x4C7B, 0x4C7B, 0x4C7B, 0x4C7B, 0x4C7B, 0x4C7B, 0x4C7B, 0x4C7B, 0x4C7B, 0x4C7B, \
        0x4C7B, 0x4C7B, 0x4C7B, 0x4C7B, 0x4C7B, 0x4C7B, 0x443A, 0x3398, 0x2B57, 0x3377, 0x2B77, 0x22F3, \
        0x118B, 0x0000, 0x0002, 0x09E7, 0x1D6E, 0x2771, 0x2771, 0x2771, 0x2771, 0x2771, 0x2771, 0x2771, \
        0x2771, 0x2771, 0x2771, 0x2771, 0x2771, 0x2771, 0x2771, 0x2771, 0x2771, 0x2771, 0x2771, 0x2771, \
        0x2771, 0x2771, 0x2771, 0x2771, 0x2771, 0x2771, 0x2771, 0x2771, 0x2771, 0x2771, 0x2771, 0x2771, \
        0x2771, 0x2771, 0x2771, 0x2771, 0x2771, 0x2771, 0x2771, 0x2771, 0x2771, 0x2771, 0x2771, 0x2771, \
        0x2771, 0x2771, 0x2771, 0x2771, 0x2771, 0x2771, 0x2771, 0x2771, 0x2771, 0x2771, 0x2771, 0x2771, \
        0x2771, 0x2771, 0x2771, 0x2771, 0x2771, 0x2771, 0x2771, 0x2771, 0x2771, 0x2771, 0x2771, 0x2771, \
        0x2771, 0x2771, 0x2771, 0x2771, 0x2771, 0x2771, 0x2771, 0x2771, 0x2771, 0x2771, 0x2771, 0x2771, \
        0x2771, 0x2771, 0x2771, 0x2771, 0x2771, 0x2771, 0x2771, 0x2771, 0x2771, 0x2771, 0x2771, 0x2771, \
        0x2771, 0x2771, 0x2771, 0x2771, 0x2771, 0x2771, 0x2771, 0x2771, 0x2771, 0x2771, 0x2771, 0x2771, \
        0x2771, 0x2771, 0x2771, 0x2771, 0x2771, 0x2771, 0x2771, 0x26B0, 0x136A, 0x0084, 0x0000, 0x0085, \
        0x2271, 0x3377, 0x3398, 0x3377, 0x3377, 0x3377, 0x3377, 0x0B17, 0x6C99, 0xCEDD, 0xDF5E, 0xD73E, \
        0xD73E, 0xD73E, 0xD73E, 0xD73E, 0xD73E, 0xD73E, 0xD73E, 0xD73E, 0xD73E, 0xD73E, 0xD73E, 0xD73E, \
        0xD73E, 0xD73E, 0xD73E, 0xD73E, 0xD73E, 0xD73E, 0xD73E, 0xD73E, 0xD73E, 0xD73E, 0xDF3E, 0xD71D, \
        0x4A8B, 0x0000, 0x1C6C, 0x2771, 0x2771, 0x2771, 0x2771, 0x2771, 0x2771, 0x2771, 0x2771, 0x2771, \
        0x2771, 0x2771, 0x2771, 0x2771, 0x2771, 0x2771, 0x2771, 0x2771, 0x2771, 0x2771, 0x2771, 0x2771, \
        0x2771, 0x2771, 0x2771, 0x2771, 0x2771, 0x2771, 0x2771, 0x2771, 0x2771, 0x2771, 0x2771, 0x2771, \
        0x2771, 0x2771, 0x2771, 0x2771, 0x2771, 0x2771, 0x2771, 0x2771, 0x2771, 0x2771, 0x2771, 0x2771, \
        0x2771, 0x2771, 0x2771, 0x2771, 0x2771, 0x2771, 0x2771, 0x2771, 0x2771, 0x2771, 0x2771, 0x2771, \
        0x2771, 0x2771, 0x2771, 0x2771, 0x2771, 0x2771, 0x2771, 0x2771, 0x2771, 0x2771, 0x2771, 0x2771, \
        0x2771, 0x2771, 0x2771, 0x2771, 0x2771, 0x2771, 0x2771, 0x2771, 0x2771, 0x2771, 0x2771, 0x2771, \
        0x2771, 0x2771, 0x2771, 0x2771, 0x2771, 0x2771, 0x2771, 0x2771, 0x2771, 0x2771, 0x2771, 0x2771, \
        0x2771, 0x142B, 0x0023, 0x0065, 0x0211, 0x0253, 0x0253, 0x0253, 0x1293, 0x2B57, 0x2B57, 0x2B57, \
        0x2B57, 0x2B57, 0x2B57, 0x2B57, 0x2B57, 0x2B77, 0x2B77, 0x2B77, 0x2B77, 0x2B77, 0x2B77, 0x2B77, \
        0x3377, 0x2B77, 0x2B77, 0x2B77, 0x2B77, 0x2B77, 0x2B77, 0x3377, 0x3377, 0x2B77, 0x2B77, 0x2B77, \
        0x2B77, 0x2B57, 0x2B77, 0x3BB8, 0x441A, 0x4C5B, 0x4C7B, 0x4C7B, 0x4C7B, 0x4C7B, 0x4C5B, 0x4C7B, \
        0x4C7B, 0x4C5B, 0x4C7B, 0x4C7B, 0x4C7B, 0x4C7B, 0x4C7B, 0x4C7B, 0x4C7B, 0x4C7B, 0x4C7B, 0x4C7B, \
        0x4C7B, 0x4C7B, 0x4C7B, 0x4C5A, 0x3BD8, 0x2B77, 0x2B77, 0x3398, 0x3376, 0x22B2, 0x0949, 0x0000, \
        0x0023, 0x0AA8, 0x264F, 0x2771, 0x2771, 0x2771, 0x2771, 0x2771, 0x2771, 0x2771, 0x2771, 0x2771, \
        0x2771, 0x2771, 0x2771, 0x2771, 0x2771, 0x2771, 0x2771, 0x2771, 0x2771, 0x2771, 0x2771, 0x2771, \
        0x2771, 0x2771, 0x2771, 0x2771, 0x2771, 0x2771, 0x2771, 0x2771, 0x2771, 0x2771, 0x2771, 0x2771, \
        0x2771, 0x2771, 0x2771, 0x2771, 0x2771, 0x2771, 0x2771, 0x2771, 0x2771, 0x2771, 0x2771, 0x2771, \
        0x2771, 0x2771, 0x2771, 0x2771, 0x2771, 0x2771, 0x2771, 0x2771, 0x2771, 0x2771, 0x2771, 0x2771, \
        0x2771, 0x2771, 0x2771, 0x2771, 0x2771, 0x2771, 0x2771, 0x2771, 0x2771, 0x2771, 0x2771, 0x2771, \
        0x2771, 0x2771, 0x2771, 0x2771, 0x2771, 0x2771, 0x2771, 0x2771, 0x2771, 0x2771, 0x2771, 0x2771, \
        0x2771, 0x2771, 0x2771, 0x2771, 0x2771, 0x2771, 0x2771, 0x2771, 0x2771, 0x2771, 0x2771, 0x2771, \
        0x2771, 0x2771, 0x2771, 0x2771, 0x2771, 0x2771, 0x2771, 0x2771, 0x2771, 0x2771, 0x2771, 0x2771, \
        0x2771, 0x26D0, 0x13EB, 0x0105, 0x0001, 0x0002, 0x19EE, 0x2B15, 0x3377, 0x3377, 0x3397, 0x3377, \
        0x3377, 0x2B57, 0x1B37, 0x955A, 0xD71E, 0xD73E, 0xD73E, 0xD73E, 0xD73E, 0xD73E, 0xD73E, 0xD73E, \
        0xD73E, 0xD73E, 0xD73E, 0xD73E, 0xD73E, 0xD73E, 0xD73E, 0xD73E, 0xD73E, 0xD73E, 0xD73E, 0xD73E, \
        0xD73E, 0xD73E, 0xD73E, 0xD73E, 0xD73E, 0xD73E, 0xDF5F, 0xBE5A, 0x0000, 0x0084, 0x264F, 0x2771, \
        0x2771, 0x2771, 0x2771, 0x2771, 0x2771, 0x2771, 0x2771, 0x2771, 0x2771, 0x2771, 0x2771, 0x2771, \
        0x2771, 0x2771, 0x2771, 0x2771, 0x2771, 0x2771, 0x2771, 0x2771, 0x2771, 0x2771, 0x2771, 0x2771, \
        0x2771, 0x2771, 0x2771, 0x2771, 0x2771, 0x2771, 0x2771, 0x2771, 0x2771, 0x2771, 0x2771, 0x2771, \
        0x2771, 0x2771, 0x2771, 0x2771, 0x2771, 0x2771, 0x2771, 0x2771, 0x2771, 0x2771, 0x2771, 0x2771, \
        0x2771, 0x2771, 0x2771, 0x2771, 0x2771, 0x2771, 0x2771, 0x2771, 0x2771, 0x2771, 0x2771, 0x2771, \
        0x2771, 0x2771, 0x2771, 0x2771, 0x2771, 0x2771, 0x2771, 0x2771, 0x2771, 0x2771, 0x2771, 0x2771, \
        0x2771, 0x2771, 0x2771, 0x2771, 0x2771, 0x2771, 0x2771, 0x2771, 0x2771, 0x2771, 0x2771, 0x2771, \
        0x2771, 0x2771, 0x2771, 0x2771, 0x2771, 0x2771, 0x2771, 0x2771, 0x2771, 0x2771, 0x0A88, 0x0001, \
        0x00E9, 0x0233, 0x0253, 0x0253, 0x0253, 0x12B4, 0x2B57, 0x2B57, 0x2B57, 0x2B57, 0x2B57, 0x2B57, \
        0x2B57, 0x2B57, 0x2B77, 0x2B77, 0x2B77, 0x2B77, 0x2B77, 0x2B77, 0x3377, 0x2B77, 0x3377, 0x2B77, \
        0x2B77, 0x2B77, 0x2B77, 0x2B77, 0x2B77, 0x2B77, 0x2B77, 0x2B77, 0x2B77, 0x2B77, 0x2B77, 0x2B57, \
        0x2B57, 0x3377, 0x3BB8, 0x3BF9, 0x443A, 0x4C5B, 0x4C5B, 0x4C7B, 0x4C7B, 0x4C7B, 0x4C7B, 0x4C7B, \
        0x4C7B, 0x4C7B, 0x4C7B, 0x4C7B, 0x4C7B, 0x4C7B, 0x4C7B, 0x4C7B, 0x4C7B, 0x4C7B, 0x4C7B, 0x4C7B, \
        0x4C7B, 0x3BF9, 0x2B77, 0x2B77, 0x3377, 0x3377, 0x2B77, 0x2291, 0x00C6, 0x0000, 0x00A4, 0x140B, \
        0x2751, 0x2771, 0x2771, 0x2771, 0x2771, 0x2771, 0x2771, 0x2771, 0x2771, 0x2771, 0x2771, 0x2771, \
        0x2771, 0x2771, 0x2771, 0x2771, 0x2771, 0x2771, 0x2771, 0x2771, 0x2771, 0x2771, 0x2771, 0x2771, \
        0x2771, 0x2771, 0x2771, 0x2771, 0x2771, 0x2771, 0x2771, 0x2771, 0x2771, 0x2771, 0x2771, 0x2771, \
        0x2771, 0x2771, 0x2771, 0x2771, 0x2771, 0x2771, 0x2771, 0x2771, 0x2771, 0x2771, 0x2771, 0x2771, \
        0x2771, 0x2771, 0x2771, 0x2771, 0x2771, 0x2771, 0x2771, 0x2710, 0x1DAD, 0x1D8D, 0x26D0, 0x2771, \
        0x2771, 0x2771, 0x2771, 0x2771, 0x2771, 0x2771, 0x2771, 0x2771, 0x2771, 0x2771, 0x2771, 0x2771, \
        0x2771, 0x2771, 0x2771, 0x2771, 0x2771, 0x2771, 0x2771, 0x2771, 0x2771, 0x2771, 0x2771, 0x2771, \
        0x2771, 0x2771, 0x2771, 0x2771, 0x2771, 0x2771, 0x2771, 0x2771, 0x2771, 0x2771, 0x2771, 0x2771, \
        0x2771, 0x2771, 0x2771, 0x2771, 0x2771, 0x2771, 0x2771, 0x26F0, 0x144B, 0x0126, 0x0002, 0x0000, \
        0x118B, 0x2AF4, 0x3377, 0x3377, 0x3377, 0x3377, 0x3377, 0x3377, 0x1337, 0x4BB7, 0xAE1C, 0xDF3E, \
        0xD73E, 0xD71E, 0xD73E, 0xD73E, 0xD73E, 0xD73E, 0xD73E, 0xD73E, 0xD73E, 0xD73E, 0xD73E, 0xD73E, \
        0xD73E, 0xD73E, 0xD73E, 0xD73E, 0xD73E, 0xD73E, 0xD73E, 0xD73E, 0xD73E, 0xD73E, 0xD73E, 0xD73E, \
        0xD73E, 0xD73E, 0xDF5F, 0x8CB4, 0x0000, 0x1227, 0x2771, 0x2771, 0x2771, 0x2771, 0x2771, 0x2771, \
        0x2771, 0x2771, 0x2771, 0x2771, 0x2771, 0x2771, 0x2771, 0x2771, 0x2771, 0x2771, 0x2771, 0x2771, \
        0x2771, 0x2771, 0x2771, 0x2771, 0x2771, 0x2771, 0x2771, 0x2771, 0x2771, 0x2771, 0x2771, 0x2771, \
        0x2771, 0x2771, 0x2771, 0x2771, 0x2771, 0x2771, 0x2771, 0x2771, 0x2771, 0x2771, 0x2771, 0x2771, \
        0x2771, 0x2771, 0x2771, 0x2771, 0x2771, 0x2771, 0x2771, 0x2771, 0x2771, 0x2771, 0x2771, 0x2771, \
        0x2771, 0x2771, 0x2771, 0x2771, 0x2771, 0x2771, 0x2771, 0x2771, 0x2771, 0x2771, 0x2771, 0x2771, \
        0x2771, 0x2771, 0x2771, 0x2771, 0x2771, 0x2771, 0x2771, 0x2771, 0x2771, 0x2771, 0x2771, 0x2771, \
        0x2771, 0x2771, 0x2771, 0x2771, 0x2771, 0x2771, 0x2771, 0x2771, 0x2771, 0x2771, 0x2771, 0x2771, \
        0x2771, 0x2771, 0x2771, 0x2771, 0x2771, 0x2771, 0x2690, 0x0105, 0x0000, 0x016C, 0x0253, 0x0253, \
        0x0253, 0x0253, 0x1AD5, 0x2B57, 0x2B57, 0x2B57, 0x2B57, 0x2B57, 0x2B57, 0x2B57, 0x2B57, 0x2B77, \
        0x2B77, 0x2B77, 0x2B77, 0x3377, 0x3377, 0x2B77, 0x3377, 0x2B77, 0x2B77, 0x2B77, 0x2B77, 0x2B77, \
        0x2B77, 0x2B77, 0x2B77, 0x2B77, 0x2B77, 0x2B77, 0x2B77, 0x2B77, 0x2B77, 0x2B77, 0x2B77, 0x2B77, \
        0x3377, 0x3397, 0x33B8, 0x3BD8, 0x43F9, 0x441A, 0x443A, 0x445A, 0x4C7B, 0x4C7B, 0x4C7B, 0x4C7B, \
        0x4C7B, 0x4C7B, 0x4C7B, 0x4C7B, 0x4C7B, 0x4C7B, 0x4C7B, 0x4C7B, 0x4C7B, 0x4C7B, 0x33B8, 0x2B56, \
        0x2B77, 0x3377, 0x3378, 0x3378, 0x2B35, 0x1A0E, 0x0001, 0x0002, 0x0A27, 0x262F, 0x2771, 0x2771, \
        0x2771, 0x2771, 0x2771, 0x2771, 0x2771, 0x2771, 0x2771, 0x2771, 0x2771, 0x2771, 0x2771, 0x2771, \
        0x2771, 0x2771, 0x2771, 0x2771, 0x2771, 0x2771, 0x2771, 0x2771, 0x2771, 0x2771, 0x2771, 0x2771, \
        0x2771, 0x2771, 0x2771, 0x2771, 0x2771, 0x2771, 0x2771, 0x2771, 0x2771, 0x2771, 0x2771, 0x2771, \
        0x2771, 0x2771, 0x2771, 0x2771, 0x2771, 0x2771, 0x2771, 0x2771, 0x2771, 0x2771, 0x2771, 0x2771, \
        0x2771, 0x2771, 0x1D8D, 0x09A6, 0x0330, 0x0351, 0x01C9, 0x1CCB, 0x2771, 0x2771, 0x2771, 0x2771, \
        0x2771, 0x2771, 0x2771, 0x2771, 0x2771, 0x2771, 0x2771, 0x2771, 0x2771, 0x2771, 0x2771, 0x2771, \
        0x2771, 0x2771, 0x2771, 0x2771, 0x2771, 0x2771, 0x2771, 0x2771, 0x2771, 0x2771, 0x2771, 0x2771, \
        0x2771, 0x2771, 0x2771, 0x2771, 0x2771, 0x2771, 0x2771, 0x2771, 0x2771, 0x2771, 0x2771, 0x2771, \
        0x2771, 0x26F0, 0x144B, 0x0146, 0x0002, 0x0000, 0x116A, 0x22B2, 0x3356, 0x3377, 0x3377, 0x3377, \
        0x3377, 0x3377, 0x2B77, 0x1B57, 0x7CF9, 0xCEDD, 0xDF3E, 0xD73E, 0xD73E, 0xD71E, 0xD73E, 0xD73E, \
        0xD73E, 0xD73E, 0xD73E, 0xD73E, 0xD73E, 0xD73E, 0xD73E, 0xD73E, 0xD73E, 0xD73E, 0xD73E, 0xD73E, \
        0xD73E, 0xD73E, 0xD73E, 0xD73E, 0xD73E, 0xD73E, 0xD73E, 0xD73E, 0xD73E, 0xD73E, 0xD6FD, 0x4A8B, \
        0x0000, 0x1C2B, 0x2771, 0x2771, 0x2771, 0x2771, 0x2771, 0x2771, 0x2771, 0x2771, 0x2771, 0x2771, \
        0x2771, 0x2771, 0x2771, 0x2771, 0x2771, 0x2771, 0x2771, 0x2771, 0x2771, 0x2771, 0x2771, 0x2771, \
        0x2771, 0x2771, 0x2771, 0x2771, 0x2771, 0x2771, 0x2771, 0x2771, 0x2771, 0x2771, 0x2771, 0x2771, \
        0x2771, 0x2771, 0x2771, 0x2771, 0x2771, 0x2771, 0x2771, 0x2771, 0x2771, 0x2771, 0x2771, 0x2771, \
        0x2771, 0x2771, 0x2771, 0x2771, 0x2771, 0x2771, 0x2771, 0x2771, 0x2771, 0x2771, 0x2771, 0x2771, \
        0x2771, 0x2771, 0x2771, 0x2771, 0x2771, 0x2771, 0x2771, 0x2771, 0x2771, 0x2771, 0x2771, 0x2771, \
        0x2771, 0x2771, 0x2771, 0x2771, 0x2771, 0x2771, 0x2771, 0x2771, 0x2771, 0x2771, 0x2771, 0x2771, \
        0x2771, 0x2771, 0x2771, 0x2771, 0x2771, 0x2771, 0x2771, 0x2771, 0x2771, 0x2771, 0x2771, 0x2771, \
        0x2771, 0x2771, 0x2771, 0x1D6E, 0x0084, 0x0000, 0x01AD, 0x0273, 0x0273, 0x0273, 0x0253, 0x22F5, \
        0x2B57, 0x2B57, 0x2B57, 0x2B57, 0x2B57, 0x2B57, 0x2B77, 0x2B57, 0x2B77, 0x2B77, 0x2B77, 0x2B77, \
        0x2B77, 0x3377, 0x2B77, 0x2B77, 0x2B77, 0x2B77, 0x2B77, 0x2B77, 0x2B77, 0x2B77, 0x2B77, 0x2B77, \
        0x2B77, 0x2B77, 0x2B77, 0x2B77, 0x2B77, 0x2B77, 0x2B77, 0x3377, 0x2B77, 0x2B77, 0x2B57, 0x2B57, \
        0x2B57, 0x2B57, 0x3377, 0x3398, 0x3398, 0x3BB8, 0x3BD9, 0x3BF9, 0x441A, 0x443A, 0x445A, 0x4C5B, \
        0x4C5B, 0x4C5B, 0x4C7B, 0x4C7B, 0x4C7B, 0x445A, 0x3398, 0x2B57, 0x2B77, 0x3377, 0x3377, 0x2B77, \
        0x3377, 0x3377, 0x22D3, 0x0928, 0x0000, 0x00A5, 0x142C, 0x2771, 0x2771, 0x2771, 0x2771, 0x2771, \
        0x2771, 0x2771, 0x2771, 0x2771, 0x2771, 0x2771, 0x2771, 0x2771, 0x2771, 0x2771, 0x2771, 0x2771, \
        0x2771, 0x2771, 0x2771, 0x2771, 0x2771, 0x2771, 0x2771, 0x2771, 0x2771, 0x2771, 0x2771, 0x2771, \
        0x2771, 0x2771, 0x2771, 0x2771, 0x2771, 0x2771, 0x2771, 0x2771, 0x2771, 0x2771, 0x2771, 0x2771, \
        0x2771, 0x2771, 0x2771, 0x2771, 0x2771, 0x2771, 0x2771, 0x2771, 0x2771, 0x26CF, 0x0188, 0x04B8, \
        0x4E9F, 0xB77F, 0x7E1B, 0x01EB, 0x1DAD, 0x2771, 0x2771, 0x2771, 0x2771, 0x2771, 0x2771, 0x2771, \
        0x2771, 0x2771, 0x2771, 0x2771, 0x2771, 0x2771, 0x2771, 0x2771, 0x2771, 0x2771, 0x2771, 0x2771, \
        0x2771, 0x2771, 0x2771, 0x2771, 0x2771, 0x2771, 0x2771, 0x2771, 0x2771, 0x2771, 0x2771, 0x2771, \
        0x2771, 0x2771, 0x2771, 0x2771, 0x2771, 0x2771, 0x2771, 0x266F, 0x13CA, 0x0125, 0x0001, 0x0000, \
        0x116A, 0x22B2, 0x3357, 0x3377, 0x3377, 0x3377, 0x3377, 0x3377, 0x3377, 0x1337, 0x4BD8, 0xADFB, \
        0xD73E, 0xDF3E, 0xD71E, 0xD71E, 0xD71E, 0xD71E, 0xD71E, 0xD73E, 0xD73E, 0xD73E, 0xD71E, 0xD73E, \
        0xD73E, 0xD73E, 0xD73E, 0xD73E, 0xD73E, 0xD73E, 0xD73E, 0xD73E, 0xD73E, 0xD73E, 0xD73E, 0xD73E, \
        0xD73E, 0xD73E, 0xD73E, 0xD73E, 0xD73E, 0xDF5F, 0xB5F9, 0x0000, 0x0084, 0x262F, 0x2771, 0x2771, \
        0x2771, 0x2771, 0x2771, 0x2771, 0x2771, 0x2771, 0x2771, 0x2771, 0x2771, 0x2771, 0x2771, 0x2771, \
        0x2771, 0x2771, 0x2771, 0x2771, 0x2771, 0x2771, 0x2771, 0x2771, 0x2771, 0x2771, 0x2771, 0x2771, \
        0x2771, 0x2771, 0x2771, 0x2771, 0x2771, 0x2771, 0x2771, 0x2771, 0x2771, 0x2771, 0x2771, 0x2771, \
        0x2771, 0x2771, 0x2771, 0x2771, 0x2771, 0x2771, 0x2771, 0x2771, 0x2771, 0x2771, 0x2771, 0x2771, \
        0x2771, 0x2771, 0x2771, 0x2771, 0x2771, 0x2771, 0x2771, 0x2771, 0x2771, 0x2771, 0x2771, 0x2771, \
        0x2771, 0x2771, 0x2771, 0x2771, 0x2771, 0x2771, 0x2771, 0x2771, 0x2771, 0x2771, 0x2771, 0x2771, \
        0x2771, 0x2771, 0x2771, 0x2771, 0x2771, 0x2771, 0x2771, 0x2771, 0x2771, 0x2771, 0x2771, 0x2771, \
        0x2771, 0x2771, 0x2771, 0x2771, 0x2771, 0x2771, 0x2771, 0x2771, 0x2771, 0x2771, 0x2771, 0x2771, \
        0x148C, 0x0044, 0x0001, 0x01CF, 0x0274, 0x0273, 0x0253, 0x0253, 0x2315, 0x2B77, 0x2B57, 0x2B57, \
        0x2B57, 0x2B77, 0x2B77, 0x2B77, 0x2B77, 0x2B77, 0x2B77, 0x2B77, 0x2B77, 0x2B77, 0x2B77, 0x2B77, \
        0x2B77, 0x2B77, 0x2B77, 0x2B77, 0x2B77, 0x2B77, 0x2B77, 0x2B77, 0x2B77, 0x2B77, 0x2B77, 0x2B77, \
        0x2B77, 0x2B77, 0x2B77, 0x3377, 0x3377, 0x2B77, 0x2B57, 0x2B57, 0x2B77, 0x3377, 0x3377, 0x3377, \
        0x3377, 0x2B77, 0x2B77, 0x2B77, 0x3377, 0x3377, 0x3377, 0x3397, 0x3397, 0x3398, 0x3398, 0x3398, \
        0x3397, 0x3377, 0x3377, 0x3377, 0x2B77, 0x3377, 0x2B77, 0x2B77, 0x2B77, 0x2B77, 0x3378, 0x2B56, \
        0x1A0E, 0x0000, 0x0003, 0x0AC9, 0x26F0, 0x2771, 0x2771, 0x2771, 0x2771, 0x2771, 0x2771, 0x2771, \
        0x2771, 0x2771, 0x2771, 0x2771, 0x2771, 0x2771, 0x2771, 0x2771, 0x2771, 0x2771, 0x2771, 0x2771, \
        0x2771, 0x2771, 0x2771, 0x2771, 0x2771, 0x2771, 0x2771, 0x2771, 0x2771, 0x2771, 0x2771, 0x2771, \
        0x2771, 0x2771, 0x2771, 0x2771, 0x2771, 0x2771, 0x2771, 0x2771, 0x2771, 0x2771, 0x2771, 0x2771, \
        0x2771, 0x2771, 0x2771, 0x2771, 0x2771, 0x148A, 0x0332, 0x05FF, 0x6EDF, 0xDFFF, 0xA75F, 0x0435, \
        0x1327, 0x2771, 0x2771, 0x2771, 0x2771, 0x2771, 0x2771, 0x2771, 0x2771, 0x2771, 0x2771, 0x2771, \
        0x2771, 0x2771, 0x2771, 0x2771, 0x2771, 0x2771, 0x2771, 0x2771, 0x2771, 0x2771, 0x2771, 0x2771, \
        0x2771, 0x2771, 0x2771, 0x2771, 0x2771, 0x2771, 0x2771, 0x2771, 0x2771, 0x2771, 0x2771, 0x2771, \
        0x2771, 0x1DCE, 0x0B09, 0x00A5, 0x0000, 0x0000, 0x118B, 0x22D3, 0x3377, 0x3378, 0x3377, 0x3377, \
        0x3377, 0x3377, 0x3377, 0x2337, 0x2357, 0x8D3A, 0xCEDD, 0xDF3E, 0xD71E, 0xD73E, 0xD73E, 0xD71E, \
        0xD71E, 0xD71E, 0xD71E, 0xD71E, 0xD73E, 0xD73E, 0xD71E, 0xD73E, 0xD73E, 0xD73E, 0xD73E, 0xD73E, \
        0xD73E, 0xD73E, 0xD73E, 0xD73E, 0xD73E, 0xD73E, 0xD73E, 0xD73E, 0xD73E, 0xD73E, 0xD73E, 0xD73E, \
        0xD73E, 0xDF5E, 0x7C31, 0x0000, 0x1248, 0x2771, 0x2771, 0x2771, 0x2771, 0x2771, 0x2771, 0x2771, \
        0x2771, 0x2771, 0x2771, 0x2771, 0x2771, 0x2771, 0x2771, 0x2771, 0x2771, 0x2771, 0x2771, 0x2771, \
        0x2771, 0x2771, 0x2771, 0x2771, 0x2771, 0x2771, 0x2771, 0x2771, 0x2771, 0x2771, 0x2771, 0x2771, \
        0x2771, 0x2771, 0x2771, 0x2771, 0x2771, 0x2771, 0x2771, 0x2771, 0x2771, 0x2771, 0x2771, 0x2771, \
        0x2771, 0x2771, 0x2771, 0x2771, 0x2771, 0x2771, 0x2771, 0x2771, 0x2771, 0x2771, 0x2771, 0x2771, \
        0x2771, 0x2771, 0x2771, 0x2771, 0x2771, 0x2771, 0x2771, 0x2771, 0x2771, 0x2771, 0x2771, 0x2771, \
        0x2771, 0x2771, 0x2771, 0x2771, 0x2771, 0x2771, 0x2771, 0x2771, 0x2771, 0x2771, 0x2771, 0x2771, \
        0x2771, 0x2771, 0x2771, 0x2771, 0x2771, 0x2771, 0x2771, 0x2771, 0x2771, 0x2771, 0x2771, 0x2771, \
        0x2771, 0x2771, 0x2771, 0x2771, 0x2771, 0x2771, 0x2771, 0x2771, 0x2771, 0x13CB, 0x0043, 0x0023, \
        0x01D0, 0x0274, 0x0253, 0x0253, 0x0A73, 0x2316, 0x2B77, 0x2B57, 0x2B57, 0x2B77, 0x2B77, 0x2B77, \
        0x2B77, 0x2B77, 0x2B77, 0x2B77, 0x2B77, 0x2B77, 0x2B77, 0x2B77, 0x2B77, 0x2B77, 0x2B77, 0x2B77, \
        0x2B77, 0x2B77, 0x3377, 0x2B77, 0x2B77, 0x2B77, 0x2B77, 0x2B77, 0x3377, 0x3377, 0x3377, 0x3377, \
        0x3377, 0x3377, 0x3357, 0x2B77, 0x2B57, 0x3377, 0x3377, 0x3378, 0x3377, 0x3378, 0x3378, 0x3378, \
        0x3398, 0x3378, 0x3377, 0x3378, 0x3378, 0x3378, 0x3378, 0x3378, 0x2B77, 0x2B57, 0x3377, 0x3377, \
        0x2B77, 0x2B57, 0x2B57, 0x2B57, 0x2B57, 0x2B77, 0x2B77, 0x2B77, 0x3377, 0x22B2, 0x00C6, 0x0000, \
        0x01A6, 0x1E0F, 0x2771, 0x2771, 0x2771, 0x2771, 0x2771, 0x2771, 0x2771, 0x2771, 0x2771, 0x2771, \
        0x2771, 0x2771, 0x2771, 0x2771, 0x2771, 0x2771, 0x2771, 0x2771, 0x2771, 0x2771, 0x2771, 0x2771, \
        0x2771, 0x2771, 0x2771, 0x2751, 0x1DAE, 0x1429, 0x13C9, 0x1C6A, 0x264F, 0x2771, 0x2771, 0x2771, \
        0x2771, 0x2771, 0x2771, 0x2771, 0x2771, 0x2771, 0x2771, 0x2771, 0x2771, 0x2771, 0x2771, 0x2771, \
        0x2771, 0x13A8, 0x03D5, 0x05BE, 0x063F, 0x4E7F, 0x263F, 0x0476, 0x0A65, 0x2771, 0x2771, 0x2771, \
        0x2771, 0x2771, 0x2771, 0x2771, 0x2771, 0x2771, 0x2771, 0x2771, 0x2771, 0x2771, 0x2771, 0x2771, \
        0x2771, 0x2771, 0x2771, 0x2771, 0x2771, 0x2771, 0x2771, 0x2771, 0x2771, 0x2771, 0x2771, 0x2771, \
        0x2771, 0x2771, 0x2771, 0x2771, 0x2771, 0x2771, 0x26F0, 0x1CED, 0x0A28, 0x0044, 0x0000, 0x0003, \
        0x19CC, 0x2AF3, 0x3377, 0x3398, 0x3377, 0x3377, 0x3377, 0x3377, 0x3377, 0x2357, 0x1337, 0x6C79, \
        0xB65C, 0xD73E, 0xD73E, 0xD71E, 0xD71E, 0xD71E, 0xD71E, 0xD71E, 0xD71E, 0xD71E, 0xD73E, 0xD73E, \
        0xD73E, 0xD73E, 0xD73E, 0xD73E, 0xD73E, 0xD73E, 0xD71E, 0xD73E, 0xD73E, 0xD73E, 0xD73E, 0xD73E, \
        0xD73E, 0xD73E, 0xD73E, 0xD73E, 0xD73E, 0xD73E, 0xD73E, 0xD73E, 0xDF5E, 0xC6BC, 0x2146, 0x0002, \
        0x24EC, 0x2771, 0x2771, 0x2771, 0x2771, 0x2771, 0x2771, 0x2771, 0x2771, 0x2771, 0x2771, 0x2771, \
        0x2771, 0x2771, 0x2771, 0x2771, 0x2771, 0x2771, 0x2771, 0x2771, 0x2771, 0x2771, 0x2771, 0x2771, \
        0x2771, 0x2771, 0x2771, 0x2771, 0x2771, 0x2771, 0x2771, 0x2771, 0x2771, 0x2771, 0x2771, 0x2771, \
        0x2771, 0x2771, 0x2771, 0x2771, 0x2771, 0x2771, 0x2771, 0x2771, 0x2771, 0x2771, 0x2771, 0x2771, \
        0x2771, 0x2771, 0x2771, 0x2771, 0x2771, 0x2771, 0x2771, 0x2771, 0x2771, 0x2771, 0x2771, 0x2771, \
        0x2771, 0x2771, 0x2771, 0x2771, 0x2771, 0x2771, 0x2771, 0x2771, 0x2771, 0x2771, 0x2771, 0x2771, \
        0x2771, 0x2771, 0x2771, 0x2771, 0x2771, 0x2771, 0x2771, 0x2771, 0x2771, 0x2771, 0x2771, 0x2771, \
        0x2771, 0x2771, 0x2771, 0x2771, 0x2771, 0x2771, 0x2771, 0x2771, 0x2771, 0x2771, 0x2771, 0x2771, \
        0x2771, 0x2771, 0x2771, 0x2771, 0x2771, 0x2771, 0x0B29, 0x0023, 0x0044, 0x01F0, 0x0274, 0x0273, \
        0x0253, 0x0A73, 0x2316, 0x2B57, 0x2B57, 0x2B57, 0x2B57, 0x2B77, 0x2B77, 0x2B57, 0x2B57, 0x2B77, \
        0x2B77, 0x2B77, 0x2B77, 0x2B77, 0x2B77, 0x2B77, 0x2B77, 0x2B77, 0x2B77, 0x2B77, 0x2B77, 0x2B77, \
        0x2B77, 0x2B77, 0x3377, 0x3377, 0x3377, 0x3377, 0x3377, 0x3377, 0x3377, 0x3377, 0x3377, 0x3378, \
        0x3378, 0x3377, 0x2B56, 0x2B15, 0x22F4, 0x22B2, 0x2271, 0x1A50, 0x1A2F, 0x1A0F, 0x1A0E, 0x1A0F, \
        0x1A2F, 0x1A50, 0x2291, 0x22B2, 0x22D3, 0x2AF4, 0x2B36, 0x2B57, 0x2B77, 0x2B57, 0x2B57, 0x2B77, \
        0x2B77, 0x2B57, 0x2B77, 0x2B77, 0x2B77, 0x3377, 0x2B35, 0x118B, 0x0000, 0x00A5, 0x1CCC, 0x2771, \
        0x2771, 0x2771, 0x2771, 0x2771, 0x2771, 0x2771, 0x2771, 0x2771, 0x2771, 0x2771, 0x2771, 0x2771, \
        0x2771, 0x2771, 0x2771, 0x2771, 0x2771, 0x2771, 0x2771, 0x2771, 0x2771, 0x2771, 0x1DCE, 0x09C4, \
        0x0168, 0x02CE, 0x0310, 0x028E, 0x0047, 0x0A47, 0x26B0, 0x2771, 0x2771, 0x2771, 0x2771, 0x2771, \
        0x2771, 0x2771, 0x2771, 0x2771, 0x2771, 0x2771, 0x2771, 0x2771, 0x2771, 0x1CCB, 0x02AF, 0x055D, \
        0x05BE, 0x05FF, 0x05BE, 0x02F0, 0x1388, 0x2771, 0x2771, 0x2771, 0x2771, 0x2771, 0x2771, 0x2771, \
        0x2771, 0x2771, 0x2771, 0x2771, 0x2771, 0x2771, 0x2771, 0x2771, 0x2771, 0x2771, 0x2771, 0x2771, \
        0x2771, 0x2771, 0x2771, 0x2771, 0x2771, 0x2771, 0x2771, 0x2771, 0x2771, 0x2771, 0x2771, 0x2771, \
        0x1DEF, 0x136A, 0x0126, 0x0002, 0x0000, 0x00C6, 0x1A2F, 0x2B14, 0x3377, 0x3398, 0x3377, 0x3377, \
        0x3377, 0x3377, 0x3377, 0x2B77, 0x1337, 0x5C38, 0xA5FB, 0xD71E, 0xD73E, 0xD71E, 0xD71E, 0xD71E, \
        0xD71E, 0xD71E, 0xD71E, 0xD71E, 0xD71E, 0xD71E, 0xD73E, 0xD73E, 0xD73E, 0xD71E, 0xD73E, 0xD73E, \
        0xD73E, 0xD73E, 0xD73E, 0xD73E, 0xD73E, 0xD73E, 0xD73E, 0xD73E, 0xD73E, 0xD73E, 0xD73E, 0xD73E, \
        0xD73E, 0xD73E, 0xD73E, 0xD73E, 0xDF5F, 0x9D15, 0x0000, 0x0945, 0x26F0, 0x2771, 0x2771, 0x2771, \
        0x2771, 0x2771, 0x2771, 0x2771, 0x2771, 0x2771, 0x2771, 0x2771, 0x2771, 0x2771, 0x2771, 0x2771, \
        0x2771, 0x2771, 0x2771, 0x2771, 0x2771, 0x2771, 0x2771, 0x2771, 0x2771, 0x2771, 0x2771, 0x2771, \
        0x2771, 0x2771, 0x2771, 0x2771, 0x2771, 0x2771, 0x2771, 0x2771, 0x2771, 0x2771, 0x2771, 0x2771, \
        0x2771, 0x2771, 0x2771, 0x2771, 0x2771, 0x2771, 0x2771, 0x2771, 0x2771, 0x2771, 0x2771, 0x2771, \
        0x2771, 0x2771, 0x2771, 0x2771, 0x2771, 0x2771, 0x2771, 0x2771, 0x2771, 0x2771, 0x2771, 0x2771, \
        0x2771, 0x2771, 0x2771, 0x2771, 0x2771, 0x2771, 0x2771, 0x2771, 0x2771, 0x2771, 0x2771, 0x2771, \
        0x2771, 0x2771, 0x2771, 0x2771, 0x2771, 0x2771, 0x2771, 0x2771, 0x2771, 0x2771, 0x2771, 0x2771, \
        0x2771, 0x2771, 0x2771, 0x2771, 0x2771, 0x2771, 0x2771, 0x2771, 0x2771, 0x2771, 0x2771, 0x2771, \
        0x2771, 0x2771, 0x2751, 0x0AE9, 0x0023, 0x0064, 0x0210, 0x0274, 0x0253, 0x0253, 0x0A53, 0x2316, \
        0x2B57, 0x2B57, 0x2B57, 0x2B77, 0x2B77, 0x2B57, 0x2B77, 0x2B77, 0x2B77, 0x2B77, 0x2B77, 0x2B77, \
        0x2B77, 0x2B77, 0x2B77, 0x3377, 0x3377, 0x2B77, 0x2B77, 0x2B77, 0x2B77, 0x3377, 0x3377, 0x3377, \
        0x3377, 0x3377, 0x3377, 0x3378, 0x3377, 0x2B35, 0x22D3, 0x1A50, 0x11AD, 0x0929, 0x08E7, 0x0907, \
        0x1169, 0x19EB, 0x222D, 0x224E, 0x2A8F, 0x2A8F, 0x2A8F, 0x2A8F, 0x224E, 0x220C, 0x19AA, 0x1127, \
        0x08A5, 0x0001, 0x0003, 0x00C7, 0x118B, 0x1A2F, 0x22B2, 0x2B15, 0x2B57, 0x2B77, 0x3377, 0x3377, \
        0x2B77, 0x3377, 0x3398, 0x2B77, 0x1A0E, 0x0000, 0x0023, 0x13CB, 0x2771, 0x2771, 0x2771, 0x2771, \
        0x2771, 0x2771, 0x2771, 0x2771, 0x2771, 0x2771, 0x2771, 0x2771, 0x2771, 0x2771, 0x2771, 0x2771, \
        0x2771, 0x2771, 0x2771, 0x2771, 0x2771, 0x1D2E, 0x0021, 0x03B3, 0x05BC, 0x05FE, 0x361E, 0x8EDE, \
        0x761B, 0x02EF, 0x0122, 0x26D0, 0x2771, 0x2771, 0x2771, 0x2771, 0x2771, 0x2771, 0x2771, 0x2771, \
        0x2771, 0x2771, 0x2771, 0x2771, 0x2771, 0x2710, 0x0143, 0x0394, 0x051C, 0x04FB, 0x0373, 0x00E3, \
        0x2690, 0x2771, 0x2771, 0x2771, 0x2771, 0x2771, 0x2771, 0x2771, 0x2771, 0x2771, 0x2771, 0x2771, \
        0x2771, 0x2771, 0x2771, 0x2771, 0x2771, 0x2771, 0x2771, 0x2771, 0x2771, 0x2771, 0x2771, 0x2771, \
        0x2771, 0x2771, 0x2771, 0x2771, 0x2771, 0x26D0, 0x1CCC, 0x0A48, 0x0064, 0x0000, 0x0000, 0x116A, \
        0x2291, 0x2B56, 0x3398, 0x3398, 0x3377, 0x3377, 0x3377, 0x3377, 0x3377, 0x2B57, 0x1337, 0x53F8, \
        0xA5DB, 0xCEFE, 0xD73E, 0xD71E, 0xD71E, 0xD71E, 0xD71E, 0xD71E, 0xD71E, 0xD71E, 0xD71E, 0xD71E, \
        0xD71E, 0xD71E, 0xD71E, 0xD73E, 0xD73E, 0xD71E, 0xD73E, 0xD73E, 0xD73E, 0xD73E, 0xD73E, 0xD73E, \
        0xD73E, 0xD73E, 0xD73E, 0xD73E, 0xD73E, 0xD73E, 0xD73E, 0xD73E, 0xD73E, 0xD73E, 0xD73E, 0xD73E, \
        0xCEFD, 0x426A, 0x0000, 0x1BEB, 0x2771, 0x2771, 0x2771, 0x2771, 0x2771, 0x2771, 0x2771, 0x2771, \
        0x2771, 0x2771, 0x2771, 0x2771, 0x2771, 0x2771, 0x2771, 0x2771, 0x2771, 0x2771, 0x2771, 0x2771, \
        0x2771, 0x2771, 0x2771, 0x2771, 0x2771, 0x2771, 0x2771, 0x2771, 0x2771, 0x2771, 0x2771, 0x2771, \
        0x2771, 0x2771, 0x2771, 0x2771, 0x2771, 0x2771, 0x2771, 0x2771, 0x2771, 0x2771, 0x2771, 0x2771, \
        0x2771, 0x2771, 0x2771, 0x2771, 0x2771, 0x2771, 0x2771, 0x2771, 0x2771, 0x2771, 0x2771, 0x2771, \
        0x2771, 0x2771, 0x2771, 0x2771, 0x2771, 0x2771, 0x2771, 0x2771, 0x2771, 0x2771, 0x2771, 0x2771, \
        0x2771, 0x2771, 0x2771, 0x2771, 0x2771, 0x2771, 0x2771, 0x2771, 0x2771, 0x2771, 0x2771, 0x2771, \
        0x2771, 0x2771, 0x2771, 0x2771, 0x2771, 0x2771, 0x2771, 0x2771, 0x2771, 0x2771, 0x2771, 0x2771, \
        0x2771, 0x2771, 0x2771, 0x2771, 0x2771, 0x2771, 0x2771, 0x2771, 0x2771, 0x2771, 0x2771, 0x2731, \
        0x0AA8, 0x0023, 0x0085, 0x0210, 0x0273, 0x0253, 0x0253, 0x0A73, 0x2336, 0x2B77, 0x2B77, 0x2B77, \
        0x2B77, 0x2B77, 0x2B77, 0x2B77, 0x2B77, 0x2B77, 0x2B77, 0x2B77, 0x2B77, 0x2B77, 0x3377, 0x2B77, \
        0x2B77, 0x3377, 0x2B77, 0x3377, 0x3377, 0x3377, 0x3377, 0x3377, 0x3377, 0x2B57, 0x2AF4, 0x1A50, \
        0x118B, 0x1169, 0x1A0C, 0x2AB0, 0x3374, 0x3BD7, 0x43F8, 0x4419, 0x4C5A, 0x4C7B, 0x4C9B, 0x4C9B, \
        0x4CBC, 0x4CBC, 0x4C9C, 0x4C9B, 0x4C9B, 0x4C7B, 0x4C7A, 0x4C7A, 0x4C59, 0x4418, 0x3BB6, 0x3353, \
        0x2A8F, 0x198A, 0x0023, 0x0000, 0x00E8, 0x19EE, 0x22B2, 0x2B36, 0x2B57, 0x2B77, 0x2B77, 0x2B57, \
        0x2316, 0x1A51, 0x0044, 0x0022, 0x0AE9, 0x2731, 0x2771, 0x2771, 0x2771, 0x2771, 0x2771, 0x2771, \
        0x2771, 0x2771, 0x2771, 0x2771, 0x2771, 0x2771, 0x2771, 0x2771, 0x2771, 0x2771, 0x2771, 0x2771, \
        0x26B0, 0x0081, 0x03F5, 0x061F, 0x063F, 0x05FF, 0xA75F, 0xD7FF, 0xD7FF, 0x769E, 0x02CF, 0x0A45, \
        0x2771, 0x2771, 0x2771, 0x2771, 0x2771, 0x2771, 0x2771, 0x2771, 0x2771, 0x2771, 0x2771, 0x2771, \
        0x2771, 0x2771, 0x266F, 0x0A04, 0x0189, 0x0168, 0x0A25, 0x1E2F, 0x2771, 0x2771, 0x2771, 0x2771, \
        0x2771, 0x2771, 0x2771, 0x2771, 0x2771, 0x2771, 0x2771, 0x2771, 0x2771, 0x2771, 0x2771, 0x2771, \
        0x2771, 0x2771, 0x2771, 0x2771, 0x2771, 0x2771, 0x2771, 0x2771, 0x2771, 0x2771, 0x2731, 0x1D8E, \
        0x132A, 0x0125, 0x0002, 0x0000, 0x00A6, 0x1A0E, 0x2B14, 0x3377, 0x3398, 0x3377, 0x3377, 0x3377, \
        0x3377, 0x3377, 0x3377, 0x2357, 0x1B37, 0x5418, 0x9DBB, 0xCEDE, 0xD73E, 0xD71E, 0xD71E, 0xD71E, \
        0xD71E, 0xD71E, 0xD71E, 0xD71E, 0xD71E, 0xD71E, 0xD71E, 0xD71E, 0xD71E, 0xD71E, 0xD71E, 0xD71E, \
        0xD71E, 0xD71E, 0xD71E, 0xD71E, 0xD73E, 0xD73E, 0xD73E, 0xD73E, 0xD73E, 0xD73E, 0xD73E, 0xD73E, \
        0xD73E, 0xD73E, 0xD73E, 0xD73E, 0xD73E, 0xD73E, 0xD73E, 0xDF5F, 0xA597, 0x0000, 0x00C4, 0x268F, \
        0x2771, 0x2771, 0x2771, 0x2771, 0x2771, 0x2771, 0x2771, 0x2771, 0x2771, 0x2771, 0x2771, 0x2771, \
        0x2771, 0x2771, 0x2771, 0x2771, 0x2771, 0x2771, 0x2771, 0x2771, 0x2771, 0x2771, 0x2771, 0x2771, \
        0x2771, 0x2771, 0x2771, 0x2771, 0x2771, 0x2771, 0x2771, 0x2771, 0x2771, 0x2771, 0x2771, 0x2771, \
        0x2771, 0x2771, 0x2771, 0x2771, 0x2771, 0x2771, 0x2771, 0x2771, 0x2771, 0x2771, 0x2771, 0x2771, \
        0x2771, 0x2771, 0x2771, 0x2771, 0x2771, 0x2771, 0x2771, 0x2771, 0x2771, 0x2771, 0x2771, 0x2771, \
        0x2771, 0x2771, 0x2771, 0x2771, 0x2771, 0x2771, 0x2771, 0x2771, 0x2771, 0x2771, 0x2771, 0x2771, \
        0x2771, 0x2771, 0x2771, 0x2771, 0x2771, 0x2771, 0x2771, 0x2771, 0x2771, 0x2771, 0x2771, 0x2771, \
        0x2771, 0x2771, 0x2771, 0x2771, 0x2771, 0x2771, 0x2771, 0x2771, 0x2771, 0x2771, 0x2771, 0x2771, \
        0x2771, 0x2771, 0x2771, 0x2771, 0x2771, 0x2771, 0x2771, 0x2771, 0x2731, 0x0A68, 0x0023, 0x0085, \
        0x01F0, 0x0253, 0x0253, 0x0253, 0x0A73, 0x2B36, 0x2B77, 0x2B57, 0x2B77, 0x2B77, 0x2B77, 0x2B77, \
        0x2B77, 0x2B77, 0x2B77, 0x2B77, 0x2B77, 0x2B77, 0x3377, 0x2B77, 0x2B77, 0x2B77, 0x2B77, 0x2B77, \
        0x2B77, 0x3378, 0x3377, 0x2B15, 0x1A50, 0x19CC, 0x222E, 0x2AF3, 0x3376, 0x3BD8, 0x3BF9, 0x3BF9, \
        0x3BF9, 0x3BD9, 0x33B8, 0x3398, 0x3398, 0x3398, 0x3398, 0x3398, 0x3BB8, 0x3BD8, 0x3BF9, 0x3C19, \
        0x441A, 0x443A, 0x4C7B, 0x4C9B, 0x4C9B, 0x4CBB, 0x4CBC, 0x4CBC, 0x4CBB, 0x4C7B, 0x4439, 0x3B96, \
        0x2AD1, 0x198A, 0x0000, 0x0000, 0x014A, 0x120F, 0x1AB3, 0x1B16, 0x2316, 0x2316, 0x1A92, 0x00A5, \
        0x0002, 0x0A88, 0x2711, 0x2771, 0x2771, 0x2771, 0x2771, 0x2771, 0x2771, 0x2771, 0x2771, 0x2771, \
        0x2771, 0x2771, 0x2771, 0x2771, 0x2771, 0x2771, 0x2771, 0x2771, 0x1368, 0x026E, 0x059E, 0x063F, \
        0x063F, 0x063F, 0xB7BF, 0xCFFF, 0xCFFF, 0x9F3F, 0x055B, 0x00C6, 0x1DAE, 0x2771, 0x2771, 0x2771, \
        0x2771, 0x2771, 0x2771, 0x2771, 0x2771, 0x2771, 0x2771, 0x2771, 0x2771, 0x2771, 0x2771, 0x2771, \
        0x26B0, 0x26B0, 0x2771, 0x2771, 0x2771, 0x2771, 0x2771, 0x2771, 0x2771, 0x2771, 0x2771, 0x2771, \
        0x2771, 0x2771, 0x2771, 0x2771, 0x2771, 0x2771, 0x2771, 0x2771, 0x2771, 0x2771, 0x2771, 0x2771, \
        0x2771, 0x2771, 0x2771, 0x2731, 0x1DEF, 0x13CB, 0x0186, 0x0023, 0x0000, 0x0002, 0x118B, 0x2291, \
        0x2B56, 0x3398, 0x3398, 0x3377, 0x3377, 0x3377, 0x3377, 0x3377, 0x2B77, 0x1B37, 0x1B37, 0x6458, \
        0xA5FC, 0xCEFE, 0xD73E, 0xD71E, 0xD71E, 0xD71E, 0xD71E, 0xD71E, 0xD71E, 0xD71E, 0xD71E, 0xD71E, \
        0xD71E, 0xD71E, 0xD71E, 0xD71E, 0xD71E, 0xD71E, 0xD71E, 0xD71E, 0xD71E, 0xD71E, 0xD71E, 0xD71E, \
        0xD73E, 0xD71E, 0xD73E, 0xD73E, 0xD73E, 0xD73E, 0xD73E, 0xD73E, 0xD73E, 0xD73E, 0xD73E, 0xD73E, \
        0xD73E, 0xD73E, 0xD73E, 0xD71D, 0x52CC, 0x0000, 0x1349, 0x2771, 0x2771, 0x2771, 0x2771, 0x2771, \
        0x2771, 0x2771, 0x2771, 0x2771, 0x2771, 0x2771, 0x2771, 0x2771, 0x2771, 0x2771, 0x2771, 0x2771, \
        0x2771, 0x2771, 0x2771, 0x2771, 0x2771, 0x2771, 0x2771, 0x2771, 0x2771, 0x2771, 0x2771, 0x2771, \
        0x2771, 0x2771, 0x2771, 0x2771, 0x2771, 0x2771, 0x2771, 0x2771, 0x2771, 0x2771, 0x2771, 0x2771, \
        0x2771, 0x2771, 0x2771, 0x2771, 0x2771, 0x2771, 0x2771, 0x2771, 0x2771, 0x2771, 0x2771, 0x2771, \
        0x2771, 0x2771, 0x2771, 0x2771, 0x2771, 0x2771, 0x2771, 0x2771, 0x2771, 0x2771, 0x2771, 0x2771, \
        0x2771, 0x2771, 0x2771, 0x2771, 0x2771, 0x2771, 0x2771, 0x2771, 0x2771, 0x2771, 0x2771, 0x2771, \
        0x2771, 0x2771, 0x2771, 0x2771, 0x2771, 0x2771, 0x2771, 0x2771, 0x2771, 0x2771, 0x2771, 0x2771, \
        0x2771, 0x2771, 0x2771, 0x2771, 0x2771, 0x2771, 0x2771, 0x2771, 0x2771, 0x2771, 0x2771, 0x2771, \
        0x2771, 0x2771, 0x2771, 0x2771, 0x2771, 0x2711, 0x0A48, 0x0022, 0x0065, 0x01F0, 0x0273, 0x0273, \
        0x0273, 0x0A93, 0x2B36, 0x2B77, 0x2B57, 0x2B57, 0x2B77, 0x2B77, 0x2B77, 0x2B77, 0x2B77, 0x2B77, \
        0x2B77, 0x2B77, 0x2B77, 0x2B77, 0x2B77, 0x2B77, 0x2B77, 0x2B77, 0x2B77, 0x22F4, 0x1A2F, 0x224F, \
        0x3334, 0x3397, 0x33B8, 0x3398, 0x3377, 0x2B77, 0x2B57, 0x2B57, 0x2B57, 0x2B57, 0x2B77, 0x2B77, \
        0x2B77, 0x2B77, 0x2B77, 0x2B57, 0x2B57, 0x2B57, 0x2B57, 0x2B57, 0x2B57, 0x2B77, 0x3377, 0x3398, \
        0x3BD8, 0x3C19, 0x443A, 0x4C7B, 0x4C9B, 0x4C9B, 0x4C9B, 0x4C9B, 0x4C9B, 0x4C5A, 0x3BF8, 0x3354, \
        0x222D, 0x0043, 0x0000, 0x096B, 0x1A71, 0x22F5, 0x22F5, 0x1A71, 0x00C6, 0x0000, 0x0A47, 0x2710, \
        0x2771, 0x2771, 0x2771, 0x2771, 0x2771, 0x2771, 0x2771, 0x2771, 0x2771, 0x2771, 0x2771, 0x2771, \
        0x2771, 0x2771, 0x2771, 0x2711, 0x0122, 0x03F6, 0x059E, 0x063F, 0x063F, 0x061F, 0x76DF, 0xBFDF, \
        0xB7BF, 0x669F, 0x061F, 0x02EF, 0x1368, 0x2771, 0x2771, 0x2771, 0x2771, 0x2771, 0x2771, 0x2771, \
        0x2771, 0x2771, 0x2771, 0x2771, 0x2771, 0x2771, 0x2771, 0x2771, 0x2771, 0x2771, 0x2771, 0x2771, \
        0x2771, 0x2771, 0x2771, 0x2771, 0x2771, 0x2771, 0x2771, 0x2771, 0x2771, 0x2771, 0x2771, 0x2771, \
        0x2771, 0x2771, 0x2771, 0x2771, 0x2771, 0x2771, 0x2771, 0x2771, 0x2751, 0x1E2F, 0x140B, 0x01A7, \
        0x0043, 0x0000, 0x0000, 0x0908, 0x2250, 0x2B14, 0x3377, 0x3398, 0x3377, 0x3377, 0x3377, 0x3377, \
        0x3377, 0x3377, 0x2B57, 0x0B17, 0x3377, 0x7CD9, 0xB65C, 0xD71E, 0xD73E, 0xD71E, 0xD71E, 0xD71E, \
        0xD71E, 0xD71E, 0xD71E, 0xD71E, 0xD71E, 0xD71E, 0xD71E, 0xD71E, 0xD71E, 0xD71E, 0xD71E, 0xD71E, \
        0xD71E, 0xD71E, 0xD71E, 0xD71E, 0xD71E, 0xD71E, 0xD71E, 0xD71E, 0xD71E, 0xD73E, 0xD73E, 0xD73E, \
        0xD73E, 0xD73E, 0xD73E, 0xD73E, 0xD73E, 0xD73E, 0xD73E, 0xD73E, 0xD73E, 0xD73E, 0xDF5F, 0xA597, \
        0x0000, 0x0084, 0x260F, 0x2771, 0x2771, 0x2771, 0x2771, 0x2771, 0x2771, 0x2771, 0x2771, 0x2771, \
        0x2771, 0x2771, 0x2771, 0x2771, 0x2771, 0x2771, 0x2771, 0x2771, 0x2771, 0x2771, 0x2771, 0x2771, \
        0x2771, 0x2771, 0x2771, 0x2771, 0x2771, 0x2771, 0x2771, 0x2771, 0x2771, 0x2771, 0x2771, 0x2771, \
        0x2771, 0x2771, 0x2771, 0x2771, 0x2771, 0x2771, 0x2771, 0x2771, 0x2771, 0x2771, 0x2771, 0x2771, \
        0x2771, 0x2771, 0x2771, 0x2771, 0x2771, 0x2771, 0x2771, 0x2771, 0x2771, 0x2771, 0x2771, 0x2771, \
        0x2771, 0x2771, 0x2771, 0x2771, 0x2771, 0x2771, 0x2771, 0x2771, 0x2771, 0x2771, 0x2771, 0x2771, \
        0x2771, 0x2771, 0x2771, 0x2771, 0x2771, 0x2771, 0x2771, 0x2771, 0x2771, 0x2771, 0x2771, 0x2771, \
        0x2771, 0x2771, 0x2771, 0x2771, 0x2771, 0x2771, 0x2771, 0x2771, 0x2771, 0x2771, 0x2771, 0x2771, \
        0x2771, 0x2771, 0x2771, 0x2771, 0x2771, 0x2771, 0x2771, 0x2771, 0x2771, 0x2771, 0x2771, 0x2771, \
        0x2771, 0x2771, 0x2711, 0x0A68, 0x0023, 0x00A6, 0x0211, 0x0274, 0x0273, 0x0273, 0x1294, 0x2B36, \
        0x2B57, 0x2B57, 0x2B57, 0x2B57, 0x2B57, 0x2B77, 0x2B77, 0x2B77, 0x2B77, 0x2B77, 0x2B77, 0x2B77, \
        0x2B77, 0x2B77, 0x3377, 0x2B14, 0x2271, 0x22B2, 0x2B36, 0x3378, 0x3378, 0x3377, 0x2B57, 0x2B57, \
        0x2B57, 0x2B77, 0x2B77, 0x2B77, 0x2B57, 0x2B77, 0x2B77, 0x2B77, 0x2B77, 0x2B77, 0x2B77, 0x2B77, \
        0x2B77, 0x3377, 0x3377, 0x3377, 0x3377, 0x3377, 0x2B77, 0x2B77, 0x2B57, 0x2B57, 0x2B57, 0x3377, \
        0x3398, 0x3BD8, 0x4419, 0x4C5A, 0x4C7B, 0x4C9B, 0x4C9B, 0x4C9B, 0x4C9B, 0x4C39, 0x3333, 0x19CC, \
        0x0000, 0x0024, 0x11AD, 0x1A92, 0x22B3, 0x094A, 0x0002, 0x0A48, 0x26F0, 0x2771, 0x2771, 0x2771, \
        0x2771, 0x2771, 0x2771, 0x2771, 0x2771, 0x2771, 0x2771, 0x2771, 0x2771, 0x2771, 0x2771, 0x2690, \
        0x0064, 0x04B9, 0x057E, 0x063F, 0x061F, 0x061F, 0x05FE, 0x2E5F, 0x265F, 0x05FF, 0x061E, 0x0372, \
        0x0A86, 0x2771, 0x2771, 0x2771, 0x2771, 0x2771, 0x2771, 0x2771, 0x2771, 0x1D2C, 0x0A86, 0x0A05, \
        0x13C9, 0x2711, 0x2771, 0x2771, 0x2771, 0x2771, 0x2771, 0x2771, 0x2771, 0x2771, 0x2771, 0x2771, \
        0x2771, 0x2771, 0x2771, 0x2771, 0x2771, 0x2771, 0x2771, 0x2771, 0x2771, 0x2771, 0x2771, 0x2771, \
        0x2771, 0x2751, 0x1E2F, 0x142B, 0x09E7, 0x0063, 0x0000, 0x0000, 0x0908, 0x1A0E, 0x22D3, 0x3356, \
        0x3398, 0x3378, 0x3377, 0x3377, 0x3377, 0x3377, 0x3377, 0x2B77, 0x1B37, 0x1B37, 0x5C18, 0x957A, \
        0xC6BD, 0xD73E, 0xD73E, 0xD71E, 0xD71E, 0xD71E, 0xD71E, 0xD71E, 0xD71E, 0xD71E, 0xD71E, 0xD71E, \
        0xD71E, 0xD71E, 0xD71E, 0xD71E, 0xD71E, 0xD71E, 0xD71E, 0xD71E, 0xD71E, 0xD71E, 0xD71E, 0xD71E, \
        0xD71E, 0xD73E, 0xD71E, 0xD71E, 0xD71E, 0xD73E, 0xD73E, 0xD73E, 0xD73E, 0xD73E, 0xD73E, 0xD73E, \
        0xD73E, 0xD73E, 0xD73E, 0xD73E, 0xD73E, 0xD73E, 0xD71D, 0x52CC, 0x0000, 0x12E9, 0x2771, 0x2771, \
        0x2771, 0x2771, 0x2771, 0x2771, 0x2771, 0x2771, 0x2771, 0x2771, 0x2771, 0x2771, 0x2771, 0x2771, \
        0x2771, 0x2771, 0x2771, 0x2771, 0x2771, 0x2771, 0x2771, 0x2771, 0x2771, 0x2771, 0x2771, 0x2771, \
        0x2771, 0x2771, 0x2771, 0x2771, 0x2771, 0x2771, 0x2771, 0x2771, 0x2771, 0x2771, 0x2771, 0x2771, \
        0x2771, 0x2771, 0x2771, 0x2771, 0x2771, 0x2771, 0x2771, 0x2771, 0x2771, 0x2771, 0x2771, 0x2771, \
        0x2771, 0x2771, 0x2771, 0x2771, 0x2771, 0x2771, 0x2771, 0x2771, 0x2771, 0x2771, 0x2771, 0x2771, \
        0x2771, 0x2771, 0x2771, 0x2771, 0x2771, 0x2771, 0x2771, 0x2771, 0x2771, 0x2771, 0x2771, 0x2771, \
        0x2771, 0x2771, 0x2771, 0x2771, 0x2771, 0x2771, 0x2771, 0x2771, 0x2771, 0x2771, 0x2771, 0x2771, \
        0x2771, 0x2771, 0x2771, 0x2771, 0x2771, 0x2771, 0x2771, 0x2771, 0x2771, 0x2771, 0x2771, 0x2771, \
        0x2771, 0x2771, 0x2771, 0x2771, 0x2771, 0x2771, 0x2771, 0x2771, 0x2771, 0x2771, 0x2771, 0x2711, \
        0x0A68, 0x0023, 0x0085, 0x0211, 0x0274, 0x0273, 0x0273, 0x1294, 0x2B57, 0x2B57, 0x2B57, 0x2B57, \
        0x2B57, 0x2B77, 0x2B77, 0x2B77, 0x2B77, 0x2B77, 0x2B77, 0x2B77, 0x2B77, 0x3377, 0x2B36, 0x2AF4, \
        0x2B57, 0x2B78, 0x2B77, 0x3377, 0x3377, 0x3377, 0x2B57, 0x3377, 0x3378, 0x3378, 0x2B77, 0x2B57, \
        0x2B77, 0x2B77, 0x2B77, 0x2B77, 0x2B77, 0x2B77, 0x2B77, 0x2B77, 0x3377, 0x3377, 0x3377, 0x3377, \
        0x2B77, 0x2B77, 0x2B77, 0x3377, 0x2B77, 0x2B77, 0x2B77, 0x2B77, 0x2B57, 0x2B57, 0x2B57, 0x3377, \
        0x33B8, 0x3BF9, 0x443A, 0x4C7B, 0x4C9B, 0x4C9B, 0x4C9B, 0x4C5B, 0x43F8, 0x32D1, 0x08E6, 0x0000, \
        0x098C, 0x1A51, 0x0108, 0x0044, 0x0A28, 0x26F0, 0x2771, 0x2771, 0x2771, 0x2771, 0x2771, 0x2771, \
        0x2771, 0x2771, 0x2771, 0x2771, 0x2771, 0x2771, 0x2771, 0x2690, 0x0063, 0x0499, 0x055D, 0x05DE, \
        0x061F, 0x061F, 0x063F, 0x063F, 0x061F, 0x061F, 0x061E, 0x0310, 0x0AE6, 0x2771, 0x2771, 0x2771, \
        0x2771, 0x2771, 0x2771, 0x2771, 0x142B, 0x01EB, 0x0476, 0x4D79, 0x2392, 0x0A25, 0x2731, 0x2771, \
        0x2771, 0x2771, 0x2771, 0x2771, 0x2771, 0x2771, 0x2771, 0x2771, 0x2771, 0x2771, 0x2771, 0x2771, \
        0x2771, 0x2771, 0x2771, 0x2771, 0x2771, 0x2771, 0x2711, 0x1DEE, 0x13EB, 0x09C7, 0x0063, 0x0000, \
        0x0000, 0x08E7, 0x1A0E, 0x2AD3, 0x2B56, 0x3377, 0x3377, 0x3377, 0x3377, 0x3377, 0x3377, 0x3377, \
        0x2B77, 0x1B37, 0x1337, 0x4BD8, 0x851A, 0xB65C, 0xCEFE, 0xD73E, 0xD73E, 0xD71E, 0xD71E, 0xD71E, \
        0xD71E, 0xD71E, 0xD71E, 0xD71E, 0xD71E, 0xD71E, 0xD71E, 0xD71E, 0xD71E, 0xD71E, 0xD71E, 0xD71E, \
        0xD71E, 0xD71E, 0xD71E, 0xD71E, 0xD71E, 0xD71E, 0xD71E, 0xD71E, 0xD71E, 0xD71E, 0xD73E, 0xD71E, \
        0xD73E, 0xD73E, 0xD73E, 0xD73E, 0xD73E, 0xD73E, 0xD73E, 0xD73E, 0xD73E, 0xD73E, 0xD73E, 0xD73E, \
        0xD73E, 0xDF5F, 0xA556, 0x0000, 0x00A4, 0x262F, 0x2771, 0x2771, 0x2771, 0x2771, 0x2771, 0x2771, \
        0x2771, 0x2771, 0x2771, 0x2771, 0x2771, 0x2771, 0x2771, 0x2771, 0x2771, 0x2771, 0x2771, 0x2771, \
        0x2771, 0x2771, 0x2771, 0x2771, 0x2771, 0x2771, 0x2771, 0x2771, 0x2771, 0x2771, 0x2771, 0x2771, \
        0x2771, 0x2771, 0x2771, 0x2771, 0x2771, 0x2771, 0x2771, 0x2771, 0x2771, 0x2771, 0x2771, 0x2771, \
        0x2771, 0x2771, 0x2771, 0x2771, 0x2771, 0x2771, 0x2771, 0x2771, 0x2771, 0x2771, 0x2771, 0x2771, \
        0x2771, 0x2771, 0x2771, 0x2771, 0x2771, 0x2771, 0x2771, 0x2771, 0x2771, 0x2771, 0x2771, 0x2771, \
        0x2771, 0x2771, 0x2771, 0x2771, 0x2771, 0x2771, 0x2771, 0x2771, 0x2771, 0x2771, 0x2771, 0x2771, \
        0x2771, 0x2771, 0x2771, 0x2771, 0x2771, 0x2771, 0x2771, 0x2771, 0x2771, 0x2771, 0x2771, 0x2771, \
        0x2771, 0x2771, 0x2771, 0x2771, 0x2771, 0x2771, 0x2771, 0x2771, 0x2771, 0x2771, 0x2771, 0x2771, \
        0x2771, 0x2771, 0x2771, 0x2771, 0x2771, 0x2771, 0x2771, 0x2771, 0x2731, 0x0A68, 0x0022, 0x0085, \
        0x0211, 0x0274, 0x0273, 0x0273, 0x12B4, 0x2B36, 0x2B57, 0x2B57, 0x2B57, 0x2B57, 0x2B77, 0x2B77, \
        0x2B77, 0x2B77, 0x2B77, 0x2B77, 0x2B77, 0x3377, 0x3377, 0x2B77, 0x2B77, 0x2B57, 0x2B77, 0x3377, \
        0x3377, 0x3377, 0x2B36, 0x2AD4, 0x2292, 0x2292, 0x2B14, 0x2B57, 0x2B77, 0x2B77, 0x2B77, 0x2B77, \
        0x2B77, 0x2B77, 0x2B77, 0x2B77, 0x2B77, 0x2B77, 0x2B77, 0x3377, 0x2B77, 0x2B77, 0x3377, 0x2B77, \
        0x2B77, 0x2B77, 0x2B77, 0x2B77, 0x2B77, 0x2B77, 0x2B77, 0x2B77, 0x2B57, 0x2B57, 0x3377, 0x3398, \
        0x3BF9, 0x443A, 0x4C7B, 0x4C7B, 0x4C9C, 0x549B, 0x4439, 0x3354, 0x19AB, 0x0000, 0x0003, 0x0044, \
        0x0044, 0x0A27, 0x2710, 0x2771, 0x2771, 0x2771, 0x2771, 0x2771, 0x2771, 0x2771, 0x2771, 0x2771, \
        0x2771, 0x2771, 0x2771, 0x26F0, 0x00E2, 0x0437, 0x057E, 0x057D, 0x061F, 0x063F, 0x063F, 0x063F, \
        0x061F, 0x061F, 0x059D, 0x01EB, 0x144B, 0x2771, 0x2771, 0x2771, 0x2771, 0x2771, 0x2771, 0x26D0, \
        0x0167, 0x04B9, 0x4E5E, 0xD7FF, 0x9F1E, 0x02CF, 0x1CEB, 0x2771, 0x2771, 0x2771, 0x2771, 0x2771, \
        0x2771, 0x2771, 0x2771, 0x2771, 0x2771, 0x2771, 0x2771, 0x2771, 0x2771, 0x2771, 0x2771, 0x26D0, \
        0x1D4D, 0x134A, 0x0166, 0x0023, 0x0000, 0x0000, 0x0908, 0x1A0E, 0x22D3, 0x3356, 0x3377, 0x3378, \
        0x3377, 0x3377, 0x3377, 0x3377, 0x3377, 0x2B57, 0x1B37, 0x2357, 0x53F8, 0x851A, 0xAE1C, 0xCEFE, \
        0xD73E, 0xD73E, 0xD73E, 0xD71E, 0xD71E, 0xD71E, 0xD71E, 0xD71E, 0xD71E, 0xD71E, 0xD71E, 0xD71E, \
        0xD71E, 0xD71E, 0xD71E, 0xD71E, 0xD71E, 0xD71E, 0xD71E, 0xD71E, 0xD71E, 0xD71E, 0xD71E, 0xD71E, \
        0xD71E, 0xD71E, 0xD71E, 0xD71E, 0xD71E, 0xD71E, 0xD71E, 0xD71E, 0xD71E, 0xD73E, 0xD73E, 0xD73E, \
        0xD73E, 0xD73E, 0xD73E, 0xD73E, 0xD73E, 0xD73E, 0xD73E, 0xD73E, 0xDF3E, 0xCEDC, 0x3A09, 0x0001, \
        0x136A, 0x2771, 0x2771, 0x2771, 0x2771, 0x2771, 0x2771, 0x2771, 0x2771, 0x2771, 0x2771, 0x2771, \
        0x2771, 0x2771, 0x2771, 0x2771, 0x2771, 0x2771, 0x2771, 0x2771, 0x2771, 0x2771, 0x2771, 0x2771, \
        0x2771, 0x2771, 0x2771, 0x2771, 0x2771, 0x2771, 0x2771, 0x2771, 0x2771, 0x2771, 0x2771, 0x2771, \
        0x2771, 0x2771, 0x2771, 0x2771, 0x2771, 0x2771, 0x2771, 0x2771, 0x2771, 0x2771, 0x2771, 0x2771, \
        0x2771, 0x2771, 0x2771, 0x2771, 0x2771, 0x2771, 0x2771, 0x2771, 0x2771, 0x2771, 0x2771, 0x2771, \
        0x2771, 0x2771, 0x2771, 0x2771, 0x2771, 0x2771, 0x2771, 0x2771, 0x2771, 0x2771, 0x2771, 0x2771, \
        0x2771, 0x2771, 0x2771, 0x2771, 0x2771, 0x2771, 0x2771, 0x2771, 0x2771, 0x2771, 0x2771, 0x2771, \
        0x2771, 0x2771, 0x2771, 0x2771, 0x2771, 0x2771, 0x2771, 0x2771, 0x2771, 0x2771, 0x2771, 0x2771, \
        0x2771, 0x2771, 0x2771, 0x2771, 0x2771, 0x2771, 0x2771, 0x2771, 0x2771, 0x2771, 0x2771, 0x2771, \
        0x2771, 0x2771, 0x2771, 0x2771, 0x2771, 0x2711, 0x0A68, 0x0022, 0x00A6, 0x0231, 0x0274, 0x0273, \
        0x0273, 0x1AD4, 0x2B57, 0x2B57, 0x2B57, 0x2B57, 0x2B77, 0x2B77, 0x2B77, 0x2B77, 0x2B77, 0x2B77, \
        0x3377, 0x2B77, 0x2B77, 0x2B77, 0x2B57, 0x2B57, 0x2B77, 0x2B77, 0x2B77, 0x22D3, 0x0949, 0x0001, \
        0x0000, 0x0000, 0x08E7, 0x2B36, 0x2B77, 0x2B77, 0x2B57, 0x2B77, 0x2B77, 0x2B77, 0x2B77, 0x2B77, \
        0x3377, 0x2B77, 0x3377, 0x3377, 0x2B77, 0x3377, 0x3377, 0x3377, 0x2B77, 0x2B77, 0x2B77, 0x2B77, \
        0x2B77, 0x2B77, 0x2B77, 0x2B77, 0x2B77, 0x2B77, 0x3377, 0x2B77, 0x2B57, 0x2B57, 0x3397, 0x3BD9, \
        0x443A, 0x4C7B, 0x4C9B, 0x4C9B, 0x4C7A, 0x3B95, 0x19EC, 0x0000, 0x0000, 0x0044, 0x0A08, 0x26D0, \
        0x2771, 0x2771, 0x2771, 0x2771, 0x2771, 0x2771, 0x2771, 0x2771, 0x2771, 0x2771, 0x2771, 0x2771, \
        0x0A68, 0x028F, 0x057E, 0x055D, 0x057D, 0x05FE, 0x061F, 0x061F, 0x05DE, 0x059E, 0x0437, 0x0060, \
        0x266F, 0x2771, 0x2771, 0x2771, 0x2771, 0x2771, 0x2771, 0x1DCD, 0x022D, 0x053C, 0x2E3E, 0x973F, \
        0x66BF, 0x0435, 0x13A8, 0x2771, 0x2771, 0x2771, 0x2771, 0x2771, 0x2771, 0x2771, 0x2771, 0x2771, \
        0x2771, 0x2771, 0x2771, 0x2731, 0x1E2F, 0x148C, 0x0A88, 0x00E5, 0x0001, 0x0000, 0x0023, 0x0949, \
        0x1A2F, 0x2AD3, 0x3356, 0x3377, 0x3377, 0x3377, 0x3377, 0x3377, 0x3377, 0x2B77, 0x1B57, 0x1337, \
        0x2B77, 0x5C38, 0x8D5A, 0xB65C, 0xCEFE, 0xD73E, 0xD73E, 0xD73E, 0xD73E, 0xD71E, 0xD71E, 0xD71E, \
        0xD71E, 0xD71E, 0xD71E, 0xD71E, 0xD71E, 0xD71E, 0xD71E, 0xD71E, 0xD71E, 0xD71E, 0xD71E, 0xD71E, \
        0xD71E, 0xD71E, 0xD71E, 0xD71E, 0xD71E, 0xD71E, 0xD71E, 0xD71E, 0xD71E, 0xD71E, 0xD71E, 0xD71E, \
        0xD71E, 0xD71E, 0xD71E, 0xD71E, 0xD71E, 0xD73E, 0xD73E, 0xD73E, 0xD73E, 0xD73E, 0xD73E, 0xD73E, \
        0xD73E, 0xD73E, 0xD73E, 0xD73E, 0xDF5E, 0x8CD4, 0x0000, 0x0905, 0x26B0, 0x2771, 0x2771, 0x2771, \
        0x2771, 0x2771, 0x2771, 0x2771, 0x2771, 0x2771, 0x2771, 0x2771, 0x2771, 0x2771, 0x2771, 0x2771, \
        0x2771, 0x2771, 0x2771, 0x2771, 0x2771, 0x2771, 0x2771, 0x2771, 0x2771, 0x2771, 0x2771, 0x2771, \
        0x2771, 0x2771, 0x2771, 0x2771, 0x2771, 0x2771, 0x2771, 0x2771, 0x2771, 0x2771, 0x2771, 0x2771, \
        0x2771, 0x2771, 0x2771, 0x2771, 0x2771, 0x2771, 0x2771, 0x2771, 0x2771, 0x2771, 0x2771, 0x2771, \
        0x2771, 0x2771, 0x2771, 0x2771, 0x2771, 0x2771, 0x2771, 0x2771, 0x2771, 0x2771, 0x2771, 0x2771, \
        0x2771, 0x2771, 0x2771, 0x2771, 0x2771, 0x2771, 0x2771, 0x2771, 0x2771, 0x2771, 0x2771, 0x2771, \
        0x2771, 0x2771, 0x2771, 0x2771, 0x2771, 0x2771, 0x2771, 0x2771, 0x2771, 0x2771, 0x2771, 0x2771, \
        0x2771, 0x2771, 0x2771, 0x2771, 0x2771, 0x2771, 0x2771, 0x2771, 0x2771, 0x2771, 0x2771, 0x2771, \
        0x2771, 0x2771, 0x2771, 0x2771, 0x2771, 0x2771, 0x2771, 0x2771, 0x2771, 0x2771, 0x2771, 0x2771, \
        0x2771, 0x2771, 0x2711, 0x0A48, 0x0022, 0x00C7, 0x0232, 0x0A74, 0x0273, 0x0253, 0x22F5, 0x3377, \
        0x2B77, 0x2B77, 0x2B77, 0x2B77, 0x2B57, 0x2B77, 0x2B77, 0x2B77, 0x2B77, 0x2B77, 0x2B77, 0x2B77, \
        0x2B57, 0x2B57, 0x2B77, 0x3377, 0x2271, 0x0000, 0x0000, 0x0000, 0x0000, 0x0000, 0x0000, 0x22D4, \
        0x2B77, 0x2B57, 0x2B57, 0x2B57, 0x2B77, 0x2B77, 0x2B77, 0x2B77, 0x2B77, 0x3377, 0x2B77, 0x3377, \
        0x3377, 0x3377, 0x3377, 0x3377, 0x2B77, 0x2B77, 0x2B77, 0x2B77, 0x2B77, 0x2B77, 0x2B77, 0x2B77, \
        0x2B77, 0x2B77, 0x2B77, 0x3377, 0x2B77, 0x2B77, 0x2B77, 0x2B57, 0x2B57, 0x3397, 0x3BF9, 0x443A, \
        0x4C7B, 0x4C9B, 0x445A, 0x3BB6, 0x226F, 0x0023, 0x0000, 0x0186, 0x1D2D, 0x2751, 0x2771, 0x2771, \
        0x2771, 0x2771, 0x2771, 0x2771, 0x2771, 0x2771, 0x2771, 0x2771, 0x1DEF, 0x0020, 0x03B5, 0x057E, \
        0x057E, 0x057E, 0x059E, 0x057E, 0x059E, 0x04B9, 0x0127, 0x1369, 0x2771, 0x2771, 0x2771, 0x2771, \
        0x2771, 0x2771, 0x2771, 0x262E, 0x01A9, 0x04DB, 0x05BE, 0x05FE, 0x05DD, 0x0310, 0x144A, 0x2771, \
        0x2771, 0x2771, 0x2771, 0x2771, 0x2771, 0x2771, 0x2771, 0x2771, 0x26B0, 0x1D4D, 0x138A, 0x01A6, \
        0x0043, 0x0000, 0x0000, 0x00C6, 0x11AC, 0x2271, 0x2B14, 0x3357, 0x3377, 0x3377, 0x3377, 0x3377, \
        0x3377, 0x2B77, 0x2357, 0x1337, 0x2B57, 0x5418, 0x7CFA, 0xA5DB, 0xC69D, 0xD71E, 0xDF5E, 0xDF3E, \
        0xD73E, 0xD73E, 0xD73E, 0xD71E, 0xD73E, 0xD71E, 0xD71E, 0xD71E, 0xD71E, 0xD71E, 0xD71E, 0xD71E, \
        0xD71E, 0xD71E, 0xD71E, 0xD71E, 0xD71E, 0xD71E, 0xD71E, 0xD71E, 0xD71E, 0xD71E, 0xD71E, 0xD71E, \
        0xD71E, 0xD71E, 0xD71E, 0xD71E, 0xD71E, 0xD71E, 0xD71E, 0xD71E, 0xD71E, 0xD71E, 0xD71E, 0xD71E, \
        0xD71E, 0xD71E, 0xD71E, 0xD73E, 0xD73E, 0xD71E, 0xD73E, 0xD73E, 0xD73E, 0xD73E, 0xD73E, 0xDF3E, \
        0xBE7B, 0x08A5, 0x0002, 0x1C2B, 0x2771, 0x2771, 0x2771, 0x2771, 0x2771, 0x2771, 0x2771, 0x2771, \
        0x2771, 0x2771, 0x2771, 0x2771, 0x2771, 0x2771, 0x2771, 0x2771, 0x2771, 0x2771, 0x2771, 0x2771, \
        0x2771, 0x2771, 0x2771, 0x2771, 0x2771, 0x2771, 0x2771, 0x2771, 0x2771, 0x2771, 0x2771, 0x2771, \
        0x2771, 0x2771, 0x2771, 0x2771, 0x2771, 0x2771, 0x2771, 0x2771, 0x2771, 0x2771, 0x2771, 0x2771, \
        0x2771, 0x2771, 0x2771, 0x2771, 0x2771, 0x2771, 0x2771, 0x2771, 0x2771, 0x2771, 0x2771, 0x2771, \
        0x2771, 0x2771, 0x2771, 0x2771, 0x2771, 0x2771, 0x2771, 0x2771, 0x2771, 0x2771, 0x2771, 0x2771, \
        0x2771, 0x2771, 0x2771, 0x2771, 0x2771, 0x2771, 0x2771, 0x2771, 0x2771, 0x2771, 0x2771, 0x2771, \
        0x2771, 0x2771, 0x2771, 0x2771, 0x2771, 0x2771, 0x2771, 0x2771, 0x2771, 0x2771, 0x2771, 0x2771, \
        0x2771, 0x2771, 0x2771, 0x2771, 0x2771, 0x2771, 0x2771, 0x2771, 0x2771, 0x2771, 0x2771, 0x2771, \
        0x2771, 0x2771, 0x2771, 0x2771, 0x2771, 0x2771, 0x2771, 0x2771, 0x2771, 0x2771, 0x2771, 0x2711, \
        0x0A28, 0x0002, 0x00E8, 0x0252, 0x0273, 0x0253, 0x0253, 0x2316, 0x3377, 0x2B57, 0x2B57, 0x2B57, \
        0x2B57, 0x2B77, 0x2B77, 0x2B77, 0x2B77, 0x2B77, 0x2B77, 0x2B57, 0x2B57, 0x2B77, 0x3378, 0x22B2, \
        0x0000, 0x0000, 0x0929, 0x1A50, 0x2292, 0x2292, 0x1A71, 0x2B36, 0x2B77, 0x2B57, 0x2B57, 0x2B57, \
        0x2B77, 0x2B77, 0x2B77, 0x2B77, 0x2B77, 0x2B77, 0x2B77, 0x3377, 0x2B77, 0x2B77, 0x2B77, 0x2B77, \
        0x2B77, 0x2B77, 0x2B77, 0x2B77, 0x2B77, 0x2B77, 0x2B77, 0x2B77, 0x2B77, 0x2B77, 0x3377, 0x3377, \
        0x2B77, 0x2B77, 0x2B77, 0x2B77, 0x2B77, 0x2B77, 0x2B57, 0x3377, 0x33B8, 0x43F9, 0x445A, 0x4C9B, \
        0x4C9B, 0x43F8, 0x228F, 0x0023, 0x0000, 0x09A6, 0x1CED, 0x2731, 0x2771, 0x2771, 0x2771, 0x2771, \
        0x2771, 0x2771, 0x2771, 0x2771, 0x2771, 0x1CCD, 0x0020, 0x02F0, 0x04D9, 0x057D, 0x057D, 0x04FB, \
        0x03F5, 0x0128, 0x0AC6, 0x2751, 0x2771, 0x2771, 0x2771, 0x2771, 0x2771, 0x2771, 0x2771, 0x2771, \
        0x0A65, 0x02D0, 0x04FB, 0x051C, 0x03B4, 0x00A1, 0x268F, 0x2771, 0x2771, 0x2771, 0x2771, 0x2771, \
        0x2710, 0x1DAE, 0x140B, 0x0A68, 0x00C4, 0x0000, 0x0000, 0x0043, 0x114A, 0x1A2F, 0x22D3, 0x2B56, \
        0x3378, 0x3378, 0x3377, 0x3377, 0x2B57, 0x2357, 0x1337, 0x1337, 0x3377, 0x5C18, 0x7CFA, 0x9DBB, \
        0xBE9D, 0xCF1E, 0xDF5E, 0xDF5E, 0xDF3E, 0xD73E, 0xD73E, 0xD73E, 0xD73E, 0xD73E, 0xD73E, 0xD71E, \
        0xD71E, 0xD71E, 0xD71E, 0xD71E, 0xD71E, 0xCEFE, 0xCF1E, 0xCF1E, 0xD71E, 0xCEFE, 0xCF1E, 0xD71E, \
        0xD71E, 0xD71E, 0xD71E, 0xD71E, 0xD71E, 0xD71E, 0xD71E, 0xD71E, 0xD71E, 0xD71E, 0xD71E, 0xD71E, \
        0xD71E, 0xD71E, 0xD71E, 0xD71E, 0xD71E, 0xD71E, 0xD71E, 0xD71E, 0xD71E, 0xD71E, 0xD71E, 0xD73E, \
        0xD73E, 0xD73E, 0xD73E, 0xD71E, 0xD73E, 0xD73E, 0xD73E, 0xD73E, 0x73D0, 0x0000, 0x09A6, 0x2710, \
        0x2771, 0x2771, 0x2771, 0x2771, 0x2771, 0x2771, 0x2771, 0x2771, 0x2771, 0x2771, 0x2771, 0x2771, \
        0x2771, 0x2771, 0x2771, 0x2771, 0x2771, 0x2771, 0x2771, 0x2771, 0x2771, 0x2771, 0x2771, 0x2771, \
        0x2771, 0x2771, 0x2771, 0x2771, 0x2771, 0x2771, 0x2771, 0x2771, 0x2771, 0x2771, 0x2771, 0x2771, \
        0x2771, 0x2771, 0x2771, 0x2771, 0x2771, 0x2771, 0x2771, 0x2771, 0x2771, 0x2771, 0x2771, 0x2771, \
        0x2771, 0x2771, 0x2771, 0x2771, 0x2771, 0x2771, 0x2771, 0x2771, 0x2771, 0x2771, 0x2771, 0x2771, \
        0x2771, 0x2771, 0x2771, 0x2771, 0x2771, 0x2771, 0x2771, 0x2771, 0x2771, 0x2771, 0x2771, 0x2771, \
        0x2771, 0x2771, 0x2771, 0x2771, 0x2771, 0x2771, 0x2771, 0x2771, 0x2771, 0x2771, 0x2771, 0x2771, \
        0x2771, 0x2771, 0x2771, 0x2771, 0x2771, 0x2771, 0x2771, 0x2771, 0x2771, 0x2771, 0x2771, 0x2771, \
        0x2771, 0x2771, 0x2771, 0x2771, 0x2771, 0x2771, 0x2771, 0x2771, 0x2771, 0x2771, 0x2771, 0x2771, \
        0x2771, 0x2771, 0x2771, 0x2771, 0x2771, 0x2771, 0x2771, 0x2771, 0x26D0, 0x01C7, 0x0001, 0x0109, \
        0x0253, 0x0273, 0x0253, 0x0A73, 0x2B56, 0x2B77, 0x2B57, 0x2B57, 0x2B57, 0x2B57, 0x2B77, 0x2B77, \
        0x2B77, 0x2B77, 0x2B77, 0x2B57, 0x2B77, 0x3377, 0x2B36, 0x0044, 0x00A6, 0x2292, 0x3377, 0x3398, \
        0x3377, 0x3357, 0x2B78, 0x2B77, 0x2B77, 0x2B77, 0x2B77, 0x2B77, 0x2B77, 0x2B77, 0x2B77, 0x2B77, \
        0x2B77, 0x2B77, 0x2B77, 0x2B77, 0x2B77, 0x2B77, 0x2B77, 0x2B77, 0x2B77, 0x2B77, 0x2B77, 0x2B77, \
        0x2B77, 0x2B77, 0x2B77, 0x2B77, 0x3377, 0x2B77, 0x2B77, 0x2B77, 0x2B57, 0x2B57, 0x2B77, 0x2B77, \
        0x2B57, 0x2B77, 0x3377, 0x3377, 0x2B77, 0x2B57, 0x3377, 0x3BB8, 0x443A, 0x445B, 0x4C7B, 0x43F8, \
        0x2AB0, 0x00A5, 0x0000, 0x0186, 0x1CAD, 0x26D0, 0x2771, 0x2771, 0x2771, 0x2771, 0x2771, 0x2771, \
        0x2771, 0x2771, 0x1DAE, 0x09E4, 0x0003, 0x01AA, 0x01CB, 0x00C6, 0x00E2, 0x140B, 0x2751, 0x2771, \
        0x2771, 0x2771, 0x2771, 0x2771, 0x2771, 0x2771, 0x2771, 0x2771, 0x26F0, 0x0AE6, 0x01C9, 0x01CA, \
        0x09A3, 0x1DEE, 0x2771, 0x2771, 0x2751, 0x264F, 0x1CAC, 0x0AE9, 0x0125, 0x0002, 0x0000, 0x0000, \
        0x0908, 0x19CD, 0x2271, 0x2B14, 0x3377, 0x3398, 0x3377, 0x2B57, 0x1B37, 0x1337, 0x0B37, 0x2B57, \
        0x4BD7, 0x6C99, 0x8D5A, 0xAE1C, 0xC6BD, 0xD71E, 0xDF3E, 0xDF5E, 0xDF5E, 0xDF3E, 0xD73E, 0xD73E, \
        0xD73E, 0xD73E, 0xD73E, 0xD73E, 0xD73E, 0xD73E, 0xD73E, 0xD73E, 0xD71E, 0xD71E, 0xCEFE, 0xCEFE, \
        0xCEFE, 0xCEFE, 0xCEFE, 0xCF1E, 0xD71E, 0xCEFE, 0xCF1E, 0xD71E, 0xD71E, 0xD71E, 0xD71E, 0xD71E, \
        0xD71E, 0xD71E, 0xD71E, 0xD71E, 0xD71E, 0xD71E, 0xD71E, 0xD71E, 0xD71E, 0xD71E, 0xD71E, 0xD71E, \
        0xD71E, 0xD71E, 0xD71E, 0xD71E, 0xD71E, 0xD71E, 0xD71E, 0xD71E, 0xD73E, 0xD73E, 0xD73E, 0xD73E, \
        0xD73E, 0xD73E, 0xDF5F, 0xADB8, 0x0000, 0x0044, 0x254D, 0x2771, 0x2771, 0x2771, 0x2771, 0x2771, \
        0x2771, 0x2771, 0x2771, 0x2771, 0x2771, 0x2771, 0x2771, 0x2771, 0x2771, 0x2771, 0x2771, 0x2771, \
        0x2771, 0x2771, 0x2771, 0x2771, 0x2771, 0x2771, 0x2771, 0x2771, 0x2771, 0x2771, 0x2771, 0x2771, \
        0x2771, 0x2771, 0x2771, 0x2771, 0x2771, 0x2771, 0x2771, 0x2771, 0x2771, 0x2771, 0x2771, 0x2771, \
        0x2771, 0x2771, 0x2771, 0x2771, 0x2771, 0x2771, 0x2771, 0x2771, 0x2771, 0x2771, 0x2771, 0x2771, \
        0x2771, 0x2771, 0x2771, 0x2771, 0x2771, 0x2771, 0x2771, 0x2771, 0x2771, 0x2771, 0x2771, 0x2771, \
        0x2771, 0x2771, 0x2771, 0x2771, 0x2771, 0x2771, 0x2771, 0x2771, 0x2771, 0x2771, 0x2771, 0x2771, \
        0x2771, 0x2771, 0x2771, 0x2771, 0x2771, 0x2771, 0x2771, 0x2771, 0x2771, 0x2771, 0x2771, 0x2771, \
        0x2771, 0x2771, 0x2771, 0x2771, 0x2771, 0x2771, 0x2771, 0x2771, 0x2771, 0x2771, 0x2771, 0x2771, \
        0x2771, 0x2771, 0x2771, 0x2771, 0x2771, 0x2771, 0x2771, 0x2771, 0x2771, 0x2771, 0x2771, 0x2771, \
        0x2771, 0x2771, 0x2771, 0x2771, 0x2771, 0x2690, 0x0166, 0x0000, 0x014B, 0x0273, 0x0273, 0x0253, \
        0x1AB4, 0x2B57, 0x2B57, 0x2B57, 0x2B57, 0x2B57, 0x2B57, 0x2B77, 0x2B77, 0x2B57, 0x2B57, 0x2B77, \
        0x2B77, 0x3378, 0x2B56, 0x19ED, 0x2B15, 0x3398, 0x2B78, 0x3377, 0x3357, 0x3377, 0x3377, 0x2B77, \
        0x2B77, 0x2B77, 0x2B77, 0x2B77, 0x2B77, 0x3377, 0x2B77, 0x2B77, 0x2B77, 0x2B77, 0x2B77, 0x2B77, \
        0x2B77, 0x2B77, 0x2B77, 0x2B77, 0x2B77, 0x2B77, 0x2B77, 0x2B77, 0x2B77, 0x2B77, 0x2B77, 0x2B77, \
        0x2B77, 0x2B77, 0x2B77, 0x2B77, 0x2B77, 0x2B77, 0x2B77, 0x2B77, 0x2B77, 0x2B77, 0x2B77, 0x2B77, \
        0x2B77, 0x3377, 0x2B77, 0x2B77, 0x2B57, 0x3377, 0x3BD8, 0x443A, 0x4C9B, 0x4439, 0x3312, 0x0907, \
        0x0000, 0x00A4, 0x138A, 0x1E0F, 0x2751, 0x2771, 0x2771, 0x2771, 0x2771, 0x2771, 0x2771, 0x2751, \
        0x1E0F, 0x148D, 0x144C, 0x1D8E, 0x26F0, 0x2771, 0x2771, 0x2771, 0x2771, 0x2771, 0x2771, 0x2771, \
        0x2771, 0x2771, 0x2771, 0x2771, 0x2771, 0x2771, 0x26F0, 0x26AF, 0x2751, 0x26F0, 0x1D4D, 0x138A, \
        0x09C6, 0x0043, 0x0000, 0x0000, 0x00A6, 0x118B, 0x2270, 0x2AF4, 0x2B56, 0x2B77, 0x2B57, 0x1B37, \
        0x1337, 0x2357, 0x3B98, 0x5C18, 0x74D9, 0x957A, 0xAE1B, 0xBE9D, 0xCEFE, 0xD73E, 0xDF5E, 0xDF5E, \
        0xDF3E, 0xD73E, 0xD73E, 0xD73E, 0xDF3E, 0xD73E, 0xD73E, 0xD73E, 0xD73E, 0xD73E, 0xD73E, 0xD73E, \
        0xD73E, 0xD71E, 0xD71E, 0xCEFE, 0xCEFE, 0xCEFE, 0xCEFE, 0xCEFE, 0xCEFE, 0xCEFE, 0xCEFE, 0xCEFE, \
        0xCF1E, 0xCF1E, 0xCEFE, 0xD71E, 0xCF1E, 0xCF1E, 0xD71E, 0xD6FE, 0xD71E, 0xD71E, 0xD71E, 0xD71E, \
        0xD71E, 0xD71E, 0xD71E, 0xD71E, 0xD71E, 0xD71E, 0xD71E, 0xD71E, 0xD71E, 0xD71E, 0xD71E, 0xD71E, \
        0xD71E, 0xD71E, 0xD71E, 0xD71E, 0xD73E, 0xD71E, 0xD73E, 0xD73E, 0xD73E, 0xD73E, 0xCEDC, 0x3A29, \
        0x0001, 0x12E9, 0x2771, 0x2771, 0x2771, 0x2771, 0x2771, 0x2771, 0x2771, 0x2771, 0x2771, 0x2771, \
        0x2771, 0x2771, 0x2771, 0x2771, 0x2771, 0x2771, 0x2771, 0x2771, 0x2771, 0x2771, 0x2771, 0x2771, \
        0x2771, 0x2771, 0x2771, 0x2771, 0x2771, 0x2771, 0x2771, 0x2771, 0x2771, 0x2771, 0x2771, 0x2771, \
        0x2771, 0x2771, 0x2771, 0x2771, 0x2771, 0x2771, 0x2771, 0x2771, 0x2771, 0x2771, 0x2771, 0x2771, \
        0x2771, 0x2771, 0x2771, 0x2771, 0x2771, 0x2771, 0x2771, 0x2771, 0x2771, 0x2771, 0x2771, 0x2771, \
        0x2771, 0x2771, 0x2771, 0x2771, 0x2771, 0x2771, 0x2771, 0x2771, 0x2771, 0x2771, 0x2771, 0x2771, \
        0x2771, 0x2771, 0x2771, 0x2771, 0x2771, 0x2771, 0x2771, 0x2771, 0x2771, 0x2771, 0x2771, 0x2771, \
        0x2771, 0x2771, 0x2771, 0x2771, 0x2771, 0x2771, 0x2771, 0x2771, 0x2771, 0x2771, 0x2771, 0x2771, \
        0x2771, 0x2771, 0x2771, 0x2771, 0x2771, 0x2771, 0x2771, 0x2771, 0x2771, 0x2771, 0x2771, 0x2771, \
        0x2771, 0x2771, 0x2771, 0x2771, 0x2771, 0x2771, 0x2771, 0x2771, 0x2771, 0x2771, 0x2771, 0x2771, \
        0x2771, 0x2771, 0x1E2F, 0x00C5, 0x0000, 0x018D, 0x0273, 0x0273, 0x0253, 0x22F6, 0x2B57, 0x2B57, \
        0x2B57, 0x2B57, 0x2B57, 0x2B57, 0x2B77, 0x2B77, 0x2B77, 0x2B77, 0x3377, 0x3377, 0x3377, 0x3377, \
        0x2B77, 0x2B77, 0x2B77, 0x3377, 0x3377, 0x3377, 0x3377, 0x2B77, 0x2B77, 0x2B77, 0x2B77, 0x2B77, \
        0x2B77, 0x2B77, 0x2B77, 0x2B77, 0x2B77, 0x2B77, 0x2B77, 0x2B77, 0x2B77, 0x2B77, 0x2B77, 0x2B77, \
        0x2B77, 0x2B77, 0x2B77, 0x2B77, 0x2B57, 0x2B77, 0x2B77, 0x2B77, 0x2B57, 0x2B77, 0x22F4, 0x1A2F, \
        0x2291, 0x2B36, 0x2B77, 0x2B57, 0x2B57, 0x2B57, 0x2B57, 0x2B77, 0x2B77, 0x2B77, 0x2B77, 0x2B77, \
        0x2B77, 0x2B57, 0x2B57, 0x2B77, 0x33B8, 0x441A, 0x4C7B, 0x4439, 0x3333, 0x19AA, 0x0000, 0x0020, \
        0x01C7, 0x142C, 0x262F, 0x2751, 0x2771, 0x2771, 0x2771, 0x2771, 0x2771, 0x2771, 0x2771, 0x2771, \
        0x2771, 0x2771, 0x2771, 0x2771, 0x2771, 0x2771, 0x2771, 0x2771, 0x2771, 0x2771, 0x2771, 0x2771, \
        0x2771, 0x2711, 0x1E0F, 0x144C, 0x0A48, 0x00C4, 0x0000, 0x0000, 0x0064, 0x096A, 0x1A2F, 0x22D3, \
        0x2B36, 0x2B57, 0x2357, 0x1337, 0x0B16, 0x2B57, 0x5C18, 0x7CF9, 0x9DBB, 0xB65C, 0xC6DD, 0xD71E, \
        0xD73E, 0xDF5E, 0xDF5E, 0xD73E, 0xD73E, 0xD73E, 0xD73E, 0xDF3E, 0xD73E, 0xD73E, 0xD73E, 0xD73E, \
        0xD73E, 0xD73E, 0xD73E, 0xDF3E, 0xDF3E, 0xD73E, 0xD71E, 0xCF1E, 0xCEFE, 0xCEFE, 0xCEFD, 0xCEFD, \
        0xCEFE, 0xCEFE, 0xCEFE, 0xCEFE, 0xCEFE, 0xCEFE, 0xCEFE, 0xCEFE, 0xCEFE, 0xCEFE, 0xCF1E, 0xCF1E, \
        0xCF1E, 0xCF1E, 0xCEFE, 0xD71E, 0xD71E, 0xD71E, 0xD71E, 0xD71E, 0xD71E, 0xD71E, 0xD71E, 0xD71E, \
        0xD71E, 0xD71E, 0xD71E, 0xD71E, 0xD71E, 0xD71E, 0xD71E, 0xD71E, 0xD71E, 0xD71E, 0xD73E, 0xD71E, \
        0xD73E, 0xD73E, 0xD73E, 0xD73E, 0xD73E, 0xD73E, 0x8452, 0x0000, 0x0925, 0x26B0, 0x2771, 0x2771, \
        0x2771, 0x2771, 0x2771, 0x2771, 0x2771, 0x2771, 0x2771, 0x2771, 0x2771, 0x2771, 0x2771, 0x2771, \
        0x2771, 0x2771, 0x2771, 0x2771, 0x2771, 0x2771, 0x2771, 0x2771, 0x2771, 0x2771, 0x2771, 0x2771, \
        0x2771, 0x2771, 0x2771, 0x2771, 0x2771, 0x2771, 0x2771, 0x2771, 0x2771, 0x2771, 0x2771, 0x2771, \
        0x2771, 0x2771, 0x2771, 0x2771, 0x2771, 0x2771, 0x2771, 0x2771, 0x2771, 0x2771, 0x2771, 0x2771, \
        0x2771, 0x2771, 0x2771, 0x2771, 0x2771, 0x2771, 0x2771, 0x2771, 0x2771, 0x2771, 0x2771, 0x2771, \
        0x2771, 0x2771, 0x2771, 0x2771, 0x2771, 0x2771, 0x2771, 0x2771, 0x2771, 0x2771, 0x2771, 0x2771, \
        0x2771, 0x2771, 0x2771, 0x2771, 0x2771, 0x2771, 0x2771, 0x2771, 0x2771, 0x2771, 0x2771, 0x2771, \
        0x2771, 0x2771, 0x2771, 0x2771, 0x2771, 0x2771, 0x2771, 0x2771, 0x2771, 0x2771, 0x2771, 0x2771, \
        0x2771, 0x2771, 0x2771, 0x2771, 0x2771, 0x2771, 0x2771, 0x2771, 0x2771, 0x2771, 0x2771, 0x2771, \
        0x2771, 0x2771, 0x2771, 0x2771, 0x2771, 0x2771, 0x2771, 0x2771, 0x2771, 0x2771, 0x2771, 0x1D0D, \
        0x0044, 0x0002, 0x01CF, 0x0274, 0x0273, 0x0A74, 0x2B37, 0x2B57, 0x2B57, 0x2B57, 0x2B77, 0x2B57, \
        0x2B77, 0x2B77, 0x2B77, 0x2B77, 0x3377, 0x3377, 0x3377, 0x3377, 0x2B77, 0x2B77, 0x3377, 0x3398, \
        0x3378, 0x3377, 0x2B77, 0x2B77, 0x2B77, 0x2B77, 0x2B77, 0x2B77, 0x2B77, 0x2B77, 0x2B77, 0x2B77, \
        0x2B77, 0x2B77, 0x2B57, 0x2B57, 0x2B77, 0x2B57, 0x2B77, 0x2B77, 0x2B77, 0x2B77, 0x2B77, 0x2B77, \
        0x2B77, 0x2B77, 0x2B77, 0x2B77, 0x2B77, 0x22F4, 0x0044, 0x0000, 0x0000, 0x00A5, 0x1A50, 0x2B56, \
        0x2B57, 0x2B57, 0x2B77, 0x2B57, 0x2B77, 0x2B77, 0x2B77, 0x2B77, 0x2B77, 0x2B77, 0x3377, 0x3377, \
        0x3377, 0x2B77, 0x3377, 0x33B8, 0x3BF9, 0x4419, 0x3B96, 0x2A8F, 0x0907, 0x0000, 0x0040, 0x0186, \
        0x138A, 0x1D4E, 0x26B0, 0x2751, 0x2771, 0x2771, 0x2771, 0x2771, 0x2771, 0x2771, 0x2771, 0x2771, \
        0x2771, 0x2771, 0x2771, 0x2771, 0x2771, 0x26F0, 0x1E0F, 0x1C8C, 0x0AC8, 0x0125, 0x0022, 0x0000, \
        0x0023, 0x0929, 0x1A0E, 0x2292, 0x2AF4, 0x2B36, 0x2337, 0x0B17, 0x0B37, 0x3377, 0x5C38, 0x8D3A, \
        0xAE1B, 0xC6BD, 0xD71E, 0xDF5E, 0xDF5E, 0xDF5E, 0xDF3E, 0xDF3E, 0xD73E, 0xD73E, 0xD73E, 0xD73E, \
        0xD73E, 0xD73E, 0xD73E, 0xD73E, 0xD73E, 0xD73E, 0xD73E, 0xDF3E, 0xD73E, 0xD73E, 0xD71E, 0xD71E, \
        0xCEFE, 0xCEDD, 0xCEDD, 0xCEDD, 0xCEDD, 0xCEFD, 0xCEDD, 0xCEDD, 0xCEFE, 0xCEFE, 0xCEFE, 0xCEFE, \
        0xCEFE, 0xCEFE, 0xCEFE, 0xCEFE, 0xCEFE, 0xCEFE, 0xCF1E, 0xCEFE, 0xCEFE, 0xCEFE, 0xCEFE, 0xCF1E, \
        0xD71E, 0xD71E, 0xD71E, 0xD71E, 0xD71E, 0xD71E, 0xD71E, 0xD71E, 0xD71E, 0xD71E, 0xD71E, 0xD71E, \
        0xD71E, 0xD71E, 0xD71E, 0xD71E, 0xD71E, 0xD71E, 0xD71E, 0xD71E, 0xD73E, 0xD73E, 0xD73E, 0xD73E, \
        0xDF5F, 0xADD8, 0x0000, 0x0023, 0x1CAC, 0x2771, 0x2771, 0x2771, 0x2771, 0x2771, 0x2771, 0x2771, \
        0x2771, 0x2771, 0x2771, 0x2771, 0x2771, 0x2771, 0x2771, 0x2771, 0x2771, 0x2771, 0x2771, 0x2771, \
        0x2771, 0x2771, 0x2771, 0x2771, 0x2771, 0x2771, 0x2771, 0x2771, 0x2771, 0x2771, 0x2771, 0x2771, \
        0x2771, 0x2771, 0x2771, 0x2771, 0x2771, 0x2771, 0x2771, 0x2771, 0x2771, 0x2771, 0x2771, 0x2771, \
        0x2771, 0x2771, 0x2771, 0x2771, 0x2771, 0x2771, 0x2771, 0x2771, 0x2771, 0x2771, 0x2771, 0x2771, \
        0x2771, 0x2771, 0x2771, 0x2771, 0x2771, 0x2771, 0x2771, 0x2771, 0x2771, 0x2771, 0x2771, 0x2771, \
        0x2771, 0x2771, 0x2771, 0x2771, 0x2771, 0x2771, 0x2771, 0x2771, 0x2771, 0x2771, 0x2771, 0x2771, \
        0x2771, 0x2771, 0x2771, 0x2771, 0x2771, 0x2771, 0x2771, 0x2771, 0x2771, 0x2771, 0x2771, 0x2771, \
        0x2771, 0x2771, 0x2771, 0x2771, 0x2771, 0x2771, 0x2771, 0x2771, 0x2771, 0x2771, 0x2771, 0x2771, \
        0x2771, 0x2771, 0x2771, 0x2771, 0x2771, 0x2771, 0x2771, 0x2771, 0x2771, 0x2771, 0x2771, 0x2771, \
        0x2771, 0x2771, 0x2771, 0x2771, 0x2771, 0x2771, 0x2771, 0x2771, 0x140B, 0x0023, 0x0044, 0x0211, \
        0x0274, 0x0273, 0x1AD4, 0x2B77, 0x2B77, 0x2B57, 0x2B77, 0x2B77, 0x2B77, 0x2B77, 0x2B77, 0x3377, \
        0x2B77, 0x3377, 0x3377, 0x3377, 0x3378, 0x2B56, 0x22B2, 0x22B2, 0x2B36, 0x3377, 0x2B77, 0x2B77, \
        0x2B77, 0x2B77, 0x2B77, 0x2B77, 0x2B77, 0x2B77, 0x2B77, 0x2B77, 0x2B77, 0x2B77, 0x2B77, 0x2B77, \
        0x2B57, 0x2B57, 0x2B77, 0x2B77, 0x2B77, 0x2B57, 0x2B77, 0x2B77, 0x2B77, 0x2B77, 0x2B77, 0x2B77, \
        0x3378, 0x1A50, 0x0000, 0x0000, 0x0001, 0x0023, 0x0000, 0x19ED, 0x2B56, 0x2B57, 0x2B57, 0x2B57, \
        0x2B57, 0x2B77, 0x2B77, 0x2B77, 0x2B77, 0x2B77, 0x2B77, 0x3377, 0x3377, 0x2B77, 0x2B77, 0x2B57, \
        0x2B56, 0x2B77, 0x33B8, 0x3BF9, 0x3BD8, 0x3374, 0x226F, 0x1148, 0x0000, 0x0000, 0x0083, 0x01A7, \
        0x0B09, 0x142B, 0x1D0D, 0x1DAE, 0x1E0F, 0x264F, 0x264F, 0x262F, 0x1DCE, 0x1D4D, 0x148C, 0x13AA, \
        0x0A68, 0x0126, 0x0022, 0x0000, 0x0002, 0x00C6, 0x118B, 0x1A30, 0x22D3, 0x2B36, 0x2B57, 0x1B36, \
        0x02F6, 0x2336, 0x5C17, 0x8D19, 0xAE1B, 0xC6BD, 0xD71E, 0xDF5E, 0xDF5E, 0xDF5E, 0xD73E, 0xDF3E, \
        0xDF3E, 0xDF3E, 0xDF3E, 0xDF3E, 0xD73E, 0xD73E, 0xD73E, 0xD73E, 0xD73E, 0xD73E, 0xD73E, 0xD73E, \
        0xD73E, 0xD73E, 0xD73E, 0xCEFE, 0xCEFE, 0xC6DD, 0xC6DD, 0xC6DD, 0xC6DD, 0xC6DD, 0xC6DD, 0xCEDD, \
        0xCEDD, 0xCEFD, 0xCEDD, 0xCEDD, 0xCEFE, 0xCEFE, 0xCEFE, 0xCEFE, 0xCEFE, 0xCEFE, 0xCEFE, 0xCEFE, \
        0xCEFE, 0xCEFE, 0xCEFE, 0xCEFE, 0xCEFE, 0xCEFE, 0xD71E, 0xCF1E, 0xCF1E, 0xD71E, 0xD71E, 0xD71E, \
        0xD71E, 0xD71E, 0xD71E, 0xD71E, 0xD71E, 0xD71E, 0xD71E, 0xD71E, 0xD71E, 0xD71E, 0xD71E, 0xD71E, \
        0xD71E, 0xD71E, 0xD71E, 0xD71E, 0xD73E, 0xD73E, 0xD73E, 0xDF3E, 0xCEDC, 0x424A, 0x0000, 0x12A8, \
        0x2771, 0x2771, 0x2771, 0x2771, 0x2771, 0x2771, 0x2771, 0x2771, 0x2771, 0x2771, 0x2771, 0x2771, \
        0x2771, 0x2771, 0x2771, 0x2771, 0x2771, 0x2771, 0x2771, 0x2771, 0x2771, 0x2771, 0x2771, 0x2771, \
        0x2771, 0x2771, 0x2771, 0x2771, 0x2771, 0x2771, 0x2771, 0x2771, 0x2771, 0x2771, 0x2771, 0x2771, \
        0x2771, 0x2771, 0x2771, 0x2771, 0x2771, 0x2771, 0x2771, 0x2771, 0x2771, 0x2771, 0x2771, 0x2771, \
        0x2771, 0x2771, 0x2771, 0x2771, 0x2771, 0x2771, 0x2771, 0x2771, 0x2771, 0x2771, 0x2771, 0x2771, \
        0x2771, 0x2771, 0x2771, 0x2771, 0x2771, 0x2771, 0x2771, 0x2771, 0x2771, 0x2771, 0x2771, 0x2771, \
        0x2771, 0x2771, 0x2771, 0x2771, 0x2771, 0x2771, 0x2771, 0x2771, 0x2771, 0x2771, 0x2771, 0x2771, \
        0x2771, 0x2771, 0x2771, 0x2771, 0x2771, 0x2771, 0x2771, 0x2771, 0x2771, 0x2771, 0x2771, 0x2771, \
        0x2771, 0x2771, 0x2771, 0x2771, 0x2771, 0x2771, 0x2771, 0x2771, 0x2771, 0x2771, 0x2771, 0x2771, \
        0x2771, 0x2771, 0x2771, 0x2771, 0x2771, 0x2771, 0x2771, 0x2771, 0x2771, 0x2771, 0x2771, 0x2771, \
        0x2771, 0x2771, 0x2771, 0x2771, 0x2771, 0x0AE9, 0x0002, 0x00E8, 0x0253, 0x0273, 0x0273, 0x2336, \
        0x2B77, 0x2B77, 0x2B77, 0x2B77, 0x2B77, 0x2B77, 0x2B77, 0x2B77, 0x3377, 0x2B77, 0x3377, 0x3378, \
        0x2B36, 0x118A, 0x0000, 0x0000, 0x00C5, 0x2B14, 0x2B77, 0x2B77, 0x2B77, 0x2B77, 0x2B77, 0x2B77, \
        0x2B77, 0x2B77, 0x2B77, 0x2B77, 0x2B77, 0x2B77, 0x2B77, 0x2B77, 0x2B77, 0x2B57, 0x2B77, 0x2B57, \
        0x2B77, 0x2B77, 0x2B77, 0x2B77, 0x2B77, 0x2B77, 0x2B77, 0x2B77, 0x2B77, 0x2B56, 0x22D4, 0x22B2, \
        0x11CC, 0x0001, 0x0001, 0x0000, 0x1A71, 0x2B77, 0x2B57, 0x2B57, 0x2B57, 0x2B77, 0x2B77, 0x2B57, \
        0x2B77, 0x2B77, 0x2B77, 0x2B77, 0x2B77, 0x2B77, 0x2B77, 0x2B77, 0x2B77, 0x2B77, 0x2B57, 0x2B57, \
        0x2B77, 0x3398, 0x33B8, 0x3397, 0x2B35, 0x22B1, 0x1A0E, 0x096A, 0x0085, 0x0000, 0x0000, 0x0000, \
        0x0020, 0x0021, 0x0040, 0x0020, 0x0000, 0x0000, 0x0001, 0x0002, 0x0085, 0x00E8, 0x098B, 0x120F, \
        0x1A92, 0x22D4, 0x22F5, 0x12F5, 0x02D5, 0x02F5, 0x4396, 0x74B8, 0xA5DB, 0xC69D, 0xD71E, 0xDF5E, \
        0xDF5E, 0xDF3E, 0xDF3E, 0xD73E, 0xD73E, 0xD73E, 0xDF3E, 0xDF3E, 0xDF3E, 0xDF5E, 0xDF3E, 0xDF3E, \
        0xD73E, 0xDF3E, 0xDF3E, 0xD73E, 0xD73E, 0xD71E, 0xD71E, 0xCEFE, 0xCEDD, 0xC6DD, 0xC6DD, 0xC6BD, \
        0xC6DD, 0xC6DD, 0xC6DD, 0xC6DD, 0xC6DD, 0xC6DD, 0xC6DD, 0xC6DD, 0xCEDD, 0xCEDD, 0xCEDD, 0xCEDD, \
        0xCEDD, 0xCEFE, 0xCEFE, 0xCEFE, 0xCEFE, 0xCEFE, 0xCEFE, 0xCEFE, 0xCEFE, 0xCEFE, 0xCEFE, 0xCEFE, \
        0xCEFE, 0xCF1E, 0xD71E, 0xD71E, 0xCF1E, 0xD71E, 0xD71E, 0xD71E, 0xD71E, 0xD71E, 0xD71E, 0xD71E, \
        0xD71E, 0xD71E, 0xD71E, 0xD71E, 0xD71E, 0xD71E, 0xD71E, 0xD71E, 0xD71E, 0xD71E, 0xD71E, 0xD71E, \
        0xD73E, 0xD73E, 0xD73E, 0xDF3E, 0x7C32, 0x0000, 0x0925, 0x2690, 0x2771, 0x2771, 0x2771, 0x2771, \
        0x2771, 0x2771, 0x2771, 0x2771, 0x2771, 0x2771, 0x2771, 0x2771, 0x2771, 0x2771, 0x2771, 0x2771, \
        0x2771, 0x2771, 0x2771, 0x2771, 0x2771, 0x2771, 0x2771, 0x2771, 0x2771, 0x2771, 0x2771, 0x2771, \
        0x2771, 0x2771, 0x2771, 0x2771, 0x2771, 0x2771, 0x2771, 0x2771, 0x2771, 0x2771, 0x2771, 0x2771, \
        0x2771, 0x2771, 0x2771, 0x2771, 0x2771, 0x2771, 0x2771, 0x2771, 0x2771, 0x2771, 0x2771, 0x2771, \
        0x2771, 0x2771, 0x2771, 0x2771, 0x2771, 0x2771, 0x2771, 0x2771, 0x2771, 0x2771, 0x2771, 0x2771, \
        0x2771, 0x2771, 0x2771, 0x2771, 0x2771, 0x2771, 0x2771, 0x2771, 0x2771, 0x2771, 0x2771, 0x2771, \
        0x2771, 0x2771, 0x2771, 0x2771, 0x2771, 0x2771, 0x2771, 0x2771, 0x2771, 0x2771, 0x2771, 0x2771, \
        0x2771, 0x2771, 0x2771, 0x2771, 0x2771, 0x2771, 0x2771, 0x2771, 0x2771, 0x2771, 0x2771, 0x2771, \
        0x2771, 0x2771, 0x2771, 0x2771, 0x2771, 0x2771, 0x2771, 0x2771, 0x2771, 0x2771, 0x2771, 0x2771, \
        0x2771, 0x2771, 0x2771, 0x2771, 0x2771, 0x2771, 0x2771, 0x2771, 0x2771, 0x2771, 0x2771, 0x2771, \
        0x2771, 0x26F0, 0x01A6, 0x0000, 0x016C, 0x0A73, 0x0253, 0x1AB4, 0x2B77, 0x2B77, 0x2B77, 0x2B77, \
        0x2B77, 0x2B77, 0x2B77, 0x3377, 0x3377, 0x3377, 0x3377, 0x3377, 0x11AB, 0x0000, 0x0000, 0x0000, \
        0x0000, 0x1A0E, 0x2B78, 0x2B77, 0x2B57, 0x2B77, 0x2B77, 0x2B77, 0x2B77, 0x2B77, 0x2B77, 0x2B77, \
        0x2B77, 0x2B77, 0x2B77, 0x2B57, 0x2B57, 0x2B57, 0x2B77, 0x2B77, 0x2B57, 0x2B57, 0x2B57, 0x2B77, \
        0x2B77, 0x2B77, 0x2B77, 0x2B77, 0x2B77, 0x2B77, 0x3377, 0x3377, 0x3377, 0x22B2, 0x00A5, 0x0001, \
        0x00A7, 0x2B36, 0x2B77, 0x2B57, 0x2B57, 0x2B57, 0x2B57, 0x2B77, 0x2B77, 0x2B77, 0x2B77, 0x2B77, \
        0x2B77, 0x2B77, 0x2B77, 0x2B77, 0x2B77, 0x2B77, 0x2B77, 0x2B77, 0x2B77, 0x2B57, 0x2B57, 0x2B77, \
        0x3377, 0x3398, 0x3398, 0x3377, 0x2B36, 0x2AF4, 0x22D2, 0x2291, 0x2250, 0x1A0E, 0x1A0E, 0x1A2F, \
        0x1A50, 0x1230, 0x1251, 0x1A72, 0x1A92, 0x1AB3, 0x1AD4, 0x1AF5, 0x0AD5, 0x02B4, 0x12F5, 0x5BF6, \
        0x8D39, 0xB63C, 0xCEDD, 0xD73E, 0xDF5E, 0xDF5E, 0xDF3E, 0xD73E, 0xD73E, 0xD73E, 0xD73E, 0xD73E, \
        0xD73E, 0xDF3E, 0xDF5E, 0xDF5E, 0xDF5E, 0xDF5E, 0xD73E, 0xD71E, 0xD71E, 0xCEFE, 0xCEDD, 0xC6DD, \
        0xC6BD, 0xC6BD, 0xC6BD, 0xC6BD, 0xC6BD, 0xC6BD, 0xC6BD, 0xC6DD, 0xC6DD, 0xC6DD, 0xC6DD, 0xC6DD, \
        0xC6DD, 0xC6DD, 0xC6DD, 0xCEDD, 0xCEDD, 0xCEDD, 0xCEDD, 0xCEDD, 0xCEDD, 0xCEFE, 0xCEFE, 0xCEFE, \
        0xCEFE, 0xCEFE, 0xCEFE, 0xCEFE, 0xCEFE, 0xCEFE, 0xCEFE, 0xCEFE, 0xCEFE, 0xCEFE, 0xCF1E, 0xCF1E, \
        0xCEFE, 0xCEFE, 0xCF1E, 0xD71E, 0xD71E, 0xD71E, 0xD71E, 0xD71E, 0xCF1E, 0xD71E, 0xD71E, 0xD71E, \
        0xD71E, 0xD71E, 0xD71E, 0xD71E, 0xD71E, 0xD71E, 0xD71E, 0xD73E, 0xD73E, 0xD73E, 0xDF5F, 0xA597, \
        0x0000, 0x0044, 0x1D2D, 0x2771, 0x2771, 0x2771, 0x2771, 0x2771, 0x2771, 0x2771, 0x2771, 0x2771, \
        0x2771, 0x2771, 0x2771, 0x2771, 0x2771, 0x2771, 0x2771, 0x2771, 0x2771, 0x2771, 0x2771, 0x2771, \
        0x2771, 0x2771, 0x2771, 0x2771, 0x2771, 0x2771, 0x2771, 0x2771, 0x2771, 0x2771, 0x2771, 0x2771, \
        0x2771, 0x2771, 0x2771, 0x2771, 0x2771, 0x2771, 0x2771, 0x2771, 0x2771, 0x2771, 0x2771, 0x2771, \
        0x2771, 0x2771, 0x2771, 0x2771, 0x2771, 0x2771, 0x2771, 0x2771, 0x2771, 0x2771, 0x2771, 0x2771, \
        0x2771, 0x2771, 0x2771, 0x2771, 0x2771, 0x2771, 0x2771, 0x2771, 0x2771, 0x2771, 0x2771, 0x2771, \
        0x2771, 0x2771, 0x2771, 0x2771, 0x2771, 0x2771, 0x2771, 0x2771, 0x2771, 0x2771, 0x2771, 0x2771, \
        0x2771, 0x2771, 0x2771, 0x2771, 0x2771, 0x2771, 0x2771, 0x2771, 0x2771, 0x2771, 0x2771, 0x2771, \
        0x2771, 0x2771, 0x2771, 0x2771, 0x2771, 0x2771, 0x2771, 0x2771, 0x2771, 0x2771, 0x2771, 0x2771, \
        0x2771, 0x2771, 0x2771, 0x2771, 0x2771, 0x2771, 0x2771, 0x2771, 0x2771, 0x2771, 0x2771, 0x2771, \
        0x2771, 0x2771, 0x2771, 0x2771, 0x2771, 0x2771, 0x2771, 0x2771, 0x2771, 0x2771, 0x1DAE, 0x0084, \
        0x0001, 0x01F0, 0x0274, 0x0253, 0x2336, 0x2B77, 0x2B77, 0x2B77, 0x2B77, 0x2B77, 0x2B77, 0x2B77, \
        0x2B77, 0x3377, 0x3377, 0x22D3, 0x0000, 0x0002, 0x94B2, 0xA514, 0x2125, 0x0129, 0x2B57, 0x2B77, \
        0x2B77, 0x2B77, 0x2B77, 0x2B77, 0x2B77, 0x2B77, 0x2B77, 0x2B77, 0x2B77, 0x2B77, 0x2B77, 0x2B77, \
        0x2B57, 0x2B57, 0x2B57, 0x2B77, 0x2B77, 0x2B57, 0x2B57, 0x2B57, 0x2B57, 0x2B57, 0x2B57, 0x2B77, \
        0x2B77, 0x2B77, 0x2B57, 0x2B57, 0x2B57, 0x3377, 0x2AF4, 0x00C7, 0x0000, 0x2291, 0x3377, 0x2B57, \
        0x2B57, 0x2B57, 0x2B57, 0x2B57, 0x2B77, 0x2B77, 0x2B77, 0x2B77, 0x2B77, 0x2B77, 0x2B77, 0x2B57, \
        0x2B77, 0x2B77, 0x2B77, 0x2B77, 0x2B77, 0x2B57, 0x2B57, 0x2B77, 0x2B77, 0x3377, 0x3377, 0x3377, \
        0x3377, 0x3378, 0x3398, 0x3398, 0x3377, 0x3357, 0x2B36, 0x2336, 0x2316, 0x2315, 0x1AF5, 0x1AD5, \
        0x1AB4, 0x0293, 0x0253, 0x0AB4, 0x5BF6, 0x9559, 0xBE7C, 0xD73E, 0xDF5F, 0xDF5E, 0xD73E, 0xD73E, \
        0xDF3E, 0xDF3E, 0xDF3E, 0xDF3E, 0xD73E, 0xD73E, 0xD73E, 0xD73E, 0xD71E, 0xD71E, 0xCEFE, 0xCEFE, \
        0xC6DD, 0xC6BD, 0xC6BD, 0xBEBD, 0xBEBD, 0xBEBD, 0xBEBD, 0xC6BD, 0xC6BD, 0xC6BD, 0xC6BD, 0xC6BD, \
        0xC6BD, 0xC6BD, 0xC6BD, 0xC6DD, 0xC6DD, 0xC6DD, 0xC6DD, 0xC6DD, 0xCEDD, 0xCEDD, 0xCEDD, 0xC6DD, \
        0xCEDD, 0xCEDD, 0xCEDD, 0xCEDD, 0xCEDD, 0xCEDE, 0xCEFD, 0xCEFE, 0xCEFE, 0xCEFE, 0xCEFE, 0xCEFE, \
        0xCEFE, 0xCEFE, 0xCEFE, 0xCEFE, 0xCEFE, 0xCEFE, 0xCEFE, 0xCEFE, 0xCEFE, 0xCEFE, 0xD71E, 0xCF1E, \
        0xCF1E, 0xCF1E, 0xD71E, 0xCF1E, 0xCF1E, 0xCF1E, 0xD71E, 0xD71E, 0xD71E, 0xD71E, 0xD71E, 0xD71E, \
        0xD71E, 0xD71E, 0xD71E, 0xD73E, 0xD73E, 0xDF5E, 0xC67B, 0x2146, 0x0001, 0x1349, 0x2771, 0x2771, \
        0x2771, 0x2771, 0x2771, 0x2771, 0x2771, 0x2771, 0x2771, 0x2771, 0x2771, 0x2771, 0x2771, 0x2771, \
        0x2771, 0x2771, 0x2771, 0x2771, 0x2771, 0x2771, 0x2771, 0x2771, 0x2771, 0x2771, 0x2771, 0x2771, \
        0x2771, 0x2771, 0x2771, 0x2771, 0x2771, 0x2771, 0x2771, 0x2771, 0x2771, 0x2771, 0x2771, 0x2771, \
        0x2771, 0x2771, 0x2771, 0x2771, 0x2771, 0x2771, 0x2771, 0x2771, 0x2771, 0x2771, 0x2771, 0x2771, \
        0x2771, 0x2771, 0x2771, 0x2771, 0x2771, 0x2771, 0x2771, 0x2771, 0x2771, 0x2771, 0x2771, 0x2771, \
        0x2771, 0x2771, 0x2771, 0x2771, 0x2771, 0x2771, 0x2771, 0x2771, 0x2771, 0x2771, 0x2771, 0x2771, \
        0x2771, 0x2771, 0x2771, 0x2771, 0x2771, 0x2771, 0x2771, 0x2771, 0x2771, 0x2771, 0x2771, 0x2771, \
        0x2771, 0x2771, 0x2771, 0x2771, 0x2771, 0x2771, 0x2771, 0x2771, 0x2771, 0x2771, 0x2771, 0x2771, \
        0x2771, 0x2771, 0x2771, 0x2771, 0x2771, 0x2771, 0x2771, 0x2771, 0x2771, 0x2771, 0x2771, 0x2771, \
        0x2771, 0x2771, 0x2771, 0x2771, 0x266F, 0x1E0E, 0x26AF, 0x2771, 0x2771, 0x2771, 0x2771, 0x2771, \
        0x2771, 0x2771, 0x2771, 0x2771, 0x2771, 0x2771, 0x2771, 0x140B, 0x0023, 0x00A6, 0x0232, 0x0253, \
        0x1AB4, 0x2B77, 0x2B77, 0x2B77, 0x2B77, 0x2B57, 0x2B77, 0x2B77, 0x2B77, 0x2B77, 0x3377, 0x19ED, \
        0x0000, 0x73CF, 0xFFDF, 0xFFFF, 0x9492, 0x0005, 0x2B56, 0x2B77, 0x2B77, 0x2B77, 0x2B77, 0x2B77, \
        0x2B77, 0x2B77, 0x2B77, 0x2B77, 0x2B77, 0x2B77, 0x2B77, 0x2B77, 0x2B57, 0x2B57, 0x2B57, 0x2B57, \
        0x2B77, 0x2B77, 0x2B77, 0x2B77, 0x2B77, 0x2B57, 0x2B57, 0x2B77, 0x2B57, 0x2B57, 0x2B57, 0x2B77, \
        0x2B57, 0x2B57, 0x3378, 0x22B2, 0x0000, 0x118B, 0x2B57, 0x2B57, 0x2B57, 0x2B57, 0x2B57, 0x2B57, \
        0x2B77, 0x2B77, 0x2B77, 0x2B77, 0x2B77, 0x2B77, 0x2B77, 0x2B77, 0x2B77, 0x2B77, 0x2B77, 0x2B77, \
        0x2B77, 0x2B57, 0x2B77, 0x2B77, 0x3377, 0x2B77, 0x2B57, 0x2B57, 0x3377, 0x3378, 0x3398, 0x3377, \
        0x2B15, 0x22D4, 0x1AB3, 0x1AD4, 0x1AF4, 0x22F5, 0x12B4, 0x0273, 0x0294, 0x5BD6, 0x9D79, 0xBE9C, \
        0xD71E, 0xDF5E, 0xDF3E, 0xDF3E, 0xDF3E, 0xDF3E, 0xDF3E, 0xD73E, 0xDF3E, 0xD73E, 0xD71E, 0xD71E, \
        0xCEFE, 0xC6DD, 0xC6BD, 0xC6BD, 0xBEBD, 0xBE9D, 0xBE9D, 0xBE9D, 0xBE9D, 0xBE9D, 0xBE9D, 0xBEBD, \
        0xC6BD, 0xC6BD, 0xC6BD, 0xC6BD, 0xC6BD, 0xC6BD, 0xC6BD, 0xC6BD, 0xC6BD, 0xC6BD, 0xC6BD, 0xC6DD, \
        0xC6DD, 0xC6DD, 0xC6DD, 0xC6DD, 0xC6DD, 0xCEDD, 0xCEDD, 0xCEDD, 0xCEDD, 0xCEDD, 0xCEDD, 0xCEDD, \
        0xCEDD, 0xCEFD, 0xCEFE, 0xCEFE, 0xCEFE, 0xCEFE, 0xCEFE, 0xCEFE, 0xCEFE, 0xCEFE, 0xCEFE, 0xCEFE, \
        0xCEFE, 0xCEFE, 0xCEFE, 0xCEFE, 0xCEFE, 0xCF1E, 0xCEFE, 0xCEFE, 0xCEFE, 0xCEFE, 0xCEFE, 0xCEFE, \
        0xCF1E, 0xCF1E, 0xD71E, 0xD71E, 0xD71E, 0xD71E, 0xD71E, 0xD71E, 0xD71E, 0xD71E, 0xD71E, 0xD73E, \
        0xD73E, 0xD6FD, 0x5B0D, 0x0000, 0x09A6, 0x2710, 0x2771, 0x2771, 0x2771, 0x2771, 0x2771, 0x2771, \
        0x2771, 0x2771, 0x2771, 0x2771, 0x2771, 0x2771, 0x2771, 0x2771, 0x2771, 0x2771, 0x2771, 0x2771, \
        0x2771, 0x2771, 0x2771, 0x2771, 0x2771, 0x2771, 0x2771, 0x2771, 0x2771, 0x2771, 0x2771, 0x2771, \
        0x2771, 0x2771, 0x2771, 0x2771, 0x2771, 0x2771, 0x2771, 0x2771, 0x2771, 0x2771, 0x2771, 0x2771, \
        0x2771, 0x2771, 0x2771, 0x2771, 0x2771, 0x2771, 0x2771, 0x2771, 0x2771, 0x2771, 0x2771, 0x2771, \
        0x2771, 0x2771, 0x2771, 0x2771, 0x2771, 0x2771, 0x2771, 0x2771, 0x2771, 0x2771, 0x2771, 0x2771, \
        0x2771, 0x2771, 0x2771, 0x2771, 0x2771, 0x2771, 0x2771, 0x2771, 0x2771, 0x2771, 0x2771, 0x2771, \
        0x2771, 0x2771, 0x2771, 0x2771, 0x2771, 0x2771, 0x2771, 0x2771, 0x2771, 0x2771, 0x2771, 0x2771, \
        0x2771, 0x2771, 0x2771, 0x2771, 0x2771, 0x2771, 0x2771, 0x2771, 0x2771, 0x2771, 0x2771, 0x2771, \
        0x2771, 0x2771, 0x2771, 0x2771, 0x2771, 0x2771, 0x2771, 0x2771, 0x2771, 0x2771, 0x1DEF, 0x09E4, \
        0x024A, 0x02AE, 0x020B, 0x0AA6, 0x26D0, 0x2771, 0x2771, 0x2771, 0x2771, 0x2771, 0x2771, 0x2771, \
        0x2771, 0x2771, 0x2771, 0x2751, 0x0A28, 0x0001, 0x016B, 0x0253, 0x0A73, 0x2B57, 0x2B77, 0x2B77, \
        0x2B57, 0x2B77, 0x2B77, 0x2B77, 0x2B77, 0x2B77, 0x2B77, 0x0949, 0x0000, 0x6B6E, 0xF79E, 0xF7BE, \
        0x7BCF, 0x00CA, 0x3377, 0x3377, 0x2B77, 0x2B77, 0x2B77, 0x2B77, 0x2B77, 0x2B77, 0x2B77, 0x2B77, \
        0x2B77, 0x2B77, 0x2B77, 0x2B77, 0x2B77, 0x2B77, 0x2B77, 0x2B57, 0x2B77, 0x2B57, 0x2B77, 0x2B77, \
        0x2B77, 0x2B57, 0x2B57, 0x2B77, 0x2B77, 0x2B57, 0x2B57, 0x2B77, 0x2B57, 0x2B57, 0x2B57, 0x3356, \
        0x19CC, 0x118B, 0x2B57, 0x2B57, 0x2B57, 0x2B57, 0x2B77, 0x2B57, 0x2B77, 0x2B77, 0x2B77, 0x2B77, \
        0x2B77, 0x2B77, 0x2B77, 0x2B77, 0x2B77, 0x2B77, 0x2B77, 0x2B77, 0x2B77, 0x2B57, 0x2B77, 0x2B77, \
        0x2B77, 0x2B77, 0x2B57, 0x3377, 0x3377, 0x2B77, 0x2B36, 0x22F4, 0x1AD4, 0x1AD4, 0x22D4, 0x1AD4, \
        0x0294, 0x0294, 0x4375, 0x8CF8, 0xBE7C, 0xD71E, 0xDF5F, 0xDF5E, 0xDF3E, 0xD73E, 0xD73E, 0xD73E, \
        0xD73E, 0xD71E, 0xCEFE, 0xCEDD, 0xC6DD, 0xC6BD, 0xBE9D, 0xBE9D, 0xBE9D, 0xBE9D, 0xBE9D, 0xBE9D, \
        0xBE9D, 0xBE9D, 0xBEBD, 0xBE9D, 0xBEBD, 0xBEBD, 0xBEBD, 0xBEBD, 0xC6BD, 0xC6BD, 0xC6BD, 0xC6BD, \
        0xC6BD, 0xC6BD, 0xC6BD, 0xC6BD, 0xC6BD, 0xC6BD, 0xC6DD, 0xC6DD, 0xC6DD, 0xC6DD, 0xC6DD, 0xC6DD, \
        0xC6DD, 0xC6DD, 0xCEDD, 0xCEDD, 0xCEDD, 0xCEDD, 0xCEDD, 0xCEDD, 0xCEDD, 0xCEFD, 0xCEFD, 0xCEFE, \
        0xCEFE, 0xCEFE, 0xCEFE, 0xCEFE, 0xCEFE, 0xCEFD, 0xCEFE, 0xCEFE, 0xCEFE, 0xCEFE, 0xCEFE, 0xCEFE, \
        0xCEFE, 0xCEFE, 0xCEFE, 0xCEFE, 0xCEFE, 0xCEFE, 0xCEFE, 0xCEFE, 0xCEFE, 0xD71E, 0xCF1E, 0xD71E, \
        0xD71E, 0xD71E, 0xD71E, 0xD71E, 0xD71E, 0xD71E, 0xD71E, 0xD73E, 0xD73E, 0x8472, 0x0000, 0x00A4, \
        0x25EE, 0x2771, 0x2771, 0x2771, 0x2771, 0x2771, 0x2771, 0x2771, 0x2771, 0x2771, 0x2771, 0x2771, \
        0x2771, 0x2771, 0x2771, 0x2771, 0x2771, 0x2771, 0x2771, 0x2771, 0x2771, 0x2771, 0x2771, 0x2771, \
        0x2771, 0x2771, 0x2771, 0x2771, 0x2771, 0x2771, 0x2771, 0x2771, 0x2771, 0x2771, 0x2771, 0x2771, \
        0x2771, 0x2771, 0x2771, 0x2771, 0x2771, 0x2771, 0x2771, 0x2771, 0x2771, 0x2771, 0x2771, 0x2771, \
        0x2771, 0x2771, 0x2771, 0x2771, 0x2771, 0x2771, 0x2771, 0x2771, 0x2771, 0x2771, 0x2771, 0x2771, \
        0x2771, 0x2771, 0x2771, 0x2771, 0x2771, 0x2771, 0x2771, 0x2771, 0x2771, 0x2771, 0x2771, 0x2771, \
        0x2771, 0x2771, 0x2771, 0x2771, 0x2771, 0x2771, 0x2771, 0x2771, 0x2771, 0x2771, 0x2771, 0x2771, \
        0x2771, 0x2771, 0x2771, 0x2771, 0x2771, 0x2771, 0x2771, 0x2771, 0x2771, 0x2771, 0x2771, 0x2771, \
        0x2771, 0x2771, 0x2771, 0x2771, 0x2771, 0x2771, 0x2771, 0x2771, 0x2771, 0x2771, 0x2771, 0x2771, \
        0x2771, 0x2771, 0x2771, 0x2771, 0x2771, 0x1DCE, 0x0126, 0x0496, 0x05FD, 0x567E, 0x86BD, 0x2C75, \
        0x09A6, 0x2731, 0x2771, 0x2771, 0x2771, 0x2771, 0x2771, 0x2771, 0x2771, 0x2771, 0x2771, 0x2771, \
        0x1DEF, 0x0084, 0x0023, 0x0210, 0x0253, 0x22F5, 0x2B77, 0x2B77, 0x2B57, 0x2B77, 0x2B57, 0x2B57, \
        0x2B77, 0x3377, 0x2B57, 0x0949, 0x0001, 0x0000, 0x6B6E, 0x6B8E, 0x0000, 0x2291, 0x3398, 0x3377, \
        0x2B77, 0x2B77, 0x2B77, 0x2B77, 0x2B77, 0x2B77, 0x2B77, 0x2B77, 0x2B77, 0x2B77, 0x2B77, 0x2B77, \
        0x2B77, 0x2B77, 0x2B77, 0x2B77, 0x2B77, 0x2B57, 0x2B57, 0x2B57, 0x2B57, 0x2B77, 0x2B77, 0x2B57, \
        0x2B57, 0x2B57, 0x2B15, 0x2B14, 0x2B36, 0x2B57, 0x3377, 0x3377, 0x3356, 0x2B56, 0x2B77, 0x2B57, \
        0x2B57, 0x2B57, 0x2B77, 0x2B77, 0x2B77, 0x2B77, 0x2B77, 0x2B77, 0x2B77, 0x2B77, 0x2B77, 0x2B77, \
        0x2B77, 0x2B77, 0x2B77, 0x2B77, 0x2B77, 0x2B77, 0x2B57, 0x2B77, 0x2B57, 0x3377, 0x3377, 0x2B36, \
        0x22F5, 0x1AD4, 0x1AD4, 0x1AD4, 0x1AD4, 0x0AB4, 0x0274, 0x1AD4, 0x6C57, 0xA5FB, 0xCEFE, 0xD75E, \
        0xDF5F, 0xDF3E, 0xD73E, 0xD73E, 0xD71E, 0xCEFE, 0xCEDE, 0xC6BD, 0xBE9D, 0xBE9D, 0xBE9D, 0xBE9D, \
        0xBE9D, 0xBE9D, 0xBE9D, 0xBE9D, 0xBE9D, 0xBE9D, 0xBE9D, 0xBEBD, 0xBEBD, 0xBEBD, 0xBE9D, 0xBE9D, \
        0xBE9D, 0xBE9D, 0xBEBD, 0xC6BD, 0xC6BD, 0xC6BD, 0xC6BD, 0xC6BD, 0xC6BD, 0xC6BD, 0xC6BD, 0xC6BD, \
        0xC6BD, 0xC6BD, 0xC6DD, 0xC6DD, 0xC6DD, 0xC6DD, 0xC6DD, 0xC6DD, 0xC6DD, 0xC6DD, 0xC6DD, 0xC6DD, \
        0xCEDD, 0xCEDD, 0xCEDD, 0xCEDD, 0xCEDD, 0xCEDD, 0xCEDD, 0xCEDD, 0xCEFD, 0xCEFD, 0xCEFE, 0xCEFD, \
        0xCEFD, 0xCEFD, 0xCEFD, 0xCEFD, 0xCEFE, 0xCEFD, 0xCEFE, 0xCEFE, 0xCEFE, 0xCEFE, 0xCEFE, 0xCEFE, \
        0xCEFE, 0xCEFE, 0xCEFE, 0xCEFE, 0xCEFE, 0xCEFE, 0xCF1E, 0xCF1E, 0xCF1E, 0xD71E, 0xD71E, 0xD71E, \
        0xD71E, 0xD71E, 0xD71E, 0xD73F, 0x9D56, 0x0000, 0x0024, 0x1CAC, 0x2771, 0x2771, 0x2771, 0x2771, \
        0x2771, 0x2771, 0x2771, 0x2771, 0x2771, 0x2771, 0x2771, 0x2771, 0x2771, 0x2771, 0x2771, 0x2771, \
        0x2771, 0x2771, 0x2771, 0x2771, 0x2771, 0x2771, 0x2771, 0x2771, 0x2771, 0x2771, 0x2771, 0x2771, \
        0x2771, 0x2771, 0x2771, 0x2771, 0x2771, 0x2771, 0x2771, 0x2771, 0x2771, 0x2771, 0x2771, 0x2771, \
        0x2771, 0x2771, 0x2771, 0x2771, 0x2771, 0x2771, 0x2771, 0x2771, 0x2771, 0x2771, 0x2771, 0x2771, \
        0x2771, 0x2771, 0x2771, 0x2771, 0x2771, 0x2771, 0x2771, 0x2771, 0x2771, 0x2771, 0x2771, 0x2771, \
        0x2771, 0x2771, 0x2771, 0x2771, 0x2771, 0x2771, 0x2771, 0x2771, 0x2771, 0x2771, 0x2771, 0x2771, \
        0x2771, 0x2771, 0x2771, 0x2771, 0x2771, 0x2771, 0x2771, 0x2771, 0x2771, 0x2771, 0x2771, 0x2771, \
        0x2771, 0x2771, 0x2771, 0x2771, 0x2771, 0x2771, 0x2771, 0x2771, 0x2771, 0x2771, 0x2771, 0x2771, \
        0x2771, 0x2771, 0x2771, 0x2771, 0x2771, 0x2771, 0x2771, 0x2771, 0x2771, 0x2771, 0x2771, 0x2771, \
        0x2751, 0x09A3, 0x0416, 0x063F, 0x063F, 0xBF9F, 0xDFFF, 0xA75F, 0x0372, 0x13C9, 0x2771, 0x2771, \
        0x2771, 0x2771, 0x2771, 0x2771, 0x2771, 0x2771, 0x2771, 0x2771, 0x2771, 0x136A, 0x0022, 0x0109, \
        0x0253, 0x1294, 0x2B77, 0x2B77, 0x2B57, 0x2B77, 0x2B57, 0x2B77, 0x2B77, 0x3377, 0x3378, 0x11CC, \
        0x0000, 0x0042, 0x0000, 0x0000, 0x0907, 0x2B56, 0x3377, 0x2B77, 0x2B77, 0x2B77, 0x2B77, 0x2B77, \
        0x2B77, 0x2B77, 0x2B77, 0x2B77, 0x2B77, 0x2B77, 0x2B77, 0x2B77, 0x2B77, 0x2B77, 0x2B77, 0x2B77, \
        0x2B77, 0x2B77, 0x2B57, 0x2B77, 0x2B77, 0x3377, 0x2B77, 0x3377, 0x2B35, 0x19ED, 0x0084, 0x0020, \
        0x1149, 0x2B14, 0x3378, 0x3378, 0x3377, 0x3377, 0x2B77, 0x2B57, 0x2B77, 0x2B57, 0x2B77, 0x2B77, \
        0x2B77, 0x2B77, 0x2B77, 0x2B77, 0x2B77, 0x2B77, 0x2B77, 0x2B77, 0x2B77, 0x2B77, 0x2B77, 0x2B77, \
        0x2B57, 0x2B77, 0x2B77, 0x3357, 0x2B57, 0x2B36, 0x22F5, 0x1AD4, 0x1AD4, 0x1AD4, 0x1AB4, 0x0273, \
        0x0274, 0x4B96, 0x9559, 0xC69D, 0xD73E, 0xD73F, 0xD73E, 0xD73E, 0xD71E, 0xCEFE, 0xC6DD, 0xBEBD, \
        0xBE9D, 0xBE9D, 0xBE9D, 0xBE9D, 0xBE9D, 0xBE9D, 0xBE9D, 0xBE9D, 0xBE9D, 0xBE9D, 0xBE9D, 0xBEBD, \
        0xBEBD, 0xBE9D, 0xBEBD, 0xBEBD, 0xBE9D, 0xBE9D, 0xBE9D, 0xBE9D, 0xBE9D, 0xBE9D, 0xBE9D, 0xC6BD, \
        0xC6BD, 0xC6BD, 0xC6BD, 0xC6BD, 0xC6BD, 0xC6BD, 0xC6BD, 0xC6BD, 0xC6BD, 0xC6BD, 0xC6BD, 0xC6DD, \
        0xC6DD, 0xC6DD, 0xC6DD, 0xC6DD, 0xC6DD, 0xC6DD, 0xC6DD, 0xC6DD, 0xC6DD, 0xCEDD, 0xCEDD, 0xCEFD, \
        0xCEDD, 0xCEDD, 0xCEDD, 0xCEDD, 0xCEDD, 0xCEDD, 0xCEDD, 0xCEFD, 0xCEFD, 0xCEFD, 0xCEFD, 0xCEFD, \
        0xCEFD, 0xCEFD, 0xCEFE, 0xCEFE, 0xCEFE, 0xCEFE, 0xCEFE, 0xCEFE, 0xCEFE, 0xCEFE, 0xCEFE, 0xCEFE, \
        0xCEFE, 0xCEFE, 0xCEFE, 0xCEFE, 0xD71E, 0xD71E, 0xD71E, 0xD71E, 0xD71E, 0xD71E, 0xD73F, 0xADF9, \
        0x0001, 0x0002, 0x138A, 0x2771, 0x2771, 0x2771, 0x2771, 0x2771, 0x2771, 0x2771, 0x2771, 0x2771, \
        0x2771, 0x2771, 0x2771, 0x2771, 0x2771, 0x2771, 0x2771, 0x2771, 0x2771, 0x2771, 0x2771, 0x2771, \
        0x2771, 0x2771, 0x2771, 0x2771, 0x2771, 0x2771, 0x2771, 0x2771, 0x2771, 0x2771, 0x2771, 0x2771, \
        0x2771, 0x2771, 0x2771, 0x2771, 0x2771, 0x2771, 0x2771, 0x2771, 0x2771, 0x2771, 0x2771, 0x2771, \
        0x2771, 0x2771, 0x2771, 0x2771, 0x2771, 0x2771, 0x2771, 0x2771, 0x2771, 0x2771, 0x2771, 0x2771, \
        0x2771, 0x2771, 0x2771, 0x2771, 0x2771, 0x2771, 0x2771, 0x2771, 0x2771, 0x2771, 0x2771, 0x2771, \
        0x2771, 0x2771, 0x2771, 0x2771, 0x2771, 0x2771, 0x2771, 0x2771, 0x2771, 0x2771, 0x2771, 0x2771, \
        0x2771, 0x2771, 0x2771, 0x2771, 0x2771, 0x2771, 0x2771, 0x2771, 0x2771, 0x2771, 0x2771, 0x2771, \
        0x2771, 0x2771, 0x2771, 0x2771, 0x2771, 0x2771, 0x2771, 0x2771, 0x2771, 0x2771, 0x2771, 0x2771, \
        0x2771, 0x2771, 0x2771, 0x2771, 0x2771, 0x2771, 0x2771, 0x2771, 0x1DAD, 0x01AA, 0x055C, 0x063F, \
        0x061F, 0x973F, 0xCFDF, 0x8F1F, 0x053A, 0x0164, 0x2751, 0x2771, 0x2771, 0x2771, 0x2771, 0x2771, \
        0x2771, 0x2771, 0x2771, 0x2771, 0x2771, 0x26B0, 0x0106, 0x0001, 0x01EF, 0x0A73, 0x2B37, 0x2B77, \
        0x2B57, 0x2B77, 0x2B57, 0x2B57, 0x2B77, 0x2B77, 0x3378, 0x22D3, 0x0000, 0x0000, 0x0000, 0x0063, \
        0x22D3, 0x3377, 0x2B77, 0x2B77, 0x2B77, 0x2B77, 0x2B77, 0x2B77, 0x2B77, 0x2B77, 0x2B77, 0x2B77, \
        0x2B77, 0x2B77, 0x2B77, 0x2B77, 0x2B77, 0x2B77, 0x2B77, 0x2B77, 0x2B77, 0x2B77, 0x2B57, 0x2B77, \
        0x2B77, 0x2B77, 0x2B77, 0x2B57, 0x11AB, 0x0000, 0x0000, 0x0000, 0x0000, 0x118B, 0x2B77, 0x2B77, \
        0x2B77, 0x2B77, 0x2B77, 0x2B77, 0x2B77, 0x2B77, 0x2B77, 0x2B77, 0x2B77, 0x2B77, 0x2B77, 0x2B77, \
        0x2B77, 0x2B77, 0x2B77, 0x2B77, 0x2B77, 0x2B77, 0x2B77, 0x2B77, 0x3377, 0x3377, 0x2B57, 0x2316, \
        0x1AD4, 0x1AB4, 0x1AD4, 0x1AD4, 0x12B4, 0x0253, 0x12B3, 0x7457, 0xB61B, 0xD71E, 0xDF5F, 0xD73E, \
        0xD71E, 0xCEDD, 0xC6BD, 0xC6BD, 0xBEBD, 0xBE9D, 0xBE9D, 0xBEBD, 0xBEBD, 0xBEBD, 0xBEBD, 0xBEBD, \
        0xBEBD, 0xBEBD, 0xBEBD, 0xBEBD, 0xBEBD, 0xBEBD, 0xBEBD, 0xBEBD, 0xBEBD, 0xBE9D, 0xBE9D, 0xBEBD, \
        0xBE9D, 0xBEBD, 0xBEBD, 0xBE9D, 0xBE9D, 0xBE9D, 0xBE9D, 0xC6BD, 0xC6BD, 0xC6BD, 0xC6BD, 0xC6BD, \
        0xC6BD, 0xC6BD, 0xC6BD, 0xC6BD, 0xC6BD, 0xC6BD, 0xC6BD, 0xC6BD, 0xC6DD, 0xC6DD, 0xC6DD, 0xC6DD, \
        0xC6BD, 0xC6DD, 0xC6DD, 0xC6DD, 0xC6DD, 0xC6DD, 0xC6FD, 0xCEFD, 0xCEDD, 0xCEDD, 0xCEDD, 0xCEDD, \
        0xC6DD, 0xC6DD, 0xC6DD, 0xCEDD, 0xCEDD, 0xCEDD, 0xCEFD, 0xCEFD, 0xCEFD, 0xCEFD, 0xCEFD, 0xCEFE, \
        0xCEFE, 0xCEFE, 0xCEFE, 0xCEFE, 0xCEFE, 0xCEFE, 0xCEFE, 0xCEFE, 0xCEFE, 0xCEFE, 0xCEFE, 0xCEFE, \
        0xD71E, 0xD71E, 0xD71E, 0xD71E, 0xD71E, 0xD73F, 0xBE7B, 0x29A7, 0x0000, 0x1288, 0x2771, 0x2771, \
        0x2771, 0x2771, 0x2771, 0x2771, 0x2771, 0x2771, 0x2771, 0x2771, 0x2771, 0x2771, 0x2771, 0x2771, \
        0x2771, 0x2771, 0x2771, 0x2771, 0x2771, 0x2771, 0x2771, 0x2771, 0x2771, 0x2771, 0x2771, 0x2771, \
        0x2771, 0x2771, 0x2771, 0x2771, 0x2771, 0x2771, 0x2771, 0x2771, 0x2771, 0x2771, 0x2771, 0x2771, \
        0x2771, 0x2771, 0x2771, 0x2771, 0x2771, 0x2771, 0x2771, 0x2771, 0x2771, 0x2771, 0x2771, 0x2771, \
        0x2771, 0x2771, 0x2771, 0x2771, 0x2771, 0x2771, 0x2771, 0x2771, 0x2771, 0x2771, 0x2771, 0x2771, \
        0x2771, 0x2771, 0x2771, 0x2771, 0x2771, 0x2771, 0x2771, 0x2771, 0x2771, 0x2771, 0x2771, 0x2771, \
        0x2771, 0x2771, 0x2771, 0x2771, 0x2771, 0x2771, 0x2771, 0x2771, 0x2771, 0x2771, 0x2771, 0x2771, \
        0x2771, 0x2771, 0x2771, 0x2771, 0x2771, 0x2771, 0x2771, 0x2771, 0x2771, 0x2771, 0x2771, 0x2771, \
        0x2771, 0x2771, 0x2771, 0x2771, 0x2771, 0x2771, 0x2771, 0x2771, 0x2771, 0x2771, 0x2771, 0x2771, \
        0x2771, 0x2771, 0x2771, 0x2771, 0x1CEB, 0x02AF, 0x059E, 0x063F, 0x063F, 0x063F, 0x3E5F, 0x063F, \
        0x059C, 0x0147, 0x26F0, 0x2771, 0x2771, 0x2771, 0x2771, 0x2771, 0x2771, 0x2771, 0x2771, 0x2771, \
        0x2771, 0x2771, 0x142C, 0x0023, 0x00E8, 0x0232, 0x2315, 0x2B77, 0x2B77, 0x2B77, 0x2B57, 0x2B57, \
        0x2B77, 0x2B77, 0x2B77, 0x2B77, 0x22B2, 0x11AC, 0x1A0E, 0x2B14, 0x3377, 0x2B57, 0x2B77, 0x2B77, \
        0x2B77, 0x2B77, 0x2B77, 0x2B77, 0x2B77, 0x2B77, 0x2B77, 0x2B77, 0x2B77, 0x2B77, 0x2B77, 0x2B77, \
        0x2B77, 0x2B77, 0x2B77, 0x2B77, 0x2B77, 0x2B77, 0x2B57, 0x2B57, 0x2B77, 0x2B57, 0x2B77, 0x2271, \
        0x0000, 0x0000, 0x634D, 0x9CF3, 0x4A69, 0x0000, 0x22D4, 0x2B77, 0x2B57, 0x2B77, 0x2B77, 0x2B77, \
        0x2B77, 0x2B77, 0x2B77, 0x2B77, 0x2B77, 0x2B77, 0x2B77, 0x2B77, 0x2B77, 0x2B77, 0x3377, 0x2B77, \
        0x2B77, 0x2B77, 0x2B57, 0x2B57, 0x2B57, 0x2316, 0x1AD4, 0x1AB4, 0x1AB3, 0x1AB4, 0x0293, 0x0273, \
        0x3B55, 0x8D19, 0xBE9C, 0xD73E, 0xD71E, 0xCEFE, 0xC6DD, 0xC6BD, 0xBE9D, 0xBE9D, 0xBE9D, 0xBE9D, \
        0xBEBD, 0xBEBD, 0xBEBD, 0xBEBD, 0xBEBD, 0xBEBD, 0xBEBD, 0xBEBD, 0xBEBD, 0xBEBD, 0xBEBD, 0xBE9D, \
        0xBE9D, 0xBEBD, 0xBEBD, 0xBEBD, 0xBE9D, 0xBE9D, 0xBE9D, 0xBEBD, 0xBE9D, 0xBEBD, 0xBEBD, 0xBE9D, \
        0xBE9D, 0xBE9D, 0xBEBD, 0xC6BD, 0xC6BD, 0xC6BD, 0xC6BD, 0xC6BD, 0xC6BD, 0xC6BD, 0xC6BD, 0xC6BD, \
        0xC6BD, 0xC6BD, 0xC6BD, 0xC6BD, 0xC6BD, 0xC6BD, 0xC6BD, 0xC6BD, 0xC6BD, 0xC6DD, 0xC6DD, 0xC6DD, \
        0xC6DD, 0xC6DD, 0xC6DD, 0xC6DD, 0xC6DD, 0xCEDD, 0xCEDD, 0xC6DD, 0xC6DD, 0xC6DD, 0xCEDD, 0xCEDD, \
        0xCEDD, 0xCEDD, 0xCEDD, 0xCEFE, 0xCEFE, 0xCEFE, 0xCEFD, 0xCEFE, 0xCEFE, 0xCEFE, 0xCEFE, 0xCEFE, \
        0xCEFE, 0xCEFE, 0xCEFE, 0xCEFE, 0xCEFE, 0xCEFE, 0xCF1E, 0xCF1E, 0xD71E, 0xD71E, 0xD71E, 0xD71E, \
        0xD73E, 0xCEBC, 0x52CC, 0x0000, 0x0986, 0x26B0, 0x2771, 0x2771, 0x2771, 0x2771, 0x2771, 0x2771, \
        0x2771, 0x2771, 0x2771, 0x2771, 0x2771, 0x2771, 0x2771, 0x2771, 0x2771, 0x2771, 0x2771, 0x2771, \
        0x2771, 0x2771, 0x2771, 0x2771, 0x2771, 0x2771, 0x2771, 0x2771, 0x2771, 0x2771, 0x2771, 0x2771, \
        0x2771, 0x2771, 0x2771, 0x2771, 0x2771, 0x2771, 0x2771, 0x2771, 0x2771, 0x2771, 0x2771, 0x2771, \
        0x2771, 0x2771, 0x2771, 0x2771, 0x2771, 0x2771, 0x2771, 0x2771, 0x2771, 0x2771, 0x2771, 0x2771, \
        0x2771, 0x2771, 0x2771, 0x2771, 0x2771, 0x2771, 0x2771, 0x2771, 0x2771, 0x2771, 0x2771, 0x2771, \
        0x2771, 0x2771, 0x2771, 0x2771, 0x2771, 0x2771, 0x2771, 0x2771, 0x2771, 0x2771, 0x2771, 0x2771, \
        0x2771, 0x2771, 0x2771, 0x2771, 0x2771, 0x2771, 0x2771, 0x2771, 0x2771, 0x2771, 0x2771, 0x2771, \
        0x2771, 0x2771, 0x2771, 0x2771, 0x2771, 0x2771, 0x2771, 0x2771, 0x2771, 0x2771, 0x2771, 0x2771, \
        0x2771, 0x2771, 0x2771, 0x2771, 0x2771, 0x2771, 0x2771, 0x2771, 0x2771, 0x2771, 0x2771, 0x2771, \
        0x1D6C, 0x020C, 0x055D, 0x05DE, 0x063F, 0x063F, 0x061F, 0x061F, 0x0478, 0x09A4, 0x2751, 0x2771, \
        0x2771, 0x2771, 0x2771, 0x2771, 0x2771, 0x2771, 0x2771, 0x2771, 0x2771, 0x2771, 0x26F0, 0x0146, \
        0x0000, 0x01AE, 0x1AB4, 0x2B77, 0x2B77, 0x2B57, 0x2B77, 0x2B57, 0x2B77, 0x2B77, 0x2B57, 0x2B57, \
        0x2B77, 0x2B77, 0x3377, 0x3377, 0x2B77, 0x2B77, 0x2B77, 0x2B77, 0x2B77, 0x2B77, 0x2B77, 0x2B77, \
        0x2B77, 0x2B77, 0x2B77, 0x2B77, 0x2B77, 0x2B77, 0x2B77, 0x2B77, 0x2B77, 0x2B77, 0x2B77, 0x2B77, \
        0x2B77, 0x2B57, 0x2B57, 0x2B77, 0x2B77, 0x2B77, 0x2B56, 0x0928, 0x0000, 0x39E8, 0xE73C, 0xFFFF, \
        0xCE9A, 0x0000, 0x1A71, 0x2B77, 0x2B57, 0x2B77, 0x2B57, 0x2B77, 0x2B77, 0x2B77, 0x2B77, 0x2B77, \
        0x2B77, 0x2B77, 0x2B77, 0x2B77, 0x2B77, 0x3377, 0x3377, 0x2B77, 0x2B77, 0x2B57, 0x2B56, 0x22F5, \
        0x1AD4, 0x1AB4, 0x1AB4, 0x0A94, 0x0253, 0x0293, 0x6416, 0xA5DA, 0xCEDD, 0xD71E, 0xCEDE, 0xBEBD, \
        0xBE9D, 0xBE9D, 0xBE9D, 0xBEBD, 0xBE9D, 0xBE9D, 0xBE9D, 0xBEBD, 0xBEBD, 0xBEBD, 0xBEBD, 0xBEBD, \
        0xBEBD, 0xBEBD, 0xBEBD, 0xBEBD, 0xBE9D, 0xBE9D, 0xBE9D, 0xBE9D, 0xBE9D, 0xBEBD, 0xBEBD, 0xBEBD, \
        0xBE9D, 0xBE9D, 0xBE9D, 0xBEBD, 0xBEBD, 0xBEBD, 0xBEBD, 0xBE9D, 0xBE9D, 0xBEBD, 0xBEBD, 0xC6BD, \
        0xC6BD, 0xBEBD, 0xC6BD, 0xC6BD, 0xC6BD, 0xC6BD, 0xC6BD, 0xC6BD, 0xC6BD, 0xC6BD, 0xC6BD, 0xC6DD, \
        0xC6BD, 0xC6BD, 0xC6BD, 0xC6BD, 0xC6BD, 0xC6DD, 0xC6DD, 0xC6DD, 0xC6DD, 0xC6DD, 0xC6DD, 0xC6DD, \
        0xC6DD, 0xCEDD, 0xCEDD, 0xC6DD, 0xC6DD, 0xC6DD, 0xCEDD, 0xCEDD, 0xCEFD, 0xCEDD, 0xCEFE, 0xCEFE, \
        0xCEFE, 0xCEFE, 0xCEFD, 0xCEFD, 0xCEFD, 0xCEFE, 0xCEFE, 0xCEFE, 0xCEFE, 0xCEFE, 0xCEFE, 0xCEFE, \
        0xCF1E, 0xCF1E, 0xCF1E, 0xCF1E, 0xCF1E, 0xCF1E, 0xD71E, 0xD73E, 0xCEFD, 0x636E, 0x0000, 0x0105, \
        0x260F, 0x2771, 0x2771, 0x2771, 0x2771, 0x2771, 0x2771, 0x2771, 0x2771, 0x2771, 0x2771, 0x2771, \
        0x2771, 0x2771, 0x2771, 0x2771, 0x2771, 0x2771, 0x2771, 0x2771, 0x2771, 0x2771, 0x2771, 0x2771, \
        0x2771, 0x2771, 0x2771, 0x2771, 0x2771, 0x2771, 0x2771, 0x2771, 0x2771, 0x2771, 0x2771, 0x2771, \
        0x2771, 0x2771, 0x2771, 0x2771, 0x2771, 0x2771, 0x2771, 0x2771, 0x2771, 0x2771, 0x2771, 0x2771, \
        0x2771, 0x2771, 0x2771, 0x2771, 0x2771, 0x2771, 0x2771, 0x2771, 0x2771, 0x2771, 0x2771, 0x2771, \
        0x2771, 0x2771, 0x2771, 0x2771, 0x2771, 0x2771, 0x2771, 0x2771, 0x2771, 0x2771, 0x2771, 0x2771, \
        0x2771, 0x2771, 0x2771, 0x2771, 0x2771, 0x2771, 0x2771, 0x2771, 0x2771, 0x2771, 0x2771, 0x2771, \
        0x2771, 0x2771, 0x2771, 0x2771, 0x2771, 0x2771, 0x2771, 0x2771, 0x2771, 0x2771, 0x2771, 0x2771, \
        0x2771, 0x2771, 0x2771, 0x2771, 0x2771, 0x2771, 0x2771, 0x2771, 0x2771, 0x2771, 0x2771, 0x2771, \
        0x2771, 0x2771, 0x2771, 0x2771, 0x2771, 0x2771, 0x2771, 0x2771, 0x26D0, 0x00C1, 0x0417, 0x055E, \
        0x059E, 0x05BE, 0x05DF, 0x057E, 0x028F, 0x142A, 0x2771, 0x2771, 0x2771, 0x2771, 0x2771, 0x2771, \
        0x2771, 0x2771, 0x2771, 0x2771, 0x2771, 0x2771, 0x2771, 0x146C, 0x0023, 0x00C8, 0x0A73, 0x2B57, \
        0x2B57, 0x2B57, 0x2B77, 0x2B77, 0x2B77, 0x2B57, 0x2B57, 0x2B77, 0x2B77, 0x2B77, 0x2B77, 0x2B77, \
        0x2B77, 0x2B77, 0x2B77, 0x2B77, 0x2B77, 0x2B77, 0x2B77, 0x2B77, 0x2B77, 0x2B77, 0x3377, 0x2B77, \
        0x2B77, 0x2B77, 0x2B77, 0x2B77, 0x2B77, 0x2B77, 0x2B57, 0x2B77, 0x2B57, 0x2B57, 0x2B57, 0x2B77, \
        0x2B57, 0x2B77, 0x2B15, 0x0042, 0x0000, 0x4A8A, 0xEF7E, 0xFFFF, 0xDEFB, 0x0000, 0x1A92, 0x2B77, \
        0x2B57, 0x2B57, 0x2B57, 0x2B77, 0x2B77, 0x2B77, 0x2B57, 0x2B77, 0x2B77, 0x2B77, 0x2B77, 0x2B77, \
        0x2B77, 0x2B77, 0x2B57, 0x2B57, 0x2B57, 0x2315, 0x1AB4, 0x1AB3, 0x1AB4, 0x0273, 0x0253, 0x3B35, \
        0x84F8, 0xB63C, 0xC6DD, 0xC6DD, 0xC6BD, 0xBE9D, 0xBE9D, 0xBEBD, 0xBEBD, 0xBEBD, 0xBEBD, 0xBEBD, \
        0xBEBD, 0xBEBD, 0xBEBD, 0xBEBD, 0xBEBD, 0xBEBD, 0xBE9D, 0xBE9D, 0xBEBD, 0xBEBD, 0xBE9D, 0xBE9D, \
        0xBE9D, 0xBEBD, 0xBE9D, 0xBE9D, 0xBEBD, 0xBEBD, 0xBEBD, 0xBEBD, 0xBE9D, 0xBE9D, 0xBE9D, 0xBE9D, \
        0xBEBD, 0xBEBD, 0xBEBD, 0xBEBD, 0xBEBD, 0xBEBD, 0xBEBD, 0xBEBD, 0xBEBD, 0xBEBD, 0xC6BD, 0xC6BD, \
        0xC6BD, 0xC6BD, 0xC6BD, 0xC6BD, 0xC6BD, 0xC6BD, 0xC6BD, 0xC6BD, 0xC6DD, 0xC6BD, 0xC6BD, 0xC6BD, \
        0xC6DD, 0xC6DD, 0xC6DD, 0xC6DD, 0xC6DD, 0xC6DD, 0xC6DD, 0xC6DD, 0xC6DD, 0xC6DD, 0xC6DD, 0xC6DD, \
        0xCEDD, 0xCEDD, 0xCEDD, 0xCEDD, 0xCEDD, 0xCEFE, 0xCEFD, 0xCEFE, 0xCEFE, 0xCEFD, 0xCEFD, 0xCEFD, \
        0xCEFD, 0xCEFE, 0xCEFE, 0xCEFE, 0xCEFE, 0xCEFD, 0xCEFD, 0xCEFE, 0xCEFE, 0xCF1E, 0xCF1E, 0xCF1E, \
        0xCF1E, 0xCF1E, 0xD71E, 0xD71E, 0x7C11, 0x0000, 0x00A4, 0x25AE, 0x2771, 0x2771, 0x2771, 0x2771, \
        0x2771, 0x2771, 0x2771, 0x2771, 0x2771, 0x2771, 0x2771, 0x2771, 0x2771, 0x2771, 0x2771, 0x2771, \
        0x2771, 0x2771, 0x2771, 0x2771, 0x2771, 0x2771, 0x2771, 0x2771, 0x2771, 0x2771, 0x2771, 0x2771, \
        0x2771, 0x2771, 0x2771, 0x2771, 0x2771, 0x2771, 0x2771, 0x2771, 0x2771, 0x2771, 0x2771, 0x2771, \
        0x2771, 0x2771, 0x2771, 0x2771, 0x2771, 0x2771, 0x2771, 0x2771, 0x2771, 0x2771, 0x2771, 0x2771, \
        0x2771, 0x2771, 0x2771, 0x2771, 0x2771, 0x2771, 0x2771, 0x2771, 0x2771, 0x2771, 0x2771, 0x2771, \
        0x2771, 0x2771, 0x2771, 0x2771, 0x2771, 0x2771, 0x2771, 0x2771, 0x2771, 0x2771, 0x2771, 0x2771, \
        0x2771, 0x2771, 0x2771, 0x2771, 0x2771, 0x2771, 0x2771, 0x2771, 0x2771, 0x2771, 0x2771, 0x2771, \
        0x2771, 0x2771, 0x2771, 0x2771, 0x2771, 0x2771, 0x2771, 0x2771, 0x2771, 0x2771, 0x2771, 0x2771, \
        0x2771, 0x2771, 0x2771, 0x2771, 0x2771, 0x2771, 0x2771, 0x2771, 0x2771, 0x2771, 0x2771, 0x2771, \
        0x2771, 0x2771, 0x2771, 0x2771, 0x2771, 0x148C, 0x0128, 0x0458, 0x055D, 0x053C, 0x04BA, 0x0311, \
        0x09A5, 0x2731, 0x2771, 0x2771, 0x2771, 0x2771, 0x2771, 0x2771, 0x2771, 0x2771, 0x2771, 0x2771, \
        0x2771, 0x2771, 0x2771, 0x26F0, 0x0125, 0x0002, 0x01F0, 0x2336, 0x2B57, 0x2B57, 0x2B77, 0x2B77, \
        0x2B57, 0x2B57, 0x2B77, 0x2B77, 0x2B77, 0x2B77, 0x2B77, 0x2B77, 0x2B77, 0x2B77, 0x2B77, 0x2B77, \
        0x2B77, 0x2B77, 0x2B77, 0x2B77, 0x2B77, 0x2B77, 0x3377, 0x2B77, 0x2B77, 0x2B77, 0x2B77, 0x2B77, \
        0x2B77, 0x2B77, 0x2B57, 0x2B77, 0x2B77, 0x2B77, 0x2B77, 0x2B57, 0x2B77, 0x3377, 0x2B14, 0x0000, \
        0x0022, 0x0000, 0x9CD3, 0xCE79, 0x73CF, 0x0000, 0x2AF4, 0x2B77, 0x2B57, 0x2B57, 0x2B57, 0x2B57, \
        0x2B77, 0x2B57, 0x2B77, 0x2B77, 0x2B57, 0x2B77, 0x2B77, 0x2B77, 0x2B77, 0x2B77, 0x2B36, 0x22F5, \
        0x1AB4, 0x1AB4, 0x0A94, 0x0253, 0x0273, 0x5BF6, 0x9D7A, 0xBE7D, 0xC6DE, 0xC6BD, 0xBE9D, 0xBE9D, \
        0xBEBD, 0xBEBD, 0xBEBD, 0xBEBD, 0xBEBD, 0xBEBD, 0xBEBD, 0xBEBD, 0xBEBD, 0xBEBD, 0xBEBD, 0xBEBD, \
        0xBEBD, 0xBEBD, 0xBE9D, 0xBE9D, 0xBE9D, 0xBE9D, 0xBE9D, 0xBEBD, 0xBE9D, 0xBE9D, 0xBEBD, 0xBE9D, \
        0xBE9D, 0xBEBD, 0xBEBD, 0xBEBD, 0xBE9D, 0xBE9D, 0xBE9D, 0xBE9D, 0xBEBD, 0xBEBD, 0xBEBD, 0xBEBD, \
        0xBEBD, 0xBEBD, 0xBEBD, 0xBEBD, 0xBE9D, 0xBEBD, 0xC6BD, 0xC6BD, 0xC6BD, 0xC6BD, 0xC6BD, 0xC6BD, \
        0xC6BD, 0xBEBD, 0xC6BD, 0xC6BD, 0xC6BD, 0xC6BD, 0xC6BD, 0xC6BD, 0xC6DD, 0xC6DD, 0xC6DD, 0xC6DD, \
        0xC6DD, 0xC6DD, 0xC6DD, 0xC6DD, 0xC6DD, 0xC6DD, 0xC6DD, 0xC6DD, 0xCEDD, 0xCEDD, 0xCEDD, 0xCEDD, \
        0xCEDD, 0xCEDD, 0xCEFD, 0xCEFD, 0xCEFE, 0xCEDD, 0xCEFE, 0xCEFD, 0xCEFE, 0xCEFE, 0xCEFE, 0xCEFE, \
        0xCEFE, 0xCEFE, 0xCEFD, 0xCEFE, 0xCEFE, 0xCF1E, 0xCF1E, 0xCF1E, 0xCF1E, 0xD71E, 0xD71E, 0x8473, \
        0x0000, 0x0044, 0x1CCC, 0x2771, 0x2771, 0x2771, 0x2771, 0x2771, 0x2771, 0x2771, 0x2771, 0x2771, \
        0x2771, 0x2771, 0x2771, 0x2771, 0x2771, 0x2771, 0x2771, 0x2771, 0x2771, 0x2771, 0x2771, 0x2771, \
        0x2771, 0x2771, 0x2771, 0x2771, 0x2771, 0x2771, 0x2771, 0x2771, 0x2771, 0x2771, 0x2771, 0x2771, \
        0x2771, 0x2771, 0x2771, 0x2771, 0x2771, 0x2771, 0x2771, 0x2771, 0x2771, 0x2771, 0x2771, 0x2771, \
        0x2771, 0x2771, 0x2771, 0x2771, 0x2771, 0x2771, 0x2771, 0x2771, 0x2771, 0x2771, 0x2771, 0x2771, \
        0x2771, 0x2771, 0x2771, 0x2771, 0x2771, 0x2771, 0x2771, 0x2771, 0x2771, 0x2771, 0x2771, 0x2771, \
        0x2771, 0x2771, 0x2771, 0x2771, 0x2771, 0x2771, 0x2771, 0x2771, 0x2771, 0x2771, 0x2771, 0x2771, \
        0x2771, 0x2771, 0x2771, 0x2771, 0x2771, 0x2771, 0x2771, 0x2771, 0x2771, 0x2771, 0x2771, 0x2771, \
        0x2771, 0x2771, 0x2771, 0x2771, 0x2771, 0x2771, 0x2771, 0x2771, 0x2771, 0x2771, 0x2771, 0x2771, \
        0x2771, 0x2771, 0x2771, 0x2771, 0x2771, 0x2771, 0x2771, 0x2771, 0x2771, 0x2771, 0x2771, 0x2771, \
        0x2771, 0x2771, 0x14AC, 0x00E3, 0x020B, 0x020C, 0x0126, 0x0AA6, 0x26D1, 0x2771, 0x2771, 0x2771, \
        0x2771, 0x2771, 0x2771, 0x2771, 0x2771, 0x2771, 0x2771, 0x2771, 0x2771, 0x2771, 0x2771, 0x2771, \
        0x138A, 0x0002, 0x010A, 0x1B16, 0x2B57, 0x2336, 0x2316, 0x2316, 0x2B57, 0x2B77, 0x2B77, 0x2B77, \
        0x2B77, 0x2B77, 0x2B77, 0x2B77, 0x2B77, 0x2B77, 0x2B77, 0x2B77, 0x2B77, 0x2B77, 0x2B77, 0x2B77, \
        0x2B77, 0x2B77, 0x2B77, 0x2B77, 0x3377, 0x2B77, 0x2B77, 0x2B77, 0x2B77, 0x2B77, 0x2B77, 0x2B77, \
        0x2B77, 0x2B77, 0x2B57, 0x2B77, 0x2B77, 0x3377, 0x2B35, 0x0064, 0x0022, 0x0042, 0x0000, 0x0000, \
        0x0000, 0x116A, 0x2B56, 0x2B77, 0x2B57, 0x2B77, 0x2B57, 0x2B57, 0x2B57, 0x2B57, 0x2B57, 0x2B77, \
        0x2B57, 0x2B57, 0x2B77, 0x2B57, 0x2B36, 0x22D5, 0x1AB4, 0x1294, 0x0273, 0x0253, 0x4375, 0x84D8, \
        0xADFB, 0xBE9D, 0xC6BD, 0xBEBD, 0xBEBD, 0xBEBD, 0xBEBD, 0xBEBD, 0xBEBD, 0xBEBD, 0xBEBD, 0xC6BD, \
        0xBEBD, 0xBEBD, 0xBEBD, 0xBEBD, 0xBEBD, 0xBEBD, 0xBEBD, 0xBEBD, 0xBEBD, 0xBEBD, 0xBEBD, 0xBE9D, \
        0xBE9D, 0xBEBD, 0xBE9D, 0xBEBD, 0xBE9D, 0xBE9D, 0xBEBD, 0xBE9D, 0xBE9D, 0xBE9D, 0xBEBD, 0xBE9D, \
        0xBE9D, 0xBE9D, 0xBE9D, 0xBE9D, 0xBEBD, 0xBEBD, 0xBE9D, 0xBE9D, 0xBEBD, 0xBEBD, 0xBEBD, 0xBEBD, \
        0xBEBD, 0xC6BD, 0xC6BD, 0xC6BD, 0xC6BD, 0xC6BD, 0xC6BD, 0xC6BD, 0xC6BD, 0xBEBD, 0xC6BD, 0xC6BD, \
        0xC6BD, 0xC6BD, 0xC6BD, 0xC6BD, 0xC6DD, 0xC6DD, 0xC6DD, 0xC6DD, 0xC6DD, 0xC6DD, 0xC6DD, 0xC6DD, \
        0xC6DD, 0xC6DD, 0xC6DD, 0xC6DD, 0xC6DD, 0xC6DD, 0xCEDD, 0xCEDD, 0xCEDD, 0xCEDD, 0xCEDD, 0xCEFD, \
        0xCEFD, 0xCEFD, 0xCEFD, 0xCEFD, 0xCEFD, 0xCEFE, 0xCEFE, 0xCEFE, 0xCEFE, 0xCEFD, 0xCEFE, 0xCEFE, \
        0xCEFE, 0xCEFE, 0xCEFE, 0xCF1E, 0xCF1E, 0xD71E, 0x8CB4, 0x0000, 0x0023, 0x1C4B, 0x2771, 0x2771, \
        0x2771, 0x2771, 0x2771, 0x2771, 0x2771, 0x2771, 0x2771, 0x2771, 0x2771, 0x2771, 0x2771, 0x2771, \
        0x2771, 0x2771, 0x2771, 0x2771, 0x2771, 0x2771, 0x2771, 0x2771, 0x2771, 0x2771, 0x2771, 0x2771, \
        0x2771, 0x2771, 0x2771, 0x2771, 0x2771, 0x2771, 0x2771, 0x2771, 0x2771, 0x2771, 0x2771, 0x2771, \
        0x2771, 0x2771, 0x2771, 0x2771, 0x2771, 0x2771, 0x2771, 0x2771, 0x2771, 0x2771, 0x2771, 0x2771, \
        0x2771, 0x2771, 0x2771, 0x2771, 0x2771, 0x2771, 0x2771, 0x2771, 0x2771, 0x2771, 0x2771, 0x2771, \
        0x2771, 0x2771, 0x2771, 0x2771, 0x2771, 0x2771, 0x2771, 0x2771, 0x2771, 0x2771, 0x2771, 0x2771, \
        0x2771, 0x2771, 0x2771, 0x2771, 0x2771, 0x2771, 0x2771, 0x2771, 0x2771, 0x2771, 0x2771, 0x2771, \
        0x2771, 0x2771, 0x2771, 0x2771, 0x2771, 0x2771, 0x2771, 0x2771, 0x2771, 0x2771, 0x2771, 0x2771, \
        0x2771, 0x2771, 0x2771, 0x2771, 0x2771, 0x2771, 0x2771, 0x2771, 0x2771, 0x2771, 0x2771, 0x2771, \
        0x2771, 0x2771, 0x2771, 0x2771, 0x2771, 0x2771, 0x2771, 0x2771, 0x2771, 0x2771, 0x2771, 0x2711, \
        0x1DCE, 0x1D8D, 0x2690, 0x2771, 0x2771, 0x2771, 0x2771, 0x2771, 0x2771, 0x2771, 0x2771, 0x2771, \
        0x2771, 0x2771, 0x2771, 0x2771, 0x2771, 0x2771, 0x2771, 0x2771, 0x1D4D, 0x0044, 0x0003, 0x0A52, \
        0x12B4, 0x0A73, 0x1AB4, 0x2B36, 0x2B57, 0x2B57, 0x2B77, 0x2B77, 0x2B77, 0x2B77, 0x2B77, 0x2B77, \
        0x2B77, 0x2B77, 0x2B77, 0x2B77, 0x2B77, 0x2B77, 0x2B77, 0x2B77, 0x2B77, 0x2B77, 0x2B77, 0x2B77, \
        0x2B77, 0x2B77, 0x3377, 0x2B77, 0x2B77, 0x2B77, 0x2B77, 0x2B77, 0x2B77, 0x2B77, 0x2B77, 0x2B77, \
        0x2B77, 0x2B77, 0x3377, 0x11AB, 0x0000, 0x0042, 0x0043, 0x0000, 0x0000, 0x22D3, 0x2B77, 0x2B57, \
        0x2B77, 0x2B77, 0x2B57, 0x2B57, 0x2B57, 0x2B57, 0x2B57, 0x2B77, 0x2B77, 0x2B57, 0x2316, 0x1AD4, \
        0x1294, 0x0253, 0x0253, 0x3314, 0x7477, 0xA5DB, 0xBE9D, 0xC6DD, 0xC6BD, 0xBEBD, 0xBEBD, 0xBEBD, \
        0xBEBD, 0xBEBD, 0xBEBD, 0xC6BD, 0xBEBD, 0xBEBD, 0xC6BD, 0xC6BD, 0xBEBD, 0xBEBD, 0xBEBD, 0xBEBD, \
        0xBE9D, 0xBEBD, 0xBEBD, 0xBEBD, 0xBEBD, 0xBEBD, 0xBEBD, 0xBE9D, 0xBE9D, 0xBEBD, 0xBE9D, 0xBE9D, \
        0xBE9D, 0xBE9D, 0xBE9D, 0xBE9D, 0xBE9D, 0xBE9D, 0xBEBD, 0xBE9D, 0xBE9D, 0xBE9D, 0xBE9D, 0xBE9D, \
        0xBE9D, 0xBEBD, 0xBEBD, 0xBEBD, 0xBEBD, 0xBEBD, 0xBEBD, 0xBEBD, 0xBEBD, 0xBEBD, 0xC6BD, 0xC6BD, \
        0xC6BD, 0xBEBD, 0xC6BD, 0xC6BD, 0xC6BD, 0xC6BD, 0xC6BD, 0xC6BD, 0xC6BD, 0xC6BD, 0xC6BD, 0xC6BD, \
        0xC6BD, 0xC6BD, 0xC6BD, 0xC6DD, 0xC6DD, 0xC6DD, 0xC6DD, 0xC6DD, 0xC6DD, 0xC6BD, 0xC6DD, 0xC6DD, \
        0xC6DD, 0xC6DD, 0xC6DD, 0xCEDD, 0xCEDD, 0xCEDD, 0xCEDD, 0xCEDD, 0xCEDD, 0xCEFD, 0xCEDD, 0xCEDD, \
        0xCEFD, 0xCEFE, 0xCEFE, 0xCEFD, 0xCEFD, 0xCEFD, 0xCEFD, 0xCEFE, 0xCEFE, 0xCEFE, 0xCEFE, 0xCF1E, \
        0xD73E, 0x94F5, 0x0000, 0x0003, 0x13EB, 0x2771, 0x2771, 0x2771, 0x2771, 0x2771, 0x2771, 0x2771, \
        0x2771, 0x2771, 0x2771, 0x2771, 0x2771, 0x2771, 0x2771, 0x2771, 0x2771, 0x2771, 0x2771, 0x2771, \
        0x2771, 0x2771, 0x2771, 0x2771, 0x2771, 0x2771, 0x2771, 0x2771, 0x2771, 0x2771, 0x2771, 0x2771, \
        0x2771, 0x2771, 0x2771, 0x2771, 0x2771, 0x2771, 0x2771, 0x2771, 0x2771, 0x2771, 0x2771, 0x2771, \
        0x2771, 0x2771, 0x2771, 0x2771, 0x2771, 0x2771, 0x2771, 0x2771, 0x2771, 0x2771, 0x2771, 0x2771, \
        0x2771, 0x2771, 0x2771, 0x2771, 0x2771, 0x2771, 0x2771, 0x2771, 0x2771, 0x2771, 0x2771, 0x2771, \
        0x2771, 0x2771, 0x2771, 0x2771, 0x2771, 0x2771, 0x2771, 0x2771, 0x2771, 0x2771, 0x2771, 0x2771, \
        0x2771, 0x2771, 0x2771, 0x2771, 0x2771, 0x2771, 0x2771, 0x2771, 0x2771, 0x2771, 0x2771, 0x2771, \
        0x2771, 0x2771, 0x2771, 0x2771, 0x2771, 0x2771, 0x2771, 0x2771, 0x2771, 0x2771, 0x2771, 0x2771, \
        0x2771, 0x2771, 0x2771, 0x2771, 0x2771, 0x2771, 0x2771, 0x2771, 0x2771, 0x2771, 0x2771, 0x2771, \
        0x2771, 0x2771, 0x2771, 0x2771, 0x2771, 0x2771, 0x2771, 0x2771, 0x2771, 0x2771, 0x2771, 0x2771, \
        0x2771, 0x2771, 0x2771, 0x2771, 0x2771, 0x2751, 0x26F0, 0x2731, 0x2771, 0x2771, 0x2771, 0x2771, \
        0x2771, 0x2771, 0x2771, 0x2771, 0x0A88, 0x0023, 0x016C, 0x0232, 0x0A53, 0x2316, 0x2B77, 0x2B57, \
        0x2B57, 0x2B77, 0x2B77, 0x2B77, 0x2B77, 0x2B77, 0x2B77, 0x2B77, 0x2B77, 0x2B77, 0x2B77, 0x2B77, \
        0x2B77, 0x2B77, 0x2B77, 0x2B77, 0x2B77, 0x2B77, 0x2B77, 0x2B77, 0x2B77, 0x2B77, 0x2B77, 0x2B77, \
        0x2B77, 0x2B77, 0x2B77, 0x2B77, 0x2B77, 0x2B77, 0x2B77, 0x2B77, 0x2B77, 0x2B77, 0x2B78, 0x2B14, \
        0x08E7, 0x0000, 0x0000, 0x00A6, 0x2292, 0x2B57, 0x2B57, 0x2B77, 0x2B57, 0x2B57, 0x2B57, 0x2B57, \
        0x2B57, 0x2B77, 0x3377, 0x2B57, 0x2316, 0x12B4, 0x0253, 0x0233, 0x2AF4, 0x6C37, 0x9D9A, 0xB67C, \
        0xC6DD, 0xC6DE, 0xC6BD, 0xC6BD, 0xC6BD, 0xBEBD, 0xBEBD, 0xBEBD, 0xBEBD, 0xBEBD, 0xBEBD, 0xBEBD, \
        0xBEBD, 0xBEBD, 0xBEBD, 0xC6BD, 0xBEBD, 0xBEBD, 0xBEBD, 0xBE9D, 0xBE9D, 0xBEBD, 0xBEBD, 0xBEBD, \
        0xBEBD, 0xBE9D, 0xBE9D, 0xBE9D, 0xBE9D, 0xBE9D, 0xBE9D, 0xBE9D, 0xBE9D, 0xBE9D, 0xBE9D, 0xBE9D, \
        0xBE9D, 0xBE9D, 0xBE9D, 0xBE9D, 0xBE9D, 0xBE9D, 0xBEBD, 0xBEBD, 0xBEBD, 0xBEBD, 0xBEBD, 0xBEBD, \
        0xBEBD, 0xBEBD, 0xBEBD, 0xBEBD, 0xBEBD, 0xBEBD, 0xBEBD, 0xBEBD, 0xBEBD, 0xBE9D, 0xBEBD, 0xC6BD, \
        0xC6BD, 0xC6BD, 0xC6BD, 0xC6BD, 0xC6BD, 0xC6BD, 0xC6BD, 0xC6BD, 0xC6BD, 0xC6BD, 0xC6BD, 0xC6BD, \
        0xC6BD, 0xC6DD, 0xC6DD, 0xC6DD, 0xC6BD, 0xC6BD, 0xC6BD, 0xC6DD, 0xC6DD, 0xC6DD, 0xC6DD, 0xC6DD, \
        0xC6DD, 0xCEDD, 0xCEDD, 0xCEDD, 0xCEDD, 0xCEDD, 0xCEDD, 0xCEFD, 0xCEDD, 0xCEFD, 0xCEFD, 0xCEFD, \
        0xCEFD, 0xCEFD, 0xCEFD, 0xCEFE, 0xCEFE, 0xCEFE, 0xCEFE, 0xD71E, 0x9515, 0x0000, 0x0003, 0x1BAA, \
        0x2771, 0x2771, 0x2771, 0x2771, 0x2771, 0x2771, 0x2771, 0x2771, 0x2771, 0x2771, 0x2771, 0x2771, \
        0x2771, 0x2771, 0x2771, 0x2771, 0x2771, 0x2771, 0x2771, 0x2771, 0x2771, 0x2771, 0x2771, 0x2771, \
        0x2771, 0x2771, 0x2771, 0x2771, 0x2771, 0x2771, 0x2771, 0x2771, 0x2771, 0x2771, 0x2771, 0x2771, \
        0x2771, 0x2771, 0x2771, 0x2771, 0x2771, 0x2771, 0x2771, 0x2771, 0x2771, 0x2771, 0x2771, 0x2771, \
        0x2771, 0x2771, 0x2771, 0x2771, 0x2771, 0x2771, 0x2771, 0x2771, 0x2771, 0x2771, 0x2771, 0x2771, \
        0x2771, 0x2771, 0x2771, 0x2771, 0x2771, 0x2771, 0x2771, 0x2771, 0x2771, 0x2771, 0x2771, 0x2771, \
        0x2771, 0x2771, 0x2771, 0x2771, 0x2771, 0x2771, 0x2771, 0x2771, 0x2771, 0x2771, 0x2771, 0x2771, \
        0x2771, 0x2771, 0x2771, 0x2771, 0x2771, 0x2771, 0x2771, 0x2771, 0x2771, 0x2771, 0x2771, 0x2771, \
        0x2771, 0x2771, 0x2771, 0x2771, 0x2771, 0x2771, 0x2771, 0x2771, 0x2771, 0x2771, 0x2771, 0x2771, \
        0x2771, 0x2771, 0x2771, 0x2771, 0x2771, 0x2771, 0x2771, 0x2771, 0x2771, 0x2771, 0x2771, 0x2771, \
        0x2771, 0x2771, 0x2771, 0x2771, 0x2771, 0x2771, 0x2771, 0x2771, 0x2771, 0x2771, 0x2771, 0x1DEF, \
        0x0AE6, 0x0143, 0x00C5, 0x0122, 0x0A65, 0x1CCC, 0x2751, 0x2771, 0x2771, 0x2771, 0x2771, 0x1D8E, \
        0x0022, 0x00C8, 0x0253, 0x0253, 0x2336, 0x2B77, 0x2B57, 0x2B57, 0x2B57, 0x2B77, 0x2B77, 0x2B77, \
        0x2B77, 0x2B77, 0x2B77, 0x2B57, 0x2B57, 0x2B57, 0x2B77, 0x2B77, 0x2B77, 0x2B77, 0x2B77, 0x2B77, \
        0x2B77, 0x2B77, 0x2B77, 0x2B77, 0x2B77, 0x2B77, 0x3377, 0x2B77, 0x2B77, 0x2B77, 0x2B77, 0x2B77, \
        0x2B77, 0x2B77, 0x2B77, 0x2B77, 0x2B77, 0x2B77, 0x2B77, 0x2B78, 0x2B56, 0x22B2, 0x22B2, 0x2B36, \
        0x2B77, 0x2B57, 0x2B77, 0x2B57, 0x2B57, 0x2B77, 0x2B77, 0x2B77, 0x2B77, 0x2B57, 0x1AF5, 0x0273, \
        0x0233, 0x2AD4, 0x6C37, 0x9D9A, 0xB65C, 0xC6BD, 0xC6DD, 0xC6BD, 0xC6BD, 0xC6BD, 0xC6BD, 0xC6BD, \
        0xC6BD, 0xBEBD, 0xBEBD, 0xBEBD, 0xBEBD, 0xBEBD, 0xBEBD, 0xBEBD, 0xBEBD, 0xBEBD, 0xBEBD, 0xBEBD, \
        0xBEBD, 0xBEBD, 0xBEBD, 0xBE9D, 0xBE9D, 0xBE9D, 0xBE9D, 0xBE9D, 0xBE9D, 0xBE9D, 0xBE9D, 0xBE9D, \
        0xBE9D, 0xBE9D, 0xBE9D, 0xBE9D, 0xBE9D, 0xBE9D, 0xBE9D, 0xBE9D, 0xBE9D, 0xBE9D, 0xBE9D, 0xBE9D, \
        0xBEBD, 0xBEBD, 0xBEBD, 0xBEBD, 0xBEBD, 0xBEBD, 0xBEBD, 0xBE9D, 0xBE9D, 0xBEBD, 0xBEBD, 0xBEBD, \
        0xBEBD, 0xBEBD, 0xBEBD, 0xBEBD, 0xBEBD, 0xBE9D, 0xC6BD, 0xC6BD, 0xC6BD, 0xC6BD, 0xC6BD, 0xC6BD, \
        0xC6BD, 0xC6BD, 0xC6BD, 0xC6BD, 0xC6BD, 0xC6BD, 0xC6BD, 0xC6BD, 0xC6BD, 0xC6BD, 0xC6DD, 0xC6DD, \
        0xC6DD, 0xC6DD, 0xC6BD, 0xC6DD, 0xC6DD, 0xC6DD, 0xC6DD, 0xC6DD, 0xC6DD, 0xC6DD, 0xCEDD, 0xCEDD, \
        0xCEDD, 0xCEDD, 0xCEDD, 0xCEDD, 0xCEDD, 0xCEFD, 0xCEFD, 0xCEFD, 0xCEFD, 0xCEFD, 0xCEFE, 0xCEFE, \
        0xCEFE, 0xCEFE, 0xCEFE, 0x94F5, 0x0000, 0x0003, 0x136A, 0x2771, 0x2771, 0x2771, 0x2771, 0x2771, \
        0x2771, 0x2771, 0x2771, 0x2771, 0x2771, 0x2771, 0x2771, 0x2771, 0x2771, 0x2771, 0x2771, 0x2771, \
        0x2771, 0x2771, 0x2771, 0x2771, 0x2771, 0x2771, 0x2771, 0x2771, 0x2771, 0x2771, 0x2771, 0x2771, \
        0x2771, 0x2771, 0x2771, 0x2771, 0x2771, 0x2771, 0x2771, 0x2771, 0x2771, 0x2771, 0x2771, 0x2771, \
        0x2771, 0x2771, 0x2771, 0x2771, 0x2771, 0x2771, 0x2771, 0x2771, 0x2771, 0x2771, 0x2771, 0x2771, \
        0x2771, 0x2771, 0x2771, 0x2771, 0x2771, 0x2771, 0x2771, 0x2771, 0x2771, 0x2771, 0x2771, 0x2771, \
        0x2771, 0x2771, 0x2771, 0x2771, 0x2771, 0x2771, 0x2771, 0x2771, 0x2771, 0x2771, 0x2771, 0x2771, \
        0x2771, 0x2771, 0x2771, 0x2771, 0x2771, 0x2771, 0x2771, 0x2771, 0x2771, 0x2771, 0x2771, 0x2771, \
        0x2771, 0x2771, 0x2771, 0x2771, 0x2771, 0x2771, 0x2771, 0x2771, 0x2771, 0x2771, 0x2771, 0x2771, \
        0x2771, 0x2771, 0x2771, 0x2771, 0x2771, 0x2771, 0x2771, 0x2771, 0x2771, 0x2771, 0x2771, 0x2771, \
        0x2771, 0x2771, 0x2771, 0x2771, 0x2771, 0x2771, 0x2771, 0x2771, 0x2771, 0x2771, 0x2771, 0x2771, \
        0x2771, 0x2771, 0x2771, 0x2771, 0x2771, 0x2751, 0x136B, 0x00A5, 0x0392, 0x0519, 0x055B, 0x04F9, \
        0x03F4, 0x0169, 0x0A04, 0x26D0, 0x2771, 0x2771, 0x2771, 0x1349, 0x0000, 0x01AE, 0x0253, 0x1AD5, \
        0x2B77, 0x2B57, 0x2B57, 0x2B57, 0x2B57, 0x2B57, 0x2B57, 0x2B77, 0x2B57, 0x2B77, 0x2B57, 0x2B57, \
        0x2B57, 0x2B57, 0x2B57, 0x2B57, 0x2B77, 0x2B77, 0x2B77, 0x3377, 0x3377, 0x2B77, 0x2B77, 0x2B77, \
        0x2B77, 0x3377, 0x2B77, 0x2B77, 0x2B77, 0x2B77, 0x2B77, 0x2B77, 0x2B77, 0x2B77, 0x2B77, 0x2B77, \
        0x2B77, 0x2B77, 0x2B57, 0x2B77, 0x2B77, 0x3398, 0x3378, 0x2B77, 0x2B57, 0x2B77, 0x2B77, 0x2B57, \
        0x2B57, 0x2B77, 0x2B57, 0x22F5, 0x0274, 0x0233, 0x2AF4, 0x6C57, 0x9D9A, 0xB67C, 0xC6DD, 0xC6DE, \
        0xC6DD, 0xC6BD, 0xC6BD, 0xC6BD, 0xC6BD, 0xC6BD, 0xC6BD, 0xC6BD, 0xC6BD, 0xC6BD, 0xBEBD, 0xBEBD, \
        0xBEBD, 0xBEBD, 0xBEBD, 0xBEBD, 0xC6BD, 0xBEBD, 0xBEBD, 0xBEBD, 0xBEBD, 0xBE9D, 0xBE9D, 0xBE9D, \
        0xBE9D, 0xBE9D, 0xBE9D, 0xBE9D, 0xBE9D, 0xBE9D, 0xBE9D, 0xBE9D, 0xBE9D, 0xBE9D, 0xBE9D, 0xBE9D, \
        0xBE9D, 0xBE9D, 0xBE9D, 0xBE9D, 0xBE9D, 0xBE9D, 0xBE9D, 0xBE9D, 0xBEBD, 0xBEBD, 0xBEBD, 0xBEBD, \
        0xBEBD, 0xBEBD, 0xBEBD, 0xBE9D, 0xBE9D, 0xBEBD, 0xBEBD, 0xBEBD, 0xBEBD, 0xBEBD, 0xBEBD, 0xBEBD, \
        0xBEBD, 0xBEBD, 0xBEBD, 0xBEBD, 0xC6BD, 0xC6BD, 0xC6BD, 0xC6BD, 0xBEBD, 0xBEBD, 0xBEBD, 0xC6BD, \
        0xC6BD, 0xC6BD, 0xC6BD, 0xC6BD, 0xC6BD, 0xC6BD, 0xC6BD, 0xC6DD, 0xC6DD, 0xC6DD, 0xC6DD, 0xC6DD, \
        0xC6BD, 0xC6BD, 0xC6DD, 0xC6DD, 0xC6DD, 0xC6DD, 0xC6DD, 0xCEDD, 0xCEDD, 0xCEDD, 0xCEDD, 0xCEDD, \
        0xCEDD, 0xCEDD, 0xCEDD, 0xCEFD, 0xCEFD, 0xCEFD, 0xCEFE, 0xCEFE, 0xCEFE, 0xCEFE, 0x8CB4, 0x0000, \
        0x0003, 0x13CA, 0x2771, 0x2771, 0x2771, 0x2771, 0x2771, 0x2771, 0x2771, 0x2771, 0x2771, 0x2771, \
        0x2771, 0x2771, 0x2771, 0x2771, 0x2771, 0x2771, 0x2771, 0x2771, 0x2771, 0x2771, 0x2771, 0x2771, \
        0x2771, 0x2771, 0x2771, 0x2771, 0x2771, 0x2771, 0x2771, 0x2771, 0x2771, 0x2771, 0x2771, 0x2771, \
        0x2771, 0x2771, 0x2771, 0x2771, 0x2771, 0x2771, 0x2771, 0x2771, 0x2771, 0x2771, 0x2771, 0x2771, \
        0x2771, 0x2771, 0x2771, 0x2771, 0x2771, 0x2771, 0x2771, 0x2771, 0x2771, 0x2771, 0x2771, 0x2771, \
        0x2771, 0x2771, 0x2771, 0x2771, 0x2771, 0x2771, 0x2771, 0x2771, 0x2771, 0x2771, 0x2771, 0x2771, \
        0x2771, 0x2771, 0x2771, 0x2771, 0x2771, 0x2771, 0x2771, 0x2771, 0x2771, 0x2771, 0x2771, 0x2771, \
        0x2771, 0x2771, 0x2771, 0x2771, 0x2771, 0x2771, 0x2771, 0x2771, 0x2771, 0x2771, 0x2771, 0x2771, \
        0x2771, 0x2771, 0x2771, 0x2771, 0x2771, 0x2771, 0x2771, 0x2771, 0x2771, 0x2771, 0x2771, 0x2771, \
        0x2771, 0x2771, 0x2771, 0x2771, 0x2771, 0x2771, 0x2771, 0x2771, 0x2771, 0x2771, 0x2771, 0x2771, \
        0x2771, 0x2771, 0x2771, 0x2771, 0x2771, 0x2771, 0x2771, 0x2771, 0x2771, 0x2771, 0x2771, 0x2771, \
        0x2771, 0x0AE9, 0x018A, 0x053A, 0x063F, 0x063F, 0x365F, 0xA75F, 0xB79F, 0x767D, 0x0310, 0x0983, \
        0x2711, 0x2771, 0x2771, 0x0A28, 0x0023, 0x0211, 0x0233, 0x22F5, 0x2B77, 0x2B57, 0x2B57, 0x2B57, \
        0x2B57, 0x2B57, 0x2B57, 0x2B77, 0x2B77, 0x2B57, 0x2B77, 0x2B77, 0x2B57, 0x2B57, 0x2B57, 0x2B57, \
        0x2B77, 0x3377, 0x2B77, 0x3377, 0x2B77, 0x2B77, 0x2B77, 0x2B77, 0x3377, 0x2B77, 0x2B77, 0x2B77, \
        0x2B77, 0x2B77, 0x2B77, 0x2B77, 0x3377, 0x2B77, 0x2B77, 0x2B77, 0x2B77, 0x2B77, 0x2B77, 0x2B77, \
        0x2B77, 0x2B77, 0x2B77, 0x2B77, 0x2B77, 0x2B57, 0x2B57, 0x2B57, 0x2336, 0x02B5, 0x0253, 0x32F3, \
        0x6C57, 0x9DBA, 0xB67C, 0xC6DE, 0xC6DE, 0xC6DD, 0xC6BD, 0xC6BD, 0xC6BD, 0xC6BD, 0xC6BD, 0xC6BD, \
        0xC6BD, 0xC6BD, 0xC6BD, 0xC6BD, 0xC6BD, 0xBEBD, 0xBEBD, 0xC6BD, 0xBEBD, 0xBEBD, 0xBEBD, 0xC6BD, \
        0xBEBD, 0xBEBD, 0xBE9D, 0xBEBD, 0xBE7C, 0xBE9D, 0xBE9D, 0xBE9D, 0xBE9D, 0xBE9D, 0xBE9D, 0xBE9D, \
        0xBE9D, 0xBE9D, 0xBE9D, 0xBE9D, 0xBE9D, 0xBE9D, 0xBE9D, 0xBE9D, 0xBE9D, 0xBE9D, 0xBE9D, 0xBE9D, \
        0xBE9D, 0xBE9D, 0xBE9D, 0xBE9D, 0xBE9D, 0xBE9D, 0xBE9D, 0xBE9D, 0xBE9D, 0xBEBD, 0xBEBD, 0xBE9D, \
        0xBE9D, 0xBE9D, 0xBE9D, 0xBEBD, 0xBEBD, 0xBEBD, 0xBEBD, 0xBEBD, 0xBEBD, 0xBEBD, 0xBEBD, 0xBEBD, \
        0xBEBD, 0xBEBD, 0xBEBD, 0xBEBD, 0xBEBD, 0xBEBD, 0xBEBD, 0xC6BD, 0xC6BD, 0xC6BD, 0xC6BD, 0xC6BD, \
        0xC6BD, 0xC6BD, 0xC6BD, 0xC6BD, 0xC6BD, 0xC6DD, 0xC6DD, 0xC6BD, 0xC6BD, 0xC6BD, 0xC6DD, 0xC6DD, \
        0xC6DD, 0xC6DD, 0xC6DD, 0xC6DD, 0xC6DD, 0xC6DD, 0xCEDD, 0xC6DD, 0xCEDD, 0xCEDD, 0xCEDD, 0xCEFD, \
        0xCEDD, 0xCEFD, 0xCEFD, 0xCEFE, 0xCEDD, 0x8473, 0x0000, 0x0003, 0x13EB, 0x2771, 0x2771, 0x2771, \
        0x2771, 0x2771, 0x2771, 0x2771, 0x2771, 0x2771, 0x2771, 0x2771, 0x2771, 0x2771, 0x2771, 0x2771, \
        0x2771, 0x2771, 0x2771, 0x2771, 0x2771, 0x2771, 0x2771, 0x2771, 0x2771, 0x2771, 0x2771, 0x2771, \
        0x2771, 0x2771, 0x2771, 0x2771, 0x2771, 0x2771, 0x2771, 0x2771, 0x2771, 0x2771, 0x2771, 0x2771, \
        0x2771, 0x2771, 0x2771, 0x2771, 0x2771, 0x2771, 0x2771, 0x2771, 0x2771, 0x2771, 0x2771, 0x2771, \
        0x2771, 0x2771, 0x2771, 0x2771, 0x2771, 0x2771, 0x2771, 0x2771, 0x2771, 0x2771, 0x2771, 0x2771, \
        0x2771, 0x2771, 0x2771, 0x2771, 0x2771, 0x2771, 0x2771, 0x2771, 0x2771, 0x2771, 0x2771, 0x2771, \
        0x2771, 0x2771, 0x2771, 0x2771, 0x2771, 0x2771, 0x2771, 0x2771, 0x2771, 0x2771, 0x2771, 0x2771, \
        0x2771, 0x2771, 0x2771, 0x2771, 0x2771, 0x2771, 0x2771, 0x2771, 0x2771, 0x2771, 0x2771, 0x2771, \
        0x2771, 0x2771, 0x2771, 0x2771, 0x2771, 0x2771, 0x2771, 0x2771, 0x2771, 0x2771, 0x2771, 0x2771, \
        0x2771, 0x2771, 0x2771, 0x2771, 0x2771, 0x2771, 0x2771, 0x2771, 0x2771, 0x2771, 0x2771, 0x2771, \
        0x2771, 0x2771, 0x2771, 0x2771, 0x2771, 0x2771, 0x2771, 0x2771, 0x1D2D, 0x0086, 0x04B9, 0x061F, \
        0x063F, 0x061F, 0x9F3F, 0xDFFF, 0xD7FF, 0xCFDF, 0x463E, 0x024D, 0x1347, 0x2771, 0x2751, 0x09E7, \
        0x0044, 0x0232, 0x0233, 0x22F5, 0x2B77, 0x2B57, 0x2B57, 0x2B57, 0x2B57, 0x2B57, 0x2B57, 0x2B77, \
        0x2B57, 0x2B57, 0x2B57, 0x2B57, 0x2B57, 0x2B57, 0x2B57, 0x2B57, 0x2B57, 0x2B57, 0x2B57, 0x2B57, \
        0x2B57, 0x2B57, 0x2B57, 0x2B57, 0x2B77, 0x2B77, 0x2B77, 0x2B77, 0x2B57, 0x2B57, 0x2B57, 0x2B77, \
        0x2B77, 0x2B77, 0x2B77, 0x2B77, 0x2B77, 0x2B77, 0x2B77, 0x2B77, 0x2B77, 0x2B77, 0x2B77, 0x3378, \
        0x2B77, 0x2B57, 0x02D5, 0x0253, 0x32F3, 0x7477, 0xA5BA, 0xBE7D, 0xC6DE, 0xC6DE, 0xC6DD, 0xC6BD, \
        0xC6BD, 0xC6BD, 0xC6BD, 0xC6BD, 0xC6BD, 0xC6BD, 0xC6BD, 0xC6BD, 0xC6BD, 0xBEBD, 0xBEBD, 0xC6BD, \
        0xBEBD, 0xBEBD, 0xC6BD, 0xC6BD, 0xBEBD, 0xBEBD, 0xBEBD, 0xC6BD, 0xBEBD, 0xBEBD, 0xBEBD, 0x9516, \
        0xA598, 0xC6BD, 0xBEBD, 0xBE9D, 0xBE9D, 0xBE9D, 0xBE9D, 0xBE9D, 0xBE9D, 0xBE9D, 0xBE9D, 0xBE9D, \
        0xBE9D, 0xBE9D, 0xBE9D, 0xBE9D, 0xBE9D, 0xBE9D, 0xBE9D, 0xBE9D, 0xBE9D, 0xBE9D, 0xBE9D, 0xBE7D, \
        0xBE9D, 0xBE9D, 0xBE9D, 0xBE7D, 0xBE9D, 0xBEBD, 0xBEBD, 0xBEBD, 0xBE9D, 0xBE9D, 0xBE9D, 0xBE9D, \
        0xBEBD, 0xBEBD, 0xBEBD, 0xBE9D, 0xBEBD, 0xBEBD, 0xBEBD, 0xBEBD, 0xBEBD, 0xBEBD, 0xBEBD, 0xBEBD, \
        0xBEBD, 0xC6BD, 0xC6BD, 0xC6BD, 0xC6BD, 0xC6BD, 0xC6BD, 0xC6BD, 0xBEBD, 0xC6BD, 0xC6BD, 0xC6BD, \
        0xC6BD, 0xC6BD, 0xC6BD, 0xC6BD, 0xC6BD, 0xC6BD, 0xC6DD, 0xC6BD, 0xC6BD, 0xC6DD, 0xC6DD, 0xC6DD, \
        0xC6DD, 0xC6DD, 0xC6DD, 0xC6DD, 0xC6DD, 0xC6DD, 0xCEDD, 0xCEDD, 0xCEDD, 0xCEDD, 0xCEFE, 0xCEDD, \
        0x7C11, 0x0000, 0x0023, 0x1C0B, 0x2771, 0x2771, 0x2771, 0x2771, 0x2771, 0x2771, 0x2771, 0x2771, \
        0x2771, 0x2771, 0x2771, 0x2771, 0x2771, 0x2771, 0x2771, 0x2771, 0x2771, 0x2771, 0x2771, 0x2771, \
        0x2771, 0x2771, 0x2771, 0x2771, 0x2771, 0x2771, 0x2771, 0x2771, 0x2771, 0x2771, 0x2771, 0x2771, \
        0x2771, 0x2771, 0x2771, 0x2771, 0x2771, 0x2771, 0x2771, 0x2771, 0x2771, 0x2771, 0x2771, 0x2771, \
        0x2771, 0x2771, 0x2771, 0x2771, 0x2771, 0x2771, 0x2771, 0x2771, 0x2771, 0x2771, 0x2771, 0x2771, \
        0x2771, 0x2771, 0x2771, 0x2771, 0x2771, 0x2771, 0x2771, 0x2771, 0x2771, 0x2771, 0x2771, 0x2771, \
        0x2771, 0x2771, 0x2771, 0x2771, 0x2771, 0x2771, 0x2771, 0x2771, 0x2771, 0x2771, 0x2771, 0x2771, \
        0x2771, 0x2771, 0x2771, 0x2771, 0x2771, 0x2771, 0x2771, 0x2771, 0x2771, 0x2771, 0x2771, 0x2771, \
        0x2771, 0x2771, 0x2771, 0x2771, 0x2771, 0x2771, 0x2771, 0x2771, 0x2771, 0x2771, 0x2771, 0x2771, \
        0x2771, 0x2771, 0x2771, 0x2771, 0x2771, 0x2771, 0x2771, 0x2771, 0x2771, 0x2771, 0x2771, 0x2771, \
        0x2771, 0x2771, 0x2771, 0x2771, 0x2771, 0x2771, 0x2771, 0x2771, 0x2771, 0x2771, 0x2771, 0x2771, \
        0x2771, 0x2771, 0x2771, 0x2771, 0x0A04, 0x0374, 0x05BE, 0x061F, 0x063F, 0x063F, 0x9F3F, 0xD7FF, \
        0xCFFF, 0xCFDF, 0x567F, 0x04B8, 0x00A1, 0x26D0, 0x2771, 0x0A48, 0x0022, 0x01F0, 0x0253, 0x12B4, \
        0x2B57, 0x2B57, 0x2B57, 0x2B57, 0x2B57, 0x2B57, 0x2B77, 0x2B57, 0x2B57, 0x3398, 0x3BB8, 0x3BD8, \
        0x3BD9, 0x3BD9, 0x3BF9, 0x3BF9, 0x3BF9, 0x3BF9, 0x3BF9, 0x3BD9, 0x3BF9, 0x3BF9, 0x3BD9, 0x3BD9, \
        0x3BD9, 0x3BD9, 0x3BD9, 0x3BD8, 0x3BB8, 0x33B8, 0x33B8, 0x33B8, 0x3398, 0x2B77, 0x2B77, 0x2B77, \
        0x2B77, 0x2B77, 0x2B77, 0x2B77, 0x2B77, 0x2B77, 0x2B57, 0x12F6, 0x0274, 0x2AF4, 0x7477, 0xA5BA, \
        0xBE9D, 0xCEFE, 0xCEFE, 0xC6DD, 0xC6DD, 0xC6DD, 0xC6DD, 0xC6DD, 0xC6DD, 0xC6DD, 0xC6BD, 0xC6BD, \
        0xC6BD, 0xC6BD, 0xC6BD, 0xC6BD, 0xC6BD, 0xBEBD, 0xBEBD, 0xC6BD, 0xBEBD, 0xC6BD, 0xC6BD, 0xBEBD, \
        0xBEBD, 0xBEBD, 0xBEBD, 0xBEBD, 0xC6DE, 0xBE9C, 0x73F1, 0x530D, 0xB67C, 0xBE9D, 0xBE9D, 0xBE9D, \
        0xBE9D, 0xBE9D, 0xBE9D, 0xBE9D, 0xBE9D, 0xBE9D, 0xBE9D, 0xBE9D, 0xBE9D, 0xBE9D, 0xBE9D, 0xBE9D, \
        0xBE9D, 0xBE9D, 0xBE9D, 0xBE9D, 0xBE9D, 0xBE9D, 0xBE9D, 0xBE7D, 0xBE9D, 0xBE9D, 0xBE9D, 0xBE9D, \
        0xBE9D, 0xBE9D, 0xBEBD, 0xBE9D, 0xBE9D, 0xBE9D, 0xBE9D, 0xBE9D, 0xBE9D, 0xBEBD, 0xBEBD, 0xBEBD, \
        0xBEBD, 0xBEBD, 0xBEBD, 0xBEBD, 0xBEBD, 0xBEBD, 0xBEBD, 0xBEBD, 0xBEBD, 0xC6BD, 0xC6BD, 0xBEBD, \
        0xBEBD, 0xBEBD, 0xBEBD, 0xBEBD, 0xBEBD, 0xC6BD, 0xC6BD, 0xC6BD, 0xC6BD, 0xC6BD, 0xC6BD, 0xC6BD, \
        0xC6BD, 0xC6BD, 0xC6BD, 0xC6DD, 0xC6BD, 0xC6BD, 0xC6BD, 0xC6DD, 0xC6DD, 0xC6DD, 0xC6DD, 0xC6DD, \
        0xC6DD, 0xC6DD, 0xC6DD, 0xC6DD, 0xCEDE, 0xCEFE, 0xBE9C, 0x636F, 0x0000, 0x0084, 0x1CCC, 0x2771, \
        0x2771, 0x2771, 0x2771, 0x2771, 0x2771, 0x2771, 0x2771, 0x2771, 0x2771, 0x2771, 0x2771, 0x2771, \
        0x2771, 0x2771, 0x2771, 0x2771, 0x2771, 0x2771, 0x2771, 0x2771, 0x2771, 0x2771, 0x2771, 0x2771, \
        0x2771, 0x2771, 0x2771, 0x2771, 0x2771, 0x2771, 0x2771, 0x2771, 0x2771, 0x2771, 0x2771, 0x2771, \
        0x2771, 0x2771, 0x2771, 0x2771, 0x2771, 0x2771, 0x2771, 0x2771, 0x2771, 0x2771, 0x2771, 0x2771, \
        0x2771, 0x2771, 0x2771, 0x2771, 0x2771, 0x2771, 0x2771, 0x2771, 0x2771, 0x2771, 0x2771, 0x2771, \
        0x2771, 0x2771, 0x2771, 0x2771, 0x2771, 0x2771, 0x2771, 0x2771, 0x2771, 0x2771, 0x2771, 0x2771, \
        0x2771, 0x2771, 0x2771, 0x2771, 0x2771, 0x2771, 0x2771, 0x2771, 0x2771, 0x2771, 0x2771, 0x2771, \
        0x2771, 0x2771, 0x2771, 0x2771, 0x2771, 0x2771, 0x2771, 0x2771, 0x2771, 0x2771, 0x2771, 0x2771, \
        0x2771, 0x2771, 0x2771, 0x2771, 0x2771, 0x2771, 0x2771, 0x2771, 0x2771, 0x2771, 0x2771, 0x2771, \
        0x2771, 0x2771, 0x2771, 0x2771, 0x2771, 0x2771, 0x2771, 0x2771, 0x2771, 0x2771, 0x2771, 0x2771, \
        0x2771, 0x2771, 0x2771, 0x2771, 0x2771, 0x2771, 0x2771, 0x2771, 0x2771, 0x2771, 0x2771, 0x266F, \
        0x0063, 0x049A, 0x05BE, 0x063F, 0x063F, 0x063F, 0x3E5F, 0xA77F, 0xBFBF, 0x8EFF, 0x061F, 0x05BD, \
        0x01AA, 0x1D2D, 0x2771, 0x13CB, 0x0001, 0x014B, 0x0253, 0x0253, 0x2316, 0x2B77, 0x2B57, 0x2B57, \
        0x2B57, 0x2B57, 0x2B57, 0x3378, 0x443A, 0x4C7B, 0x4C9B, 0x4C9B, 0x4C7B, 0x4C7B, 0x4C7B, 0x4C7B, \
        0x4C7B, 0x4C7B, 0x4C7B, 0x4C7B, 0x4C7B, 0x4C7B, 0x4C7B, 0x4C7B, 0x4C7B, 0x4C7B, 0x4C7B, 0x447B, \
        0x4C7B, 0x4C7B, 0x445A, 0x3BF9, 0x3377, 0x2B57, 0x2B77, 0x2B77, 0x2B77, 0x2B77, 0x2B77, 0x2B77, \
        0x12F6, 0x0274, 0x1AB3, 0x6416, 0x9D9A, 0xBE9D, 0xCEFE, 0xCEFE, 0xC6DD, 0xC6DD, 0xC6DD, 0xC6DD, \
        0xC6DD, 0xC6DD, 0xC6DD, 0xC6DD, 0xC6DD, 0xC6BD, 0xC6BD, 0xC6DD, 0xC6BD, 0xC6BD, 0xC6BD, 0xC6BD, \
        0xC6BD, 0xC6BD, 0xBEBD, 0xC6BD, 0xC6BD, 0xC6BD, 0xBEBD, 0xBEBD, 0xBEBD, 0xBE9D, 0xBE9D, 0xBEBE, \
        0xADD9, 0x4AAC, 0x0003, 0xA5FA, 0xBE9D, 0xBE9D, 0xBE9D, 0xBE9D, 0xBE9D, 0xBE9D, 0xBE9D, 0xBE9D, \
        0xBE9D, 0xBE9D, 0xBE9D, 0xBE9D, 0xBE9D, 0xBE9D, 0xBE9D, 0xBE9D, 0xBE9D, 0xBE9D, 0xBE9D, 0xBE9D, \
        0xBE9D, 0xBE9D, 0xBE7D, 0xBE9D, 0xBE9D, 0xBE7D, 0xBE9D, 0xBE9D, 0xBE9D, 0xBE9D, 0xBE9D, 0xBE9D, \
        0xBE9D, 0xBE9D, 0xBE9D, 0xBE9D, 0xBE9D, 0xBEBD, 0xBEBD, 0xBEBD, 0xBEBD, 0xBEBD, 0xBEBD, 0xBEBD, \
        0xBEBD, 0xBEBD, 0xBEBD, 0xBEBD, 0xBEBD, 0xBEBD, 0xBEBD, 0xBEBD, 0xBEBD, 0xBEBD, 0xBEBD, 0xBEBD, \
        0xBEBD, 0xBEBD, 0xC6BD, 0xC6BD, 0xC6BD, 0xC6BD, 0xC6BD, 0xC6BD, 0xC6BD, 0xC6BD, 0xC6BD, 0xC6DD, \
        0xC6BD, 0xC6BD, 0xC6BD, 0xC6BD, 0xC6BD, 0xC6BD, 0xC6DD, 0xC6DD, 0xC6DD, 0xC6DD, 0xC6DD, 0xC6DE, \
        0xCEFE, 0xB61A, 0x426B, 0x0000, 0x00E5, 0x258E, 0x2771, 0x2771, 0x2771, 0x2771, 0x2771, 0x2771, \
        0x2771, 0x2771, 0x2771, 0x2771, 0x2771, 0x2771, 0x2771, 0x2771, 0x2771, 0x2771, 0x2771, 0x2771, \
        0x2771, 0x2771, 0x2771, 0x2771, 0x2771, 0x2771, 0x2771, 0x2771, 0x2771, 0x2771, 0x2771, 0x2771, \
        0x2771, 0x2771, 0x2771, 0x2771, 0x2771, 0x2771, 0x2771, 0x2771, 0x2771, 0x2771, 0x2771, 0x2771, \
        0x2771, 0x2771, 0x2771, 0x2771, 0x2771, 0x2771, 0x2771, 0x2771, 0x2771, 0x2771, 0x2771, 0x2771, \
        0x2771, 0x2771, 0x2771, 0x2771, 0x2771, 0x2771, 0x2771, 0x2771, 0x2771, 0x2771, 0x2771, 0x2771, \
        0x2771, 0x2771, 0x2771, 0x2771, 0x2771, 0x2771, 0x2771, 0x2771, 0x2771, 0x2771, 0x2771, 0x2771, \
        0x2771, 0x2771, 0x2771, 0x2771, 0x2771, 0x2771, 0x2771, 0x2771, 0x2771, 0x2771, 0x2771, 0x2771, \
        0x2771, 0x2771, 0x2771, 0x2771, 0x2771, 0x2771, 0x2771, 0x2771, 0x2771, 0x2771, 0x2771, 0x2771, \
        0x2771, 0x2771, 0x2771, 0x2771, 0x2771, 0x2771, 0x2771, 0x2771, 0x2771, 0x2771, 0x2771, 0x2771, \
        0x2771, 0x2771, 0x2771, 0x2771, 0x2771, 0x2771, 0x2771, 0x2771, 0x2771, 0x2771, 0x2771, 0x2771, \
        0x2771, 0x2771, 0x2771, 0x2771, 0x2771, 0x2771, 0x2771, 0x1D6D, 0x0148, 0x04DB, 0x059E, 0x063F, \
        0x063F, 0x061F, 0x061F, 0x061F, 0x2E3E, 0x05FE, 0x061F, 0x061E, 0x02AE, 0x144A, 0x2771, 0x264F, \
        0x00A4, 0x0043, 0x01F0, 0x0253, 0x0A73, 0x2336, 0x2B77, 0x2B57, 0x2B57, 0x2B57, 0x2B57, 0x3BB8, \
        0x4C9B, 0x4C9B, 0x4C7B, 0x4C7B, 0x4C7B, 0x4C7B, 0x4C7B, 0x4C7B, 0x4C7B, 0x4C7B, 0x4C7B, 0x4C7B, \
        0x4C7B, 0x4C7B, 0x4C7B, 0x447B, 0x447B, 0x447B, 0x4C7B, 0x445B, 0x441A, 0x3BB8, 0x3377, 0x2B77, \
        0x2B77, 0x2B77, 0x2B57, 0x2B57, 0x2B57, 0x2336, 0x0295, 0x0AB4, 0x6416, 0x9579, 0xB67C, 0xCEFE, \
        0xCEFE, 0xCEFE, 0xCEDD, 0xC6DD, 0xC6DD, 0xC6DD, 0xC6DD, 0xC6DD, 0xC6DD, 0xC6DD, 0xC6DD, 0xC6DD, \
        0xC6BD, 0xC6BD, 0xC6DD, 0xC6DD, 0xC6BD, 0xC6BD, 0xC6BD, 0xC6BD, 0xC6BD, 0xC6BD, 0xC6BD, 0xC6BD, \
        0xC6BD, 0xBEBD, 0xBEBD, 0xBEBD, 0xBEBD, 0xC6BE, 0xBE7C, 0x8494, 0x0001, 0x0000, 0xA598, 0xC6DE, \
        0xBE9D, 0xBE9D, 0xBE9D, 0xBE9D, 0xBE9D, 0xBE7D, 0xBE9D, 0xBE9D, 0xBE9D, 0xBE9D, 0xBE9D, 0xBE9D, \
        0xBE9D, 0xBE9D, 0xBE9D, 0xBE9D, 0xBE9D, 0xBE9D, 0xBE9D, 0xBE9D, 0xBE9D, 0xBE9D, 0xBE9D, 0xBE7D, \
        0xBE9D, 0xBE7D, 0xBE9D, 0xBE9D, 0xBE9D, 0xBE9D, 0xBE9D, 0xBE9D, 0xBE9D, 0xBE9D, 0xBE9D, 0xBE9D, \
        0xBE9D, 0xBEBD, 0xBEBD, 0xBEBD, 0xBEBD, 0xBEBD, 0xBEBD, 0xBEBD, 0xBEBD, 0xBE9D, 0xBE9D, 0xBEBD, \
        0xBEBD, 0xBEBD, 0xBEBD, 0xBEBD, 0xBEBD, 0xBEBD, 0xBEBD, 0xBEBD, 0xBEBD, 0xBEBD, 0xBEBD, 0xBEBD, \
        0xC6BD, 0xC6BD, 0xC6BD, 0xC6BD, 0xC6BD, 0xC6BD, 0xC6BD, 0xC6BD, 0xC6DD, 0xC6BD, 0xC6BD, 0xC6BD, \
        0xC6BD, 0xC6BD, 0xC6BD, 0xC6DD, 0xC6DD, 0xC6DD, 0xC6DE, 0xC6FE, 0x9D57, 0x1926, 0x0000, 0x09A6, \
        0x260F, 0x2771, 0x2771, 0x2771, 0x2771, 0x2771, 0x2771, 0x2771, 0x2771, 0x2771, 0x2771, 0x2771, \
        0x2771, 0x2771, 0x2771, 0x2771, 0x2771, 0x2771, 0x2771, 0x2771, 0x2771, 0x2771, 0x2771, 0x2771, \
        0x2771, 0x2771, 0x2771, 0x2771, 0x2771, 0x2771, 0x2771, 0x2771, 0x2771, 0x2771, 0x2771, 0x2771, \
        0x2771, 0x2771, 0x2771, 0x2771, 0x2771, 0x2771, 0x2771, 0x2771, 0x2771, 0x2771, 0x2771, 0x2771, \
        0x2771, 0x2771, 0x2771, 0x2771, 0x2771, 0x2771, 0x2771, 0x2771, 0x2771, 0x2771, 0x2771, 0x2771, \
        0x2771, 0x2771, 0x2771, 0x2771, 0x2771, 0x2771, 0x2771, 0x2771, 0x2771, 0x2771, 0x2771, 0x2771, \
        0x2771, 0x2771, 0x2771, 0x2771, 0x2771, 0x2771, 0x2771, 0x2771, 0x2771, 0x2771, 0x2771, 0x2771, \
        0x2771, 0x2771, 0x2771, 0x2771, 0x2771, 0x2771, 0x2771, 0x2771, 0x2771, 0x2771, 0x2771, 0x2771, \
        0x2771, 0x2771, 0x2771, 0x2771, 0x2771, 0x2771, 0x2771, 0x2771, 0x2771, 0x2771, 0x2771, 0x2771, \
        0x2771, 0x2771, 0x2771, 0x2771, 0x2771, 0x2771, 0x2771, 0x2771, 0x2771, 0x2771, 0x2771, 0x2771, \
        0x2771, 0x2771, 0x2771, 0x2771, 0x2771, 0x2771, 0x2771, 0x2771, 0x2771, 0x2771, 0x2771, 0x2771, \
        0x2771, 0x2771, 0x2771, 0x1D6D, 0x0169, 0x051C, 0x057E, 0x061F, 0x063F, 0x061F, 0x061F, 0x061F, \
        0x061F, 0x061F, 0x061F, 0x05DE, 0x022C, 0x144B, 0x2771, 0x2771, 0x13EB, 0x0023, 0x0086, 0x0211, \
        0x0274, 0x0273, 0x1AF5, 0x2B57, 0x2B57, 0x2B57, 0x2B77, 0x2B77, 0x3BB8, 0x443A, 0x4C7B, 0x4C7B, \
        0x4C7B, 0x4C7B, 0x4C7B, 0x4C7B, 0x4C7B, 0x4C7B, 0x4C7B, 0x4C7B, 0x4C7B, 0x4C7B, 0x4C7B, 0x4C7B, \
        0x445A, 0x441A, 0x3BD9, 0x3378, 0x2B57, 0x2B57, 0x2B57, 0x2B77, 0x3378, 0x2B57, 0x1B16, 0x0254, \
        0x0212, 0x4334, 0x84F8, 0xBE7C, 0xD73E, 0xD71E, 0xCEFE, 0xCEFE, 0xCEDD, 0xCEDD, 0xC6DD, 0xC6DD, \
        0xC6DD, 0xC6DD, 0xC6DD, 0xC6DD, 0xC6DD, 0xC6DD, 0xC6DD, 0xC6DD, 0xC6BD, 0xC6BD, 0xC6DD, 0xC6DD, \
        0xC6BD, 0xC6BD, 0xC6BD, 0xC6BD, 0xBEBD, 0xBEBD, 0xC6BD, 0xC6BD, 0xC6BD, 0xBEBD, 0xBE9D, 0xBEBD, \
        0xC6BE, 0xADFA, 0x530E, 0x0000, 0x0000, 0x9537, 0xC6DE, 0xBEBD, 0xBE9D, 0xBE9D, 0xBE9D, 0xBE7D, \
        0xB63B, 0xBE9D, 0xBE9D, 0xBE9D, 0xBE9D, 0xBE9D, 0xBE9D, 0xBE9D, 0xBE9D, 0xBE9D, 0xBE9D, 0xBE9D, \
        0xBE9D, 0xBE9D, 0xBE7D, 0xBE9D, 0xBE9D, 0xBE9D, 0xBE9D, 0xBE7D, 0xBE9D, 0xBE9D, 0xBE9D, 0xBE9D, \
        0xBE9D, 0xBE7D, 0xBE9D, 0xBE9D, 0xBE9D, 0xBE7D, 0xBE9D, 0xBE9D, 0xBE9D, 0xBE9D, 0xBE9D, 0xBE9D, \
        0xBE9D, 0xBE9D, 0xBE9D, 0xBEBD, 0xBEBD, 0xBE9D, 0xBEBD, 0xBEBD, 0xBE9D, 0xBEBD, 0xBE9D, 0xBE9D, \
        0xBE9D, 0xBEBD, 0xBEBD, 0xBEBD, 0xBEBD, 0xBEBD, 0xBE9D, 0xBEBD, 0xBEBD, 0xBEBD, 0xBEBD, 0xC6BD, \
        0xC6BD, 0xC6BD, 0xC6BD, 0xC6BD, 0xC6BD, 0xC6BD, 0xC6DD, 0xC6DD, 0xC6BD, 0xC6BD, 0xC6BD, 0xC6BD, \
        0xC6DD, 0xCEFE, 0xC6BD, 0x7C53, 0x0000, 0x0002, 0x12E9, 0x26D0, 0x2771, 0x2771, 0x2771, 0x2771, \
        0x2771, 0x2771, 0x2771, 0x2771, 0x2771, 0x2771, 0x2771, 0x2771, 0x2771, 0x2771, 0x2771, 0x2771, \
        0x2771, 0x2771, 0x2771, 0x2771, 0x2771, 0x2771, 0x2771, 0x2771, 0x2771, 0x2771, 0x2771, 0x2771, \
        0x2771, 0x2771, 0x2771, 0x2771, 0x2771, 0x2771, 0x2771, 0x2771, 0x2771, 0x2771, 0x2771, 0x2771, \
        0x2771, 0x2771, 0x2771, 0x2771, 0x2771, 0x2771, 0x2771, 0x2771, 0x2771, 0x2771, 0x2771, 0x2771, \
        0x2771, 0x2771, 0x2771, 0x2771, 0x2771, 0x2771, 0x2771, 0x2771, 0x2771, 0x2771, 0x2771, 0x2771, \
        0x2771, 0x2771, 0x2771, 0x2771, 0x2771, 0x2771, 0x2771, 0x2771, 0x2771, 0x2771, 0x2771, 0x2771, \
        0x2771, 0x2771, 0x2771, 0x2771, 0x2771, 0x2771, 0x2771, 0x2771, 0x2771, 0x2771, 0x2771, 0x2771, \
        0x2771, 0x2771, 0x2771, 0x2771, 0x2771, 0x2771, 0x2771, 0x2771, 0x2771, 0x2771, 0x2771, 0x2771, \
        0x2771, 0x2771, 0x2771, 0x2771, 0x2771, 0x2771, 0x2771, 0x2771, 0x2771, 0x2771, 0x2771, 0x2771, \
        0x2771, 0x2771, 0x2771, 0x2771, 0x2771, 0x2771, 0x2771, 0x2771, 0x2771, 0x2771, 0x2771, 0x2771, \
        0x2771, 0x2771, 0x2771, 0x2771, 0x2771, 0x2771, 0x2771, 0x2771, 0x2771, 0x2771, 0x2771, 0x1E2F, \
        0x0044, 0x04DA, 0x057E, 0x059E, 0x061F, 0x061F, 0x061F, 0x061F, 0x063F, 0x063F, 0x061F, 0x04DA, \
        0x0065, 0x1D8E, 0x2771, 0x2771, 0x2771, 0x0B09, 0x0023, 0x0086, 0x01F0, 0x0253, 0x0253, 0x0A73, \
        0x22F5, 0x2B57, 0x2B77, 0x2B77, 0x2B56, 0x2B36, 0x33B8, 0x4419, 0x445A, 0x4C7B, 0x4C7B, 0x4C7B, \
        0x4C7B, 0x4C7B, 0x4C7B, 0x4C5B, 0x445A, 0x443A, 0x3BF9, 0x33B8, 0x3398, 0x2B57, 0x2B57, 0x2B57, \
        0x2B57, 0x2B57, 0x2B36, 0x1AD5, 0x0274, 0x0233, 0x3B14, 0x7C97, 0xA5FA, 0xBE9D, 0xC6FE, 0xD73F, \
        0xD73E, 0xCEFE, 0xCEFE, 0xCEFE, 0xCEFE, 0xC6DD, 0xC6DD, 0xC6DD, 0xC6DD, 0xC6DD, 0xC6DD, 0xC6DD, \
        0xC6DD, 0xC6DD, 0xC6DD, 0xC6DD, 0xC6DD, 0xC6DD, 0xC6BD, 0xC6DD, 0xC6DD, 0xC6BD, 0xC6BD, 0xBEBD, \
        0xBEBD, 0xC6BD, 0xC6BD, 0xC6BD, 0xBEBD, 0xBEBD, 0xC6BE, 0xB65C, 0x7C53, 0x0003, 0x0000, 0x428B, \
        0x9D99, 0xBE9D, 0xBE9D, 0xBE9D, 0xBE9D, 0xC6BD, 0xB65C, 0x6BF1, 0x9D99, 0xBEBD, 0xBE9D, 0xBE9D, \
        0xBE9D, 0xBE9D, 0xBE9D, 0xBE9D, 0xBE9D, 0xBE9D, 0xBE9D, 0xBE9D, 0xBE9D, 0xBE9D, 0xBE7D, 0xBE7D, \
        0xBE7D, 0xBE7D, 0xBE7D, 0xBE7D, 0xBE9D, 0xBE9D, 0xBE9D, 0xBE7D, 0xBE7D, 0xBE7D, 0xBE7D, 0xBE7D, \
        0xBE9D, 0xBE7D, 0xBE9D, 0xBE9D, 0xBE9D, 0xBE9D, 0xBE9D, 0xBE9D, 0xBE9D, 0xBE9D, 0xBE9D, 0xBE9D, \
        0xBE9D, 0xBE9D, 0xBE9D, 0xBE9D, 0xBE9D, 0xBE9D, 0xBE9D, 0xBE9D, 0xBE9D, 0xBE9D, 0xBEBD, 0xBEBD, \
        0xBE9D, 0xBE9D, 0xBE9D, 0xBEBD, 0xBEBD, 0xBEBD, 0xBEBD, 0xC6BD, 0xC6BD, 0xC6BD, 0xC6BD, 0xC6BD, \
        0xC6BD, 0xC6BD, 0xC6BD, 0xC6BD, 0xC6BD, 0xC6BD, 0xC6BD, 0xC6DD, 0xCEDE, 0xADFA, 0x52ED, 0x0000, \
        0x0064, 0x1C6C, 0x2771, 0x2771, 0x2771, 0x2771, 0x2771, 0x2771, 0x2771, 0x2771, 0x2771, 0x2771, \
        0x2771, 0x2771, 0x2771, 0x2771, 0x2771, 0x2771, 0x2771, 0x2771, 0x2771, 0x2771, 0x2771, 0x2771, \
        0x2771, 0x2771, 0x2771, 0x2771, 0x2771, 0x2771, 0x2771, 0x2771, 0x2771, 0x2771, 0x2771, 0x2771, \
        0x2771, 0x2771, 0x2771, 0x2771, 0x2771, 0x2771, 0x2771, 0x2771, 0x2771, 0x2771, 0x2771, 0x2771, \
        0x2771, 0x2771, 0x2771, 0x2771, 0x2771, 0x2771, 0x2771, 0x2771, 0x2771, 0x2771, 0x2771, 0x2771, \
        0x2771, 0x2771, 0x2771, 0x2771, 0x2771, 0x2771, 0x2771, 0x2771, 0x2771, 0x2771, 0x2771, 0x2771, \
        0x2771, 0x2771, 0x2771, 0x2771, 0x2771, 0x2771, 0x2771, 0x2771, 0x2771, 0x2771, 0x2771, 0x2771, \
        0x2771, 0x2771, 0x2771, 0x2771, 0x2771, 0x2771, 0x2771, 0x2771, 0x2771, 0x2771, 0x2771, 0x2771, \
        0x2771, 0x2771, 0x2771, 0x2771, 0x2771, 0x2771, 0x2771, 0x2771, 0x2771, 0x2771, 0x2771, 0x2771, \
        0x2771, 0x2771, 0x2771, 0x2771, 0x2771, 0x2771, 0x2771, 0x2771, 0x2771, 0x2771, 0x2771, 0x2771, \
        0x2771, 0x2771, 0x2771, 0x2771, 0x2771, 0x2771, 0x2771, 0x2771, 0x2771, 0x2771, 0x2771, 0x2771, \
        0x2771, 0x2771, 0x2771, 0x2771, 0x2771, 0x2771, 0x2771, 0x2731, 0x0143, 0x0393, 0x057E, 0x055D, \
        0x059E, 0x05FE, 0x061F, 0x061F, 0x061F, 0x05FF, 0x059E, 0x03B5, 0x00A1, 0x26F0, 0x2771, 0x2771, \
        0x2771, 0x2751, 0x138A, 0x0043, 0x0023, 0x016C, 0x0232, 0x0274, 0x0274, 0x0A94, 0x1AD5, 0x22F5, \
        0x2B36, 0x2B57, 0x2B57, 0x2B57, 0x3377, 0x3398, 0x33B8, 0x33B8, 0x33B8, 0x3398, 0x3398, 0x3398, \
        0x3378, 0x3378, 0x2B77, 0x2B77, 0x2B77, 0x2B57, 0x2336, 0x1AF5, 0x0294, 0x0233, 0x01F2, 0x32D3, \
        0x6C56, 0xA5DA, 0xC6DD, 0xD73E, 0xD73E, 0xCEFE, 0xA5B8, 0x9515, 0xC69C, 0xCF1E, 0xCEFE, 0xCEFE, \
        0xCEFD, 0xCEDD, 0xC6DD, 0xC6DD, 0xC6DD, 0xC6DD, 0xC6DD, 0xC6DD, 0xC6DD, 0xC6DD, 0xC6DD, 0xC6DD, \
        0xC6DD, 0xC6DD, 0xC6DD, 0xC6DD, 0xC6BD, 0xC6BD, 0xC6BD, 0xBEBD, 0xBEBD, 0xBEBD, 0xC6BD, 0xC6BD, \
        0xC6DE, 0xBEBD, 0x9537, 0x31E9, 0x0000, 0x2166, 0x8494, 0xBE7C, 0xBEBD, 0xBE7D, 0xBE9D, 0xBE9D, \
        0xC6DE, 0xADFA, 0x428B, 0x5B2E, 0xB67D, 0xBE9D, 0xBE9D, 0xBE9D, 0xBE9D, 0xBE9D, 0xBE9D, 0xBE9D, \
        0xBE9D, 0xBE9D, 0xBE9D, 0xBE9D, 0xBE9D, 0xBE9D, 0xBE7D, 0xBE7D, 0xB67D, 0xB67D, 0xBE7D, 0xBE9D, \
        0xBE9D, 0xBE7D, 0xBE7D, 0xBE7D, 0xBE7D, 0xBE7D, 0xBE7D, 0xBE7D, 0xBE7D, 0xBE9D, 0xBE9D, 0xBE9D, \
        0xBE9D, 0xBE9D, 0xBE9D, 0xBE9D, 0xBE9D, 0xBE9D, 0xBE9D, 0xBE9D, 0xBE9D, 0xBEBD, 0xBEBD, 0xBE9D, \
        0xBE9D, 0xBE9D, 0xBE9D, 0xBE9D, 0xBE9D, 0xBE9D, 0xBE9D, 0xBE9D, 0xBE9D, 0xBE9D, 0xBE9D, 0xBE9D, \
        0xBEBD, 0xBEBD, 0xBEBD, 0xBEBD, 0xC6BD, 0xC6BD, 0xC6BD, 0xC6BD, 0xC6BD, 0xC6BD, 0xC6BD, 0xC6BD, \
        0xC6BD, 0xC6BD, 0xC6DE, 0xC6BD, 0x8CD4, 0x0064, 0x0000, 0x09C6, 0x25CE, 0x2771, 0x2771, 0x2771, \
        0x2771, 0x2771, 0x2771, 0x2771, 0x2771, 0x2771, 0x2771, 0x2771, 0x2771, 0x2771, 0x2771, 0x2771, \
        0x2771, 0x2771, 0x2771, 0x2771, 0x2771, 0x2771, 0x2771, 0x2771, 0x2771, 0x2771, 0x2771, 0x2771, \
        0x2771, 0x2771, 0x2771, 0x2771, 0x2771, 0x2771, 0x2771, 0x2771, 0x2771, 0x2771, 0x2771, 0x2771, \
        0x2771, 0x2771, 0x2771, 0x2771, 0x2771, 0x2771, 0x2771, 0x2771, 0x2771, 0x2771, 0x2771, 0x2771, \
        0x2771, 0x2771, 0x2771, 0x2771, 0x2771, 0x2771, 0x2771, 0x2771, 0x2771, 0x2771, 0x2771, 0x2771, \
        0x2771, 0x2771, 0x2771, 0x2771, 0x2771, 0x2771, 0x2771, 0x2771, 0x2771, 0x2771, 0x2771, 0x2771, \
        0x2771, 0x2771, 0x2771, 0x2771, 0x2771, 0x2771, 0x2771, 0x2771, 0x2771, 0x2771, 0x2771, 0x2771, \
        0x2771, 0x2771, 0x2771, 0x2771, 0x2771, 0x2771, 0x2771, 0x2771, 0x2771, 0x2771, 0x2771, 0x2771, \
        0x2771, 0x2771, 0x2771, 0x2771, 0x2771, 0x2771, 0x2771, 0x2771, 0x2771, 0x2771, 0x2771, 0x2771, \
        0x2771, 0x2771, 0x2771, 0x2771, 0x2771, 0x2771, 0x2771, 0x2771, 0x2771, 0x2771, 0x2771, 0x2771, \
        0x2771, 0x2771, 0x2771, 0x2771, 0x2771, 0x2771, 0x2771, 0x2771, 0x2771, 0x2771, 0x2771, 0x2771, \
        0x2771, 0x2771, 0x2771, 0x2771, 0x146C, 0x0085, 0x0499, 0x057E, 0x055D, 0x055D, 0x059E, 0x059E, \
        0x055D, 0x055D, 0x0499, 0x0128, 0x140B, 0x2771, 0x2771, 0x2771, 0x2771, 0x2771, 0x2771, 0x1CED, \
        0x0105, 0x0001, 0x00A7, 0x01CF, 0x0A73, 0x0A73, 0x0233, 0x0233, 0x0273, 0x1294, 0x1AB4, 0x22F5, \
        0x2316, 0x2B36, 0x2B36, 0x2336, 0x2336, 0x2337, 0x2337, 0x2336, 0x2316, 0x2316, 0x22F5, 0x12B4, \
        0x0274, 0x0213, 0x01D2, 0x0253, 0x4B75, 0x84D8, 0xAE1B, 0xC6DD, 0xCF1E, 0xCF1E, 0xCF1E, 0xCF1E, \
        0xCF1E, 0xD73E, 0xC69B, 0x4AAB, 0x2966, 0xB63B, 0xCEFE, 0xCEDE, 0xCEFD, 0xCEDD, 0xC6DD, 0xC6DD, \
        0xC6DD, 0xC6DD, 0xC6DD, 0xC6DD, 0xC6DD, 0xC6DD, 0xC6DD, 0xC6DD, 0xC6DD, 0xC6DD, 0xC6BD, 0xC6BD, \
        0xBEBD, 0xBEBD, 0xBEBD, 0xBEBD, 0xBEBD, 0xBEBD, 0xBEBD, 0xBEBD, 0xA5D9, 0x5B6F, 0x10E5, 0x5B4E, \
        0x8CD5, 0xAE1B, 0xBE9D, 0xBE9D, 0xBE9D, 0xBE9D, 0xBE9D, 0xB65C, 0x84B4, 0x0001, 0x2188, 0xADFB, \
        0xBE9D, 0xBE7D, 0xBE9D, 0xBE9D, 0xBE9D, 0xBE9D, 0xBE9D, 0xBE9D, 0xBE9D, 0xBE9D, 0xBE9D, 0xBE9D, \
        0xBE9D, 0xBE9D, 0xBE7D, 0xBE7D, 0xB67D, 0xB67D, 0xB67D, 0xBE7D, 0xBE7D, 0xBE7D, 0xBE7D, 0xB67D, \
        0xBE7D, 0xB67D, 0xBE7D, 0xBE7D, 0xBE7D, 0xBE9D, 0xBE9D, 0xBE9D, 0xBE9D, 0xBE9D, 0xBE9D, 0xBE9D, \
        0xBE9D, 0xBE9D, 0xBE9D, 0xBE9D, 0xBE9D, 0xBE9D, 0xBE9D, 0xBE9D, 0xBE9D, 0xBE9D, 0xBE9D, 0xBE9D, \
        0xBE9D, 0xBE9D, 0xBE9D, 0xBE9D, 0xBE9D, 0xBE9D, 0xBE9D, 0xBE9D, 0xBEBD, 0xBEBD, 0xBEBD, 0xBEBD, \
        0xBEBD, 0xBEBD, 0xBEBD, 0xBEBD, 0xBEBD, 0xC6BD, 0xC6BD, 0xC6BD, 0xC6DE, 0xC6DE, 0xA5D9, 0x530D, \
        0x0000, 0x0002, 0x1B8A, 0x2711, 0x2771, 0x2771, 0x2771, 0x2771, 0x2771, 0x2771, 0x2771, 0x2771, \
        0x2771, 0x2771, 0x2771, 0x2771, 0x2771, 0x2771, 0x2771, 0x2771, 0x2771, 0x2771, 0x2771, 0x2771, \
        0x2771, 0x2771, 0x2771, 0x2771, 0x2771, 0x2771, 0x2771, 0x2771, 0x2771, 0x2771, 0x2771, 0x2771, \
        0x2771, 0x2771, 0x2771, 0x2771, 0x2771, 0x2771, 0x2771, 0x2771, 0x2771, 0x2771, 0x2771, 0x2771, \
        0x2771, 0x2771, 0x2771, 0x2771, 0x2771, 0x2771, 0x2771, 0x2771, 0x2771, 0x2771, 0x2771, 0x2771, \
        0x2771, 0x2771, 0x2771, 0x2771, 0x2771, 0x2771, 0x2771, 0x2771, 0x2771, 0x2771, 0x2771, 0x2771, \
        0x2771, 0x2771, 0x2771, 0x2771, 0x2771, 0x2771, 0x2771, 0x2771, 0x2771, 0x2771, 0x2771, 0x2771, \
        0x2771, 0x2771, 0x2771, 0x2771, 0x2771, 0x2771, 0x2771, 0x2771, 0x2771, 0x2771, 0x2771, 0x2771, \
        0x2771, 0x2771, 0x2771, 0x2771, 0x2771, 0x2771, 0x2771, 0x2771, 0x2771, 0x2771, 0x2771, 0x2771, \
        0x2771, 0x2771, 0x2771, 0x2771, 0x2771, 0x2771, 0x2771, 0x2771, 0x2771, 0x2771, 0x2771, 0x2771, \
        0x2771, 0x2771, 0x2771, 0x2771, 0x2771, 0x2771, 0x2771, 0x2771, 0x2771, 0x2771, 0x2771, 0x2771, \
        0x2771, 0x2771, 0x2771, 0x2771, 0x2771, 0x2771, 0x2771, 0x2771, 0x2771, 0x2771, 0x2771, 0x2771, \
        0x2751, 0x0A07, 0x0148, 0x0498, 0x057E, 0x057E, 0x057E, 0x057E, 0x055D, 0x0437, 0x0127, 0x0A87, \
        0x2751, 0x2771, 0x2771, 0x2771, 0x2771, 0x2771, 0x2771, 0x2771, 0x2690, 0x0B29, 0x0064, 0x0002, \
        0x0109, 0x3AB0, 0x5B94, 0x5395, 0x2AD4, 0x0213, 0x01D3, 0x01F2, 0x01F2, 0x01F2, 0x0212, 0x0233, \
        0x0233, 0x0213, 0x0213, 0x01D2, 0x01B2, 0x0192, 0x01F2, 0x2293, 0x5395, 0x7CB7, 0xA5BA, 0xBE7C, \
        0xC6DD, 0xCF1E, 0xD71E, 0xD71E, 0xCF1E, 0xCF1E, 0xD73E, 0xCEFD, 0xADF9, 0x7C32, 0x424A, 0x7C73, \
        0x7C95, 0x638F, 0xCEDD, 0xCEFE, 0xCEFD, 0xCEDD, 0xC6DD, 0xC6DD, 0xC6DD, 0xC6DD, 0xC6DD, 0xC6DD, \
        0xC6DD, 0xC6DD, 0xC6DD, 0xC6DD, 0xC6BD, 0xBEBD, 0xBEBD, 0xBEBD, 0xBEBD, 0xBEBD, 0xBEBD, 0xBEBD, \
        0xBEBD, 0xBEBD, 0xBEBD, 0xA5D9, 0x8D16, 0xA5B9, 0xBE7C, 0xC6BD, 0xBE9D, 0xBE9D, 0xB67D, 0xB67D, \
        0xBE9D, 0xC6BD, 0xA5B9, 0x4ACC, 0x0000, 0x31C9, 0xA5DA, 0xBE9D, 0xB67D, 0xBE7D, 0xBE7D, 0xBE9D, \
        0xBE9D, 0xBE9D, 0xBE9D, 0xBE9D, 0xBE9D, 0xBE9D, 0xB69D, 0xBE9D, 0xBE9D, 0xBE9D, 0xBE7D, 0xB67D, \
        0xB67D, 0xB67D, 0xB67D, 0xB67D, 0xB67D, 0xB67D, 0xB67D, 0xB69D, 0xB69D, 0xB67D, 0xB67D, 0xBE7D, \
        0xB67D, 0xB67D, 0xB69D, 0xBE9D, 0xBE9D, 0xBE9D, 0xBE9D, 0xBE9D, 0xBE9D, 0xBE9D, 0xBE9D, 0xBE9D, \
        0xBE9D, 0xBE9D, 0xBE9D, 0xBE9D, 0xBE9D, 0xBE9D, 0xBE9D, 0xBE9D, 0xBE9D, 0xBE9D, 0xBE9D, 0xBE9D, \
        0xBE9D, 0xBEBD, 0xBE9D, 0xBE9D, 0xBEBD, 0xBEBD, 0xBEBD, 0xBEBD, 0xBEBD, 0xBEBD, 0xBE9D, 0xBEBD, \
        0xBEBD, 0xBEBD, 0xC6BD, 0xC6DE, 0xB65B, 0x7C32, 0x0002, 0x0000, 0x09C7, 0x258E, 0x2771, 0x2771, \
        0x2771, 0x2771, 0x2771, 0x2771, 0x2771, 0x2771, 0x2771, 0x2771, 0x2771, 0x2771, 0x2771, 0x2771, \
        0x2771, 0x2771, 0x2771, 0x2771, 0x2771, 0x2771, 0x2771, 0x2771, 0x2771, 0x2771, 0x2771, 0x2771, \
        0x2771, 0x2771, 0x2771, 0x2771, 0x2771, 0x2771, 0x2771, 0x2771, 0x2771, 0x2771, 0x2771, 0x2771, \
        0x2771, 0x2771, 0x2771, 0x2771, 0x2771, 0x2771, 0x2771, 0x2771, 0x2771, 0x2771, 0x2771, 0x2771, \
        0x2771, 0x2771, 0x2771, 0x2771, 0x2771, 0x2771, 0x2771, 0x2771, 0x2771, 0x2771, 0x2771, 0x2771, \
        0x2771, 0x2771, 0x2771, 0x2771, 0x2771, 0x2771, 0x2771, 0x2771, 0x2771, 0x2771, 0x2771, 0x2771, \
        0x2771, 0x2771, 0x2771, 0x2771, 0x2771, 0x2771, 0x2771, 0x2771, 0x2771, 0x2771, 0x2771, 0x2771, \
        0x2771, 0x2771, 0x2771, 0x2771, 0x2771, 0x2771, 0x2771, 0x2771, 0x2771, 0x2771, 0x2771, 0x2771, \
        0x2771, 0x2771, 0x2771, 0x2771, 0x2771, 0x2771, 0x2771, 0x2771, 0x2771, 0x2771, 0x2771, 0x2771, \
        0x2771, 0x2771, 0x2771, 0x2771, 0x2771, 0x2771, 0x2771, 0x2771, 0x2771, 0x2771, 0x2771, 0x2771, \
        0x2771, 0x2771, 0x2771, 0x2771, 0x2771, 0x2771, 0x2771, 0x2771, 0x2771, 0x2771, 0x2771, 0x2771, \
        0x2771, 0x2771, 0x2771, 0x2771, 0x2771, 0x2771, 0x2771, 0x2771, 0x2771, 0x2711, 0x0A88, 0x0000, \
        0x02AF, 0x03F6, 0x0437, 0x03D5, 0x02AF, 0x0002, 0x1328, 0x2751, 0x2771, 0x2771, 0x2771, 0x2771, \
        0x2771, 0x2771, 0x2771, 0x2771, 0x2771, 0x2771, 0x1DEF, 0x0AA9, 0x0043, 0x0000, 0x3A09, 0x73D1, \
        0x9516, 0xA5B9, 0x9D79, 0x84D8, 0x6C57, 0x5BF5, 0x53B5, 0x5BB5, 0x5BF6, 0x6416, 0x6C37, 0x7CB7, \
        0x8D39, 0x9DBA, 0xAE3B, 0xC6BD, 0xCEFE, 0xD71E, 0xD71E, 0xD71E, 0xCF1E, 0xCEFE, 0xCF1E, 0xD73E, \
        0xCEFD, 0xB63A, 0x94F5, 0x5B0D, 0x0000, 0x3A2A, 0xBE7B, 0xCF1E, 0xC6FE, 0x8CD5, 0xBE5B, 0xCEFE, \
        0xCEDD, 0xCEDD, 0xC6DD, 0xC6DD, 0xC6DD, 0xC6DD, 0xC6DD, 0xC6DD, 0xC6DD, 0xC6DD, 0xC6DD, 0xC6DD, \
        0xBEBD, 0xBEBD, 0xBEBD, 0xBEBD, 0xBEBD, 0xBEBD, 0xBEBD, 0xBEBD, 0xBEBD, 0xBEBD, 0xBEBD, 0xBE9D, \
        0xBEBD, 0xBEBD, 0xC6BD, 0xBE9D, 0xBE9D, 0xBE9D, 0xBE9D, 0xBE9D, 0xAE1B, 0x7C32, 0x0000, 0x0000, \
        0x5B2F, 0xADFA, 0xBEBD, 0xBE7D, 0xB67D, 0xB67D, 0xB67D, 0xADFA, 0xAE1B, 0xBE9D, 0xBE9D, 0xBE9D, \
        0xBE9D, 0xBE9D, 0xBE9D, 0xBE9D, 0xBE9D, 0xBE9D, 0xBE9D, 0xB67D, 0xB67D, 0xB67D, 0xB67D, 0xB67D, \
        0xB67D, 0xB67D, 0xB67D, 0xB69D, 0xB69D, 0xB69D, 0xB69D, 0xBE9D, 0xB67D, 0xB67D, 0xB67D, 0xBE7D, \
        0xBE9D, 0xBE9D, 0xBE7D, 0xBE9D, 0xBE9D, 0xBE9D, 0xBE9D, 0xBE9D, 0xBE9D, 0xBE9D, 0xBE9D, 0xBE9D, \
        0xBE9D, 0xBE9D, 0xBE9D, 0xBE9D, 0xBE9D, 0xBE9D, 0xAE1A, 0x8473, 0x636F, 0x73F1, 0xA598, 0xC6BD, \
        0xBEBD, 0xBE9D, 0xBE9D, 0xBE9D, 0xBEBD, 0xBE9D, 0xBE9D, 0xBEBD, 0xBEBD, 0xC6DE, 0xBE9C, 0x9516, \
        0x31E9, 0x0000, 0x0044, 0x1C0B, 0x2731, 0x2771, 0x2771, 0x2771, 0x2771, 0x2771, 0x2771, 0x2771, \
        0x2771, 0x2771, 0x2771, 0x2771, 0x2771, 0x2771, 0x2771, 0x2771, 0x2771, 0x2771, 0x2771, 0x2771, \
        0x2771, 0x2771, 0x2771, 0x2771, 0x2771, 0x2771, 0x2771, 0x2771, 0x2771, 0x2771, 0x2771, 0x2771, \
        0x2771, 0x2771, 0x2771, 0x2771, 0x2771, 0x2771, 0x2771, 0x2771, 0x2771, 0x2771, 0x2771, 0x2771, \
        0x2771, 0x2771, 0x2771, 0x2771, 0x2771, 0x2771, 0x2771, 0x2771, 0x2771, 0x2771, 0x2771, 0x2771, \
        0x2771, 0x2771, 0x2771, 0x2771, 0x2771, 0x2771, 0x2771, 0x2771, 0x2771, 0x2771, 0x2771, 0x2771, \
        0x2771, 0x2771, 0x2771, 0x2771, 0x2771, 0x2771, 0x2771, 0x2771, 0x2771, 0x2771, 0x2771, 0x2771, \
        0x2771, 0x2771, 0x2771, 0x2771, 0x2771, 0x2771, 0x2771, 0x2771, 0x2771, 0x2771, 0x2771, 0x2771, \
        0x2771, 0x2771, 0x2771, 0x2771, 0x2771, 0x2771, 0x2771, 0x2771, 0x2771, 0x2771, 0x2771, 0x2771, \
        0x2771, 0x2771, 0x2771, 0x2771, 0x2771, 0x2771, 0x2771, 0x2771, 0x2771, 0x2771, 0x2771, 0x2771, \
        0x2771, 0x2771, 0x2771, 0x2771, 0x2771, 0x2771, 0x2771, 0x2771, 0x2771, 0x2771, 0x2771, 0x2771, \
        0x2771, 0x2771, 0x2771, 0x2771, 0x2771, 0x2771, 0x2771, 0x2771, 0x2771, 0x2771, 0x2771, 0x2771, \
        0x2771, 0x2771, 0x2771, 0x2771, 0x2771, 0x2771, 0x2771, 0x1D6E, 0x0A66, 0x0122, 0x00E2, 0x0143, \
        0x0AC6, 0x1DCF, 0x2771, 0x2771, 0x2771, 0x2771, 0x2771, 0x2771, 0x2771, 0x2771, 0x2771, 0x2771, \
        0x2771, 0x2771, 0x2771, 0x2771, 0x1E0F, 0x136A, 0x00C5, 0x0000, 0x0001, 0x4A8B, 0x8452, 0x9D77, \
        0xB63B, 0xC6BD, 0xD71E, 0xD73E, 0xCF1F, 0xCF1E, 0xCF1F, 0xD73F, 0xD73F, 0xD73F, 0xD73F, 0xD71F, \
        0xD71E, 0xD71E, 0xD73E, 0xD73E, 0xCEFD, 0xBE7B, 0xA5B8, 0x8493, 0x530D, 0x0002, 0x0000, 0x0000, \
        0x18E6, 0xADFA, 0xC6FE, 0xCEFE, 0xCEFE, 0xC6BD, 0xBE9C, 0xCEFE, 0xCEDD, 0xC6DD, 0xC6DD, 0xC6DD, \
        0xC6DD, 0xC6DD, 0xC6DD, 0xC6DD, 0xC6DD, 0xC6DD, 0xC6DD, 0xC6BD, 0xC6BD, 0xBEBD, 0xBEBD, 0xBEBD, \
        0xBEBD, 0xBEBD, 0xBEBD, 0xBEBD, 0xBEBD, 0xBEBD, 0xBEBD, 0xBE9D, 0xBE9D, 0xBE9D, 0xBE9D, 0xBE9D, \
        0xBE9D, 0xBE9D, 0xB65C, 0x9516, 0x29A8, 0x0064, 0x6390, 0x9D78, 0xB65C, 0xB67D, 0xBE7D, 0xBE7D, \
        0xB67D, 0xB67D, 0x8D16, 0x428C, 0xAE1B, 0xBE9D, 0xB67D, 0xBE7D, 0xBE9D, 0xBE9D, 0xBE9D, 0xBE9D, \
        0xBE9D, 0xBE9D, 0xBE9D, 0xBE7D, 0xB67D, 0xBE7D, 0xB67D, 0xB69D, 0xB67D, 0xB67D, 0xB67D, 0xB69D, \
        0xB69D, 0xB69D, 0xB69D, 0xB69D, 0xBE9D, 0xBE9D, 0xBE7D, 0xBE7D, 0xBE9D, 0xBE9D, 0xBE7D, 0xBE7D, \
        0xBE7D, 0xBE9D, 0xB69D, 0xB69D, 0xBE9D, 0xBE9D, 0xBE9D, 0xBE9D, 0xBE9D, 0xBE9D, 0xBE9D, 0xBE9D, \
        0xBE9D, 0x9D78, 0x21C9, 0x0414, 0x04F8, 0x0476, 0x020C, 0x8494, 0xBEBD, 0xBE7D, 0xBE9D, 0xBE9D, \
        0xBE9D, 0xBE9D, 0xBE9D, 0xC6BE, 0xBE9D, 0x9D57, 0x4AAC, 0x0000, 0x0002, 0x12A8, 0x262F, 0x2771, \
        0x2771, 0x2771, 0x2771, 0x2771, 0x2771, 0x2771, 0x2771, 0x2771, 0x2771, 0x2771, 0x2771, 0x2771, \
        0x2771, 0x2771, 0x2771, 0x2771, 0x2771, 0x2771, 0x2771, 0x2771, 0x2771, 0x2771, 0x2771, 0x2771, \
        0x2771, 0x2771, 0x2771, 0x2771, 0x2771, 0x2771, 0x2771, 0x2771, 0x2771, 0x2771, 0x2771, 0x2771, \
        0x2771, 0x2771, 0x2771, 0x2771, 0x2771, 0x2771, 0x2771, 0x2771, 0x2771, 0x2771, 0x2771, 0x2771, \
        0x2771, 0x2771, 0x2771, 0x2771, 0x2771, 0x2771, 0x2771, 0x2771, 0x2771, 0x2771, 0x2771, 0x2771, \
        0x2771, 0x2771, 0x2771, 0x2771, 0x2771, 0x2771, 0x2771, 0x2771, 0x2771, 0x2771, 0x2771, 0x2771, \
        0x2771, 0x2771, 0x2771, 0x2771, 0x2771, 0x2771, 0x2771, 0x2771, 0x2771, 0x2771, 0x2771, 0x2771, \
        0x2771, 0x2771, 0x2771, 0x2771, 0x2771, 0x2771, 0x2771, 0x2771, 0x2771, 0x2771, 0x2771, 0x2771, \
        0x2771, 0x2771, 0x2771, 0x2771, 0x2771, 0x2771, 0x2771, 0x2771, 0x2771, 0x2771, 0x2771, 0x2771, \
        0x2771, 0x2771, 0x2771, 0x2771, 0x2771, 0x2771, 0x2771, 0x2771, 0x2771, 0x2771, 0x2771, 0x2771, \
        0x2771, 0x2771, 0x2771, 0x2771, 0x2771, 0x2771, 0x2771, 0x2771, 0x2771, 0x2771, 0x2771, 0x2771, \
        0x2771, 0x2771, 0x2771, 0x2771, 0x2771, 0x2771, 0x2771, 0x2771, 0x2771, 0x2771, 0x2771, 0x2771, \
        0x2771, 0x2771, 0x2771, 0x2771, 0x2771, 0x2731, 0x2711, 0x2751, 0x2771, 0x2771, 0x2771, 0x2771, \
        0x2771, 0x2771, 0x2771, 0x2771, 0x2771, 0x2771, 0x2771, 0x2771, 0x2771, 0x2771, 0x2771, 0x2771, \
        0x2771, 0x2771, 0x26F0, 0x1D2D, 0x0B09, 0x0104, 0x0000, 0x0000, 0x0002, 0x426B, 0x73D0, 0x8CB3, \
        0x9516, 0x9D77, 0xADD9, 0xB61A, 0xB61A, 0xB63A, 0xB63A, 0xB61A, 0xADD8, 0xA577, 0x8CD4, 0x7411, \
        0x52ED, 0x2147, 0x0000, 0x0000, 0x2800, 0x4041, 0x3000, 0x0000, 0xA598, 0xD71E, 0xCEDE, 0xCEFD, \
        0xCEFE, 0xCEFE, 0xC6DE, 0xC6DD, 0xC6DD, 0xC6DD, 0xC6DD, 0xC6DD, 0xC6DD, 0xC6DD, 0xC6DD, 0xC6BD, \
        0xC6BD, 0xC6BD, 0xC6DD, 0xC6BD, 0xC6BD, 0xC6BD, 0xBEBD, 0xBEBD, 0xBEBD, 0xBEBD, 0xBEBD, 0xBEBD, \
        0xBEBD, 0xBEBD, 0xBEBD, 0xBEBD, 0xBEBD, 0xBEBD, 0xBE9D, 0xBE9D, 0xBE9D, 0xBE7D, 0x9D78, 0x8CF6, \
        0x9D99, 0xAE3B, 0xBE9D, 0xC6BD, 0xBE7D, 0xB67D, 0xB67D, 0xBEBD, 0xAE1B, 0x63B0, 0x0000, 0x84B5, \
        0xBE7D, 0xB67C, 0xB67D, 0xBE7D, 0xBE9D, 0xBE9D, 0xBE9D, 0xBE9D, 0xBE9D, 0xBE9D, 0xBE7D, 0xBE7D, \
        0xBE7D, 0xBE7D, 0xB69D, 0xB67D, 0xB67D, 0xB67D, 0xB67D, 0xB67D, 0xB69D, 0xB69D, 0xB69D, 0xB69D, \
        0xB69D, 0xBE9D, 0xBE9D, 0xB69D, 0xB69D, 0xB69D, 0xB67D, 0xB67D, 0xB67D, 0xB67D, 0xB67D, 0xB67D, \
        0xB69D, 0xB69D, 0xB69D, 0xB69D, 0xB67D, 0xBE9D, 0xBE9D, 0xBE9D, 0xAE3B, 0x320B, 0x04F9, 0x067F, \
        0x8F5F, 0xB7BF, 0x667D, 0x022D, 0x9517, 0xBE7D, 0xBE7D, 0xBE9D, 0xBE7D, 0xBE9D, 0xBE9D, 0x9D78, \
        0x530E, 0x0000, 0x0000, 0x0A27, 0x1D8E, 0x2771, 0x2771, 0x2771, 0x2771, 0x2771, 0x2771, 0x2771, \
        0x2771, 0x2771, 0x2771, 0x2771, 0x2771, 0x2771, 0x2771, 0x2771, 0x2771, 0x2771, 0x2771, 0x2771, \
        0x2771, 0x2771, 0x2771, 0x2771, 0x2771, 0x2771, 0x2771, 0x2771, 0x2771, 0x2771, 0x2771, 0x2771, \
        0x2771, 0x2771, 0x2771, 0x2771, 0x2771, 0x2771, 0x2771, 0x2771, 0x2771, 0x2771, 0x2771, 0x2771, \
        0x2771, 0x2771, 0x2771, 0x2771, 0x2771, 0x2771, 0x2771, 0x2771, 0x2771, 0x2771, 0x2771, 0x2771, \
        0x2771, 0x2771, 0x2771, 0x2771, 0x2771, 0x2771, 0x2771, 0x2771, 0x2771, 0x2771, 0x2771, 0x2771, \
        0x2771, 0x2771, 0x2771, 0x2771, 0x2771, 0x2771, 0x2771, 0x2771, 0x2771, 0x2771, 0x2771, 0x2771, \
        0x2771, 0x2771, 0x2771, 0x2771, 0x2771, 0x2771, 0x2771, 0x2771, 0x2771, 0x2771, 0x2771, 0x2771, \
        0x2771, 0x2771, 0x2771, 0x2771, 0x2771, 0x2771, 0x2771, 0x2771, 0x2771, 0x2771, 0x2771, 0x2771, \
        0x2771, 0x2771, 0x2771, 0x2771, 0x2771, 0x2771, 0x2771, 0x2771, 0x2771, 0x2771, 0x2771, 0x2771, \
        0x2771, 0x2771, 0x2771, 0x2771, 0x2771, 0x2771, 0x2771, 0x2771, 0x2771, 0x2771, 0x2771, 0x2771, \
        0x2771, 0x2771, 0x2771, 0x2771, 0x2771, 0x2771, 0x2771, 0x2771, 0x2771, 0x2771, 0x2771, 0x2771, \
        0x2771, 0x2771, 0x2771, 0x2771, 0x2771, 0x2771, 0x2771, 0x2771, 0x2771, 0x2771, 0x2771, 0x2771, \
        0x2771, 0x2771, 0x2771, 0x2771, 0x2771, 0x2771, 0x2771, 0x2771, 0x2771, 0x2771, 0x2771, 0x2771, \
        0x2771, 0x2771, 0x2771, 0x2771, 0x2771, 0x2771, 0x2771, 0x2771, 0x2771, 0x2771, 0x2771, 0x2771, \
        0x2771, 0x26F0, 0x1DAE, 0x142B, 0x0A89, 0x00E6, 0x0000, 0x0000, 0x0000, 0x0000, 0x0000, 0x0000, \
        0x0000, 0x0000, 0x0000, 0x0000, 0x0000, 0x0000, 0x0000, 0x0000, 0x1000, 0x3001, 0x3842, 0x3862, \
        0x4082, 0x3822, 0x0000, 0x9516, 0xCEFE, 0xCEFE, 0xCEFD, 0xCEFD, 0xCEDD, 0xC6DD, 0xC6DD, 0xC6DD, \
        0xC6DD, 0xC6DD, 0xC6DD, 0xC6DD, 0xC6DD, 0xC6DD, 0xC6DD, 0xC6BD, 0xC6BD, 0xC6BD, 0xC6BD, 0xC6BD, \
        0xC6BD, 0xC6BD, 0xC6BD, 0xC6BD, 0xBEBD, 0xBEBD, 0xBEBD, 0xBEBD, 0xBEBD, 0xBEBD, 0xBEBD, 0xBEBD, \
        0xBEBD, 0xBEBD, 0xBE9D, 0xBE9D, 0xBE9D, 0xBE9D, 0xBE9D, 0xBE9D, 0xBE9D, 0xBE9D, 0xBE9D, 0xBE9D, \
        0xBE9D, 0xBE9D, 0xB65C, 0x8CF6, 0x2147, 0x0000, 0x7432, 0xBE7D, 0xB67D, 0xB67D, 0xBE7D, 0xB67D, \
        0xB67D, 0xBE9D, 0xB69D, 0xBE9D, 0xBE9D, 0xBE9D, 0xBE7D, 0xBE7D, 0xBE7D, 0xBE7D, 0xB69D, 0xB69D, \
        0xB67D, 0xB67D, 0xB67D, 0xB67D, 0xB67D, 0xB67D, 0xB67D, 0xB67D, 0xB67D, 0xB67D, 0xB67D, 0xB67D, \
        0xB69D, 0xB67D, 0xB67D, 0xB67D, 0xB67D, 0xB67D, 0xB69D, 0xB67D, 0xB67D, 0xB69D, 0xB67D, 0xB67D, \
        0xB67D, 0xB69D, 0xBE9D, 0xBE9D, 0x8CB5, 0x0312, 0x061F, 0x3E9F, 0xC7DF, 0xCFFF, 0x8F5F, 0x0477, \
        0x52ED, 0xB67D, 0xBE9D, 0xBEBD, 0xB65C, 0x9D78, 0x5B2E, 0x0000, 0x0000, 0x09C7, 0x1D0D, 0x2751, \
        0x2771, 0x2771, 0x2771, 0x2771, 0x2771, 0x2771, 0x2771, 0x2771, 0x2771, 0x2771, 0x2771, 0x2771, \
        0x2771, 0x2771, 0x2771, 0x2771, 0x2771, 0x2771, 0x2771, 0x2771, 0x2771, 0x2771, 0x2771, 0x2771, \
        0x2771, 0x2771, 0x2771, 0x2771, 0x2771, 0x2771, 0x2771, 0x2771, 0x2771, 0x2771, 0x2771, 0x2771, \
        0x2771, 0x2771, 0x2771, 0x2771, 0x2771, 0x2771, 0x2771, 0x2771, 0x2771, 0x2771, 0x2771, 0x2771, \
        0x2771, 0x2771, 0x2771, 0x2771, 0x2771, 0x2771, 0x2771, 0x2771, 0x2771, 0x2771, 0x2771, 0x2771, \
        0x2771, 0x2771, 0x2771, 0x2771, 0x2771, 0x2771, 0x2771, 0x2771, 0x2771, 0x2771, 0x2771, 0x2771, \
        0x2771, 0x2771, 0x2771, 0x2771, 0x2771, 0x2771, 0x2771, 0x2771, 0x2771, 0x2771, 0x2771, 0x2771, \
        0x2771, 0x2771, 0x2771, 0x2771, 0x2771, 0x2771, 0x2771, 0x2771, 0x2771, 0x2771, 0x2771, 0x2771, \
        0x2771, 0x2771, 0x2771, 0x2771, 0x2771, 0x2771, 0x2771, 0x2771, 0x2771, 0x2771, 0x2771, 0x2771, \
        0x2771, 0x2771, 0x2771, 0x2771, 0x2771, 0x2771, 0x2771, 0x2771, 0x2771, 0x2771, 0x2771, 0x2771, \
        0x2771, 0x2771, 0x2771, 0x2771, 0x2771, 0x2771, 0x2771, 0x2771, 0x2771, 0x2771, 0x2771, 0x2771, \
        0x2771, 0x2771, 0x2771, 0x2771, 0x2771, 0x2771, 0x2771, 0x2771, 0x2771, 0x2771, 0x2771, 0x2771, \
        0x2771, 0x2771, 0x2771, 0x2771, 0x2771, 0x2771, 0x2771, 0x2771, 0x2771, 0x2771, 0x2771, 0x2771, \
        0x2771, 0x2771, 0x2771, 0x2771, 0x2771, 0x2771, 0x2771, 0x2771, 0x2771, 0x2771, 0x2771, 0x2771, \
        0x2771, 0x2771, 0x2771, 0x2771, 0x2771, 0x2771, 0x2771, 0x2771, 0x2771, 0x2771, 0x2771, 0x2771, \
        0x2771, 0x26F1, 0x0A08, 0x0000, 0x7496, 0x8D9B, 0x42AD, 0x1800, 0x3042, 0x3842, 0x3842, 0x3842, \
        0x3862, 0x3842, 0x3862, 0x5883, 0x70C3, 0x7904, 0x70E4, 0x50A2, 0x3001, 0x0000, 0x94F5, 0xCEFE, \
        0xC6DE, 0xC6DD, 0xCEFD, 0xCEDD, 0xC6DD, 0xC6DD, 0xC6DD, 0xC6DD, 0xC6DD, 0xC6DD, 0xC6DD, 0xC6DD, \
        0xC6DD, 0xC6DD, 0xC6BD, 0xC6BD, 0xC6BD, 0xC6BD, 0xC6BD, 0xC6BD, 0xC6BD, 0xC6BD, 0xC6BD, 0xC6BD, \
        0xC6BD, 0xBEBD, 0xBEBD, 0xBEBD, 0xBEBD, 0xBEBD, 0xBEBD, 0xBEBD, 0xBEBD, 0xBEBD, 0xBE9D, 0xBE9D, \
        0xBEBD, 0xBE9D, 0xBE9D, 0xBE9D, 0xBE7D, 0xBE7D, 0xBE9D, 0xBE9D, 0xBE7D, 0x9D78, 0x428B, 0x0000, \
        0x52ED, 0x9D57, 0xB67C, 0xB67D, 0xBE7D, 0xBE7D, 0xBE7D, 0xB67D, 0xB67D, 0xB69D, 0xB69D, 0xB69D, \
        0xBE9D, 0xBE9D, 0xBE7D, 0xBE7D, 0xBE7D, 0xBE7D, 0xB69D, 0xB69D, 0xB67D, 0xB67D, 0xB67D, 0xB67D, \
        0xB67D, 0xB67D, 0xB69D, 0xB67D, 0xB67D, 0xB67D, 0xB67D, 0xB67D, 0xB69D, 0xB67D, 0xB67D, 0xB67D, \
        0xB67D, 0xB67D, 0xB67D, 0xB67D, 0xB67D, 0xB67D, 0xB67D, 0xB67D, 0xB67D, 0xB69D, 0xB69D, 0xBEBD, \
        0x73F1, 0x03D5, 0x05FF, 0x063F, 0x8F1F, 0xA77F, 0x3E5F, 0x051B, 0x424B, 0xB65C, 0xB67C, 0x9537, \
        0x52ED, 0x0000, 0x0000, 0x0186, 0x1CAC, 0x2731, 0x2771, 0x2771, 0x2771, 0x2771, 0x2771, 0x2771, \
        0x2771, 0x2771, 0x2771, 0x2771, 0x2771, 0x2771, 0x2771, 0x2771, 0x2771, 0x2771, 0x2771, 0x2771, \
        0x2771, 0x2771, 0x2771, 0x2771, 0x2771, 0x2771, 0x2771, 0x2771, 0x2771, 0x2771, 0x2771, 0x2771, \
        0x2771, 0x2771, 0x2771, 0x2771, 0x2771, 0x2771, 0x2771, 0x2771, 0x2771, 0x2771, 0x2771, 0x2771, \
        0x2771, 0x2771, 0x2771, 0x2771, 0x2771, 0x2771, 0x2771, 0x2771, 0x2771, 0x2771, 0x2771, 0x2771, \
        0x2771, 0x2771, 0x2771, 0x2771, 0x2771, 0x2771, 0x2771, 0x2771, 0x2771, 0x2771, 0x2771, 0x2771, \
        0x2771, 0x2771, 0x2771, 0x2771, 0x2771, 0x2771, 0x2771, 0x2771, 0x2771, 0x2771, 0x2771, 0x2771, \
        0x2771, 0x2771, 0x2771, 0x2771, 0x2771, 0x2771, 0x2771, 0x2771, 0x2771, 0x2771, 0x2771, 0x2771, \
        0x2771, 0x2771, 0x2771, 0x2771, 0x2771, 0x2771, 0x2771, 0x2771, 0x2771, 0x2771, 0x2771, 0x2771, \
        0x2771, 0x2771, 0x2771, 0x2771, 0x2771, 0x2771, 0x2771, 0x2771, 0x2771, 0x2771, 0x2771, 0x2771, \
        0x2771, 0x2771, 0x2771, 0x2771, 0x2771, 0x2771, 0x2771, 0x2771, 0x2771, 0x2771, 0x2771, 0x2771, \
        0x2771, 0x2771, 0x2771, 0x2771, 0x2771, 0x2771, 0x2771, 0x2771, 0x2771, 0x2771, 0x2771, 0x2771, \
        0x2771, 0x2771, 0x2771, 0x2771, 0x2771, 0x2771, 0x2771, 0x2771, 0x2771, 0x2771, 0x2771, 0x2771, \
        0x2771, 0x2771, 0x2771, 0x2771, 0x2771, 0x2771, 0x2771, 0x2771, 0x2771, 0x2771, 0x2771, 0x2771, \
        0x2771, 0x2771, 0x2771, 0x2771, 0x2771, 0x2771, 0x2771, 0x2771, 0x2771, 0x2771, 0x2771, 0x2771, \
        0x2771, 0x2771, 0x2771, 0x2771, 0x2771, 0x2771, 0x2771, 0x2771, 0x2771, 0x2751, 0x0165, 0x18E5, \
        0x9DDB, 0x9DFC, 0x320A, 0x2800, 0x4062, 0x4062, 0x3862, 0x2841, 0x58C3, 0xA186, 0xC9C7, 0xD9C8, \
        0xD9C8, 0xE1E8, 0xE229, 0xA145, 0x0000, 0x9515, 0xD73E, 0xCEFE, 0xC6DE, 0xC6DE, 0xCEFD, 0xC6DD, \
        0xC6DD, 0xC6DD, 0xC6DD, 0xC6DD, 0xC6DD, 0xC6DD, 0xC6DD, 0xC6DD, 0xC6DD, 0xC6DD, 0xC6BD, 0xC6BD, \
        0xC6BD, 0xC6BD, 0xC6BD, 0xC6BD, 0xC6BD, 0xC6BD, 0xC6BD, 0xC6BD, 0xBEBD, 0xBEBD, 0xBEBD, 0xBEBD, \
        0xBEBD, 0xBEBD, 0xBEBD, 0xBEBD, 0xBEBD, 0xBE9D, 0xBE9D, 0xBE9D, 0xBE9D, 0xBE9D, 0xBE9D, 0xBE9D, \
        0xBE9D, 0xBE9D, 0xB69D, 0xBE9D, 0xA5D9, 0x84B5, 0x9537, 0xA5DA, 0xB67C, 0xBE9D, 0xB67D, 0xB67D, \
        0xBE7D, 0xB67D, 0xB67D, 0xB67D, 0xB67D, 0xB67D, 0xB69D, 0xB69D, 0xBE7D, 0xBE7D, 0xBE7D, 0xBE7D, \
        0xB67D, 0xB67D, 0xB69D, 0xB69D, 0xB67D, 0xB67D, 0xB67D, 0xB67D, 0xB67D, 0xB67D, 0xB67D, 0xB67D, \
        0xB67D, 0xB67D, 0xB67D, 0xB67D, 0xB67D, 0xB67D, 0xB67D, 0xB67D, 0xB67D, 0xB67D, 0xB67D, 0xB67D, \
        0xB67D, 0xB67D, 0xB67D, 0xB67D, 0xB67D, 0xB67D, 0xB67D, 0xBE9D, 0x7C53, 0x0333, 0x057E, 0x05DE, \
        0x061F, 0x061F, 0x061F, 0x0478, 0x4A6B, 0x84B5, 0x426B, 0x0000, 0x0000, 0x09E7, 0x1D2D, 0x2731, \
        0x2771, 0x2771, 0x2771, 0x2771, 0x2771, 0x2771, 0x2771, 0x2771, 0x2771, 0x2771, 0x2771, 0x2771, \
        0x2771, 0x2771, 0x2771, 0x2771, 0x2771, 0x2771, 0x2771, 0x2771, 0x2771, 0x2771, 0x2771, 0x2771, \
        0x2771, 0x2771, 0x2771, 0x2771, 0x2771, 0x2771, 0x2771, 0x2771, 0x2771, 0x2771, 0x2771, 0x2771, \
        0x2771, 0x2771, 0x2771, 0x2771, 0x2771, 0x2771, 0x2771, 0x2771, 0x2771, 0x2771, 0x2771, 0x2771, \
        0x2771, 0x2771, 0x2771, 0x2771, 0x2771, 0x2771, 0x2771, 0x2771, 0x2771, 0x2771, 0x2771, 0x2771, \
        0x2771, 0x2771, 0x2771, 0x2771, 0x2771, 0x2771, 0x2771, 0x2771, 0x2771, 0x2771, 0x2771, 0x2771, \
        0x2771, 0x2771, 0x2771, 0x2771, 0x2771, 0x2771, 0x2771, 0x2771, 0x2771, 0x2771, 0x2771, 0x2771, \
        0x2771, 0x2771, 0x2771, 0x2771, 0x2771, 0x2771, 0x2771, 0x2771, 0x2771, 0x2771, 0x2771, 0x2771, \
        0x2771, 0x2771, 0x2771, 0x2771, 0x2771, 0x2771, 0x2771, 0x2771, 0x2771, 0x2771, 0x2771, 0x2771, \
        0x2771, 0x2771, 0x2771, 0x2771, 0x2771, 0x2771, 0x2771, 0x2771, 0x2771, 0x2771, 0x2771, 0x2771, \
        0x2771, 0x2771, 0x2771, 0x2771, 0x2771, 0x2771, 0x2771, 0x2771, 0x2771, 0x2771, 0x2771, 0x2771, \
        0x2771, 0x2771, 0x2771, 0x2771, 0x2771, 0x2771, 0x2771, 0x2771, 0x2771, 0x2771, 0x2771, 0x2771, \
        0x2771, 0x2771, 0x2771, 0x2771, 0x2771, 0x2771, 0x2771, 0x2771, 0x2771, 0x2771, 0x2771, 0x2771, \
        0x2771, 0x2771, 0x2771, 0x2771, 0x2771, 0x2771, 0x2771, 0x2771, 0x2771, 0x2771, 0x2771, 0x2771, \
        0x2771, 0x2771, 0x2771, 0x2771, 0x2771, 0x2771, 0x2771, 0x2771, 0x2771, 0x2771, 0x2771, 0x2771, \
        0x2771, 0x2771, 0x2771, 0x2771, 0x2771, 0x2710, 0x0103, 0x31C8, 0xC6BD, 0xAE3C, 0x1968, 0x2800, \
        0x3862, 0x3862, 0x2841, 0x8904, 0xD1E8, 0xEA09, 0xE1E8, 0xE1E8, 0xE1E8, 0xE1C7, 0x98C4, 0x0002, \
        0x9536, 0xCEFE, 0xCEFE, 0xCEFE, 0xC6DE, 0xC6DD, 0xC6DE, 0xC6DE, 0xC6DE, 0xC6DE, 0xC6DE, 0xBEBD, \
        0xBE9D, 0xBE9D, 0xB69D, 0xB67D, 0xB69D, 0xBE9D, 0xBEBD, 0xC6BD, 0xC6BD, 0xC6DD, 0xC6BD, 0xC6BD, \
        0xC6BD, 0xC6BD, 0xC6BD, 0xC6BD, 0xBEBD, 0xBEBD, 0xBEBD, 0xBEBD, 0xBEBD, 0xBEBD, 0xBEBD, 0xBEBD, \
        0xBE9D, 0xBE9D, 0xBE9D, 0xBE9D, 0xBE9D, 0xBE9D, 0xBE9D, 0xBE9D, 0xBE9D, 0xBE9D, 0xBE9D, 0xBE9D, \
        0xBE9D, 0xBE9D, 0xBE9D, 0xBE7D, 0xB67D, 0xB67D, 0xB67D, 0xB67D, 0xB67D, 0xB67D, 0xB67D, 0xB67D, \
        0xB67D, 0xB67D, 0xB67D, 0xB67D, 0xB67D, 0xB67D, 0xB67D, 0xB67D, 0xB67D, 0xB67D, 0xB67D, 0xB67D, \
        0xB67D, 0xB67D, 0xB67D, 0xB67D, 0xB67D, 0xB67D, 0xB67D, 0xB67D, 0xB67D, 0xB67D, 0xB67D, 0xB67D, \
        0xB67D, 0xB67D, 0xB67D, 0xB67D, 0xB67C, 0xB67D, 0xB67D, 0xB67D, 0xB67D, 0xB67D, 0xB67D, 0xB67D, \
        0xB67D, 0xB67C, 0xB67D, 0xB67D, 0xA598, 0x0129, 0x04FC, 0x057E, 0x05BE, 0x05DF, 0x055D, 0x026E, \
        0x0002, 0x0000, 0x0020, 0x0AA8, 0x1D8E, 0x2751, 0x2771, 0x2771, 0x2771, 0x2771, 0x2771, 0x2771, \
        0x2771, 0x2771, 0x2771, 0x2771, 0x2771, 0x2771, 0x2771, 0x2771, 0x2771, 0x2771, 0x2771, 0x2771, \
        0x2771, 0x2771, 0x2771, 0x2771, 0x2771, 0x2771, 0x2771, 0x2771, 0x2771, 0x2771, 0x2771, 0x2771, \
        0x2771, 0x2771, 0x2771, 0x2771, 0x2771, 0x2771, 0x2771, 0x2771, 0x2771, 0x2771, 0x2771, 0x2771, \
        0x2771, 0x2771, 0x2771, 0x2771, 0x2771, 0x2771, 0x2771, 0x2771, 0x2771, 0x2771, 0x2771, 0x2771, \
        0x2771, 0x2771, 0x2771, 0x2771, 0x2771, 0x2771, 0x2771, 0x2771, 0x2771, 0x2771, 0x2771, 0x2771, \
        0x2771, 0x2771, 0x2771, 0x2771, 0x2771, 0x2771, 0x2771, 0x2771, 0x2771, 0x2771, 0x2771, 0x2771, \
        0x2771, 0x2771, 0x2771, 0x2771, 0x2771, 0x2771, 0x2771, 0x2771, 0x2771, 0x2771, 0x2771, 0x2771, \
        0x2771, 0x2771, 0x2771, 0x2771, 0x2771, 0x2771, 0x2771, 0x2771, 0x2771, 0x2771, 0x2771, 0x2771, \
        0x2771, 0x2771, 0x2771, 0x2771, 0x2771, 0x2771, 0x2771, 0x2771, 0x2771, 0x2771, 0x2771, 0x2771, \
        0x2771, 0x2771, 0x2771, 0x2771, 0x2771, 0x2771, 0x2771, 0x2771, 0x2771, 0x2771, 0x2771, 0x2771, \
        0x2771, 0x2771, 0x2771, 0x2771, 0x2771, 0x2771, 0x2771, 0x2771, 0x2771, 0x2771, 0x2771, 0x2771, \
        0x2771, 0x2771, 0x2771, 0x2771, 0x2771, 0x2771, 0x2771, 0x2771, 0x2771, 0x2771, 0x2771, 0x2771, \
        0x2771, 0x2771, 0x2771, 0x2771, 0x2771, 0x2771, 0x2771, 0x2771, 0x2771, 0x2771, 0x2771, 0x2771, \
        0x2771, 0x2771, 0x2771, 0x2771, 0x2771, 0x2771, 0x2771, 0x2771, 0x2771, 0x2771, 0x2771, 0x2771, \
        0x2771, 0x2771, 0x2771, 0x2771, 0x2771, 0x2771, 0x2771, 0x2771, 0x2771, 0x2771, 0x2771, 0x2771, \
        0x2771, 0x2731, 0x0125, 0x2987, 0xC6BD, 0xBE9D, 0x3A2B, 0x1000, 0x4062, 0x3041, 0x9925, 0xE1C8, \
        0xE1E8, 0xE1E8, 0xE1E8, 0xEA29, 0xC9C7, 0x6000, 0x2209, 0xADF9, 0xCEFE, 0xC6DE, 0xCEFE, 0xCEFE, \
        0xCEDD, 0xC6DE, 0xC6DE, 0xBEBE, 0xB69D, 0xA65D, 0x961D, 0x8DDD, 0x85DD, 0x85DD, 0x85BC, 0x85BC, \
        0x85BC, 0x85BC, 0x8DDC, 0x95FC, 0xA63D, 0xAE7D, 0xB69D, 0xBEBD, 0xC6BD, 0xC6BD, 0xBEBD, 0xBEBD, \
        0xC6BD, 0xBEBD, 0xBEBD, 0xBEBD, 0xBEBD, 0xBEBD, 0xBEBD, 0xBEBD, 0xBEBD, 0xBE9D, 0xBE9D, 0xBE9D, \
        0xBE9D, 0xBE9D, 0xBE9D, 0xBE9D, 0xBE9D, 0xBE9D, 0xBE9D, 0xBE9D, 0xBE9D, 0xBE9D, 0xB67D, 0xB67D, \
        0xB67D, 0xB67D, 0xBE7D, 0xB67D, 0xB67D, 0xB67D, 0xB67D, 0xB67D, 0xB67C, 0xB67D, 0xB67C, 0xB67D, \
        0xB67D, 0xB69D, 0xB69D, 0xB67D, 0xB67D, 0xB67D, 0xB67D, 0xB67D, 0xB67D, 0xB67D, 0xB67D, 0xB67D, \
        0xB67D, 0xB67D, 0xB67D, 0xB67D, 0xB67D, 0xB67C, 0xB67D, 0xB67D, 0xB67D, 0xB67D, 0xB67D, 0xB67D, \
        0xB67C, 0xB67D, 0xB67D, 0xB67D, 0xB67D, 0xB67D, 0xB67D, 0xB67D, 0xB67D, 0xB67C, 0xB67D, 0xB67D, \
        0xBE9D, 0x7412, 0x020D, 0x0499, 0x051B, 0x0478, 0x024D, 0x0000, 0x0106, 0x134A, 0x1DEF, 0x2771, \
        0x2771, 0x2771, 0x2711, 0x1DEF, 0x1D0D, 0x1CAC, 0x1D0D, 0x260F, 0x2731, 0x2771, 0x2771, 0x2771, \
        0x2771, 0x2771, 0x2771, 0x2771, 0x2771, 0x2771, 0x2771, 0x2771, 0x2771, 0x2771, 0x2771, 0x2771, \
        0x2771, 0x2771, 0x2771, 0x2771, 0x2771, 0x2771, 0x2771, 0x2771, 0x2771, 0x2771, 0x2771, 0x2771, \
        0x2771, 0x2771, 0x2771, 0x2771, 0x2771, 0x2771, 0x2771, 0x2771, 0x2771, 0x2771, 0x2771, 0x2771, \
        0x2771, 0x2771, 0x2771, 0x2771, 0x2771, 0x2771, 0x2771, 0x2771, 0x2771, 0x2771, 0x2771, 0x2771, \
        0x2771, 0x2771, 0x2771, 0x2771, 0x2771, 0x2771, 0x2771, 0x2771, 0x2771, 0x2771, 0x2771, 0x2771, \
        0x2771, 0x2771, 0x2771, 0x2771, 0x2771, 0x2771, 0x2771, 0x2771, 0x2771, 0x2771, 0x2771, 0x2771, \
        0x2771, 0x2771, 0x2771, 0x2771, 0x2771, 0x2771, 0x2771, 0x2771, 0x2771, 0x2771, 0x2771, 0x2771, \
        0x2771, 0x2771, 0x2771, 0x2771, 0x2771, 0x2771, 0x2771, 0x2771, 0x2771, 0x2771, 0x2771, 0x2771, \
        0x2771, 0x2771, 0x2771, 0x2771, 0x2771, 0x2771, 0x2771, 0x2771, 0x2771, 0x2771, 0x2771, 0x2771, \
        0x2771, 0x2771, 0x2771, 0x2771, 0x2771, 0x2771, 0x2771, 0x2771, 0x2771, 0x2771, 0x2771, 0x2771, \
        0x2771, 0x2771, 0x2771, 0x2771, 0x2771, 0x2771, 0x2771, 0x2771, 0x2771, 0x2771, 0x2771, 0x2771, \
        0x2771, 0x2771, 0x2771, 0x2771, 0x2771, 0x2771, 0x2771, 0x2771, 0x2771, 0x2771, 0x2771, 0x2771, \
        0x2771, 0x2771, 0x2771, 0x2771, 0x2771, 0x2771, 0x2771, 0x2771, 0x2771, 0x2771, 0x2771, 0x2771, \
        0x2771, 0x2771, 0x2771, 0x2771, 0x2771, 0x2771, 0x2771, 0x2771, 0x2771, 0x2771, 0x2771, 0x2771, \
        0x2771, 0x2771, 0x2771, 0x2771, 0x2771, 0x2771, 0x2771, 0x2771, 0x2771, 0x2771, 0x09E7, 0x0001, \
        0xADFA, 0xCF1F, 0x9536, 0x0000, 0x2823, 0x78E4, 0xE1C7, 0xE208, 0xE209, 0xD9C8, 0xC9A7, 0x9044, \
        0x0000, 0x63F1, 0xBE7B, 0xCF1E, 0xC6DE, 0xC6DE, 0xCEFE, 0xCF1E, 0xC6FE, 0xAE5D, 0x95DC, 0x7D5A, \
        0x74F8, 0x6CB7, 0x6C96, 0x6476, 0x6CB7, 0x74F8, 0x7D39, 0x7D7B, 0x85BC, 0x8DDD, 0x85BC, 0x859C, \
        0x85BC, 0x85BC, 0x8DBC, 0x95FC, 0xA63D, 0xB67D, 0xBEBD, 0xC6BD, 0xBEBD, 0xBEBD, 0xBEBD, 0xBEBD, \
        0xBEBD, 0xBEBD, 0xBEBD, 0xBEBD, 0xBEBD, 0xBE9D, 0xBE9D, 0xBE9D, 0xBE9D, 0xBE9D, 0xBE9D, 0xBE9D, \
        0xBE9D, 0xBE9D, 0xBE9D, 0xBE9D, 0xBE9D, 0xB69D, 0xB67D, 0xB67D, 0xB67D, 0xB67D, 0xB67D, 0xB67D, \
        0xB67D, 0xB67D, 0xB67D, 0xB67D, 0xB67C, 0xB67D, 0xB67D, 0xB67D, 0xB69D, 0xB69D, 0xB67D, 0xB67D, \
        0xB67D, 0xB67D, 0xB67D, 0xB67D, 0xB67D, 0xB67D, 0xB67D, 0xB67D, 0xB67D, 0xB67D, 0xB67D, 0xB67D, \
        0xB67D, 0xB67D, 0xB67D, 0xB67D, 0xB67C, 0xB67D, 0xB67D, 0xB67D, 0xB67C, 0xB67D, 0xB67D, 0xB67D, \
        0xB67D, 0xB65D, 0xB67D, 0xB67D, 0xB67D, 0xB69D, 0xB67D, 0xB67D, 0xAE1B, 0x84B5, 0x1042, 0x0000, \
        0x00A6, 0x0021, 0x0983, 0x146C, 0x26D0, 0x2771, 0x2771, 0x2771, 0x26D0, 0x13CB, 0x0102, 0x0000, \
        0x0127, 0x0188, 0x0106, 0x0022, 0x0922, 0x1C4C, 0x2711, 0x2771, 0x2771, 0x2771, 0x2771, 0x2771, \
        0x2771, 0x2771, 0x2771, 0x2771, 0x2771, 0x2771, 0x2771, 0x2771, 0x2771, 0x2771, 0x2771, 0x2771, \
        0x2771, 0x2771, 0x2771, 0x2771, 0x2771, 0x2771, 0x2771, 0x2771, 0x2771, 0x2771, 0x2771, 0x2771, \
        0x2771, 0x2771, 0x2771, 0x2771, 0x2771, 0x2771, 0x2771, 0x2771, 0x2771, 0x2771, 0x2771, 0x2771, \
        0x2771, 0x2771, 0x2771, 0x2771, 0x2771, 0x2771, 0x2771, 0x2771, 0x2771, 0x2771, 0x2771, 0x2771, \
        0x2771, 0x2771, 0x2771, 0x2771, 0x2771, 0x2771, 0x2771, 0x2771, 0x2771, 0x2771, 0x2771, 0x2771, \
        0x2771, 0x2771, 0x2771, 0x2771, 0x2771, 0x2771, 0x2771, 0x2771, 0x2771, 0x2771, 0x2771, 0x2771, \
        0x2771, 0x2771, 0x2771, 0x2771, 0x2771, 0x2771, 0x2771, 0x2771, 0x2771, 0x2771, 0x2771, 0x2771, \
        0x2771, 0x2771, 0x2771, 0x2771, 0x2771, 0x2771, 0x2771, 0x2771, 0x2771, 0x2771, 0x2771, 0x2771, \
        0x2771, 0x2771, 0x2771, 0x2771, 0x2771, 0x2771, 0x2771, 0x2771, 0x2771, 0x2771, 0x2771, 0x2771, \
        0x2771, 0x2771, 0x2771, 0x2771, 0x2771, 0x2771, 0x2771, 0x2771, 0x2771, 0x2771, 0x2771, 0x2771, \
        0x2771, 0x2771, 0x2771, 0x2771, 0x2771, 0x2771, 0x2771, 0x2771, 0x2771, 0x2771, 0x2771, 0x2771, \
        0x2771, 0x2771, 0x2771, 0x2771, 0x2771, 0x2771, 0x2771, 0x2771, 0x2771, 0x2771, 0x2771, 0x2771, \
        0x2771, 0x2771, 0x2771, 0x2771, 0x2771, 0x2771, 0x2771, 0x2771, 0x2771, 0x2771, 0x2771, 0x2771, \
        0x2771, 0x2771, 0x2771, 0x2771, 0x2771, 0x2771, 0x2771, 0x2771, 0x2771, 0x2771, 0x2771, 0x2771, \
        0x2771, 0x2771, 0x2771, 0x2771, 0x2771, 0x2771, 0x13AB, 0x0000, 0x8473, 0xCEFF, 0xCF1E, 0x8473, \
        0x0000, 0x4800, 0x9883, 0xA0E5, 0x8802, 0x5000, 0x0002, 0x63B0, 0xADF9, 0xC6DE, 0xC6DE, 0xCEFE, \
        0xCF1E, 0xC6FE, 0xBE9D, 0x9DB9, 0x6C55, 0x3ACF, 0x19AA, 0x0085, 0x0000, 0x0000, 0x0000, 0x0000, \
        0x0000, 0x0000, 0x0084, 0x21A9, 0x42CE, 0x5C14, 0x74D8, 0x859B, 0x8DDD, 0x8DDC, 0x85BC, 0x85BC, \
        0x85BC, 0x85BC, 0x8DDC, 0xA63C, 0xB67D, 0xBE9D, 0xC6BD, 0xBEBD, 0xBEBD, 0xBEBD, 0xBEBD, 0xBEBD, \
        0xBEBD, 0xBEBD, 0xBE9D, 0xBE9D, 0xBE9D, 0xBE9D, 0xBE9D, 0xBE9D, 0xBE9D, 0xBE9D, 0xBE9D, 0xBE9D, \
        0xB69D, 0xB69D, 0xB69D, 0xB67D, 0xB67D, 0xB69D, 0xB67D, 0xB67D, 0xB67C, 0xB67D, 0xB67D, 0xB67C, \
        0xB67D, 0xB67D, 0xB67D, 0xB69D, 0xB69D, 0xB69D, 0xB67D, 0xB67D, 0xB67D, 0xB67D, 0xB67D, 0xB67D, \
        0xB67D, 0xB67D, 0xB67D, 0xB67D, 0xB67D, 0xB67D, 0xB67D, 0xB67D, 0xB67D, 0xB67D, 0xB67C, 0xB65D, \
        0xB65D, 0xB67D, 0xB67C, 0xB65D, 0xB65C, 0xB65C, 0xB65D, 0xB67D, 0xB67D, 0xB67D, 0xBE7D, 0xB67D, \
        0xB63C, 0xA5B9, 0x7C94, 0x532E, 0x1926, 0x0000, 0x0023, 0x0187, 0x138B, 0x1DEF, 0x2751, 0x2771, \
        0x2771, 0x2771, 0x2771, 0x1DAE, 0x0103, 0x00A5, 0x0392, 0x0539, 0x05BC, 0x059C, 0x057C, 0x051A, \
        0x0372, 0x0004, 0x0922, 0x262F, 0x2771, 0x2771, 0x2771, 0x2771, 0x2771, 0x2771, 0x2771, 0x2771, \
        0x2771, 0x2771, 0x2771, 0x2771, 0x2771, 0x2771, 0x2771, 0x2771, 0x2771, 0x2771, 0x2771, 0x2771, \
        0x2771, 0x2771, 0x2771, 0x2771, 0x2771, 0x2771, 0x2771, 0x2771, 0x2771, 0x2771, 0x2771, 0x2771, \
        0x2771, 0x2771, 0x2771, 0x2771, 0x2771, 0x2771, 0x2771, 0x2771, 0x2771, 0x2771, 0x2771, 0x2771, \
        0x2771, 0x2771, 0x2771, 0x2771, 0x2771, 0x2771, 0x2771, 0x2771, 0x2771, 0x2771, 0x2771, 0x2771, \
        0x2771, 0x2771, 0x2771, 0x2771, 0x2771, 0x2771, 0x2771, 0x2771, 0x2771, 0x2771, 0x2771, 0x2771, \
        0x2771, 0x2771, 0x2771, 0x2771, 0x2771, 0x2771, 0x2771, 0x2771, 0x2771, 0x2771, 0x2771, 0x2771, \
        0x2771, 0x2771, 0x2771, 0x2771, 0x2771, 0x2771, 0x2771, 0x2771, 0x2771, 0x2771, 0x2771, 0x2771, \
        0x2771, 0x2771, 0x2771, 0x2771, 0x2771, 0x2771, 0x2771, 0x2771, 0x2771, 0x2771, 0x2771, 0x2771, \
        0x2771, 0x2771, 0x2771, 0x2771, 0x2771, 0x2771, 0x2771, 0x2771, 0x2771, 0x2771, 0x2771, 0x2771, \
        0x2771, 0x2771, 0x2771, 0x2771, 0x2771, 0x2771, 0x2771, 0x2771, 0x2771, 0x2771, 0x2771, 0x2771, \
        0x2771, 0x2771, 0x2771, 0x2771, 0x2771, 0x2771, 0x2771, 0x2771, 0x2771, 0x2771, 0x2771, 0x2771, \
        0x2771, 0x2771, 0x2771, 0x2771, 0x2771, 0x2771, 0x2771, 0x2771, 0x2771, 0x2771, 0x2771, 0x2771, \
        0x2771, 0x2771, 0x2771, 0x2771, 0x2771, 0x2751, 0x1E0F, 0x1C8C, 0x13C9, 0x1409, 0x1D6E, 0x2711, \
        0x2771, 0x2771, 0x2771, 0x2771, 0x2771, 0x2771, 0x2771, 0x2771, 0x2771, 0x2771, 0x2771, 0x2771, \
        0x2771, 0x2771, 0x264F, 0x0044, 0x0864, 0xADD8, 0xDF5F, 0xD73E, 0xA5B9, 0x6C12, 0x4B0D, 0x4B0D, \
        0x6BF1, 0x8CF5, 0xB63A, 0xCF1E, 0xCF1E, 0xC6FE, 0xC6FE, 0xCEDD, 0xB61A, 0x7C53, 0x320A, 0x0000, \
        0x0000, 0x0020, 0x00C4, 0x0A07, 0x1309, 0x1BAB, 0x1C0B, 0x1C0B, 0x1BCB, 0x1309, 0x0A27, 0x00C4, \
        0x0000, 0x0000, 0x0000, 0x322B, 0x6414, 0x7D3A, 0x85BC, 0x8DDD, 0x85BC, 0x85BC, 0x85BC, 0x859C, \
        0x85BC, 0x95FC, 0xAE5D, 0xBE9D, 0xBEBD, 0xBEBD, 0xBEBD, 0xBEBD, 0xBEBD, 0xBEBD, 0xBE9D, 0xBE9D, \
        0xBE9D, 0xBE9D, 0xBE9D, 0xBE9D, 0xBE9D, 0xB69D, 0xB69D, 0xB69D, 0xB67D, 0xB67D, 0xB67D, 0xB67D, \
        0xB67D, 0xB67D, 0xB67D, 0xB67D, 0xB67D, 0xB67D, 0xB67D, 0xB67D, 0xB67D, 0xB67D, 0xB67D, 0xB67D, \
        0xB67D, 0xB67D, 0xB67C, 0xB67D, 0xB67D, 0xB67D, 0xB67D, 0xB67D, 0xB65C, 0xB67D, 0xBE9D, 0xBE9D, \
        0xB67D, 0xB67D, 0xB65D, 0xB65C, 0xB67D, 0xB67C, 0xB65D, 0xB65D, 0xB67D, 0xB67D, 0xB67D, 0xB67D, \
        0xB67D, 0xB67D, 0xB67D, 0xAE5C, 0xA5FB, 0x9D99, 0x8CF6, 0x6BB1, 0x3A2A, 0x0002, 0x0000, 0x0000, \
        0x0126, 0x136A, 0x1D8E, 0x2711, 0x2771, 0x2771, 0x2771, 0x2771, 0x2771, 0x2771, 0x1D6E, 0x0020, \
        0x026E, 0x057B, 0x063F, 0x063F, 0x061F, 0x2E3F, 0x8F1F, 0xA77F, 0x971F, 0x253A, 0x024C, 0x0081, \
        0x1DEF, 0x2771, 0x2771, 0x2771, 0x2771, 0x2771, 0x2771, 0x2771, 0x2771, 0x2771, 0x2771, 0x2771, \
        0x2771, 0x2771, 0x2771, 0x2771, 0x2771, 0x2771, 0x2771, 0x2771, 0x2771, 0x2771, 0x2771, 0x2771, \
        0x2771, 0x2771, 0x2771, 0x2771, 0x2771, 0x2771, 0x2771, 0x2771, 0x2771, 0x2771, 0x2771, 0x2771, \
        0x2771, 0x2771, 0x2771, 0x2771, 0x2771, 0x2771, 0x2771, 0x2771, 0x2771, 0x2771, 0x2771, 0x2771, \
        0x2771, 0x2771, 0x2771, 0x2771, 0x2771, 0x2771, 0x2771, 0x2771, 0x2771, 0x2771, 0x2771, 0x2771, \
        0x2771, 0x2771, 0x2771, 0x2771, 0x2771, 0x2771, 0x2771, 0x2771, 0x2771, 0x2771, 0x2771, 0x2771, \
        0x2771, 0x2771, 0x2771, 0x2771, 0x2771, 0x2771, 0x2771, 0x2771, 0x2771, 0x2771, 0x2771, 0x2771, \
        0x2771, 0x2771, 0x2771, 0x2771, 0x2771, 0x2771, 0x2771, 0x2771, 0x2771, 0x2771, 0x2771, 0x2771, \
        0x2771, 0x2771, 0x2771, 0x2771, 0x2771, 0x2771, 0x2771, 0x2771, 0x2771, 0x2771, 0x2771, 0x2771, \
        0x2771, 0x2771, 0x2771, 0x2771, 0x2771, 0x2771, 0x2771, 0x2771, 0x2771, 0x2771, 0x2771, 0x2771, \
        0x2771, 0x2771, 0x2771, 0x2771, 0x2771, 0x2771, 0x2771, 0x2771, 0x2771, 0x2771, 0x2771, 0x2771, \
        0x2771, 0x2771, 0x2771, 0x2771, 0x2771, 0x2771, 0x2771, 0x2771, 0x2771, 0x2771, 0x2771, 0x2771, \
        0x2771, 0x2771, 0x2771, 0x2771, 0x2771, 0x2771, 0x2771, 0x2771, 0x2771, 0x2771, 0x2771, 0x2771, \
        0x1D6E, 0x09C4, 0x00C6, 0x02AD, 0x030F, 0x028E, 0x0149, 0x0102, 0x1C2B, 0x2751, 0x2771, 0x2771, \
        0x2771, 0x2771, 0x2771, 0x2771, 0x2771, 0x2771, 0x2771, 0x2771, 0x2771, 0x2771, 0x2771, 0x1C4B, \
        0x0000, 0x10A4, 0x94F5, 0xBE9C, 0xC6FE, 0xC6FE, 0xC6FE, 0xD71E, 0xD75F, 0xCF1F, 0xC6FE, 0xC6DE, \
        0xC69C, 0xA5D9, 0x8494, 0x52CC, 0x0000, 0x0000, 0x00C2, 0x0AC8, 0x1CAC, 0x260F, 0x26F1, 0x2771, \
        0x2771, 0x2771, 0x2771, 0x2771, 0x2771, 0x2771, 0x2771, 0x26F0, 0x260F, 0x1C8C, 0x0A68, 0x0063, \
        0x0000, 0x0884, 0x430F, 0x6C97, 0x859B, 0x85BC, 0x85BC, 0x85BC, 0x85BC, 0x859C, 0x85BC, 0x8DBC, \
        0x9E1C, 0xB65D, 0xBE9D, 0xBE9D, 0xBE9D, 0xBE9D, 0xBE9D, 0xBE9D, 0xBE9D, 0xBE9D, 0xBE9D, 0xB69D, \
        0xB69D, 0xB69D, 0xB69D, 0xB67D, 0xB67D, 0xB67D, 0xB67D, 0xB67D, 0xB67D, 0xB67D, 0xB67D, 0xB67D, \
        0xB67C, 0xB67D, 0xB67D, 0xB67D, 0xB67C, 0xB67D, 0xB67D, 0xB67D, 0xB67D, 0xB67D, 0xB67D, 0xB67D, \
        0xB67D, 0xB67D, 0xB67D, 0xB67D, 0xA5D9, 0x8CD5, 0x84B5, 0x9D78, 0xA5DA, 0xADFB, 0xAE1B, 0xB63C, \
        0xB65C, 0xB65C, 0xAE3C, 0xAE3C, 0xAE3C, 0xAE3B, 0xA5FA, 0x9DB9, 0x9537, 0x84B5, 0x6BF2, 0x52ED, \
        0x2988, 0x0002, 0x0000, 0x0000, 0x00C3, 0x0A48, 0x1C2B, 0x25CE, 0x2711, 0x2771, 0x2771, 0x2771, \
        0x2771, 0x2771, 0x2771, 0x2771, 0x2771, 0x1E4F, 0x00A1, 0x028F, 0x059D, 0x063F, 0x061F, 0x061F, \
        0x061F, 0x9F5F, 0xC7FF, 0xC7FF, 0xCFFF, 0xA77F, 0x05BC, 0x02AE, 0x00E2, 0x26B0, 0x2771, 0x2771, \
        0x2771, 0x2771, 0x2771, 0x2771, 0x2771, 0x2771, 0x2771, 0x2771, 0x2771, 0x2771, 0x2771, 0x2771, \
        0x2771, 0x2771, 0x2771, 0x2771, 0x2771, 0x2771, 0x2771, 0x2771, 0x2771, 0x2771, 0x2771, 0x2771, \
        0x2771, 0x2771, 0x2771, 0x2771, 0x2771, 0x2771, 0x2771, 0x2771, 0x2771, 0x2771, 0x2771, 0x2771, \
        0x2771, 0x2771, 0x2771, 0x2771, 0x2771, 0x2771, 0x2771, 0x2771, 0x2771, 0x2771, 0x2771, 0x2771, \
        0x2771, 0x2771, 0x2771, 0x2771, 0x2771, 0x2771, 0x2771, 0x2771, 0x2771, 0x2771, 0x2771, 0x2771, \
        0x2771, 0x2771, 0x2771, 0x2771, 0x2771, 0x2771, 0x2771, 0x2771, 0x2771, 0x2771, 0x2771, 0x2771, \
        0x2771, 0x2771, 0x2771, 0x2771, 0x2771, 0x2771, 0x2771, 0x2771, 0x2771, 0x2771, 0x2771, 0x2771, \
        0x2771, 0x2771, 0x2771, 0x2771, 0x2771, 0x2771, 0x2771, 0x2771, 0x2771, 0x2771, 0x2771, 0x2771, \
        0x2771, 0x2771, 0x2771, 0x2771, 0x2771, 0x2771, 0x2771, 0x2771, 0x2771, 0x2771, 0x2771, 0x2771, \
        0x2771, 0x2771, 0x2771, 0x2771, 0x2771, 0x2771, 0x2771, 0x2771, 0x2771, 0x2771, 0x2771, 0x2771, \
        0x2771, 0x2771, 0x2771, 0x2771, 0x2771, 0x2771, 0x2771, 0x2771, 0x2771, 0x2771, 0x2771, 0x2771, \
        0x2771, 0x2771, 0x2771, 0x2771, 0x2771, 0x2771, 0x2771, 0x2771, 0x2771, 0x2771, 0x2771, 0x2771, \
        0x2771, 0x2771, 0x2771, 0x2771, 0x2771, 0x2771, 0x2771, 0x13AB, 0x0000, 0x0392, 0x057B, 0x0E3E, \
        0x061E, 0x361E, 0x5E3D, 0x34B7, 0x0149, 0x09E4, 0x26F1, 0x2771, 0x2771, 0x2771, 0x2771, 0x2771, \
        0x2771, 0x2771, 0x2771, 0x2771, 0x2771, 0x2771, 0x2771, 0x2771, 0x1C6B, 0x0064, 0x0000, 0x2146, \
        0x636F, 0x7C73, 0x8CF5, 0x9D57, 0x9D77, 0x94F5, 0x7C32, 0x636F, 0x3A09, 0x0000, 0x0000, 0x0061, \
        0x0A68, 0x250D, 0x26D0, 0x2771, 0x2771, 0x2771, 0x2771, 0x2771, 0x2771, 0x2771, 0x2771, 0x2771, \
        0x2771, 0x2771, 0x2771, 0x2771, 0x2771, 0x2771, 0x2771, 0x2690, 0x1C8C, 0x09C7, 0x0000, 0x0000, \
        0x29EA, 0x5BD3, 0x7D3A, 0x85BC, 0x85BD, 0x85BC, 0x85BC, 0x859C, 0x7D9C, 0x7D9C, 0x8DDC, 0xA63C, \
        0xBE9D, 0xBE9D, 0xBE9D, 0xBE9D, 0xBE7D, 0xBE9D, 0xBE9D, 0xB69D, 0xB69D, 0xB69D, 0xB69D, 0xB67D, \
        0xB67D, 0xB67D, 0xB67D, 0xB67D, 0xB67D, 0xB67D, 0xB67C, 0xB67D, 0xB67D, 0xB67D, 0xB67D, 0xB67D, \
        0xB67C, 0xB67C, 0xB67C, 0xB67D, 0xB67D, 0xB67D, 0xB67D, 0xB67D, 0xB67C, 0xB67D, 0xB67D, 0xB67D, \
        0xBE9D, 0xB65C, 0x9537, 0x4ACD, 0x0000, 0x1926, 0x3A2A, 0x428C, 0x4ACD, 0x4AED, 0x4AAC, 0x428C, \
        0x3A2A, 0x29C8, 0x18E5, 0x0002, 0x0000, 0x0000, 0x0000, 0x0040, 0x0105, 0x1289, 0x1C2C, 0x25CE, \
        0x26F0, 0x2771, 0x2771, 0x2771, 0x2771, 0x2771, 0x2771, 0x2771, 0x2771, 0x2771, 0x2771, 0x2771, \
        0x2771, 0x0A47, 0x018A, 0x051C, 0x061F, 0x063F, 0x063F, 0x061F, 0x465F, 0xBFDF, 0xC7FF, 0xC7DF, \
        0xC7FF, 0xC7DF, 0x569F, 0x059C, 0x0148, 0x132A, 0x2771, 0x2771, 0x2771, 0x2771, 0x2771, 0x2771, \
        0x2771, 0x2771, 0x2771, 0x2771, 0x2771, 0x2771, 0x2771, 0x2771, 0x2771, 0x2771, 0x2771, 0x2771, \
        0x2771, 0x2771, 0x2771, 0x2771, 0x2771, 0x2771, 0x2771, 0x2771, 0x2771, 0x2771, 0x2771, 0x2771, \
        0x2771, 0x2771, 0x2771, 0x2771, 0x2771, 0x2771, 0x2771, 0x2771, 0x2771, 0x2771, 0x2771, 0x2771, \
        0x2771, 0x2771, 0x2771, 0x2771, 0x2771, 0x2771, 0x2771, 0x2771, 0x2771, 0x2771, 0x2771, 0x2771, \
        0x2771, 0x2771, 0x2771, 0x2771, 0x2771, 0x2771, 0x2771, 0x2771, 0x2771, 0x2771, 0x2771, 0x2771, \
        0x2771, 0x2771, 0x2771, 0x2771, 0x2771, 0x2771, 0x2771, 0x2771, 0x2771, 0x2771, 0x2771, 0x2771, \
        0x2771, 0x2771, 0x2771, 0x2771, 0x2771, 0x2771, 0x2771, 0x2771, 0x2771, 0x2771, 0x2771, 0x2771, \
        0x2771, 0x2771, 0x2771, 0x2771, 0x2771, 0x2771, 0x2771, 0x2771, 0x2771, 0x2771, 0x2771, 0x2771, \
        0x2771, 0x2771, 0x2771, 0x2771, 0x2771, 0x2771, 0x2771, 0x2771, 0x2771, 0x2771, 0x2771, 0x2771, \
        0x2771, 0x2771, 0x2771, 0x2771, 0x2771, 0x2771, 0x2771, 0x2771, 0x2771, 0x2771, 0x2771, 0x2771, \
        0x2771, 0x2771, 0x2771, 0x2771, 0x2771, 0x2771, 0x2771, 0x2771, 0x2771, 0x2771, 0x2771, 0x2771, \
        0x2771, 0x2771, 0x2771, 0x2771, 0x2771, 0x2771, 0x2771, 0x2771, 0x2771, 0x2771, 0x2771, 0x2771, \
        0x2771, 0x2771, 0x140B, 0x0086, 0x04B8, 0x063F, 0x063F, 0x061F, 0x465F, 0xB79F, 0xCFFF, 0xBFBF, \
        0x55DC, 0x020C, 0x0A25, 0x2751, 0x2771, 0x2771, 0x2771, 0x2771, 0x2771, 0x2771, 0x2771, 0x2771, \
        0x2771, 0x2771, 0x2771, 0x2771, 0x2771, 0x266F, 0x13CB, 0x0125, 0x0020, 0x0000, 0x0000, 0x0000, \
        0x0000, 0x0000, 0x0000, 0x0020, 0x00E5, 0x1309, 0x24CD, 0x2670, 0x2771, 0x2771, 0x2771, 0x2771, \
        0x2771, 0x2771, 0x2771, 0x2771, 0x2771, 0x2771, 0x2771, 0x2771, 0x2771, 0x2771, 0x2771, 0x2771, \
        0x2771, 0x2771, 0x2771, 0x2771, 0x2771, 0x2751, 0x25AE, 0x132A, 0x0084, 0x0000, 0x08A5, 0x4B30, \
        0x6CD8, 0x85BC, 0x85DD, 0x85BC, 0x7D9C, 0x7D9C, 0x7D9C, 0x7D7C, 0x85BC, 0x9E1C, 0xB67D, 0xBE9D, \
        0xBE9D, 0xBE7D, 0xB67D, 0xB69D, 0xB69D, 0xB69D, 0xB67D, 0xB67D, 0xB67D, 0xB67D, 0xB67D, 0xB67D, \
        0xB67D, 0xB67D, 0xB67D, 0xB67C, 0xB67D, 0xB67D, 0xB67C, 0xB65D, 0xB67C, 0xB67C, 0xB67D, 0xB67D, \
        0xB67D, 0xB67D, 0xB67D, 0xB67D, 0xB67D, 0xB67D, 0xB67C, 0xB67D, 0xB67D, 0xB67D, 0xB67D, 0xB65C, \
        0x9537, 0x52ED, 0x0000, 0x0000, 0x0000, 0x0020, 0x0083, 0x0085, 0x00C5, 0x0126, 0x09E7, 0x12C9, \
        0x1BCB, 0x1CAC, 0x258E, 0x266F, 0x2711, 0x2771, 0x2771, 0x2771, 0x2771, 0x2771, 0x2771, 0x2771, \
        0x2771, 0x2771, 0x2771, 0x2771, 0x2771, 0x2771, 0x2771, 0x2771, 0x1E0F, 0x0020, 0x0416, 0x059E, \
        0x061F, 0x061F, 0x063F, 0x061F, 0x3E5F, 0xBFDF, 0xC7FF, 0xC7DF, 0xC7FF, 0xC7DF, 0x569F, 0x063F, \
        0x0435, 0x0060, 0x2690, 0x2771, 0x2771, 0x2771, 0x2771, 0x2771, 0x2771, 0x2771, 0x2771, 0x2771, \
        0x2771, 0x2771, 0x26F0, 0x1DCD, 0x1DAD, 0x26D0, 0x2771, 0x2771, 0x2771, 0x2771, 0x2771, 0x2771, \
        0x2771, 0x2771, 0x2771, 0x2771, 0x2771, 0x2771, 0x2771, 0x2771, 0x2771, 0x2771, 0x2771, 0x2771, \
        0x2771, 0x2771, 0x2771, 0x2771, 0x2771, 0x2771, 0x2771, 0x2771, 0x2771, 0x2771, 0x2771, 0x2771, \
        0x2771, 0x2771, 0x2771, 0x2771, 0x2771, 0x2771, 0x2771, 0x2771, 0x2771, 0x2771, 0x2771, 0x2771, \
        0x2771, 0x2771, 0x2771, 0x2771, 0x2771, 0x2771, 0x2771, 0x2771, 0x2771, 0x2771, 0x2771, 0x2771, \
        0x2771, 0x2771, 0x2771, 0x2771, 0x2771, 0x2771, 0x2771, 0x2771, 0x2771, 0x2771, 0x2771, 0x2771, \
        0x2771, 0x2771, 0x2771, 0x2771, 0x2771, 0x2771, 0x2771, 0x2771, 0x2771, 0x2771, 0x2771, 0x2771, \
        0x2771, 0x2771, 0x2771, 0x2771, 0x2771, 0x2771, 0x2771, 0x2771, 0x2771, 0x2771, 0x2771, 0x2771, \
        0x2771, 0x2771, 0x2771, 0x2771, 0x2771, 0x2771, 0x2771, 0x2771, 0x2771, 0x2771, 0x2771, 0x2771, \
        0x2771, 0x2771, 0x2771, 0x2771, 0x2771, 0x2771, 0x2771, 0x2771, 0x2771, 0x2771, 0x2771, 0x2771, \
        0x2771, 0x2771, 0x2771, 0x2771, 0x2771, 0x2771, 0x2771, 0x2771, 0x2771, 0x2771, 0x2771, 0x2771, \
        0x2771, 0x2771, 0x2771, 0x2771, 0x2771, 0x2771, 0x2771, 0x2771, 0x2771, 0x1E2F, 0x0060, 0x0437, \
        0x061F, 0x063F, 0x063F, 0x05FF, 0x7EFF, 0xC7FF, 0xCFFF, 0xCFFF, 0x9F3F, 0x057C, 0x0148, 0x146C, \
        0x2771, 0x2771, 0x2771, 0x2771, 0x2771, 0x2771, 0x2771, 0x2771, 0x2771, 0x2771, 0x2771, 0x2771, \
        0x2771, 0x2771, 0x2771, 0x2731, 0x262F, 0x254D, 0x1CAC, 0x1C6B, 0x1C6B, 0x1CCC, 0x256E, 0x262F, \
        0x2711, 0x2771, 0x2771, 0x2771, 0x2771, 0x2771, 0x2771, 0x2771, 0x2771, 0x2771, 0x2771, 0x2771, \
        0x2771, 0x2771, 0x2771, 0x2771, 0x2771, 0x2771, 0x2771, 0x2771, 0x2771, 0x2771, 0x2771, 0x2771, \
        0x2771, 0x2771, 0x2771, 0x2771, 0x26B0, 0x1C4C, 0x0186, 0x0000, 0x0000, 0x3A6D, 0x6455, 0x7D5B, \
        0x7DBC, 0x7D9C, 0x7D9C, 0x7D9C, 0x7D9C, 0x7D7C, 0x859C, 0x95FC, 0xAE5D, 0xBE7D, 0xBE9D, 0xBE9D, \
        0xB67D, 0xB67D, 0xB67D, 0xB67D, 0xB67D, 0xB67D, 0xB67D, 0xB67D, 0xB67D, 0xB67D, 0xB67D, 0xB67D, \
        0xB67D, 0xB67D, 0xB67D, 0xB65D, 0xB67D, 0xB67C, 0xB67D, 0xB67D, 0xB67D, 0xB67D, 0xB67D, 0xB67D, \
        0xB67D, 0xB67D, 0xB67C, 0xB67C, 0xB67D, 0xB67D, 0xB65C, 0xB65C, 0xB67D, 0xB65C, 0x9537, 0x42AC, \
        0x0000, 0x0024, 0x2BEC, 0x2E70, 0x2F31, 0x2731, 0x2771, 0x2771, 0x2771, 0x2771, 0x2771, 0x2771, \
        0x2771, 0x2771, 0x2771, 0x2771, 0x2771, 0x2771, 0x2771, 0x2771, 0x2771, 0x2771, 0x2771, 0x2771, \
        0x2771, 0x2771, 0x2771, 0x2771, 0x13AA, 0x0148, 0x04FB, 0x057E, 0x061F, 0x061F, 0x061F, 0x063F, \
        0x061F, 0x973F, 0xCFFF, 0xCFFF, 0xCFFF, 0xA75F, 0x061F, 0x063F, 0x057B, 0x0004, 0x1CCD, 0x2771, \
        0x2771, 0x2771, 0x2771, 0x2771, 0x2771, 0x2771, 0x2771, 0x2771, 0x2771, 0x144A, 0x01A6, 0x02CE, \
        0x02AF, 0x0108, 0x1CCB, 0x2771, 0x2771, 0x2771, 0x2771, 0x2771, 0x2771, 0x2771, 0x2771, 0x2771, \
        0x2771, 0x2771, 0x2771, 0x2771, 0x2771, 0x2771, 0x2771, 0x2771, 0x2771, 0x2771, 0x2771, 0x2771, \
        0x2771, 0x2771, 0x2771, 0x2771, 0x2771, 0x2771, 0x2771, 0x2771, 0x2771, 0x2771, 0x2771, 0x2771, \
        0x2771, 0x2771, 0x2771, 0x2771, 0x2771, 0x2771, 0x2771, 0x2771, 0x2771, 0x2771, 0x2771, 0x2771, \
        0x2771, 0x2771, 0x2771, 0x2771, 0x2771, 0x2771, 0x2771, 0x2771, 0x2771, 0x2771, 0x2771, 0x2771, \
        0x2771, 0x2771, 0x2771, 0x2771, 0x2771, 0x2771, 0x2771, 0x2771, 0x2771, 0x2771, 0x2771, 0x2771, \
        0x2771, 0x2771, 0x2771, 0x2771, 0x2771, 0x2771, 0x2771, 0x2771, 0x2771, 0x2771, 0x2771, 0x2771, \
        0x2771, 0x2771, 0x2771, 0x2771, 0x2771, 0x2771, 0x2771, 0x2771, 0x2771, 0x2771, 0x2771, 0x2771, \
        0x2771, 0x2771, 0x2771, 0x2771, 0x2771, 0x2771, 0x2771, 0x2771, 0x2771, 0x2771, 0x2771, 0x2771, \
        0x2771, 0x2771, 0x2771, 0x2771, 0x2771, 0x2771, 0x2771, 0x2771, 0x2771, 0x2771, 0x2771, 0x2771, \
        0x2771, 0x2771, 0x2771, 0x2771, 0x2771, 0x2771, 0x2771, 0x2771, 0x2771, 0x2771, 0x2771, 0x2771, \
        0x2771, 0x2771, 0x2771, 0x2771, 0x2771, 0x0AA6, 0x026E, 0x053D, 0x061F, 0x063F, 0x061F, 0x05FF, \
        0x76BF, 0xCFFF, 0xCFFF, 0xCFFF, 0x9F3F, 0x063F, 0x0415, 0x0143, 0x2731, 0x2771, 0x2771, 0x2771, \
        0x2771, 0x2771, 0x2771, 0x2771, 0x2771, 0x2771, 0x2771, 0x2771, 0x2771, 0x2771, 0x2771, 0x2771, \
        0x2771, 0x2771, 0x2771, 0x2771, 0x2771, 0x2771, 0x2771, 0x2771, 0x2771, 0x2771, 0x2771, 0x2771, \
        0x2771, 0x2771, 0x2771, 0x2771, 0x2771, 0x2771, 0x2771, 0x2771, 0x2771, 0x2771, 0x2771, 0x2771, \
        0x2771, 0x2771, 0x2771, 0x2771, 0x2771, 0x2771, 0x2771, 0x2771, 0x2771, 0x2771, 0x2771, 0x2771, \
        0x2771, 0x2771, 0x2731, 0x1D6E, 0x0AA9, 0x0041, 0x0000, 0x2188, 0x53B2, 0x7519, 0x859C, 0x85BC, \
        0x859C, 0x7D9C, 0x7D7C, 0x7D7C, 0x7D9C, 0x95DC, 0xAE3D, 0xBE9D, 0xBE9D, 0xB67D, 0xB67D, 0xB67D, \
        0xB67D, 0xB67D, 0xB67D, 0xB67D, 0xB67D, 0xB67D, 0xB67D, 0xB67D, 0xB67D, 0xB67D, 0xB67D, 0xB65D, \
        0xB67D, 0xB67D, 0xB67D, 0xB67D, 0xB67D, 0xB67D, 0xB67D, 0xB67C, 0xB67C, 0xB67D, 0xB67C, 0xB65C, \
        0xB67C, 0xB67C, 0xB67C, 0xB65D, 0xB65C, 0xB67C, 0xB67D, 0xAE3C, 0x8CF6, 0x3A2B, 0x0000, 0x09A7, \
        0x258E, 0x2771, 0x2771, 0x2771, 0x2771, 0x2771, 0x2771, 0x2771, 0x2771, 0x2771, 0x2771, 0x2771, \
        0x2771, 0x2771, 0x2771, 0x2771, 0x2771, 0x2771, 0x2771, 0x2771, 0x2771, 0x2771, 0x2771, 0x2771, \
        0x09A5, 0x028E, 0x053D, 0x057E, 0x061F, 0x061F, 0x061F, 0x063F, 0x063F, 0x063F, 0x76DF, 0x973F, \
        0x86FF, 0x2E3F, 0x061F, 0x061F, 0x05DD, 0x01CA, 0x1349, 0x2771, 0x2771, 0x2771, 0x2771, 0x2771, \
        0x2771, 0x2771, 0x2771, 0x2771, 0x144C, 0x01EB, 0x053A, 0x2E3E, 0x971F, 0x6DDA, 0x018A, 0x1D4C, \
        0x2771, 0x2771, 0x2771, 0x2771, 0x2771, 0x2771, 0x2771, 0x2771, 0x2771, 0x2771, 0x2771, 0x2771, \
        0x2771, 0x2771, 0x2771, 0x2771, 0x2771, 0x2771, 0x2771, 0x2771, 0x2771, 0x2771, 0x2771, 0x2771, \
        0x2771, 0x2771, 0x2771, 0x2771, 0x2771, 0x2771, 0x2771, 0x2771, 0x2771, 0x2771, 0x2771, 0x2771, \
        0x2771, 0x2771, 0x2771, 0x2771, 0x2771, 0x2771, 0x2771, 0x2771, 0x2771, 0x2771, 0x2771, 0x2771, \
        0x2771, 0x2771, 0x2771, 0x2771, 0x2771, 0x2771, 0x2771, 0x2771, 0x2771, 0x2771, 0x2771, 0x2771, \
        0x2771, 0x2771, 0x2771, 0x2771, 0x2771, 0x2771, 0x2771, 0x2771, 0x2771, 0x2771, 0x2771, 0x2771, \
        0x2771, 0x2771, 0x2771, 0x2771, 0x2771, 0x2771, 0x2771, 0x2771, 0x2771, 0x2771, 0x2771, 0x2771, \
        0x2771, 0x2771, 0x2771, 0x2771, 0x2771, 0x2771, 0x2771, 0x2771, 0x2771, 0x2771, 0x2771, 0x2771, \
        0x2771, 0x2771, 0x2771, 0x2771, 0x2771, 0x2771, 0x2771, 0x2771, 0x2771, 0x2771, 0x2771, 0x2771, \
        0x2771, 0x2771, 0x2771, 0x2771, 0x2771, 0x2771, 0x2771, 0x2771, 0x2771, 0x2771, 0x2771, 0x2771, \
        0x2771, 0x2771, 0x2771, 0x2771, 0x2771, 0x2771, 0x2771, 0x2771, 0x2771, 0x2771, 0x2771, 0x2771, \
        0x26D0, 0x00A1, 0x0416, 0x055D, 0x05FF, 0x061F, 0x061F, 0x061F, 0x063F, 0x973F, 0xBFBF, 0xA77F, \
        0x365F, 0x063F, 0x055B, 0x0024, 0x1E2F, 0x2771, 0x2771, 0x2771, 0x2771, 0x2771, 0x2771, 0x2771, \
        0x2771, 0x2771, 0x2771, 0x2771, 0x2771, 0x2771, 0x2771, 0x2771, 0x2771, 0x2771, 0x2771, 0x2771, \
        0x2771, 0x2771, 0x2771, 0x2771, 0x2771, 0x2771, 0x2771, 0x2771, 0x2771, 0x2771, 0x2771, 0x2771, \
        0x2771, 0x2771, 0x2771, 0x2771, 0x2771, 0x2771, 0x2771, 0x2771, 0x2771, 0x2771, 0x2771, 0x2771, \
        0x2771, 0x2771, 0x2771, 0x2771, 0x2771, 0x2771, 0x2771, 0x2771, 0x2771, 0x2771, 0x2771, 0x2771, \
        0x2771, 0x262F, 0x13CA, 0x00C4, 0x0000, 0x0064, 0x4310, 0x6CB7, 0x7D7B, 0x859C, 0x7D9C, 0x7D7C, \
        0x7D7C, 0x7D7C, 0x7D7C, 0x8DBC, 0xA63C, 0xB67D, 0xBE7D, 0xB67D, 0xB67D, 0xB67D, 0xB67D, 0xB67D, \
        0xB67D, 0xB67D, 0xB67D, 0xB67D, 0xB65C, 0xB65C, 0xB67D, 0xB67D, 0xB67D, 0xB67D, 0xB67D, 0xB67D, \
        0xB67D, 0xB67D, 0xB67C, 0xB67D, 0xB67C, 0xB67C, 0xB65C, 0xB67D, 0xB67C, 0xB67C, 0xB67C, 0xB67D, \
        0xB67D, 0xB65C, 0xB65C, 0xB65C, 0xB67D, 0xB63B, 0x7C53, 0x08A4, 0x0000, 0x1309, 0x26B0, 0x2771, \
        0x2771, 0x2771, 0x2771, 0x2771, 0x2771, 0x2771, 0x2771, 0x2771, 0x2771, 0x2771, 0x2771, 0x2771, \
        0x2771, 0x2771, 0x2771, 0x2771, 0x2771, 0x2771, 0x2771, 0x2731, 0x0122, 0x0352, 0x057E, 0x057E, \
        0x05FF, 0x061F, 0x061F, 0x063F, 0x063F, 0x063F, 0x061F, 0x061F, 0x061F, 0x061F, 0x061F, 0x061F, \
        0x05FE, 0x026D, 0x0AA6, 0x2771, 0x2771, 0x2771, 0x2771, 0x2771, 0x2771, 0x2771, 0x2771, 0x2731, \
        0x0144, 0x04B9, 0x061F, 0x6EBF, 0xD7FF, 0xB79F, 0x0437, 0x0A65, 0x2771, 0x2771, 0x2771, 0x2771, \
        0x2771, 0x2771, 0x2771, 0x2771, 0x2771, 0x2771, 0x2771, 0x2771, 0x2771, 0x2771, 0x2771, 0x2771, \
        0x2771, 0x2771, 0x2771, 0x2771, 0x2771, 0x2771, 0x2771, 0x2771, 0x2771, 0x2771, 0x2771, 0x2771, \
        0x2771, 0x2771, 0x2771, 0x2771, 0x2771, 0x2771, 0x2771, 0x2771, 0x2771, 0x2771, 0x2771, 0x2771, \
        0x2771, 0x2771, 0x2771, 0x2771, 0x2771, 0x2771, 0x2771, 0x2771, 0x2771, 0x2771, 0x2771, 0x2771, \
        0x2771, 0x2771, 0x2771, 0x2771, 0x2771, 0x2771, 0x2771, 0x2771, 0x2771, 0x2771, 0x2771, 0x2771, \
        0x2771, 0x2771, 0x2771, 0x2771, 0x2771, 0x2771, 0x2771, 0x2771, 0x2771, 0x2771, 0x2771, 0x2771, \
        0x2771, 0x2771, 0x2771, 0x2771, 0x2771, 0x2771, 0x2771, 0x2771, 0x2771, 0x2771, 0x2771, 0x2771, \
        0x2771, 0x2771, 0x2771, 0x2771, 0x2771, 0x2771, 0x2771, 0x2771, 0x2771, 0x2771, 0x2771, 0x2771, \
        0x2771, 0x2771, 0x2771, 0x2771, 0x2771, 0x2771, 0x2771, 0x2771, 0x2771, 0x2771, 0x2771, 0x2771, \
        0x2771, 0x2771, 0x2771, 0x2771, 0x2771, 0x2771, 0x2771, 0x2771, 0x2771, 0x2771, 0x2771, 0x2771, \
        0x2771, 0x2771, 0x2771, 0x2771, 0x2771, 0x2771, 0x2771, 0x2771, 0x1DCE, 0x00A5, 0x04DB, 0x057E, \
        0x05FE, 0x061F, 0x061F, 0x063F, 0x063F, 0x061F, 0x1E3F, 0x061F, 0x061F, 0x061F, 0x05BD, 0x0169, \
        0x1D0C, 0x2771, 0x2771, 0x2771, 0x2771, 0x2771, 0x2771, 0x2771, 0x2771, 0x2771, 0x2771, 0x2771, \
        0x2771, 0x2771, 0x2771, 0x2771, 0x2771, 0x2771, 0x2771, 0x2771, 0x2771, 0x2771, 0x2771, 0x2771, \
        0x2771, 0x2771, 0x2771, 0x2771, 0x2771, 0x2771, 0x2771, 0x2771, 0x2771, 0x2771, 0x2771, 0x2771, \
        0x2771, 0x2771, 0x2771, 0x2771, 0x2771, 0x2771, 0x2771, 0x2771, 0x2771, 0x2771, 0x2771, 0x2771, \
        0x2771, 0x2771, 0x2771, 0x2771, 0x2771, 0x2771, 0x2771, 0x2771, 0x2771, 0x2771, 0x2771, 0x26D0, \
        0x1C6D, 0x09C7, 0x0000, 0x0000, 0x324C, 0x5C35, 0x7D5B, 0x859C, 0x7D9C, 0x7D7C, 0x7D7C, 0x7D7C, \
        0x7D7C, 0x859C, 0x9DFC, 0xB65D, 0xBE7D, 0xB67D, 0xB67D, 0xB67D, 0xB67D, 0xB67D, 0xB67D, 0xB65C, \
        0xB65C, 0xB67C, 0xB67D, 0xB67D, 0xB67D, 0xB67C, 0xB67C, 0xB65C, 0xB65C, 0xB65C, 0xB67C, 0xB67D, \
        0xB67C, 0xB67C, 0xB65C, 0xB65C, 0xB67C, 0xB65C, 0xB67D, 0xB67C, 0xB67C, 0xB65C, 0xB65C, 0xB65C, \
        0xB65C, 0xB67C, 0xB65D, 0x9D99, 0x5B4F, 0x0000, 0x00C5, 0x1CED, 0x2771, 0x2771, 0x2771, 0x2771, \
        0x2771, 0x2771, 0x2771, 0x2771, 0x2771, 0x2771, 0x2771, 0x2771, 0x2771, 0x2771, 0x2771, 0x2771, \
        0x2771, 0x2771, 0x2771, 0x2731, 0x0122, 0x0373, 0x05BE, 0x057E, 0x05DE, 0x061F, 0x061F, 0x063F, \
        0x063F, 0x063F, 0x063F, 0x061F, 0x063F, 0x061F, 0x061F, 0x061F, 0x05FE, 0x020C, 0x0AE8, 0x2771, \
        0x2771, 0x2771, 0x2771, 0x2771, 0x2771, 0x2771, 0x2771, 0x268F, 0x01C9, 0x051C, 0x061F, 0x263F, \
        0x86FF, 0x5E7F, 0x04DA, 0x0163, 0x2751, 0x2771, 0x2771, 0x2771, 0x2771, 0x2771, 0x2771, 0x2771, \
        0x2771, 0x2771, 0x2771, 0x2771, 0x2771, 0x2771, 0x2771, 0x2771, 0x2771, 0x2771, 0x2771, 0x2771, \
        0x2771, 0x2771, 0x2771, 0x2771, 0x2771, 0x2771, 0x2771, 0x2771, 0x2771, 0x2771, 0x2771, 0x2771, \
        0x2771, 0x2771, 0x2771, 0x2771, 0x2771, 0x2771, 0x2771, 0x2771, 0x2771, 0x2771, 0x2771, 0x2771, \
        0x2771, 0x2771, 0x2771, 0x2771, 0x2771, 0x2771, 0x2771, 0x2771, 0x2771, 0x2771, 0x2771, 0x2771, \
        0x2771, 0x2771, 0x2771, 0x2771, 0x2771, 0x2771, 0x2771, 0x2771, 0x2771, 0x2771, 0x2771, 0x2771, \
        0x2771, 0x2771, 0x2771, 0x2771, 0x2771, 0x2771, 0x2771, 0x2771, 0x2771, 0x2771, 0x2771, 0x2771, \
        0x2771, 0x2771, 0x2771, 0x2771, 0x2771, 0x2771, 0x2771, 0x2771, 0x2771, 0x2771, 0x2771, 0x2771, \
        0x2771, 0x2771, 0x2771, 0x2771, 0x2771, 0x2771, 0x2771, 0x2771, 0x2771, 0x2771, 0x2771, 0x2771, \
        0x2771, 0x2771, 0x2771, 0x2771, 0x2771, 0x2771, 0x2771, 0x2771, 0x2771, 0x2771, 0x2771, 0x2771, \
        0x2771, 0x2771, 0x2771, 0x2771, 0x2771, 0x2771, 0x2771, 0x2771, 0x2771, 0x2771, 0x2771, 0x2771, \
        0x2771, 0x2771, 0x2771, 0x2771, 0x1D4C, 0x0107, 0x053C, 0x057E, 0x05BE, 0x061F, 0x061F, 0x061F, \
        0x061F, 0x061F, 0x061F, 0x063F, 0x063F, 0x061F, 0x05BD, 0x0189, 0x1CEB, 0x2771, 0x2771, 0x2771, \
        0x2771, 0x2771, 0x2771, 0x2771, 0x2771, 0x2771, 0x2771, 0x2771, 0x2771, 0x2771, 0x2771, 0x2771, \
        0x2771, 0x2771, 0x2771, 0x2771, 0x2771, 0x2771, 0x2771, 0x2771, 0x2771, 0x2771, 0x2771, 0x2771, \
        0x2771, 0x2771, 0x2771, 0x2771, 0x2771, 0x2771, 0x2771, 0x2771, 0x2771, 0x2771, 0x2771, 0x2771, \
        0x2771, 0x2771, 0x2771, 0x2771, 0x2771, 0x2771, 0x2771, 0x2771, 0x2771, 0x2771, 0x2771, 0x2771, \
        0x266F, 0x13A9, 0x0A65, 0x0A05, 0x1307, 0x1D0B, 0x2751, 0x2771, 0x2771, 0x2751, 0x1D8E, 0x0AC9, \
        0x0041, 0x0000, 0x2188, 0x53B2, 0x6CF9, 0x7D9C, 0x7D9C, 0x7D7C, 0x7D7C, 0x7D7C, 0x7D7C, 0x859C, \
        0x9DFC, 0xAE5D, 0xB67D, 0xB67D, 0xB67D, 0xB67D, 0xB67D, 0xB67C, 0xB67C, 0xB67D, 0xB67D, 0xB67D, \
        0xB67D, 0xB67D, 0xB67C, 0xB65C, 0xB65C, 0xB65C, 0xB67C, 0xB67D, 0xB67D, 0xB67D, 0xB65C, 0xB65C, \
        0xB65C, 0xB65C, 0xB65C, 0xB65C, 0xB65C, 0xB65C, 0xB65C, 0xB65C, 0xB65C, 0xB65C, 0xAE5C, 0xB65D, \
        0xB65C, 0x8D16, 0x2167, 0x0000, 0x1329, 0x2731, 0x2771, 0x2771, 0x2771, 0x2771, 0x2771, 0x2771, \
        0x2771, 0x2771, 0x2771, 0x2771, 0x2771, 0x2771, 0x2771, 0x2771, 0x2771, 0x2771, 0x2771, 0x2771, \
        0x09C5, 0x02F0, 0x059E, 0x057E, 0x059E, 0x061F, 0x063F, 0x061F, 0x061F, 0x061F, 0x061F, 0x061F, \
        0x061F, 0x063F, 0x061F, 0x061F, 0x053B, 0x00A6, 0x140B, 0x2771, 0x2771, 0x2771, 0x2771, 0x2771, \
        0x2771, 0x2771, 0x2771, 0x26AF, 0x0167, 0x04DB, 0x059E, 0x063F, 0x061F, 0x05FF, 0x0458, 0x09C4, \
        0x2771, 0x2771, 0x2771, 0x2771, 0x2771, 0x2771, 0x2771, 0x2771, 0x2771, 0x2771, 0x2771, 0x2771, \
        0x2771, 0x2771, 0x2771, 0x2771, 0x2771, 0x2771, 0x2771, 0x2771, 0x2771, 0x2771, 0x2771, 0x2771, \
        0x2771, 0x2771, 0x2771, 0x2771, 0x2771, 0x2771, 0x2771, 0x2771, 0x2771, 0x2771, 0x2771, 0x2771, \
        0x2771, 0x2771, 0x2771, 0x2771, 0x2771, 0x2771, 0x2771, 0x2771, 0x2771, 0x2771, 0x2771, 0x2771, \
        0x2771, 0x2771, 0x2771, 0x2771, 0x2771, 0x2771, 0x2771, 0x2771, 0x2771, 0x2771, 0x2771, 0x2771, \
        0x2771, 0x2771, 0x2771, 0x2771, 0x2771, 0x2771, 0x2771, 0x2771, 0x2771, 0x2771, 0x2771, 0x2771, \
        0x2771, 0x2771, 0x2771, 0x2771, 0x2771, 0x2771, 0x2771, 0x2771, 0x2771, 0x2771, 0x2771, 0x2771, \
        0x2771, 0x2771, 0x2771, 0x2771, 0x2771, 0x2771, 0x2771, 0x2771, 0x2771, 0x2771, 0x2771, 0x2771, \
        0x2771, 0x2771, 0x2771, 0x2771, 0x2771, 0x2771, 0x2771, 0x2771, 0x2771, 0x2771, 0x2771, 0x2771, \
        0x2771, 0x2771, 0x2771, 0x2771, 0x2771, 0x2771, 0x2771, 0x2771, 0x2771, 0x2771, 0x2771, 0x2771, \
        0x2771, 0x2771, 0x2771, 0x2771, 0x2771, 0x2771, 0x2771, 0x2771, 0x2771, 0x2771, 0x2771, 0x2771, \
        0x1D8E, 0x0065, 0x04FB, 0x057E, 0x057E, 0x061F, 0x061F, 0x061F, 0x061F, 0x061F, 0x061F, 0x061F, \
        0x061F, 0x061F, 0x053C, 0x00A6, 0x1D6E, 0x2771, 0x2771, 0x2771, 0x2771, 0x2771, 0x2771, 0x2771, \
        0x2771, 0x2771, 0x2771, 0x2771, 0x2771, 0x2771, 0x2771, 0x2771, 0x2771, 0x2771, 0x2771, 0x2771, \
        0x2771, 0x2771, 0x2771, 0x2771, 0x2771, 0x2771, 0x2771, 0x2771, 0x2771, 0x2771, 0x2771, 0x2771, \
        0x2771, 0x2771, 0x2771, 0x2771, 0x2771, 0x2771, 0x2771, 0x2771, 0x2771, 0x2771, 0x2771, 0x2771, \
        0x2771, 0x2771, 0x2771, 0x2771, 0x2771, 0x2771, 0x2771, 0x13CA, 0x0065, 0x0330, 0x0476, 0x0476, \
        0x0392, 0x01AA, 0x09A3, 0x2670, 0x2771, 0x2771, 0x2771, 0x2771, 0x264F, 0x13AB, 0x00A4, 0x0000, \
        0x0084, 0x4330, 0x6CD8, 0x7D7C, 0x7D9C, 0x7D7C, 0x7D7C, 0x7D7C, 0x757C, 0x7D9C, 0x95DC, 0xAE3C, \
        0xB67D, 0xB67D, 0xB67D, 0xB67D, 0xB67D, 0xB67D, 0xB67D, 0xB67D, 0xB67D, 0xB67D, 0xB67D, 0xB67D, \
        0xB65D, 0xB67D, 0xB67D, 0xB67D, 0xB67D, 0xB67C, 0xB65D, 0xB65C, 0xB65C, 0xB65C, 0xB65C, 0xB65C, \
        0xB65C, 0xB65C, 0xB65C, 0xB65C, 0xB65C, 0xB65C, 0xB65C, 0xB65C, 0xB65C, 0xB67D, 0x9DBA, 0x4AED, \
        0x0000, 0x0A27, 0x26D0, 0x2771, 0x2771, 0x2771, 0x2771, 0x2771, 0x2771, 0x2771, 0x2771, 0x2771, \
        0x2771, 0x2771, 0x2771, 0x2771, 0x2771, 0x2771, 0x2771, 0x2771, 0x132A, 0x0189, 0x053C, 0x057D, \
        0x055D, 0x059E, 0x061F, 0x063F, 0x061F, 0x061F, 0x061F, 0x061F, 0x061F, 0x063F, 0x063F, 0x05DE, \
        0x0416, 0x0000, 0x1DAE, 0x2771, 0x2771, 0x2771, 0x2771, 0x2771, 0x2771, 0x2771, 0x2771, 0x2771, \
        0x0A25, 0x0353, 0x055D, 0x05BE, 0x059E, 0x04FB, 0x022D, 0x1409, 0x2771, 0x2771, 0x2771, 0x2771, \
        0x2771, 0x2771, 0x2771, 0x2771, 0x2771, 0x2771, 0x2771, 0x2771, 0x2771, 0x2771, 0x2771, 0x2771, \
        0x2771, 0x2771, 0x2771, 0x2771, 0x2771, 0x2771, 0x2771, 0x2771, 0x2771, 0x2771, 0x2771, 0x2771, \
        0x2771, 0x2771, 0x2771, 0x2771, 0x2771, 0x2771, 0x2771, 0x2771, 0x2771, 0x2771, 0x2771, 0x2771, \
        0x2771, 0x2771, 0x2771, 0x2771, 0x2771, 0x2771, 0x2771, 0x2771, 0x2771, 0x2771, 0x2771, 0x2771, \
        0x2771, 0x2771, 0x2771, 0x2771, 0x2771, 0x2771, 0x2771, 0x2771, 0x2771, 0x2771, 0x2771, 0x2771, \
        0x2771, 0x2771, 0x2771, 0x2771, 0x2771, 0x2771, 0x2771, 0x2771, 0x2771, 0x2771, 0x2771, 0x2771, \
        0x2771, 0x2771, 0x2771, 0x2771, 0x2771, 0x2771, 0x2771, 0x2771, 0x2771, 0x2771, 0x2771, 0x2771, \
        0x2771, 0x2771, 0x2771, 0x2771, 0x2771, 0x2771, 0x2771, 0x2771, 0x2771, 0x2771, 0x2771, 0x2771, \
        0x2771, 0x2771, 0x2771, 0x2771, 0x2771, 0x2771, 0x2771, 0x2771, 0x2771, 0x2771, 0x2771, 0x2771, \
        0x2771, 0x2771, 0x2771, 0x2771, 0x2771, 0x2771, 0x2771, 0x2771, 0x2771, 0x2771, 0x2771, 0x2771, \
        0x2771, 0x2771, 0x2771, 0x2771, 0x2771, 0x2771, 0x2771, 0x2771, 0x26B0, 0x0081, 0x0437, 0x057E, \
        0x055D, 0x05BE, 0x061F, 0x061F, 0x061F, 0x061F, 0x061F, 0x061F, 0x061F, 0x05DE, 0x0417, 0x0061, \
        0x2690, 0x2771, 0x2771, 0x2771, 0x2771, 0x2771, 0x2771, 0x2771, 0x2771, 0x2771, 0x2771, 0x2771, \
        0x2771, 0x2771, 0x2771, 0x2771, 0x2771, 0x2771, 0x2771, 0x2771, 0x2771, 0x2771, 0x2771, 0x2771, \
        0x2771, 0x2771, 0x2771, 0x2771, 0x2771, 0x2771, 0x2771, 0x2771, 0x2771, 0x2771, 0x2771, 0x2771, \
        0x2771, 0x2771, 0x2771, 0x2771, 0x2771, 0x2771, 0x2771, 0x2771, 0x2771, 0x2771, 0x2771, 0x2771, \
        0x2771, 0x2771, 0x1329, 0x01CB, 0x053A, 0x063F, 0x063F, 0x5EBF, 0xA77F, 0x8EFD, 0x0C14, 0x0122, \
        0x26B0, 0x2771, 0x2771, 0x2771, 0x2771, 0x2771, 0x26D0, 0x1C8C, 0x01A7, 0x0000, 0x0000, 0x3ACE, \
        0x6CB7, 0x859C, 0x859C, 0x7D7C, 0x7D7C, 0x7D7C, 0x7D7C, 0x7D7C, 0x8DDC, 0xA63C, 0xB67D, 0xB67D, \
        0xB67D, 0xB67D, 0xB67D, 0xB67C, 0xB67C, 0xB67D, 0xB67D, 0xB67D, 0xB65D, 0xB67D, 0xB67D, 0xB67C, \
        0xB67C, 0xB67C, 0xB67C, 0xB67C, 0xB65C, 0xB65C, 0xB65C, 0xB65C, 0xB65C, 0xB67C, 0xB67C, 0xB65C, \
        0xB65C, 0xB65C, 0xB65C, 0xB65C, 0xB65C, 0xAE5C, 0xAE5D, 0xAE3C, 0x7412, 0x0000, 0x09E7, 0x26D0, \
        0x2771, 0x2771, 0x2771, 0x2771, 0x2771, 0x2771, 0x2771, 0x2771, 0x2771, 0x2771, 0x2771, 0x2771, \
        0x2771, 0x2771, 0x2771, 0x2771, 0x1D8E, 0x0000, 0x0416, 0x057D, 0x055D, 0x055D, 0x059E, 0x05FE, \
        0x061F, 0x061F, 0x061F, 0x061F, 0x061F, 0x05FF, 0x05BE, 0x055D, 0x026E, 0x0122, 0x2731, 0x2771, \
        0x2771, 0x2771, 0x2771, 0x2771, 0x2771, 0x2771, 0x2771, 0x2771, 0x1E50, 0x00E4, 0x0311, 0x0437, \
        0x03B5, 0x01CB, 0x0A65, 0x2751, 0x2771, 0x2771, 0x2771, 0x2771, 0x2771, 0x2771, 0x2771, 0x2771, \
        0x2771, 0x2771, 0x2771, 0x2771, 0x2771, 0x2771, 0x2771, 0x2771, 0x2771, 0x2771, 0x2771, 0x2771, \
        0x2771, 0x2771, 0x2771, 0x2771, 0x2771, 0x2771, 0x2771, 0x2771, 0x2771, 0x2771, 0x2771, 0x2771, \
        0x2771, 0x2771, 0x2771, 0x2771, 0x2771, 0x2771, 0x2771, 0x2771, 0x2771, 0x2771, 0x2771, 0x2771, \
        0x2771, 0x2771, 0x2771, 0x2771, 0x2771, 0x2771, 0x2771, 0x2771, 0x2771, 0x2771, 0x2771, 0x2771, \
        0x2771, 0x2771, 0x2771, 0x2771, 0x2771, 0x2771, 0x2771, 0x2771, 0x2771, 0x2771, 0x2771, 0x2771, \
        0x2771, 0x2771, 0x2771, 0x2771, 0x2771, 0x2771, 0x2771, 0x2771, 0x2771, 0x2771, 0x2771, 0x2771, \
        0x2771, 0x2771, 0x2771, 0x2771, 0x2771, 0x2771, 0x2771, 0x2771, 0x2771, 0x2771, 0x2771, 0x2771, \
        0x2771, 0x2771, 0x2771, 0x2771, 0x2771, 0x2771, 0x2771, 0x2771, 0x2771, 0x2771, 0x2771, 0x2771, \
        0x2771, 0x2771, 0x2771, 0x2771, 0x2771, 0x2771, 0x2771, 0x2771, 0x2771, 0x2771, 0x2771, 0x2771, \
        0x2771, 0x2771, 0x2771, 0x2771, 0x2771, 0x2771, 0x2771, 0x2771, 0x2771, 0x2771, 0x2771, 0x2771, \
        0x2771, 0x2771, 0x2771, 0x2771, 0x2771, 0x0A25, 0x026E, 0x055D, 0x057E, 0x057E, 0x059E, 0x05DE, \
        0x061F, 0x061F, 0x061F, 0x05FF, 0x05BE, 0x053D, 0x024D, 0x0A45, 0x2771, 0x2771, 0x2771, 0x2771, \
        0x2771, 0x2771, 0x2771, 0x2771, 0x2771, 0x2771, 0x2771, 0x2771, 0x2771, 0x2771, 0x2771, 0x2771, \
        0x2771, 0x2771, 0x2771, 0x2771, 0x2771, 0x2771, 0x2771, 0x2771, 0x2771, 0x2771, 0x2771, 0x2771, \
        0x2771, 0x2771, 0x2771, 0x2771, 0x2771, 0x2771, 0x2771, 0x2771, 0x2771, 0x2771, 0x2771, 0x2771, \
        0x2771, 0x2771, 0x2771, 0x2771, 0x2771, 0x2771, 0x2771, 0x2771, 0x2771, 0x1D0D, 0x00E7, 0x053B, \
        0x065F, 0x063F, 0x061E, 0xAF9F, 0xCFFF, 0xD7FF, 0x86DF, 0x0332, 0x0A45, 0x2771, 0x2771, 0x2771, \
        0x2771, 0x2771, 0x2771, 0x2771, 0x2731, 0x1D4D, 0x0A68, 0x0000, 0x0001, 0x42CE, 0x6CB7, 0x7D7C, \
        0x7D9C, 0x7D7C, 0x7D7C, 0x7D7C, 0x757C, 0x7D7C, 0x8DDC, 0xAE3C, 0xB67D, 0xB67D, 0xB67D, 0xB67D, \
        0xB67D, 0xB67D, 0xB67D, 0xB67C, 0xB67C, 0xB67C, 0xB67C, 0xB67C, 0xB67C, 0xB67C, 0xB67C, 0xB67C, \
        0xB65C, 0xB65C, 0xB65C, 0xB65C, 0xB65C, 0xB67D, 0xB67D, 0xB65D, 0xB65C, 0xB65D, 0xB67D, 0xB65C, \
        0xB65C, 0xAE3C, 0xAE5C, 0xB67D, 0xB67D, 0x7412, 0x0000, 0x13CB, 0x2771, 0x2771, 0x2771, 0x2771, \
        0x2771, 0x2771, 0x2771, 0x2771, 0x2771, 0x2771, 0x2771, 0x2771, 0x2771, 0x2771, 0x2771, 0x2771, \
        0x2751, 0x09E6, 0x0189, 0x04FB, 0x057E, 0x057E, 0x055D, 0x055D, 0x057E, 0x05BE, 0x05BE, 0x05BE, \
        0x059E, 0x055D, 0x057D, 0x03F6, 0x0000, 0x1CCD, 0x2771, 0x2771, 0x2771, 0x2771, 0x2771, 0x2771, \
        0x2771, 0x2771, 0x2771, 0x2771, 0x2771, 0x26D0, 0x13E9, 0x0A45, 0x0A45, 0x148A, 0x2751, 0x2771, \
        0x2771, 0x2771, 0x2771, 0x2771, 0x2771, 0x2771, 0x2771, 0x2771, 0x2771, 0x2771, 0x2771, 0x2771, \
        0x2771, 0x2771, 0x2771, 0x2771, 0x2771, 0x2771, 0x2771, 0x2771, 0x2771, 0x2771, 0x2771, 0x2771, \
        0x2771, 0x2771, 0x2771, 0x2771, 0x2771, 0x2771, 0x2771, 0x2771, 0x2771, 0x2771, 0x2771, 0x2771, \
        0x2771, 0x2771, 0x2771, 0x2771, 0x2771, 0x2771, 0x2771, 0x2771, 0x2771, 0x2771, 0x2771, 0x2771, \
        0x2771, 0x2771, 0x2771, 0x2771, 0x2771, 0x2771, 0x2771, 0x2771, 0x2771, 0x2771, 0x2771, 0x2771, \
        0x2771, 0x2771, 0x2771, 0x2771, 0x2771, 0x2771, 0x2771, 0x2771, 0x2771, 0x2771, 0x2771, 0x2771, \
        0x2771, 0x2771, 0x2771, 0x2771, 0x2771, 0x2771, 0x2771, 0x2771, 0x2771, 0x2771, 0x2771, 0x2771, \
        0x2771, 0x2771, 0x2771, 0x2771, 0x2771, 0x2771, 0x2771, 0x2771, 0x2771, 0x2771, 0x2771, 0x2771, \
        0x2771, 0x2771, 0x2771, 0x2771, 0x2771, 0x2771, 0x2771, 0x2771, 0x2771, 0x2771, 0x2771, 0x2771, \
        0x2771, 0x2771, 0x2771, 0x2771, 0x2771, 0x2771, 0x2771, 0x2771, 0x2771, 0x2771, 0x2771, 0x2771, \
        0x2771, 0x2771, 0x2771, 0x2771, 0x2771, 0x2771, 0x2771, 0x2771, 0x2771, 0x2771, 0x2771, 0x2771, \
        0x2771, 0x1D8E, 0x0000, 0x0437, 0x05BF, 0x057E, 0x055D, 0x053D, 0x055D, 0x057E, 0x057E, 0x055E, \
        0x057E, 0x03D5, 0x0000, 0x1DCE, 0x2771, 0x2771, 0x2771, 0x2771, 0x2771, 0x2771, 0x2771, 0x2771, \
        0x2771, 0x2771, 0x2771, 0x2771, 0x2771, 0x2771, 0x2771, 0x2771, 0x2771, 0x2771, 0x2771, 0x2771, \
        0x2771, 0x2771, 0x2771, 0x2771, 0x2771, 0x2771, 0x2771, 0x2771, 0x2771, 0x2771, 0x2771, 0x2771, \
        0x2771, 0x2771, 0x2771, 0x2771, 0x2771, 0x2771, 0x2771, 0x2771, 0x2771, 0x2771, 0x2771, 0x2771, \
        0x2771, 0x2771, 0x2771, 0x2771, 0x2751, 0x09A4, 0x0374, 0x05DF, 0x065F, 0x063F, 0x061E, 0xAF9F, \
        0xCFFF, 0xCFFF, 0x86DF, 0x053B, 0x00E6, 0x1DCE, 0x2771, 0x2771, 0x2771, 0x2771, 0x2771, 0x2771, \
        0x2771, 0x2771, 0x2771, 0x25AE, 0x0A89, 0x0000, 0x0000, 0x3AAE, 0x6CB7, 0x7D7C, 0x7D7C, 0x7D7C, \
        0x7D7C, 0x7D7C, 0x7D7C, 0x7D7C, 0x8DDC, 0xA61C, 0xB65D, 0xB67D, 0xB65D, 0xB67D, 0xB67D, 0xB67D, \
        0xB67D, 0xB67C, 0xB67C, 0xB67C, 0xB67C, 0xB67C, 0xB67C, 0xB67C, 0xB65C, 0xB65C, 0xB65C, 0xB65C, \
        0xB65C, 0xB67D, 0xB65D, 0xB65D, 0xB65C, 0xB65D, 0xB67D, 0xB65D, 0xB65C, 0xAE5C, 0xAE5D, 0xB67D, \
        0xAE1B, 0x6390, 0x0000, 0x13CB, 0x2771, 0x2771, 0x2771, 0x2771, 0x2771, 0x2771, 0x2771, 0x2771, \
        0x2771, 0x2771, 0x2771, 0x2771, 0x2771, 0x2771, 0x2771, 0x2771, 0x2771, 0x1E0F, 0x0060, 0x02AF, \
        0x055D, 0x059E, 0x055D, 0x055D, 0x055D, 0x055D, 0x055D, 0x055D, 0x055E, 0x057E, 0x0437, 0x0023, \
        0x0AA9, 0x2771, 0x2771, 0x2771, 0x2771, 0x2771, 0x2771, 0x2771, 0x2771, 0x2771, 0x2771, 0x2771, \
        0x2771, 0x2771, 0x2771, 0x2771, 0x2771, 0x2771, 0x2771, 0x2771, 0x2771, 0x2771, 0x2771, 0x2771, \
        0x2771, 0x2771, 0x2771, 0x2771, 0x2771, 0x2771, 0x2771, 0x2771, 0x2771, 0x2771, 0x2771, 0x2771, \
        0x2771, 0x2771, 0x2771, 0x2771, 0x2771, 0x2771, 0x2771, 0x2771, 0x2771, 0x2771, 0x2771, 0x2771, \
        0x2771, 0x2771, 0x2771, 0x2771, 0x2771, 0x2771, 0x2771, 0x2771, 0x2771, 0x2771, 0x2771, 0x2771, \
        0x2771, 0x2771, 0x2771, 0x2771, 0x2771, 0x2771, 0x2771, 0x2771, 0x2771, 0x2771, 0x2771, 0x2771, \
        0x2771, 0x2771, 0x2771, 0x2771, 0x2771, 0x2771, 0x2771, 0x2771, 0x2771, 0x2771, 0x2771, 0x2771, \
        0x2771, 0x2771, 0x2771, 0x2771, 0x2771, 0x2771, 0x2771, 0x2771, 0x2771, 0x2771, 0x2771, 0x2771, \
        0x2771, 0x2771, 0x2771, 0x2771, 0x2771, 0x2771, 0x2771, 0x2771, 0x2771, 0x2771, 0x2771, 0x2771, \
        0x2771, 0x2771, 0x2771, 0x2771, 0x2771, 0x2771, 0x2771, 0x2771, 0x2771, 0x2771, 0x2771, 0x2771, \
        0x2771, 0x2771, 0x2771, 0x2771, 0x2771, 0x2771, 0x2771, 0x2771, 0x2771, 0x2771, 0x2771, 0x2771, \
        0x2771, 0x2771, 0x2771, 0x2771, 0x2771, 0x2771, 0x2771, 0x2771, 0x2771, 0x2771, 0x2771, 0x2771, \
        0x2771, 0x2771, 0x2771, 0x2771, 0x2771, 0x2771, 0x2771, 0x2771, 0x2771, 0x2771, 0x0B2A, 0x0085, \
        0x0437, 0x055D, 0x057E, 0x055E, 0x055D, 0x057E, 0x057E, 0x055D, 0x03D4, 0x0001, 0x13CB, 0x2771, \
        0x2771, 0x2771, 0x2771, 0x2771, 0x2771, 0x2771, 0x2771, 0x2771, 0x2771, 0x2771, 0x2771, 0x2771, \
        0x2771, 0x2771, 0x2771, 0x2771, 0x2771, 0x2771, 0x2771, 0x2771, 0x2771, 0x2771, 0x2771, 0x2771, \
        0x2771, 0x2771, 0x2771, 0x2771, 0x2771, 0x2771, 0x2771, 0x2771, 0x2771, 0x2771, 0x2771, 0x2771, \
        0x2771, 0x2771, 0x2771, 0x2771, 0x2771, 0x2771, 0x2771, 0x2771, 0x2771, 0x2771, 0x2771, 0x2771, \
        0x2670, 0x00E6, 0x0499, 0x05BE, 0x063F, 0x063F, 0x063F, 0x56BF, 0x9F5F, 0x8F1F, 0x1E1E, 0x061E, \
        0x02EF, 0x13E9, 0x2771, 0x2771, 0x2771, 0x2771, 0x2771, 0x2771, 0x2771, 0x2771, 0x2771, 0x2771, \
        0x2771, 0x1D8E, 0x0A47, 0x0001, 0x0000, 0x3AAE, 0x6497, 0x7D7C, 0x7D9C, 0x7D7C, 0x7D7C, 0x7D7C, \
        0x7D7C, 0x7D7C, 0x8DBC, 0xA61C, 0xB67D, 0xB67D, 0xB67D, 0xB67C, 0xB67D, 0xB67C, 0xB67C, 0xB67C, \
        0xB67C, 0xB67C, 0xB67C, 0xB67C, 0xB65C, 0xB65C, 0xB65C, 0xB65D, 0xB67D, 0xB65D, 0xB65D, 0xB65D, \
        0xB67D, 0xB67D, 0xB67D, 0xB67D, 0xB67D, 0xB65C, 0x9D99, 0x7433, 0x2988, 0x0000, 0x1268, 0x26F0, \
        0x2771, 0x2771, 0x2771, 0x2771, 0x2771, 0x2771, 0x2771, 0x2771, 0x2771, 0x2771, 0x2771, 0x2771, \
        0x2771, 0x2771, 0x2771, 0x2771, 0x2771, 0x2771, 0x1D0D, 0x0002, 0x022D, 0x0499, 0x055D, 0x057E, \
        0x057E, 0x057E, 0x057E, 0x057E, 0x053C, 0x0394, 0x0003, 0x09E7, 0x26F1, 0x2771, 0x2771, 0x2771, \
        0x2771, 0x2771, 0x2771, 0x2771, 0x2771, 0x2771, 0x2771, 0x2771, 0x2771, 0x2771, 0x2771, 0x2771, \
        0x2771, 0x2771, 0x2771, 0x2771, 0x2771, 0x2771, 0x2771, 0x2771, 0x2771, 0x2771, 0x2771, 0x2771, \
        0x2771, 0x2771, 0x2771, 0x2771, 0x2771, 0x2771, 0x2771, 0x2771, 0x2771, 0x2771, 0x2771, 0x2771, \
        0x2771, 0x2771, 0x2771, 0x2771, 0x2771, 0x2771, 0x2771, 0x2771, 0x2771, 0x2771, 0x2771, 0x2771, \
        0x2771, 0x2771, 0x2771, 0x2771, 0x2771, 0x2771, 0x2771, 0x2771, 0x2771, 0x2771, 0x2771, 0x2771, \
        0x2771, 0x2771, 0x2771, 0x2771, 0x2771, 0x2771, 0x2771, 0x2771, 0x2771, 0x2771, 0x2771, 0x2771, \
        0x2771, 0x2771, 0x2771, 0x2771, 0x2771, 0x2771, 0x2771, 0x2771, 0x2771, 0x2771, 0x2771, 0x2771, \
        0x2771, 0x2771, 0x2771, 0x2771, 0x2771, 0x2771, 0x2771, 0x2771, 0x2771, 0x2771, 0x2771, 0x2771, \
        0x2771, 0x2771, 0x2771, 0x2771, 0x2771, 0x2771, 0x2771, 0x2771, 0x2771, 0x2771, 0x2771, 0x2771, \
        0x2771, 0x2771, 0x2771, 0x2771, 0x2771, 0x2771, 0x2771, 0x2771, 0x2771, 0x2771, 0x2771, 0x2771, \
        0x2771, 0x2771, 0x2771, 0x2771, 0x2771, 0x2771, 0x2771, 0x2771, 0x2771, 0x2771, 0x2771, 0x2771, \
        0x2771, 0x2771, 0x2771, 0x2771, 0x2771, 0x2771, 0x2771, 0x2771, 0x2771, 0x2771, 0x2771, 0x2771, \
        0x2771, 0x2771, 0x2771, 0x2771, 0x2771, 0x2771, 0x2751, 0x0B4A, 0x0000, 0x02AF, 0x0478, 0x051B, \
        0x051B, 0x04FB, 0x0457, 0x024D, 0x0020, 0x140B, 0x2771, 0x2771, 0x2771, 0x2771, 0x2771, 0x2771, \
        0x2771, 0x2771, 0x2771, 0x2771, 0x2771, 0x2771, 0x2771, 0x2771, 0x2771, 0x2771, 0x2771, 0x2771, \
        0x2771, 0x2771, 0x2771, 0x2771, 0x2771, 0x2771, 0x2771, 0x2771, 0x2771, 0x2771, 0x2771, 0x2771, \
        0x2771, 0x2771, 0x2771, 0x2771, 0x2771, 0x2771, 0x2771, 0x2771, 0x2771, 0x2771, 0x2771, 0x2771, \
        0x2771, 0x2771, 0x2771, 0x2771, 0x2771, 0x2771, 0x2771, 0x2771, 0x1D6E, 0x01AA, 0x051C, 0x059E, \
        0x063F, 0x063F, 0x065F, 0x063F, 0x05FE, 0x05DE, 0x05FF, 0x063F, 0x0371, 0x1347, 0x2771, 0x2771, \
        0x2771, 0x2771, 0x2771, 0x2771, 0x2771, 0x2771, 0x2771, 0x2771, 0x2771, 0x2771, 0x2771, 0x0A48, \
        0x0064, 0x08C5, 0x0000, 0x430F, 0x6CF9, 0x7D9C, 0x7D9C, 0x7D9C, 0x7D7C, 0x7D7C, 0x755C, 0x7D7C, \
        0x8DBC, 0xA63D, 0xB67D, 0xB65D, 0xB65C, 0xB65C, 0xB65C, 0xB67C, 0xB67C, 0xB67C, 0xB67C, 0xB65C, \
        0xB65C, 0xB65C, 0xB65D, 0xAE3C, 0xA5FB, 0xA61C, 0xAE3C, 0xB65C, 0xB67C, 0xAE3B, 0x9DBA, 0x8D37, \
        0x7C53, 0x52EE, 0x0064, 0x0000, 0x0104, 0x1CAC, 0x2751, 0x2771, 0x2771, 0x2771, 0x2771, 0x2771, \
        0x2771, 0x2771, 0x2771, 0x2771, 0x2771, 0x2771, 0x2771, 0x2771, 0x2771, 0x2771, 0x2771, 0x2771, \
        0x2771, 0x2771, 0x2771, 0x1DAE, 0x0144, 0x0000, 0x028E, 0x0416, 0x0498, 0x0498, 0x0457, 0x0372, \
        0x0168, 0x0020, 0x136A, 0x2711, 0x2771, 0x2771, 0x2771, 0x2771, 0x2771, 0x2771, 0x2771, 0x2771, \
        0x2771, 0x2771, 0x2771, 0x2771, 0x2771, 0x2771, 0x2771, 0x2771, 0x2771, 0x2771, 0x2771, 0x2771, \
        0x2771, 0x2771, 0x2771, 0x2771, 0x2771, 0x2771, 0x2771, 0x2771, 0x2771, 0x2771, 0x2771, 0x2771, \
        0x2771, 0x2771, 0x2771, 0x2771, 0x2771, 0x2771, 0x2771, 0x2771, 0x2771, 0x2771, 0x2771, 0x2771, \
        0x2771, 0x2771, 0x2771, 0x2771, 0x2771, 0x2771, 0x2771, 0x2771, 0x2771, 0x2771, 0x2771, 0x2771, \
        0x2771, 0x2771, 0x2771, 0x2771, 0x2771, 0x2771, 0x2771, 0x2771, 0x2771, 0x2771, 0x2771, 0x2771, \
        0x2771, 0x2771, 0x2771, 0x2771, 0x2771, 0x2771, 0x2771, 0x2771, 0x2771, 0x2771, 0x2771, 0x2771, \
        0x2771, 0x2771, 0x2771, 0x2771, 0x2771, 0x2771, 0x2771, 0x2771, 0x2771, 0x2771, 0x2771, 0x2771, \
        0x2771, 0x2771, 0x2771, 0x2771, 0x2771, 0x2771, 0x2771, 0x2771, 0x2771, 0x2771, 0x2771, 0x2771, \
        0x2771, 0x2771, 0x2771, 0x2771, 0x2771, 0x2771, 0x2771, 0x2771, 0x2771, 0x2771, 0x2771, 0x2771, \
        0x2771, 0x2771, 0x2771, 0x2771, 0x2771, 0x2771, 0x2771, 0x2771, 0x2771, 0x2771, 0x2771, 0x2771, \
        0x2771, 0x2771, 0x2771, 0x2771, 0x2771, 0x2771, 0x2771, 0x2771, 0x2771, 0x2771, 0x2771, 0x2771, \
        0x2771, 0x2771, 0x2771, 0x2771, 0x2771, 0x2771, 0x2771, 0x2771, 0x2771, 0x2771, 0x2771, 0x2771, \
        0x2771, 0x2771, 0x2771, 0x2771, 0x1D4D, 0x0983, 0x0020, 0x00E7, 0x0148, 0x00A5, 0x0061, 0x0A45, \
        0x1DEF, 0x2771, 0x2771, 0x2771, 0x2771, 0x2771, 0x2771, 0x2771, 0x2771, 0x2771, 0x2771, 0x2771, \
        0x2771, 0x2771, 0x2771, 0x2771, 0x2771, 0x2771, 0x2771, 0x2771, 0x2771, 0x2771, 0x2771, 0x2771, \
        0x2771, 0x2771, 0x2771, 0x2771, 0x2771, 0x2771, 0x2771, 0x2771, 0x2771, 0x2771, 0x2771, 0x2771, \
        0x2771, 0x2771, 0x2771, 0x2771, 0x2771, 0x2771, 0x2771, 0x2771, 0x2771, 0x2771, 0x2771, 0x2771, \
        0x2771, 0x2771, 0x2771, 0x2771, 0x1D6D, 0x018A, 0x051C, 0x055D, 0x05FF, 0x063F, 0x063F, 0x063F, \
        0x061F, 0x061F, 0x061F, 0x05FE, 0x028E, 0x13A8, 0x2771, 0x2771, 0x2771, 0x2771, 0x2771, 0x2771, \
        0x2771, 0x2771, 0x2771, 0x2771, 0x2771, 0x2771, 0x2731, 0x0124, 0x21CA, 0x753A, 0x6C76, 0x326D, \
        0x0000, 0x4330, 0x751A, 0x7D9C, 0x7D7C, 0x7D7C, 0x7D7C, 0x7D7C, 0x7D7C, 0x757C, 0x8DDC, 0xA63C, \
        0xB67D, 0xB67C, 0xB65C, 0xB65C, 0xB65C, 0xB67C, 0xB67C, 0xB65C, 0xB67C, 0xB65D, 0xB67D, 0xAE3C, \
        0x7C94, 0x322A, 0x3A6B, 0x4ACD, 0x428C, 0x31C9, 0x0083, 0x0000, 0x0000, 0x00A3, 0x0A89, 0x24ED, \
        0x26F0, 0x2771, 0x2771, 0x2771, 0x2771, 0x2771, 0x2771, 0x2771, 0x2771, 0x2771, 0x2771, 0x2771, \
        0x2771, 0x2771, 0x2771, 0x2771, 0x2771, 0x2771, 0x2771, 0x2771, 0x2771, 0x2771, 0x2771, 0x2771, \
        0x2711, 0x148C, 0x09A4, 0x0061, 0x0020, 0x0000, 0x0040, 0x0102, 0x0AE8, 0x1E0F, 0x2771, 0x2771, \
        0x2771, 0x2771, 0x2771, 0x2771, 0x2771, 0x2771, 0x2771, 0x2771, 0x2771, 0x2771, 0x2771, 0x2771, \
        0x2771, 0x2771, 0x2771, 0x2771, 0x2771, 0x2771, 0x2771, 0x2771, 0x2771, 0x2771, 0x2771, 0x2771, \
        0x2771, 0x2771, 0x2771, 0x2771, 0x2771, 0x2771, 0x2771, 0x2771, 0x2771, 0x2771, 0x2771, 0x2771, \
        0x2771, 0x2771, 0x2771, 0x2771, 0x2771, 0x2771, 0x2771, 0x2771, 0x2771, 0x2771, 0x2771, 0x2771, \
        0x2771, 0x2771, 0x2771, 0x2771, 0x2771, 0x2771, 0x2771, 0x2771, 0x2771, 0x2771, 0x2771, 0x2771, \
        0x2771, 0x2771, 0x2771, 0x2771, 0x2771, 0x2771, 0x2771, 0x2771, 0x2771, 0x2771, 0x2771, 0x2771, \
        0x2771, 0x2771, 0x2771, 0x2771, 0x2771, 0x2771, 0x2771, 0x2771, 0x2771, 0x2771, 0x2771, 0x2771, \
        0x2771, 0x2771, 0x2771, 0x2771, 0x2771, 0x2771, 0x2771, 0x2771, 0x2771, 0x2771, 0x2771, 0x2771, \
        0x2771, 0x2771, 0x2771, 0x2771, 0x2771, 0x2771, 0x2771, 0x2771, 0x2771, 0x2771, 0x2771, 0x2771, \
        0x2771, 0x2771, 0x2771, 0x2771, 0x2771, 0x2771, 0x2771, 0x2771, 0x2771, 0x2771, 0x2771, 0x2771, \
        0x2771, 0x2771, 0x2771, 0x2771, 0x2771, 0x2771, 0x2771, 0x2771, 0x2771, 0x2771, 0x2771, 0x2771, \
        0x2771, 0x2771, 0x2771, 0x2771, 0x2771, 0x2771, 0x2771, 0x2771, 0x2771, 0x2771, 0x2771, 0x2771, \
        0x2771, 0x2771, 0x2771, 0x2771, 0x2771, 0x2771, 0x2771, 0x2771, 0x2771, 0x2771, 0x2771, 0x2771, \
        0x2771, 0x2751, 0x1E2F, 0x1D2D, 0x1CCC, 0x1D6D, 0x2690, 0x2771, 0x2771, 0x2771, 0x2771, 0x2771, \
        0x2771, 0x2771, 0x2771, 0x2771, 0x2771, 0x2771, 0x2771, 0x2771, 0x2771, 0x2771, 0x2771, 0x2771, \
        0x2771, 0x2771, 0x2771, 0x2771, 0x2771, 0x2771, 0x2771, 0x2771, 0x2771, 0x2771, 0x2771, 0x2771, \
        0x2771, 0x2771, 0x2771, 0x2771, 0x2771, 0x2771, 0x2771, 0x2771, 0x2771, 0x2771, 0x2771, 0x2771, \
        0x2771, 0x2771, 0x2771, 0x2771, 0x2771, 0x2771, 0x2771, 0x2771, 0x2771, 0x2771, 0x2771, 0x2771, \
        0x266F, 0x0063, 0x04BA, 0x057E, 0x057E, 0x061F, 0x063F, 0x061F, 0x063F, 0x063F, 0x061F, 0x04FB, \
        0x00E7, 0x1D4E, 0x2771, 0x2771, 0x2771, 0x2771, 0x2771, 0x2771, 0x2771, 0x2771, 0x2771, 0x2771, \
        0x2771, 0x2771, 0x266F, 0x0060, 0x4310, 0x85BD, 0x85DD, 0x7D9C, 0x6CD8, 0x4B92, 0x324C, 0x4BB3, \
        0x6D1A, 0x7D7C, 0x7D7C, 0x7D7C, 0x7D7C, 0x7D7C, 0x757C, 0x7D7C, 0x95DC, 0xAE5C, 0xB67D, 0xB65C, \
        0xB65C, 0xB65C, 0xB67C, 0xB67C, 0xB67C, 0xB67D, 0xB65C, 0xB65D, 0xB65D, 0x9D78, 0x3A0A, 0x0000, \
        0x0000, 0x09A6, 0x1309, 0x1C4C, 0x258E, 0x26D0, 0x2771, 0x2771, 0x2771, 0x2771, 0x2771, 0x2771, \
        0x2771, 0x2771, 0x2771, 0x2771, 0x2771, 0x2771, 0x2771, 0x2771, 0x2771, 0x2771, 0x2771, 0x2771, \
        0x2771, 0x2771, 0x2771, 0x2771, 0x2771, 0x2771, 0x2771, 0x2771, 0x2771, 0x2771, 0x2751, 0x2690, \
        0x1E0F, 0x1DEF, 0x1E2F, 0x2711, 0x2771, 0x2771, 0x2771, 0x2771, 0x2771, 0x2771, 0x2771, 0x2771, \
        0x2771, 0x2771, 0x2771, 0x2771, 0x2771, 0x2771, 0x2771, 0x2771, 0x2771, 0x2771, 0x2771, 0x2771, \
        0x2771, 0x2771, 0x2771, 0x2771, 0x2771, 0x2771, 0x2771, 0x2771, 0x2771, 0x2771, 0x2771, 0x2771, \
        0x2771, 0x2771, 0x2771, 0x2771, 0x2771, 0x2771, 0x2771, 0x2771, 0x2771, 0x2771, 0x2771, 0x2771, \
        0x2771, 0x2771, 0x2771, 0x2771, 0x2771, 0x2771, 0x2771, 0x2771, 0x2771, 0x2771, 0x2771, 0x2771, \
        0x2771, 0x2771, 0x2771, 0x2771, 0x2771, 0x2771, 0x2771, 0x2771, 0x2771, 0x2771, 0x2771, 0x2771, \
        0x2771, 0x2771, 0x2771, 0x2771, 0x2771, 0x2771, 0x2771, 0x2771, 0x2771, 0x2771, 0x2771, 0x2771, \
        0x2771, 0x2771, 0x2771, 0x2771, 0x2771, 0x2771, 0x2771, 0x2771, 0x2771, 0x2771, 0x2771, 0x2771, \
        0x2771, 0x2771, 0x2771, 0x2771, 0x2771, 0x2771, 0x2771, 0x2771, 0x2771, 0x2771, 0x2771, 0x2771, \
        0x2771, 0x2771, 0x2771, 0x2771, 0x2771, 0x2771, 0x2771, 0x2771, 0x2771, 0x2771, 0x2771, 0x2771, \
        0x2771, 0x2771, 0x2771, 0x2771, 0x2771, 0x2771, 0x2771, 0x2771, 0x2771, 0x2771, 0x2771, 0x2771, \
        0x2771, 0x2771, 0x2771, 0x2771, 0x2771, 0x2771, 0x2771, 0x2771, 0x2771, 0x2771, 0x2771, 0x2771, \
        0x2771, 0x2771, 0x2771, 0x2771, 0x2771, 0x2771, 0x2771, 0x2771, 0x2771, 0x2771, 0x2771, 0x2771, \
        0x2771, 0x2771, 0x2771, 0x2771, 0x2771, 0x2771, 0x2771, 0x2771, 0x2771, 0x2771, 0x2771, 0x2771, \
        0x2771, 0x2771, 0x2771, 0x2771, 0x2771, 0x2771, 0x2771, 0x2771, 0x2771, 0x2771, 0x2771, 0x2771, \
        0x2771, 0x2771, 0x2771, 0x2771, 0x2771, 0x2771, 0x2771, 0x2771, 0x2771, 0x2771, 0x2771, 0x2771, \
        0x2771, 0x2771, 0x2771, 0x2771, 0x2771, 0x2771, 0x2771, 0x2771, 0x2771, 0x2771, 0x2771, 0x2771, \
        0x2771, 0x2771, 0x2771, 0x2771, 0x2771, 0x2771, 0x2771, 0x2771, 0x2771, 0x2771, 0x2771, 0x2771, \
        0x2771, 0x2771, 0x2771, 0x2771, 0x2771, 0x2771, 0x2771, 0x2771, 0x2771, 0x0A04, 0x0332, 0x059E, \
        0x057E, 0x055D, 0x059E, 0x05DE, 0x05DE, 0x05BE, 0x059E, 0x0394, 0x0122, 0x2711, 0x2771, 0x2771, \
        0x2771, 0x2771, 0x2771, 0x2771, 0x2771, 0x2771, 0x2771, 0x2771, 0x2771, 0x2771, 0x1D8E, 0x0000, \
        0x53D3, 0x85BC, 0x7D7C, 0x7D9C, 0x7D9C, 0x7D9C, 0x753B, 0x6497, 0x6455, 0x753A, 0x7D9C, 0x7D7C, \
        0x7D7C, 0x7D7C, 0x7D7C, 0x7D7C, 0x757C, 0x7D9C, 0x9DFC, 0xB65D, 0xB67D, 0xB65C, 0xB65C, 0xB67C, \
        0xB67D, 0xB65C, 0xB65D, 0xB65C, 0xB67C, 0xBE9D, 0xAE1B, 0x4ACD, 0x0000, 0x1B09, 0x2751, 0x2771, \
        0x2771, 0x2771, 0x2771, 0x2771, 0x2771, 0x2771, 0x2771, 0x2771, 0x2771, 0x2771, 0x2771, 0x2771, \
        0x2771, 0x2771, 0x2771, 0x2771, 0x2771, 0x2771, 0x2771, 0x2771, 0x2771, 0x2771, 0x2771, 0x2771, \
        0x2771, 0x2771, 0x2771, 0x2771, 0x2771, 0x2771, 0x2771, 0x2771, 0x2771, 0x2771, 0x2771, 0x2771, \
        0x2771, 0x2771, 0x2771, 0x2771, 0x2771, 0x2771, 0x2771, 0x2771, 0x2771, 0x2771, 0x2771, 0x2771, \
        0x2771, 0x2771, 0x2771, 0x2771, 0x2771, 0x2771, 0x2771, 0x2771, 0x2771, 0x2771, 0x2771, 0x2771, \
        0x2771, 0x2771, 0x2771, 0x2771, 0x2771, 0x2771, 0x2771, 0x2771, 0x2771, 0x2771, 0x2771, 0x2771, \
        0x2771, 0x2771, 0x2771, 0x2771, 0x2771, 0x2771, 0x2771, 0x2771, 0x2771, 0x2771, 0x2771, 0x2771, \
        0x2771, 0x2771, 0x2771, 0x2771, 0x2771, 0x2771, 0x2771, 0x2771, 0x2771, 0x2771, 0x2771, 0x2771, \
        0x2771, 0x2771, 0x2771, 0x2771, 0x2771, 0x2771, 0x2771, 0x2771, 0x2771, 0x2771, 0x2771, 0x2771, \
        0x2771, 0x2771, 0x2771, 0x2771, 0x2771, 0x2771, 0x2771, 0x2771, 0x2771, 0x2771, 0x2771, 0x2771, \
        0x2771, 0x2771, 0x2771, 0x2771, 0x2771, 0x2771, 0x2771, 0x2771, 0x2771, 0x2771, 0x2771, 0x2771, \
        0x2771, 0x2771, 0x2771, 0x2771, 0x2771, 0x2771, 0x2771, 0x2771, 0x2771, 0x2771, 0x2771, 0x2771, \
        0x2771, 0x2771, 0x2771, 0x2771, 0x2771, 0x2771, 0x2771, 0x2771, 0x2771, 0x2771, 0x2771, 0x2771, \
        0x2771, 0x2771, 0x2771, 0x2771, 0x2771, 0x2771, 0x2771, 0x2771, 0x2771, 0x2771, 0x2771, 0x2771, \
        0x2771, 0x2771, 0x2771, 0x2771, 0x2771, 0x2771, 0x2771, 0x2771, 0x2771, 0x2771, 0x2771, 0x2771, \
        0x2771, 0x2771, 0x2771, 0x2771, 0x2771, 0x2771, 0x2771, 0x2771, 0x2771, 0x2771, 0x2771, 0x2771, \
        0x2771, 0x2771, 0x2771, 0x2771, 0x2771, 0x2771, 0x2771, 0x2771, 0x2771, 0x2771, 0x2771, 0x2771, \
        0x2771, 0x2771, 0x2771, 0x2771, 0x2771, 0x2771, 0x2771, 0x2771, 0x2771, 0x2771, 0x2771, 0x2771, \
        0x2771, 0x2771, 0x2771, 0x2771, 0x2771, 0x2771, 0x2771, 0x2771, 0x2771, 0x2771, 0x2771, 0x2771, \
        0x2771, 0x2771, 0x2771, 0x2771, 0x2771, 0x2771, 0x2771, 0x2771, 0x2771, 0x2771, 0x2771, 0x2771, \
        0x2771, 0x2771, 0x2771, 0x2771, 0x2771, 0x2771, 0x2771, 0x2771, 0x2771, 0x2771, 0x2771, 0x2771, \
        0x2771, 0x2771, 0x2771, 0x2771, 0x2771, 0x1DAE, 0x0002, 0x0417, 0x057E, 0x055E, 0x055D, 0x053D, \
        0x053D, 0x055D, 0x0437, 0x0025, 0x1D6E, 0x2771, 0x2771, 0x2771, 0x2771, 0x2771, 0x2771, 0x2771, \
        0x2771, 0x2771, 0x2771, 0x2771, 0x2771, 0x2771, 0x1D0D, 0x0000, 0x5C35, 0x7D9C, 0x7D7C, 0x7D7C, \
        0x7D7C, 0x7D7C, 0x7D7C, 0x7D9C, 0x859C, 0x7D7C, 0x7D7C, 0x7D7C, 0x7D5C, 0x7D7C, 0x7D7C, 0x7D7C, \
        0x7D7C, 0x7D7C, 0x757C, 0x859C, 0xA61C, 0xB65D, 0xB65C, 0xB65C, 0xB65D, 0xB65C, 0xB65D, 0xB65D, \
        0xB67D, 0xB65C, 0xB67D, 0xA61B, 0x5B4F, 0x0000, 0x12A9, 0x2731, 0x2771, 0x2771, 0x2771, 0x2771, \
        0x2771, 0x2771, 0x2771, 0x2771, 0x2771, 0x2771, 0x2771, 0x2771, 0x2771, 0x2771, 0x2771, 0x2771, \
        0x2771, 0x2771, 0x2771, 0x2771, 0x2771, 0x2771, 0x2771, 0x2771, 0x2771, 0x2771, 0x2771, 0x2771, \
        0x2771, 0x2771, 0x2771, 0x2771, 0x2771, 0x2771, 0x2771, 0x2771, 0x2771, 0x2771, 0x2771, 0x2771, \
        0x2771, 0x2771, 0x2771, 0x2771, 0x2771, 0x2771, 0x2771, 0x2771, 0x2771, 0x2771, 0x2771, 0x2771, \
        0x2771, 0x2771, 0x2771, 0x2771, 0x2771, 0x2771, 0x2771, 0x2771, 0x2771, 0x2771, 0x2771, 0x2771, \
        0x2771, 0x2771, 0x2771, 0x2771, 0x2771, 0x2771, 0x2771, 0x2771, 0x2771, 0x2771, 0x2771, 0x2771, \
        0x2771, 0x2771, 0x2771, 0x2771, 0x2771, 0x2771, 0x2771, 0x2771, 0x2771, 0x2771, 0x2771, 0x2771, \
        0x2771, 0x2771, 0x2771, 0x2771, 0x2771, 0x2771, 0x2771, 0x2771, 0x2771, 0x2771, 0x2771, 0x2771, \
        0x2771, 0x2771, 0x2771, 0x2771, 0x2771, 0x2771, 0x2771, 0x2771, 0x2771, 0x2771, 0x2771, 0x2771, \
        0x2771, 0x2771, 0x2771, 0x2771, 0x2771, 0x2771, 0x2771, 0x2771, 0x2771, 0x2771, 0x2771, 0x2771, \
        0x2771, 0x2771, 0x2771, 0x2771, 0x2771, 0x2771, 0x2771, 0x2771, 0x2771, 0x2771, 0x2771, 0x2771, \
        0x2771, 0x2771, 0x2771, 0x2771, 0x2771, 0x2771, 0x2771, 0x2771, 0x2771, 0x2771, 0x2771, 0x2771, \
        0x2771, 0x2771, 0x2771, 0x2771, 0x2771, 0x2771, 0x2771, 0x2771, 0x2771, 0x2771, 0x2771, 0x2771, \
        0x2771, 0x2771, 0x2771, 0x2771, 0x2771, 0x2771, 0x2771, 0x2771, 0x2771, 0x2771, 0x2771, 0x2771, \
        0x2771, 0x2771, 0x2771, 0x2771, 0x2771, 0x2771, 0x2771, 0x2771, 0x2771, 0x2771, 0x2771, 0x2771, \
        0x2771, 0x2771, 0x2771, 0x2771, 0x2771, 0x2771, 0x2771, 0x2771, 0x2771, 0x2771, 0x2771, 0x2771, \
        0x2771, 0x2771, 0x2771, 0x2771, 0x2771, 0x2771, 0x2771, 0x2771, 0x2771, 0x2771, 0x2771, 0x2771, \
        0x2771, 0x2771, 0x2771, 0x2771, 0x2771, 0x2771, 0x2771, 0x2771, 0x2771, 0x2771, 0x2771, 0x2771, \
        0x2771, 0x2771, 0x2771, 0x2771, 0x2771, 0x2771, 0x2771, 0x2771, 0x2771, 0x2771, 0x2771, 0x2771, \
        0x2771, 0x2771, 0x2771, 0x2771, 0x2771, 0x2771, 0x2771, 0x2771, 0x2771, 0x2771, 0x2771, 0x2771, \
        0x2771, 0x2771, 0x2771, 0x2771, 0x2771, 0x2771, 0x2771, 0x2771, 0x2771, 0x2771, 0x2771, 0x2771, \
        0x2771, 0x2771, 0x142C, 0x0001, 0x0332, 0x0499, 0x04FB, 0x051C, 0x0499, 0x02F0, 0x0000, 0x14AC, \
        0x2771, 0x2771, 0x2771, 0x2771, 0x2771, 0x2771, 0x2771, 0x2771, 0x2771, 0x2771, 0x2771, 0x2771, \
        0x2771, 0x2771, 0x1CED, 0x0000, 0x5C35, 0x7D9C, 0x7D7C, 0x7D7C, 0x7D7C, 0x7D7C, 0x7D7C, 0x7D7C, \
        0x7D7C, 0x7D7C, 0x7D7C, 0x7D5C, 0x7D5C, 0x7D7C, 0x7D7C, 0x7D7C, 0x7D7C, 0x7D7C, 0x7D7C, 0x7D7C, \
        0x7D7C, 0x8DBC, 0xAE3C, 0xB67D, 0xB65D, 0xB65D, 0xB65D, 0xB65D, 0xB65C, 0xB65C, 0xAE5C, 0xB65D, \
        0xAE5C, 0x6390, 0x0000, 0x12A9, 0x2731, 0x2771, 0x2771, 0x2771, 0x2771, 0x2771, 0x2771, 0x2771, \
        0x2771, 0x2771, 0x2771, 0x2771, 0x2771, 0x2771, 0x2771, 0x2771, 0x2771, 0x2771, 0x2771, 0x2771, \
        0x2771, 0x2771, 0x2771, 0x2771, 0x2771, 0x2771, 0x2771, 0x2771, 0x2771, 0x2771, 0x2771, 0x2771, \
        0x2771, 0x2771, 0x2771, 0x2771, 0x2771, 0x2771, 0x2771, 0x2771, 0x2771, 0x2771, 0x2771, 0x2771, \
        0x2771, 0x2771, 0x2771, 0x2771, 0x2771, 0x2771, 0x2771, 0x2771, 0x2771, 0x2771, 0x2771, 0x2771, \
        0x2771, 0x2771, 0x2771, 0x2771, 0x2771, 0x2771, 0x2771, 0x2771, 0x2771, 0x2771, 0x2771, 0x2771, \
        0x2771, 0x2771, 0x2771, 0x2771, 0x2771, 0x2771, 0x2771, 0x2771, 0x2771, 0x2771, 0x2771, 0x2771, \
        0x2771, 0x2771, 0x2771, 0x2771, 0x2771, 0x2771, 0x2771, 0x2771, 0x2771, 0x2771, 0x2771, 0x2771, \
        0x2771, 0x2771, 0x2771, 0x2771, 0x2771, 0x2771, 0x2771, 0x2771, 0x2771, 0x2771, 0x2771, 0x2771, \
        0x2771, 0x2771, 0x2771, 0x2771, 0x2771, 0x2771, 0x2771, 0x2771, 0x2771, 0x2771, 0x2771, 0x2771, \
        0x2771, 0x2771, 0x2771, 0x2771, 0x2771, 0x2771, 0x2771, 0x2771, 0x2771, 0x2771, 0x2771, 0x2771, \
        0x2771, 0x2771, 0x2771, 0x2771, 0x2771, 0x2771, 0x2771, 0x2771, 0x2771, 0x2771, 0x2771, 0x2771, \
        0x2771, 0x2771, 0x2771, 0x2771, 0x2771, 0x2771, 0x2771, 0x2771, 0x2771, 0x2771, 0x2771, 0x2771, \
        0x2771, 0x2771, 0x2771, 0x2771, 0x2771, 0x2771, 0x2771, 0x2771, 0x2771, 0x2771, 0x2771, 0x2771, \
        0x2771, 0x2771, 0x2771, 0x2771, 0x2771, 0x2771, 0x2771, 0x2771, 0x2771, 0x2771, 0x2771, 0x2771, \
        0x2771, 0x2771, 0x2771, 0x2771, 0x2771, 0x2771, 0x2771, 0x2771, 0x2771, 0x2771, 0x2771, 0x2771, \
        0x2771, 0x2771, 0x2771, 0x2771, 0x2771, 0x2771, 0x2771, 0x2771, 0x2771, 0x2771, 0x2771, 0x2771, \
        0x2771, 0x2771, 0x2771, 0x2771, 0x2771, 0x2771, 0x2771, 0x2771, 0x2771, 0x2771, 0x2771, 0x2771, \
        0x2771, 0x2771, 0x2771, 0x2771, 0x2771, 0x2771, 0x2771, 0x2771, 0x2771, 0x2771, 0x2771, 0x2771, \
        0x2771, 0x2771, 0x2771, 0x2771, 0x2771, 0x2771, 0x2771, 0x2771, 0x2771, 0x2771, 0x2771, 0x2771, \
        0x2771, 0x2771, 0x2771, 0x2771, 0x2771, 0x2771, 0x2771, 0x2771, 0x2771, 0x2771, 0x2771, 0x2771, \
        0x2771, 0x2771, 0x2771, 0x2771, 0x2771, 0x2771, 0x2771, 0x2771, 0x2771, 0x2771, 0x2771, 0x1D8E, \
        0x0A04, 0x0061, 0x0127, 0x0168, 0x00A4, 0x0A25, 0x1DCF, 0x2771, 0x2771, 0x2771, 0x2771, 0x2771, \
        0x2771, 0x2771, 0x2771, 0x2771, 0x2771, 0x2771, 0x2771, 0x2771, 0x2771, 0x2771, 0x1D0D, 0x0000, \
        0x53F5, 0x7D9C, 0x7D9C, 0x7D7C, 0x7D7C, 0x7D7C, 0x7D7C, 0x7D7C, 0x7D7C, 0x7D7C, 0x7D7C, 0x7D7C, \
        0x7D9C, 0x859C, 0x85BC, 0x7D9C, 0x7D9C, 0x7D7C, 0x7D7C, 0x7D7C, 0x7D7C, 0x7D7C, 0x7D9C, 0x9E1C, \
        0xB65D, 0xB65D, 0xB65C, 0xB65C, 0xB65C, 0xB65C, 0xB65C, 0xB65C, 0xB67D, 0xB65C, 0x6390, 0x0000, \
        0x12C9, 0x2751, 0x2771, 0x2771, 0x2771, 0x2771, 0x2771, 0x2771, 0x2771, 0x2771, 0x2771, 0x2771, \
        0x2771, 0x2771, 0x2771, 0x2771, 0x2771, 0x2771, 0x2771, 0x2771, 0x2771, 0x2771, 0x2771, 0x2771, \
        0x2771, 0x2771, 0x2771, 0x2771, 0x2771, 0x2771, 0x2771, 0x2771, 0x2771, 0x2771, 0x2771, 0x2771, \
        0x2771, 0x2771, 0x2771, 0x2771, 0x2771, 0x2771, 0x2771, 0x2771, 0x2771, 0x2771, 0x2771, 0x2771, \
        0x2771, 0x2771, 0x2771, 0x2771, 0x2771, 0x2771, 0x2771, 0x2771, 0x2771, 0x2771, 0x2771, 0x2771, \
        0x2771, 0x2771, 0x2771, 0x2771, 0x2771, 0x2771, 0x2771, 0x2771, 0x2771, 0x2771, 0x2771, 0x2771, \
        0x2771, 0x2771, 0x2771, 0x2771, 0x2771, 0x2771, 0x2771, 0x2771, 0x2771, 0x2771, 0x2771, 0x2771, \
        0x2771, 0x2771, 0x2771, 0x2771, 0x2771, 0x2771, 0x2771, 0x2771, 0x2771, 0x2771, 0x2771, 0x2771, \
        0x2771, 0x2771, 0x2771, 0x2771, 0x2771, 0x2771, 0x2771, 0x2771, 0x2771, 0x2771, 0x2771, 0x2771, \
        0x2771, 0x2771, 0x2771, 0x2771, 0x2771, 0x2771, 0x2771, 0x2771, 0x2771, 0x2771, 0x2771, 0x2771, \
        0x2771, 0x2771, 0x2771, 0x2771, 0x2771, 0x2771, 0x2771, 0x2771, 0x2771, 0x2771, 0x2771, 0x2771, \
        0x2771, 0x2771, 0x2771, 0x2771, 0x2771, 0x2771, 0x2771, 0x2771, 0x2771, 0x2771, 0x2771, 0x2771, \
        0x2771, 0x2771, 0x2771, 0x2771, 0x2771, 0x2771, 0x2771, 0x2771, 0x2771, 0x2771, 0x2771, 0x2771, \
        0x2771, 0x2771, 0x2771, 0x2771, 0x2771, 0x2771, 0x2771, 0x2771, 0x2771, 0x2771, 0x2771, 0x2771, \
        0x2771, 0x2771, 0x2771, 0x2771, 0x2771, 0x2771, 0x2771, 0x2771, 0x2771, 0x2771, 0x2771, 0x2771, \
        0x2771, 0x2771, 0x2771, 0x2771, 0x2771, 0x2771, 0x2771, 0x2771, 0x2771, 0x2771, 0x2771, 0x2771, \
        0x2771, 0x2771, 0x2771, 0x2771, 0x2771, 0x2771, 0x2771, 0x2771, 0x2771, 0x2771, 0x2771, 0x2771, \
        0x2771, 0x2771, 0x2771, 0x2771, 0x2771, 0x2771, 0x2771, 0x2771, 0x2771, 0x2771, 0x2771, 0x2771, \
        0x2771, 0x2771, 0x2771, 0x2771, 0x2771, 0x2771, 0x2771, 0x2771, 0x2771, 0x2771, 0x2670, 0x148C, \
        0x0AE6, 0x0A25, 0x0A26, 0x12EA, 0x1D0D, 0x26F0, 0x2771, 0x2771, 0x2771, 0x2771, 0x2771, 0x2771, \
        0x2771, 0x2771, 0x2771, 0x2771, 0x2771, 0x2771, 0x2771, 0x2771, 0x2771, 0x2771, 0x2771, 0x2771, \
        0x2771, 0x2771, 0x2771, 0x2771, 0x2771, 0x2771, 0x2771, 0x2771, 0x2771, 0x2690, 0x1DAE, 0x1DCE, \
        0x26B0, 0x2771, 0x2771, 0x2771, 0x2771, 0x2771, 0x2771, 0x2771, 0x2771, 0x2771, 0x2771, 0x2771, \
        0x2771, 0x2771, 0x2771, 0x2771, 0x2771, 0x2771, 0x1DAE, 0x0000, 0x4B72, 0x85BD, 0x7D9C, 0x7D9C, \
        0x7D9C, 0x7D9C, 0x7D9C, 0x7D7C, 0x753B, 0x6CFA, 0x64B8, 0x6477, 0x6435, 0x5C15, 0x5C14, 0x5C14, \
        0x6476, 0x7D7B, 0x7D9C, 0x7D7C, 0x7D7C, 0x7D7C, 0x7D7C, 0x7D7C, 0x8DDC, 0xAE5C, 0xB65C, 0xB65C, \
        0xAE5C, 0xB65C, 0xB65C, 0xB65C, 0xB65C, 0xB67D, 0xAE3C, 0x532F, 0x0000, 0x138A, 0x2771, 0x2771, \
        0x2771, 0x2771, 0x2771, 0x2771, 0x2771, 0x2771, 0x2771, 0x2771, 0x2771, 0x2771, 0x2771, 0x2771, \
        0x2771, 0x2771, 0x2771, 0x2771, 0x2771, 0x2771, 0x2771, 0x2771, 0x2771, 0x2771, 0x2771, 0x2771, \
        0x2771, 0x2771, 0x2771, 0x2771, 0x2771, 0x2771, 0x2771, 0x2771, 0x2771, 0x2771, 0x2771, 0x2771, \
        0x2771, 0x2771, 0x2771, 0x2731, 0x2751, 0x2771, 0x2771, 0x2771, 0x2771, 0x2771, 0x2771, 0x2771, \
        0x2771, 0x2771, 0x2771, 0x2771, 0x2771, 0x2771, 0x2771, 0x2771, 0x2771, 0x2771, 0x2771, 0x2771, \
        0x2771, 0x2771, 0x2771, 0x2771, 0x2771, 0x2771, 0x2771, 0x2771, 0x2771, 0x2771, 0x2771, 0x2771, \
        0x2771, 0x2771, 0x2771, 0x2771, 0x2771, 0x2771, 0x2771, 0x2771, 0x2771, 0x2771, 0x2771, 0x2771, \
        0x2771, 0x2771, 0x2771, 0x2771, 0x2771, 0x2771, 0x2771, 0x2771, 0x2771, 0x2771, 0x2771, 0x2771, \
        0x2771, 0x2771, 0x2771, 0x2771, 0x2771, 0x2771, 0x2771, 0x2771, 0x2771, 0x2771, 0x2771, 0x2771, \
        0x2771, 0x2771, 0x2771, 0x2771, 0x2771, 0x2771, 0x2771, 0x2771, 0x2771, 0x2771, 0x2771, 0x2771, \
        0x2771, 0x2771, 0x2771, 0x2771, 0x2771, 0x2771, 0x2771, 0x2771, 0x2771, 0x2771, 0x2771, 0x2771, \
        0x2771, 0x2771, 0x2771, 0x2771, 0x2771, 0x2771, 0x2771, 0x2771, 0x2771, 0x2771, 0x2771, 0x2771, \
        0x2771, 0x2771, 0x2771, 0x2771, 0x2771, 0x2771, 0x2771, 0x2771, 0x2771, 0x2771, 0x2771, 0x2771, \
        0x2771, 0x2771, 0x2771, 0x2771, 0x2771, 0x2771, 0x2771, 0x2771, 0x2771, 0x2771, 0x2771, 0x2771, \
        0x2771, 0x2771, 0x2771, 0x2771, 0x2771, 0x2771, 0x2771, 0x2771, 0x2771, 0x2771, 0x2771, 0x2771, \
        0x2771, 0x2771, 0x2771, 0x2771, 0x2771, 0x2771, 0x2771, 0x2771, 0x2771, 0x2771, 0x2771, 0x2771, \
        0x2771, 0x2771, 0x2771, 0x2771, 0x2771, 0x2771, 0x2771, 0x2771, 0x2771, 0x2771, 0x2771, 0x2771, \
        0x2771, 0x2771, 0x2771, 0x2771, 0x2771, 0x2771, 0x2771, 0x2771, 0x2771, 0x2771, 0x2771, 0x2771, \
        0x2771, 0x2771, 0x2771, 0x2771, 0x26B0, 0x0AC8, 0x0060, 0x0127, 0x02AD, 0x0350, 0x0350, 0x028D, \
        0x0004, 0x00E2, 0x144B, 0x2751, 0x2771, 0x2771, 0x2771, 0x2771, 0x2771, 0x2771, 0x2771, 0x2771, \
        0x2771, 0x2771, 0x2771, 0x2771, 0x2771, 0x2771, 0x2771, 0x2771, 0x2771, 0x2771, 0x2771, 0x2771, \
        0x2771, 0x2771, 0x2771, 0x2771, 0x2771, 0x2771, 0x2771, 0x2771, 0x2771, 0x2771, 0x2771, 0x2771, \
        0x2771, 0x2771, 0x2771, 0x2771, 0x2771, 0x2771, 0x2771, 0x2771, 0x2771, 0x2771, 0x2771, 0x2771, \
        0x2771, 0x2771, 0x26F0, 0x00C4, 0x1968, 0x6CB7, 0x751A, 0x6CD9, 0x6497, 0x5C14, 0x4B51, 0x326D, \
        0x2189, 0x08A5, 0x0000, 0x0000, 0x0000, 0x0000, 0x0000, 0x0000, 0x0000, 0x29EB, 0x5C15, 0x755B, \
        0x7D9C, 0x7D7C, 0x7D7C, 0x7D7C, 0x757C, 0x859C, 0xA61C, 0xB65C, 0xB65C, 0xB65C, 0xB65C, 0xB65C, \
        0xB65C, 0xB65C, 0xB65D, 0xA61B, 0x4AAC, 0x0000, 0x1CAC, 0x2771, 0x2771, 0x2771, 0x2771, 0x2771, \
        0x2771, 0x2771, 0x2771, 0x2771, 0x2771, 0x2771, 0x2771, 0x2771, 0x2771, 0x2771, 0x2771, 0x2771, \
        0x2771, 0x2771, 0x2771, 0x2771, 0x2771, 0x2771, 0x2771, 0x2771, 0x2771, 0x2771, 0x2771, 0x2771, \
        0x2771, 0x2771, 0x2771, 0x2771, 0x2771, 0x2771, 0x2771, 0x2771, 0x26D0, 0x13C8, 0x09C4, 0x0124, \
        0x0163, 0x0AA6, 0x1D8E, 0x2771, 0x2771, 0x2771, 0x2771, 0x2771, 0x2771, 0x2771, 0x2771, 0x2771, \
        0x2771, 0x2771, 0x2771, 0x2771, 0x2771, 0x2771, 0x2771, 0x2771, 0x2771, 0x2771, 0x2771, 0x2771, \
        0x2771, 0x2771, 0x2771, 0x2771, 0x2771, 0x2771, 0x2771, 0x2771, 0x2771, 0x2771, 0x2771, 0x2771, \
        0x2771, 0x2771, 0x2771, 0x2771, 0x2771, 0x2771, 0x2771, 0x2771, 0x2771, 0x2771, 0x2771, 0x2771, \
        0x2771, 0x2771, 0x2771, 0x2771, 0x2771, 0x2771, 0x2771, 0x2771, 0x2771, 0x2771, 0x2771, 0x2771, \
        0x2771, 0x2771, 0x2771, 0x2771, 0x2771, 0x2771, 0x2771, 0x2771, 0x2771, 0x2771, 0x2771, 0x2771, \
        0x2771, 0x2771, 0x2771, 0x2771, 0x2771, 0x2771, 0x2771, 0x2771, 0x2771, 0x2771, 0x2771, 0x2771, \
        0x2771, 0x2771, 0x2771, 0x2771, 0x2771, 0x2771, 0x2771, 0x2771, 0x2771, 0x2771, 0x2771, 0x2771, \
        0x2771, 0x2771, 0x2771, 0x2771, 0x2771, 0x2771, 0x2771, 0x2771, 0x2771, 0x2771, 0x2771, 0x2771, \
        0x2771, 0x2771, 0x2771, 0x2771, 0x2771, 0x2771, 0x2771, 0x2771, 0x2771, 0x2771, 0x2771, 0x2771, \
        0x2771, 0x2771, 0x2771, 0x2771, 0x2771, 0x2771, 0x2771, 0x2771, 0x2771, 0x2771, 0x2771, 0x2771, \
        0x2771, 0x2771, 0x2771, 0x2771, 0x2771, 0x2771, 0x2771, 0x2771, 0x2771, 0x2771, 0x2771, 0x2771, \
        0x2771, 0x2771, 0x2771, 0x2771, 0x2771, 0x2771, 0x2771, 0x2771, 0x2771, 0x2771, 0x2771, 0x2771, \
        0x2771, 0x2771, 0x2771, 0x2771, 0x2771, 0x2771, 0x2771, 0x2771, 0x2771, 0x2771, 0x2771, 0x2771, \
        0x2771, 0x2771, 0x2771, 0x2771, 0x2771, 0x2771, 0x2771, 0x2771, 0x2771, 0x2771, 0x2771, 0x1DAE, \
        0x00C1, 0x01C9, 0x0497, 0x059C, 0x05FE, 0x061F, 0x065F, 0x467E, 0x257A, 0x0372, 0x0005, 0x0A27, \
        0x26F1, 0x2771, 0x2771, 0x2771, 0x2771, 0x2771, 0x2771, 0x2771, 0x2771, 0x2771, 0x2771, 0x2771, \
        0x2771, 0x2771, 0x2771, 0x2771, 0x2771, 0x2771, 0x2771, 0x2771, 0x2771, 0x2771, 0x2771, 0x2771, \
        0x2771, 0x2771, 0x2771, 0x2771, 0x2771, 0x2771, 0x2771, 0x2771, 0x2771, 0x2771, 0x2771, 0x2771, \
        0x2771, 0x2771, 0x2771, 0x2771, 0x2771, 0x2771, 0x2771, 0x2771, 0x2771, 0x2771, 0x2771, 0x1C6C, \
        0x0002, 0x0000, 0x08A5, 0x0003, 0x0000, 0x0000, 0x0081, 0x0122, 0x0A06, 0x1329, 0x140B, 0x1CAD, \
        0x1D0D, 0x1D2D, 0x1D0D, 0x1CAC, 0x134A, 0x0084, 0x0000, 0x29EA, 0x6476, 0x7D7C, 0x7D9C, 0x7D7C, \
        0x7D7C, 0x757C, 0x7D7B, 0x9DFC, 0xB65C, 0xB65C, 0xB65C, 0xB65C, 0xB65C, 0xAE5C, 0xAE3C, 0xB65D, \
        0xA5DA, 0x31C9, 0x0042, 0x25AE, 0x2771, 0x2771, 0x2771, 0x2771, 0x2771, 0x2771, 0x2771, 0x2771, \
        0x2771, 0x2771, 0x2771, 0x2771, 0x2771, 0x2771, 0x2771, 0x2771, 0x2771, 0x2771, 0x2771, 0x2771, \
        0x2771, 0x2771, 0x2771, 0x2771, 0x2771, 0x2771, 0x2771, 0x2771, 0x2771, 0x2771, 0x2771, 0x2771, \
        0x2771, 0x2771, 0x2771, 0x1DEF, 0x00E2, 0x02EF, 0x04B7, 0x053A, 0x053A, 0x0434, 0x00E7, 0x1388, \
        0x2771, 0x2771, 0x2771, 0x2771, 0x2771, 0x2771, 0x2771, 0x2771, 0x2771, 0x2771, 0x2771, 0x2771, \
        0x2771, 0x2771, 0x2771, 0x2771, 0x2771, 0x2771, 0x2771, 0x2771, 0x2771, 0x2771, 0x2771, 0x2771, \
        0x2771, 0x2771, 0x2771, 0x2771, 0x2771, 0x2771, 0x2771, 0x2771, 0x2771, 0x2771, 0x2771, 0x2771, \
        0x2771, 0x2771, 0x2771, 0x2771, 0x2771, 0x2771, 0x2771, 0x2771, 0x2771, 0x2771, 0x2771, 0x2771, \
        0x2771, 0x2771, 0x2771, 0x2771, 0x2771, 0x2771, 0x2771, 0x2771, 0x2771, 0x2771, 0x2771, 0x2771, \
        0x2771, 0x2771, 0x2771, 0x2771, 0x2771, 0x2771, 0x2771, 0x2771, 0x2771, 0x2771, 0x2771, 0x2771, \
        0x2771, 0x2771, 0x2771, 0x2771, 0x2771, 0x2771, 0x2771, 0x2771, 0x2771, 0x2771, 0x2771, 0x2771, \
        0x2771, 0x2771, 0x2771, 0x2771, 0x2771, 0x2771, 0x2771, 0x2771, 0x2771, 0x2771, 0x2771, 0x2771, \
        0x2771, 0x2771, 0x2771, 0x2771, 0x2771, 0x2771, 0x2771, 0x2771, 0x2771, 0x2771, 0x2771, 0x2771, \
        0x2771, 0x2771, 0x2771, 0x2771, 0x2771, 0x2771, 0x2771, 0x2771, 0x2771, 0x2771, 0x2771, 0x2771, \
        0x2771, 0x2771, 0x2771, 0x2771, 0x2771, 0x2771, 0x2771, 0x2771, 0x2771, 0x2771, 0x2771, 0x2771, \
        0x2771, 0x2771, 0x2771, 0x2771, 0x2771, 0x2771, 0x2771, 0x2771, 0x2771, 0x2771, 0x2771, 0x2771, \
        0x2771, 0x2771, 0x2771, 0x2771, 0x2771, 0x2771, 0x2771, 0x2771, 0x2771, 0x2771, 0x2771, 0x2771, \
        0x2771, 0x2771, 0x2771, 0x2771, 0x2771, 0x2771, 0x2771, 0x2771, 0x2771, 0x2771, 0x2771, 0x2771, \
        0x2771, 0x2771, 0x2771, 0x2771, 0x2771, 0x2771, 0x1DAF, 0x0040, 0x02CF, 0x05BD, 0x065F, 0x061F, \
        0x05FF, 0x4E7F, 0xB79F, 0xC7DF, 0xB7BF, 0x7EDF, 0x053A, 0x01CA, 0x09A6, 0x2711, 0x2771, 0x2771, \
        0x2771, 0x2771, 0x2771, 0x2771, 0x2771, 0x2771, 0x2771, 0x2771, 0x2771, 0x2771, 0x2771, 0x2771, \
        0x2771, 0x2771, 0x2771, 0x2771, 0x2771, 0x2771, 0x2771, 0x2771, 0x2771, 0x2771, 0x2771, 0x2771, \
        0x2771, 0x2771, 0x2771, 0x2771, 0x2771, 0x2771, 0x2771, 0x2771, 0x2771, 0x2771, 0x2771, 0x2771, \
        0x2771, 0x2771, 0x2771, 0x2771, 0x2771, 0x2771, 0x2771, 0x2771, 0x1D8E, 0x13AB, 0x136A, 0x142B, \
        0x1D0D, 0x1DEE, 0x26B0, 0x2731, 0x2771, 0x2771, 0x2771, 0x2771, 0x2771, 0x2771, 0x2771, 0x2771, \
        0x2771, 0x26B0, 0x138A, 0x0042, 0x0000, 0x328D, 0x64B8, 0x7D7C, 0x7D7C, 0x7D7C, 0x7D7C, 0x757B, \
        0x95DC, 0xB65C, 0xB65C, 0xAE5C, 0xAE5C, 0xAE5C, 0xB65C, 0xB65C, 0xB67D, 0x9558, 0x0002, 0x00E5, \
        0x2690, 0x2771, 0x2771, 0x2771, 0x2771, 0x2771, 0x2771, 0x2771, 0x2771, 0x2771, 0x2771, 0x2771, \
        0x2771, 0x2771, 0x2771, 0x2771, 0x2771, 0x2771, 0x2771, 0x2771, 0x2771, 0x2771, 0x2771, 0x2771, \
        0x2771, 0x2771, 0x2771, 0x2771, 0x2771, 0x2771, 0x2771, 0x2771, 0x2771, 0x2771, 0x26B0, 0x00C1, \
        0x03D4, 0x05FE, 0x061F, 0x4E7F, 0xB79F, 0xB7BF, 0x55DB, 0x018A, 0x13C9, 0x2771, 0x2771, 0x2771, \
        0x2771, 0x2771, 0x2771, 0x2771, 0x2771, 0x2771, 0x2771, 0x2771, 0x2771, 0x2771, 0x2771, 0x2771, \
        0x2771, 0x2771, 0x2771, 0x2771, 0x2771, 0x2771, 0x2771, 0x2771, 0x2771, 0x2771, 0x2771, 0x2771, \
        0x2771, 0x2771, 0x2771, 0x2771, 0x2771, 0x2771, 0x2771, 0x2771, 0x2771, 0x2771, 0x2771, 0x2771, \
        0x2771, 0x2771, 0x2771, 0x2771, 0x2771, 0x2771, 0x2771, 0x2771, 0x2771, 0x2771, 0x2771, 0x2771, \
        0x2771, 0x2771, 0x2771, 0x2771, 0x2771, 0x2771, 0x2771, 0x2771, 0x2771, 0x2771, 0x2771, 0x2771, \
        0x2771, 0x2771, 0x2771, 0x2771, 0x2771, 0x2771, 0x2771, 0x2771, 0x2771, 0x2771, 0x2771, 0x2771, \
        0x2771, 0x2771, 0x2771, 0x2771, 0x2771, 0x2771, 0x2771, 0x2771, 0x2771, 0x2771, 0x2771, 0x2771, \
        0x2771, 0x2771, 0x2771, 0x2771, 0x2771, 0x2771, 0x2771, 0x2771, 0x2771, 0x2771, 0x2771, 0x2771, \
        0x2771, 0x2771, 0x2771, 0x2771, 0x2771, 0x2771, 0x2771, 0x2771, 0x2771, 0x2771, 0x2771, 0x2771, \
        0x2771, 0x2771, 0x2771, 0x2771, 0x2771, 0x2771, 0x2771, 0x2771, 0x2771, 0x2771, 0x2771, 0x2771, \
        0x2771, 0x2771, 0x2771, 0x2771, 0x2771, 0x2771, 0x2771, 0x2771, 0x2771, 0x2771, 0x2771, 0x2771, \
        0x2771, 0x2771, 0x2771, 0x2771, 0x2771, 0x2771, 0x2771, 0x2771, 0x2771, 0x2771, 0x2771, 0x2771, \
        0x2771, 0x2771, 0x2771, 0x2771, 0x2771, 0x2771, 0x2771, 0x2771, 0x2771, 0x2771, 0x2771, 0x2771, \
        0x2771, 0x2771, 0x2771, 0x2771, 0x2771, 0x2771, 0x2771, 0x2771, 0x2771, 0x2771, 0x2771, 0x2771, \
        0x2771, 0x26D0, 0x00E2, 0x026E, 0x057D, 0x063F, 0x063F, 0x061F, 0x061E, 0xA75F, 0xCFFF, 0xC7FF, \
        0xC7FF, 0xC7DF, 0x569F, 0x053B, 0x00A6, 0x136A, 0x2771, 0x2771, 0x2771, 0x2771, 0x2771, 0x2771, \
        0x2771, 0x2771, 0x2771, 0x2771, 0x2771, 0x2771, 0x2771, 0x2771, 0x2771, 0x2771, 0x2771, 0x2771, \
        0x2771, 0x2771, 0x2771, 0x2771, 0x2771, 0x2771, 0x2771, 0x2771, 0x2771, 0x2771, 0x2771, 0x2771, \
        0x2771, 0x2771, 0x2771, 0x2771, 0x2771, 0x2771, 0x2771, 0x2771, 0x2771, 0x2771, 0x2771, 0x2771, \
        0x2771, 0x2771, 0x2771, 0x2771, 0x2771, 0x2771, 0x2771, 0x2771, 0x2771, 0x2771, 0x2771, 0x2771, \
        0x2771, 0x2771, 0x2771, 0x2771, 0x2771, 0x2771, 0x2771, 0x2771, 0x2771, 0x2771, 0x2771, 0x262F, \
        0x12E9, 0x0000, 0x0000, 0x4B71, 0x753A, 0x7D9C, 0x7D7C, 0x7D7C, 0x757C, 0x8DBC, 0xAE5C, 0xB65C, \
        0xAE3C, 0xB65C, 0xB65C, 0xB65C, 0xB65C, 0xB67D, 0x7C74, 0x0000, 0x12A9, 0x2771, 0x2771, 0x2771, \
        0x2771, 0x2771, 0x2771, 0x2771, 0x2771, 0x2771, 0x2771, 0x2771, 0x2771, 0x2771, 0x2771, 0x2771, \
        0x2771, 0x2771, 0x2771, 0x2771, 0x2771, 0x2771, 0x2771, 0x2771, 0x2771, 0x2771, 0x2771, 0x2771, \
        0x2771, 0x2771, 0x2771, 0x2771, 0x2771, 0x2771, 0x0AE6, 0x02D0, 0x059E, 0x061F, 0x061F, 0x8F1F, \
        0xD7FF, 0xCFFF, 0x9F5F, 0x0498, 0x0081, 0x26B0, 0x2771, 0x2771, 0x2771, 0x2771, 0x2771, 0x2771, \
        0x2771, 0x2771, 0x2771, 0x2771, 0x2771, 0x2771, 0x2771, 0x2771, 0x2771, 0x2771, 0x2771, 0x2771, \
        0x2771, 0x2771, 0x2771, 0x2771, 0x2771, 0x2771, 0x2771, 0x2771, 0x2771, 0x2771, 0x2771, 0x2771, \
        0x2771, 0x2771, 0x2771, 0x2771, 0x2771, 0x2771, 0x2771, 0x2771, 0x2771, 0x2771, 0x2771, 0x2771, \
        0x2771, 0x2771, 0x2771, 0x2771, 0x2771, 0x2771, 0x2771, 0x2771, 0x2771, 0x2771, 0x2771, 0x2771, \
        0x2771, 0x2771, 0x2771, 0x2771, 0x2771, 0x2771, 0x2771, 0x2771, 0x2771, 0x2771, 0x2771, 0x2771, \
        0x2771, 0x2771, 0x2771, 0x2771, 0x2771, 0x2771, 0x2771, 0x2771, 0x2771, 0x2771, 0x2771, 0x2771, \
        0x2771, 0x2771, 0x2771, 0x2771, 0x2771, 0x2771, 0x2771, 0x2771, 0x2771, 0x2771, 0x2771, 0x2771, \
        0x2771, 0x2771, 0x2771, 0x2771, 0x2771, 0x2771, 0x2771, 0x2771, 0x2771, 0x2771, 0x2771, 0x2771, \
        0x2771, 0x2771, 0x2771, 0x2771, 0x2771, 0x2771, 0x2771, 0x2771, 0x2771, 0x2771, 0x2771, 0x2771, \
        0x2771, 0x2771, 0x2771, 0x2771, 0x2771, 0x2771, 0x2771, 0x2771, 0x2771, 0x2771, 0x2771, 0x2771, \
        0x2771, 0x2771, 0x2771, 0x2771, 0x2771, 0x2771, 0x2771, 0x2771, 0x2771, 0x2771, 0x2771, 0x2771, \
        0x2771, 0x2771, 0x2771, 0x2771, 0x2771, 0x2771, 0x2771, 0x2771, 0x2771, 0x2771, 0x2771, 0x2771, \
        0x2771, 0x2771, 0x2771, 0x2771, 0x2771, 0x2771, 0x2771, 0x2771, 0x2771, 0x2771, 0x2771, 0x2771, \
        0x2771, 0x2771, 0x2771, 0x2771, 0x2771, 0x2771, 0x2771, 0x2771, 0x2771, 0x136A, 0x0108, 0x04BB, \
        0x05DE, 0x063F, 0x063F, 0x063F, 0x0E3F, 0xAF9F, 0xC7FF, 0xC7DF, 0xC7DF, 0xC7FF, 0x7EDF, 0x05FF, \
        0x0415, 0x0040, 0x1E4F, 0x2771, 0x2771, 0x2771, 0x2771, 0x2771, 0x2771, 0x2771, 0x2771, 0x2771, \
        0x2771, 0x2771, 0x2771, 0x2771, 0x2771, 0x2771, 0x2771, 0x2771, 0x2771, 0x2771, 0x2771, 0x2771, \
        0x2771, 0x2771, 0x2771, 0x2771, 0x2771, 0x2771, 0x2771, 0x2771, 0x2771, 0x2771, 0x2771, 0x2771, \
        0x2771, 0x2771, 0x2771, 0x2771, 0x2771, 0x2771, 0x2771, 0x2771, 0x2771, 0x2771, 0x2771, 0x2771, \
        0x2771, 0x2771, 0x2771, 0x2771, 0x2771, 0x2771, 0x2771, 0x2771, 0x2771, 0x2771, 0x2771, 0x2771, \
        0x2771, 0x2771, 0x2771, 0x2771, 0x2771, 0x2771, 0x2771, 0x2771, 0x2771, 0x1D4E, 0x0966, 0x0000, \
        0x29CA, 0x6497, 0x7D9C, 0x7D7C, 0x7D7C, 0x757C, 0x8DBC, 0xAE3C, 0xB65C, 0xB65C, 0xB65C, 0xB65C, \
        0xB65C, 0xB65C, 0xAE3C, 0x532E, 0x0000, 0x1CCC, 0x2771, 0x2771, 0x2771, 0x2771, 0x2771, 0x2771, \
        0x2771, 0x2771, 0x2771, 0x2771, 0x2771, 0x2771, 0x2771, 0x2771, 0x2771, 0x2771, 0x2771, 0x2771, \
        0x2771, 0x2771, 0x2771, 0x2771, 0x2771, 0x2771, 0x2771, 0x2771, 0x2771, 0x2771, 0x2771, 0x2771, \
        0x2771, 0x26F0, 0x00C4, 0x0499, 0x05DF, 0x061F, 0x061F, 0x5E9F, 0xBFDF, 0xC7FF, 0x7EDF, 0x05BD, \
        0x022C, 0x1CEB, 0x2771, 0x2771, 0x2771, 0x2771, 0x2771, 0x2771, 0x2771, 0x2771, 0x2771, 0x2771, \
        0x2771, 0x2771, 0x2771, 0x2771, 0x2771, 0x2771, 0x2771, 0x2771, 0x2771, 0x2771, 0x2771, 0x2771, \
        0x2771, 0x2771, 0x2771, 0x2771, 0x2771, 0x2771, 0x2771, 0x2771, 0x2771, 0x2771, 0x2771, 0x2771, \
        0x2771, 0x2771, 0x2771, 0x2771, 0x2771, 0x2771, 0x2771, 0x2771, 0x2771, 0x2771, 0x2771, 0x2771, \
        0x2771, 0x2771, 0x2771, 0x2771, 0x2771, 0x2771, 0x2771, 0x2771, 0x2771, 0x2771, 0x2771, 0x2771, \
        0x2771, 0x2771, 0x2771, 0x2771, 0x2771, 0x2771, 0x2771, 0x2771, 0x2771, 0x2771, 0x2771, 0x2771, \
        0x2771, 0x2771, 0x2771, 0x2771, 0x2771, 0x2771, 0x2771, 0x2771, 0x2771, 0x2771, 0x2771, 0x2771, \
        0x2771, 0x2771, 0x2771, 0x2771, 0x2771, 0x2771, 0x2771, 0x2771, 0x2771, 0x2771, 0x2771, 0x2771, \
        0x2771, 0x2771, 0x2771, 0x2771, 0x2771, 0x2771, 0x2771, 0x2771, 0x2771, 0x2771, 0x2771, 0x2771, \
        0x2771, 0x2771, 0x2771, 0x2771, 0x2771, 0x2771, 0x2771, 0x2771, 0x2771, 0x2771, 0x2771, 0x2771, \
        0x2771, 0x2771, 0x2771, 0x2771, 0x2771, 0x2771, 0x2771, 0x2771, 0x2771, 0x2771, 0x2771, 0x2771, \
        0x2771, 0x2771, 0x2771, 0x2771, 0x2771, 0x2771, 0x2771, 0x2771, 0x2771, 0x2771, 0x2771, 0x2771, \
        0x2771, 0x2771, 0x2771, 0x2771, 0x2771, 0x2771, 0x2771, 0x2771, 0x2771, 0x2771, 0x2771, 0x2771, \
        0x2771, 0x2771, 0x2771, 0x2771, 0x2771, 0x2771, 0x2771, 0x2771, 0x2771, 0x2771, 0x2771, 0x2771, \
        0x2771, 0x2771, 0x2771, 0x2771, 0x26D0, 0x00A1, 0x0395, 0x055E, 0x05FE, 0x063F, 0x063F, 0x063F, \
        0x063F, 0x9F5F, 0xCFFF, 0xC7DF, 0xC7FF, 0xCFFF, 0x6EBF, 0x061F, 0x059C, 0x0148, 0x138B, 0x2771, \
        0x2771, 0x2771, 0x2771, 0x2771, 0x2771, 0x2771, 0x2771, 0x2771, 0x2771, 0x2771, 0x2771, 0x2771, \
        0x2771, 0x2771, 0x2771, 0x2771, 0x2771, 0x2771, 0x2771, 0x2771, 0x2771, 0x2771, 0x2771, 0x2771, \
        0x2771, 0x2771, 0x2771, 0x2771, 0x2771, 0x2771, 0x2771, 0x2771, 0x2771, 0x2771, 0x2771, 0x2771, \
        0x2771, 0x2771, 0x2771, 0x2771, 0x2771, 0x2771, 0x2771, 0x2771, 0x2771, 0x2771, 0x2771, 0x2771, \
        0x2771, 0x2771, 0x2771, 0x2771, 0x2771, 0x2771, 0x2771, 0x2771, 0x2771, 0x2771, 0x2771, 0x2771, \
        0x2771, 0x2771, 0x2771, 0x2771, 0x2771, 0x2771, 0x2711, 0x13CB, 0x0022, 0x0000, 0x4B92, 0x755B, \
        0x7D7C, 0x757C, 0x755C, 0x859C, 0xAE3C, 0xB65C, 0xB65C, 0xB65C, 0xB65C, 0xB65C, 0xB67D, 0xA5BA, \
        0x1906, 0x0084, 0x2670, 0x2771, 0x2771, 0x2771, 0x2771, 0x2771, 0x2771, 0x2771, 0x2771, 0x2771, \
        0x2771, 0x2771, 0x2771, 0x2771, 0x2771, 0x2771, 0x2771, 0x2771, 0x2771, 0x2771, 0x2771, 0x2771, \
        0x2771, 0x2771, 0x2771, 0x2771, 0x2771, 0x2771, 0x2771, 0x2771, 0x2771, 0x1DEF, 0x0168, 0x04FC, \
        0x05BE, 0x061F, 0x05FF, 0x05FF, 0x465F, 0x5E9F, 0x061F, 0x061F, 0x0310, 0x13E9, 0x2771, 0x2771, \
        0x2771, 0x2771, 0x2771, 0x2771, 0x2771, 0x2771, 0x2771, 0x2771, 0x2771, 0x2771, 0x2771, 0x2771, \
        0x2771, 0x2771, 0x2771, 0x2771, 0x2771, 0x2771, 0x2771, 0x2771, 0x2771, 0x2771, 0x2771, 0x2771, \
        0x2771, 0x2771, 0x2771, 0x2771, 0x2771, 0x2771, 0x2771, 0x2771, 0x2771, 0x2771, 0x2771, 0x2771, \
        0x2771, 0x2771, 0x2771, 0x2771, 0x2771, 0x2771, 0x2771, 0x2771, 0x2771, 0x2771, 0x2771, 0x2771, \
        0x2771, 0x2771, 0x2771, 0x2771, 0x2771, 0x2771, 0x2771, 0x2771, 0x2771, 0x2771, 0x2771, 0x2771, \
        0x2771, 0x2771, 0x2771, 0x2771, 0x2771, 0x2771, 0x2771, 0x2771, 0x2771, 0x2771, 0x2771, 0x2771, \
        0x2771, 0x2771, 0x2771, 0x2771, 0x2771, 0x2771, 0x2771, 0x2771, 0x2771, 0x2771, 0x2771, 0x2771, \
        0x2771, 0x2771, 0x2771, 0x2771, 0x2771, 0x2771, 0x2771, 0x2771, 0x2771, 0x2771, 0x2771, 0x2771, \
        0x2771, 0x2771, 0x2771, 0x2771, 0x2771, 0x2771, 0x2771, 0x2771, 0x2771, 0x2771, 0x2771, 0x2771, \
        0x2771, 0x2771, 0x2771, 0x2771, 0x2771, 0x2771, 0x2771, 0x2771, 0x2771, 0x2771, 0x2771, 0x2771, \
        0x2771, 0x2771, 0x2771, 0x2771, 0x2771, 0x2771, 0x2771, 0x2771, 0x2771, 0x2771, 0x2771, 0x2771, \
        0x2771, 0x2771, 0x2771, 0x2771, 0x2771, 0x2771, 0x2771, 0x2771, 0x2771, 0x2771, 0x2771, 0x2771, \
        0x2771, 0x2771, 0x2771, 0x2771, 0x2771, 0x2771, 0x2771, 0x2771, 0x2771, 0x2771, 0x2771, 0x2771, \
        0x2771, 0x2771, 0x2771, 0x2771, 0x2771, 0x2771, 0x2771, 0x2771, 0x2771, 0x2771, 0x2771, 0x2771, \
        0x1D2D, 0x0003, 0x04BA, 0x057E, 0x05FF, 0x063F, 0x061F, 0x063F, 0x063F, 0x467F, 0xAF7F, 0xC7DF, \
        0xC7DF, 0x9F3F, 0x063F, 0x061F, 0x05FE, 0x0331, 0x09A4, 0x2771, 0x2771, 0x2771, 0x2771, 0x2771, \
        0x2771, 0x2771, 0x2771, 0x2771, 0x2771, 0x2771, 0x2771, 0x2771, 0x2771, 0x2771, 0x2771, 0x2771, \
        0x2771, 0x2771, 0x2771, 0x2771, 0x2771, 0x2771, 0x2771, 0x2771, 0x2771, 0x2771, 0x2771, 0x2771, \
        0x2771, 0x2771, 0x2771, 0x2771, 0x2771, 0x2771, 0x2771, 0x2771, 0x2771, 0x2771, 0x2771, 0x2771, \
        0x2771, 0x2771, 0x2771, 0x2771, 0x2771, 0x2771, 0x2771, 0x2771, 0x2771, 0x2771, 0x2771, 0x2771, \
        0x2771, 0x2771, 0x2771, 0x2771, 0x2771, 0x2771, 0x2771, 0x2771, 0x2771, 0x2771, 0x2771, 0x2771, \
        0x2771, 0x2771, 0x2771, 0x2771, 0x25AE, 0x0166, 0x0000, 0x324C, 0x6CF9, 0x7D9C, 0x757C, 0x757C, \
        0x8DBC, 0xB65C, 0xB65C, 0xB65C, 0xB65C, 0xB65C, 0xB65C, 0xB67D, 0x84B5, 0x0000, 0x12E9, 0x2771, \
        0x2771, 0x2771, 0x2771, 0x2771, 0x2771, 0x2771, 0x2771, 0x2771, 0x2771, 0x2771, 0x2771, 0x2771, \
        0x2771, 0x2771, 0x2771, 0x2771, 0x2771, 0x2771, 0x2771, 0x2771, 0x2771, 0x2771, 0x2771, 0x2771, \
        0x2771, 0x2771, 0x2771, 0x2771, 0x2771, 0x1DEE, 0x0168, 0x04FB, 0x057E, 0x05FF, 0x05FF, 0x05FF, \
        0x05FF, 0x061F, 0x063F, 0x061F, 0x028E, 0x1409, 0x2771, 0x2771, 0x2771, 0x2771, 0x2771, 0x2771, \
        0x2771, 0x2771, 0x2771, 0x2771, 0x2771, 0x2771, 0x2771, 0x2771, 0x2771, 0x2771, 0x2771, 0x2771, \
        0x2771, 0x2771, 0x2771, 0x2771, 0x2771, 0x2771, 0x2771, 0x2771, 0x2771, 0x2771, 0x2771, 0x2771, \
        0x2771, 0x2771, 0x2771, 0x2771, 0x2771, 0x2771, 0x2771, 0x2771, 0x2771, 0x2771, 0x2771, 0x2771, \
        0x2771, 0x2771, 0x2771, 0x2771, 0x2771, 0x2771, 0x2771, 0x2771, 0x2771, 0x2771, 0x2771, 0x2771, \
        0x2771, 0x2771, 0x2771, 0x2771, 0x2771, 0x2771, 0x2771, 0x2771, 0x2771, 0x2771, 0x2771, 0x2771, \
        0x2771, 0x2771, 0x2771, 0x2771, 0x2771, 0x2771, 0x2771, 0x2771, 0x2771, 0x2771, 0x2771, 0x2771, \
        0x2771, 0x2771, 0x2771, 0x2771, 0x2771, 0x2771, 0x2771, 0x2771, 0x2771, 0x2771, 0x2771, 0x2771, \
        0x2771, 0x2771, 0x2771, 0x2771, 0x2771, 0x2771, 0x2771, 0x2771, 0x2771, 0x2771, 0x2771, 0x2771, \
        0x2771, 0x2771, 0x2771, 0x2771, 0x2771, 0x2771, 0x2771, 0x2771, 0x2771, 0x2771, 0x2771, 0x2771, \
        0x2771, 0x2771, 0x2771, 0x2771, 0x2771, 0x2771, 0x2771, 0x2771, 0x2771, 0x2771, 0x2771, 0x2771, \
        0x2771, 0x2771, 0x2771, 0x2771, 0x2771, 0x2771, 0x2771, 0x2771, 0x2771, 0x2771, 0x2771, 0x2771, \
        0x2771, 0x2771, 0x2771, 0x2771, 0x2771, 0x2771, 0x2771, 0x2771, 0x2771, 0x2771, 0x2771, 0x2771, \
        0x2771, 0x2771, 0x2771, 0x2771, 0x2771, 0x2771, 0x2771, 0x2771, 0x2771, 0x2771, 0x2771, 0x2771, \
        0x2771, 0x2771, 0x2771, 0x2771, 0x2771, 0x2771, 0x2771, 0x2771, 0x13AB, 0x01A9, 0x051C, 0x055E, \
        0x05FF, 0x061F, 0x061F, 0x061F, 0x063F, 0x063F, 0x0E3F, 0x567F, 0x4E7F, 0x061F, 0x061F, 0x061F, \
        0x063F, 0x0416, 0x00E2, 0x2710, 0x2771, 0x2771, 0x2771, 0x2771, 0x2771, 0x2771, 0x2771, 0x2771, \
        0x2771, 0x2771, 0x2771, 0x2771, 0x2771, 0x2771, 0x2771, 0x2771, 0x2771, 0x2771, 0x2771, 0x2771, \
        0x2771, 0x2771, 0x2771, 0x2771, 0x2771, 0x2771, 0x2771, 0x2771, 0x2771, 0x2771, 0x2771, 0x2771, \
        0x2771, 0x2771, 0x2771, 0x2771, 0x2771, 0x2771, 0x2771, 0x2771, 0x2771, 0x2771, 0x2771, 0x2771, \
        0x2771, 0x2771, 0x2771, 0x2771, 0x2771, 0x2771, 0x2771, 0x2771, 0x2771, 0x2771, 0x2771, 0x2771, \
        0x2771, 0x2771, 0x2771, 0x2771, 0x2771, 0x2771, 0x2771, 0x2771, 0x2771, 0x2771, 0x2771, 0x2771, \
        0x2771, 0x26D0, 0x12C9, 0x0000, 0x1968, 0x64B8, 0x7D9C, 0x7D7C, 0x757C, 0x95DC, 0xB65C, 0xB65C, \
        0xB65C, 0xB65C, 0xB65C, 0xB65C, 0xB65C, 0x530E, 0x0000, 0x256E, 0x2771, 0x2771, 0x2771, 0x2771, \
        0x2771, 0x2771, 0x2771, 0x2771, 0x2771, 0x2771, 0x2771, 0x2771, 0x2771, 0x2771, 0x2771, 0x2771, \
        0x2771, 0x2771, 0x2771, 0x2771, 0x2771, 0x2771, 0x2771, 0x2771, 0x2771, 0x2771, 0x2771, 0x2771, \
        0x2771, 0x26B0, 0x00A4, 0x049A, 0x057E, 0x057E, 0x05FF, 0x061F, 0x061F, 0x061F, 0x05FF, 0x051B, \
        0x00A6, 0x1DAE, 0x2771, 0x2771, 0x2771, 0x2771, 0x2771, 0x2771, 0x2771, 0x2771, 0x2771, 0x2771, \
        0x2771, 0x2771, 0x2771, 0x2771, 0x2771, 0x2771, 0x2771, 0x2771, 0x2771, 0x2771, 0x2771, 0x2771, \
        0x2771, 0x2771, 0x2771, 0x2771, 0x2771, 0x2771, 0x2771, 0x2771, 0x2771, 0x2771, 0x2771, 0x2771, \
        0x2771, 0x2771, 0x2771, 0x2771, 0x2771, 0x2771, 0x2771, 0x2771, 0x2771, 0x2771, 0x2771, 0x2771, \
        0x2771, 0x2771, 0x2771, 0x2771, 0x2771, 0x2771, 0x2771, 0x2771, 0x2771, 0x2771, 0x2771, 0x2771, \
        0x2771, 0x2771, 0x2771, 0x2771, 0x2771, 0x2771, 0x2771, 0x2771, 0x2771, 0x2771, 0x2771, 0x2771, \
        0x2771, 0x2771, 0x2771, 0x2771, 0x2771, 0x2771, 0x2771, 0x2771, 0x2771, 0x2771, 0x2771, 0x2771, \
        0x2771, 0x2771, 0x2771, 0x2771, 0x2771, 0x2771, 0x2771, 0x2771, 0x2771, 0x2771, 0x2771, 0x2771, \
        0x2771, 0x2771, 0x2771, 0x2771, 0x2771, 0x2771, 0x2771, 0x2771, 0x2771, 0x2771, 0x2771, 0x2771, \
        0x2771, 0x2771, 0x2771, 0x2771, 0x2771, 0x2771, 0x2771, 0x2771, 0x2771, 0x2771, 0x2771, 0x2771, \
        0x2771, 0x2771, 0x2771, 0x2771, 0x2771, 0x2771, 0x2771, 0x2771, 0x2771, 0x2771, 0x2771, 0x2771, \
        0x2771, 0x2771, 0x2771, 0x2771, 0x2771, 0x2771, 0x2771, 0x2771, 0x2771, 0x2771, 0x2771, 0x2771, \
        0x2771, 0x2771, 0x2771, 0x2771, 0x2771, 0x2771, 0x2771, 0x2771, 0x2771, 0x2771, 0x2771, 0x2771, \
        0x2771, 0x2771, 0x2771, 0x2771, 0x2771, 0x2771, 0x2771, 0x2771, 0x2771, 0x2771, 0x2771, 0x2771, \
        0x2771, 0x2771, 0x2771, 0x2771, 0x0AE9, 0x022C, 0x055D, 0x055E, 0x05DE, 0x061F, 0x061F, 0x061F, \
        0x063F, 0x063F, 0x063F, 0x061F, 0x061F, 0x061F, 0x061F, 0x061F, 0x063F, 0x0436, 0x00A1, 0x26D0, \
        0x2771, 0x2771, 0x2771, 0x2771, 0x2771, 0x2771, 0x2771, 0x2771, 0x2771, 0x2771, 0x2771, 0x2771, \
        0x2771, 0x2771, 0x2771, 0x2771, 0x2771, 0x2771, 0x2771, 0x2771, 0x2771, 0x2771, 0x2771, 0x2771, \
        0x2771, 0x2771, 0x2771, 0x2771, 0x2771, 0x2771, 0x2771, 0x2771, 0x2771, 0x2771, 0x2771, 0x2771, \
        0x2771, 0x2771, 0x2771, 0x2771, 0x2771, 0x2771, 0x2771, 0x2771, 0x2771, 0x2771, 0x2771, 0x2771, \
        0x2771, 0x2771, 0x2771, 0x2771, 0x2771, 0x2771, 0x2771, 0x2771, 0x2771, 0x2771, 0x2771, 0x2771, \
        0x2771, 0x2771, 0x2771, 0x2771, 0x2771, 0x2771, 0x2771, 0x2771, 0x2771, 0x2771, 0x2771, 0x1C2B, \
        0x0001, 0x08A5, 0x6477, 0x7D9C, 0x7D7C, 0x757C, 0x9DFC, 0xB65C, 0xB65C, 0xB65C, 0xB65C, 0xB65C, \
        0xB67D, 0x9D79, 0x0001, 0x09C7, 0x2751, 0x2771, 0x2771, 0x2771, 0x2771, 0x2771, 0x2771, 0x2771, \
        0x2771, 0x2771, 0x2771, 0x2771, 0x2771, 0x2771, 0x2771, 0x2771, 0x2771, 0x2771, 0x2771, 0x2771, \
        0x2771, 0x2771, 0x2771, 0x2771, 0x2771, 0x2771, 0x2771, 0x2771, 0x2771, 0x2771, 0x0A85, 0x02F1, \
        0x055E, 0x053D, 0x055D, 0x05BE, 0x05BE, 0x059E, 0x055D, 0x02F0, 0x0183, 0x2751, 0x2771, 0x2771, \
        0x2771, 0x2771, 0x2771, 0x2771, 0x2771, 0x2771, 0x2771, 0x2771, 0x2771, 0x2771, 0x2771, 0x2771, \
        0x2771, 0x2771, 0x2771, 0x2771, 0x2771, 0x2771, 0x2771, 0x2771, 0x2771, 0x2771, 0x2771, 0x2771, \
        0x2771, 0x2771, 0x2771, 0x2771, 0x2771, 0x2771, 0x2771, 0x2771, 0x2771, 0x2771, 0x2771, 0x2771, \
        0x2771, 0x2771, 0x2771, 0x2771, 0x2771, 0x2771, 0x2771, 0x2771, 0x2771, 0x2771, 0x2771, 0x2771, \
        0x2771, 0x2771, 0x2771, 0x2771, 0x2771, 0x2771, 0x2771, 0x2771, 0x2771, 0x2771, 0x2771, 0x2771, \
        0x2771, 0x2771, 0x2771, 0x2771, 0x2771, 0x2771, 0x2771, 0x2771, 0x2771, 0x2771, 0x2771, 0x2771, \
        0x2771, 0x2771, 0x2771, 0x2771, 0x2771, 0x2771, 0x2771, 0x2771, 0x2771, 0x2771, 0x2771, 0x2771, \
        0x2771, 0x2771, 0x2771, 0x2771, 0x2771, 0x2771, 0x2771, 0x2771, 0x2771, 0x2771, 0x2771, 0x2771, \
        0x2771, 0x2771, 0x2771, 0x2771, 0x2771, 0x2771, 0x2771, 0x2771, 0x2771, 0x2771, 0x2771, 0x2771, \
        0x2771, 0x2771, 0x2771, 0x2771, 0x2771, 0x2771, 0x2771, 0x2771, 0x2771, 0x2771, 0x2771, 0x2771, \
        0x2771, 0x2771, 0x2771, 0x2771, 0x2771, 0x2771, 0x2771, 0x2771, 0x2771, 0x2771, 0x2771, 0x2771, \
        0x2771, 0x2771, 0x2771, 0x2771, 0x2771, 0x2771, 0x2771, 0x2771, 0x2771, 0x2771, 0x2771, 0x2771, \
        0x2771, 0x2771, 0x2771, 0x2771, 0x2771, 0x2771, 0x2771, 0x2771, 0x2771, 0x2771, 0x2771, 0x2771, \
        0x2771, 0x2771, 0x2771, 0x2771, 0x2771, 0x2771, 0x2771, 0x2771, 0x2771, 0x2771, 0x2771, 0x2771, \
        0x0AE8, 0x020B, 0x055D, 0x057E, 0x059E, 0x061F, 0x061F, 0x061F, 0x061F, 0x061F, 0x063F, 0x061F, \
        0x061F, 0x061F, 0x061F, 0x061F, 0x061F, 0x03B3, 0x00E2, 0x2710, 0x2771, 0x2771, 0x2771, 0x2771, \
        0x2771, 0x2771, 0x2771, 0x2771, 0x2771, 0x2771, 0x2771, 0x2771, 0x2771, 0x2771, 0x2771, 0x2771, \
        0x2771, 0x2771, 0x2771, 0x2771, 0x2771, 0x2771, 0x2771, 0x2771, 0x2771, 0x2771, 0x2771, 0x2771, \
        0x2771, 0x2771, 0x2771, 0x2771, 0x2771, 0x2771, 0x2771, 0x2771, 0x2771, 0x2771, 0x2771, 0x2771, \
        0x2771, 0x2771, 0x2771, 0x2771, 0x2771, 0x2771, 0x2771, 0x2771, 0x2771, 0x2771, 0x2771, 0x2771, \
        0x2771, 0x2771, 0x2771, 0x2771, 0x2771, 0x2771, 0x2771, 0x2771, 0x2771, 0x2771, 0x2771, 0x2771, \
        0x2771, 0x2771, 0x2771, 0x2771, 0x2771, 0x2771, 0x2771, 0x2771, 0x1CAC, 0x0023, 0x0003, 0x5C56, \
        0x7D9C, 0x7D7C, 0x757C, 0xA61C, 0xB65C, 0xB65C, 0xB65C, 0xB65C, 0xB65C, 0xB65D, 0x63B1, 0x0000, \
        0x1CED, 0x2771, 0x2771, 0x2771, 0x2771, 0x2771, 0x2771, 0x2771, 0x2771, 0x2771, 0x2771, 0x2771, \
        0x2771, 0x2771, 0x2771, 0x2771, 0x2771, 0x2771, 0x2771, 0x2771, 0x2771, 0x2771, 0x2771, 0x2771, \
        0x2771, 0x2771, 0x2771, 0x2771, 0x2771, 0x2771, 0x1E50, 0x0081, 0x0353, 0x051C, 0x057E, 0x057E, \
        0x055E, 0x04FB, 0x0352, 0x0040, 0x1DCE, 0x2771, 0x2771, 0x2771, 0x2771, 0x2771, 0x2771, 0x2771, \
        0x2771, 0x2771, 0x2771, 0x2771, 0x2771, 0x2771, 0x2771, 0x2771, 0x2771, 0x2771, 0x2771, 0x2771, \
        0x2771, 0x2771, 0x2771, 0x2771, 0x2771, 0x2771, 0x2771, 0x2771, 0x2771, 0x2771, 0x2771, 0x2771, \
        0x2771, 0x2771, 0x2771, 0x2771, 0x2771, 0x2771, 0x2771, 0x2771, 0x2771, 0x2771, 0x2771, 0x2771, \
        0x2771, 0x2771, 0x2771, 0x2771, 0x2771, 0x2771, 0x2771, 0x2771, 0x2771, 0x2771, 0x2771, 0x2771, \
        0x2771, 0x2771, 0x2771, 0x2771, 0x2771, 0x2771, 0x2771, 0x2771, 0x2771, 0x2771, 0x2771, 0x2771, \
        0x2771, 0x2771, 0x2771, 0x2771, 0x2771, 0x2771, 0x2771, 0x2771, 0x2771, 0x2771, 0x2771, 0x2771, \
        0x2771, 0x2771, 0x2771, 0x2771, 0x2771, 0x2771, 0x2771, 0x2771, 0x2771, 0x2771, 0x2771, 0x2771, \
        0x2771, 0x2771, 0x2771, 0x2771, 0x2771, 0x2771, 0x2771, 0x2771, 0x2771, 0x2771, 0x2771, 0x2771, \
        0x2771, 0x2771, 0x2771, 0x2771, 0x2771, 0x2771, 0x2771, 0x2771, 0x2771, 0x2771, 0x2771, 0x2771, \
        0x2771, 0x2771, 0x2771, 0x2771, 0x2771, 0x2771, 0x2771, 0x2771, 0x2771, 0x2771, 0x2771, 0x2771, \
        0x2771, 0x2771, 0x2771, 0x2771, 0x2771, 0x2771, 0x2771, 0x2771, 0x2771, 0x2771, 0x2771, 0x2771, \
        0x2771, 0x2771, 0x2771, 0x2771, 0x2771, 0x2771, 0x2771, 0x2771, 0x2771, 0x2771, 0x2771, 0x2771, \
        0x2771, 0x2771, 0x2771, 0x2771, 0x2771, 0x2771, 0x2771, 0x2771, 0x2771, 0x2771, 0x2771, 0x2771, \
        0x2771, 0x2771, 0x2771, 0x2771, 0x2771, 0x2771, 0x2771, 0x2771, 0x13CB, 0x0127, 0x051C, 0x057E, \
        0x055D, 0x05BE, 0x061F, 0x061F, 0x061F, 0x061F, 0x061F, 0x061F, 0x061F, 0x061F, 0x061F, 0x061F, \
        0x05BE, 0x02AF, 0x09A4, 0x2771, 0x2771, 0x2771, 0x2771, 0x2771, 0x2771, 0x2771, 0x2771, 0x2771, \
        0x2771, 0x2771, 0x2771, 0x2771, 0x2771, 0x2771, 0x2771, 0x2771, 0x2771, 0x2771, 0x2771, 0x2771, \
        0x2771, 0x2771, 0x2771, 0x2771, 0x2771, 0x2771, 0x2771, 0x2771, 0x2771, 0x2771, 0x2771, 0x2771, \
        0x2771, 0x2771, 0x2771, 0x2771, 0x2771, 0x2771, 0x2771, 0x2771, 0x2771, 0x2771, 0x2771, 0x2771, \
        0x2771, 0x2771, 0x2771, 0x2771, 0x2771, 0x2771, 0x2771, 0x2771, 0x2771, 0x2771, 0x2771, 0x2771, \
        0x2771, 0x2771, 0x2771, 0x2771, 0x2771, 0x2771, 0x2771, 0x2771, 0x2771, 0x2771, 0x2771, 0x2771, \
        0x2771, 0x2771, 0x2771, 0x2771, 0x2771, 0x1D0D, 0x0023, 0x0003, 0x6497, 0x7D9C, 0x755C, 0x7D7C, \
        0xAE3C, 0xB65C, 0xB65C, 0xB65C, 0xAE3C, 0xB65D, 0x9DB9, 0x0085, 0x0166, 0x2731, 0x2771, 0x2771, \
        0x2771, 0x2771, 0x2771, 0x2771, 0x2771, 0x2771, 0x2771, 0x2771, 0x2771, 0x2771, 0x2771, 0x2771, \
        0x2771, 0x2771, 0x2771, 0x2771, 0x2771, 0x2771, 0x2771, 0x2771, 0x2771, 0x2771, 0x2771, 0x2771, \
        0x2771, 0x2771, 0x2771, 0x1D8E, 0x00A1, 0x020C, 0x03B4, 0x03F6, 0x0372, 0x01AA, 0x00E2, 0x1D8E, \
        0x2771, 0x2771, 0x2771, 0x2771, 0x2771, 0x2771, 0x2771, 0x2771, 0x2771, 0x2771, 0x2771, 0x2771, \
        0x2771, 0x2771, 0x2771, 0x2771, 0x2771, 0x2771, 0x2771, 0x2771, 0x2771, 0x2771, 0x2771, 0x2771, \
        0x2771, 0x2771, 0x2771, 0x2771, 0x2771, 0x2771, 0x2771, 0x2771, 0x2771, 0x2771, 0x2771, 0x2771, \
        0x2771, 0x2771, 0x2771, 0x2771, 0x2771, 0x2771, 0x2771, 0x2771, 0x2771, 0x2771, 0x2771, 0x2771, \
        0x2771, 0x2771, 0x2771, 0x2771, 0x2771, 0x2771, 0x2771, 0x2771, 0x2771, 0x2771, 0x2771, 0x2771, \
        0x2771, 0x2771, 0x2771, 0x2771, 0x2771, 0x2771, 0x2771, 0x2771, 0x2771, 0x2771, 0x2771, 0x2771, \
        0x2771, 0x2771, 0x2771, 0x2771, 0x2771, 0x2771, 0x2771, 0x2771, 0x2771, 0x2771, 0x2771, 0x2771, \
        0x2771, 0x2771, 0x2771, 0x2771, 0x2771, 0x2771, 0x2771, 0x2771, 0x2771, 0x2771, 0x2771, 0x2771, \
        0x2771, 0x2771, 0x2771, 0x2771, 0x2771, 0x2771, 0x2771, 0x2771, 0x2771, 0x2771, 0x2771, 0x2771, \
        0x2771, 0x2771, 0x2771, 0x2771, 0x2771, 0x2771, 0x2771, 0x2771, 0x2771, 0x2771, 0x2771, 0x2771, \
        0x2771, 0x2771, 0x2771, 0x2771, 0x2771, 0x2771, 0x2771, 0x2771, 0x2771, 0x2771, 0x2771, 0x2771, \
        0x2771, 0x2771, 0x2771, 0x2771, 0x2771, 0x2771, 0x2771, 0x2771, 0x2771, 0x2771, 0x2771, 0x2771, \
        0x2771, 0x2771, 0x2771, 0x2771, 0x2771, 0x2771, 0x2771, 0x2771, 0x2771, 0x2771, 0x2771, 0x2771, \
        0x2771, 0x2771, 0x2771, 0x2771, 0x2771, 0x2771, 0x2771, 0x2771, 0x2771, 0x2771, 0x2771, 0x2771, \
        0x2771, 0x2771, 0x2771, 0x2771, 0x1D6E, 0x0000, 0x0479, 0x057E, 0x055D, 0x055D, 0x05DE, 0x063F, \
        0x063F, 0x063F, 0x061F, 0x061F, 0x061F, 0x063F, 0x063F, 0x05DE, 0x04FB, 0x0107, 0x138A, 0x2771, \
        0x2771, 0x2771, 0x2771, 0x2771, 0x2771, 0x2771, 0x2771, 0x2771, 0x2771, 0x2771, 0x2771, 0x2771, \
        0x2771, 0x2771, 0x2771, 0x2771, 0x2771, 0x2771, 0x2771, 0x2771, 0x2771, 0x2771, 0x2771, 0x2771, \
        0x2771, 0x2771, 0x2771, 0x2771, 0x2771, 0x2771, 0x2771, 0x2771, 0x2771, 0x2771, 0x2771, 0x2771, \
        0x2771, 0x2771, 0x2771, 0x2771, 0x2771, 0x2771, 0x2771, 0x2771, 0x2771, 0x2771, 0x2771, 0x2771, \
        0x2771, 0x2771, 0x2771, 0x2771, 0x2771, 0x2771, 0x2771, 0x2771, 0x2771, 0x2771, 0x2771, 0x2771, \
        0x2771, 0x2771, 0x2771, 0x2771, 0x2771, 0x2771, 0x2771, 0x2771, 0x2771, 0x2771, 0x2771, 0x2771, \
        0x2771, 0x2771, 0x1D0D, 0x0022, 0x1106, 0x6CD9, 0x757C, 0x755C, 0x95DC, 0xB65C, 0xB65C, 0xB65C, \
        0xB65C, 0xB65C, 0xB67D, 0x6BD1, 0x0000, 0x24ED, 0x2771, 0x2771, 0x2771, 0x2771, 0x2771, 0x2771, \
        0x2771, 0x2771, 0x2771, 0x2771, 0x2771, 0x2771, 0x2771, 0x2771, 0x2771, 0x2771, 0x2771, 0x2771, \
        0x2771, 0x2771, 0x2771, 0x2771, 0x2771, 0x2771, 0x2771, 0x2771, 0x2771, 0x2771, 0x2771, 0x2771, \
        0x26B0, 0x140B, 0x0A65, 0x09C4, 0x0A25, 0x140B, 0x26F0, 0x2771, 0x2771, 0x2771, 0x2771, 0x2771, \
        0x2771, 0x2771, 0x2771, 0x2771, 0x2771, 0x2771, 0x2771, 0x2771, 0x2771, 0x2771, 0x2771, 0x2771, \
        0x2771, 0x2771, 0x2771, 0x2771, 0x2771, 0x2771, 0x2771, 0x2771, 0x2771, 0x2771, 0x2771, 0x2771, \
        0x2771, 0x2771, 0x2771, 0x2771, 0x2771, 0x2771, 0x2771, 0x2771, 0x2771, 0x2771, 0x2771, 0x2771, \
        0x2771, 0x2771, 0x2771, 0x2771, 0x2771, 0x2771, 0x2771, 0x2771, 0x2771, 0x2771, 0x2771, 0x2771, \
        0x2771, 0x2771, 0x2771, 0x2771, 0x2771, 0x2771, 0x2771, 0x2771, 0x2771, 0x2771, 0x2771, 0x2771, \
        0x2771, 0x2771, 0x2771, 0x2771, 0x2771, 0x2771, 0x2771, 0x2771, 0x2771, 0x2771, 0x2771, 0x2771, \
        0x2771, 0x2771, 0x2771, 0x2771, 0x2771, 0x2771, 0x2771, 0x2771, 0x2771, 0x2771, 0x2771, 0x2771, \
        0x2771, 0x2771, 0x2771, 0x2771, 0x2771, 0x2771, 0x2771, 0x2771, 0x2771, 0x2771, 0x2771, 0x2771, \
        0x2771, 0x2771, 0x2771, 0x2771, 0x2771, 0x2771, 0x2771, 0x2771, 0x2771, 0x2771, 0x2771, 0x2771, \
        0x2771, 0x2771, 0x2771, 0x2771, 0x2771, 0x2771, 0x2771, 0x2771, 0x2771, 0x2771, 0x2771, 0x2771, \
        0x2771, 0x2771, 0x2771, 0x2771, 0x2771, 0x2771, 0x2771, 0x2771, 0x2771, 0x2771, 0x2771, 0x2771, \
        0x2771, 0x2771, 0x2771, 0x2771, 0x2771, 0x2771, 0x2771, 0x2771, 0x2771, 0x2771, 0x2771, 0x2771, \
        0x2771, 0x2771, 0x2771, 0x2771, 0x2771, 0x2771, 0x2771, 0x2771, 0x2771, 0x2771, 0x2771, 0x2771, \
        0x2771, 0x2771, 0x2771, 0x2771, 0x2771, 0x2771, 0x2771, 0x2771, 0x2771, 0x2771, 0x2771, 0x2771, \
        0x2711, 0x0102, 0x02AF, 0x055D, 0x055D, 0x057E, 0x057E, 0x05BE, 0x05FF, 0x061F, 0x063F, 0x061F, \
        0x061F, 0x05FE, 0x05BE, 0x057E, 0x0393, 0x0000, 0x1DEF, 0x2771, 0x2771, 0x2771, 0x2771, 0x2771, \
        0x2771, 0x2771, 0x2771, 0x2771, 0x2771, 0x2771, 0x2771, 0x2771, 0x2771, 0x2771, 0x2771, 0x2771, \
        0x2771, 0x2771, 0x2771, 0x2771, 0x2771, 0x2771, 0x2771, 0x2771, 0x2771, 0x2771, 0x2771, 0x2771, \
        0x2771, 0x2771, 0x2771, 0x2771, 0x2711, 0x266F, 0x26AF, 0x2771, 0x2771, 0x2771, 0x2771, 0x2771, \
        0x2771, 0x2771, 0x2771, 0x2771, 0x2771, 0x2771, 0x2771, 0x2771, 0x2771, 0x2771, 0x2771, 0x2771, \
        0x2771, 0x2771, 0x2771, 0x2771, 0x2771, 0x2771, 0x2771, 0x2771, 0x2771, 0x2771, 0x2771, 0x2771, \
        0x2771, 0x2771, 0x2771, 0x2771, 0x2771, 0x2771, 0x2771, 0x2771, 0x2771, 0x2771, 0x2771, 0x1C4C, \
        0x0000, 0x29EB, 0x753A, 0x7D7C, 0x757C, 0xA61C, 0xB65C, 0xB65C, 0xB65C, 0xB65C, 0xB65D, 0x9DB9, \
        0x0003, 0x09C7, 0x2751, 0x2771, 0x2771, 0x2771, 0x2771, 0x2771, 0x2771, 0x2771, 0x2771, 0x2771, \
        0x2771, 0x2771, 0x2771, 0x2771, 0x2771, 0x2771, 0x2771, 0x2771, 0x2771, 0x2771, 0x2771, 0x2771, \
        0x2771, 0x2771, 0x2771, 0x2771, 0x2771, 0x2771, 0x2771, 0x2771, 0x2771, 0x2771, 0x2771, 0x2771, \
        0x2771, 0x2771, 0x2771, 0x2771, 0x2771, 0x2771, 0x2771, 0x2771, 0x2771, 0x2771, 0x2771, 0x2771, \
        0x2771, 0x2771, 0x2771, 0x2771, 0x2771, 0x2771, 0x2771, 0x2771, 0x2771, 0x2771, 0x2771, 0x2771, \
        0x2771, 0x2771, 0x2771, 0x2771, 0x2771, 0x2771, 0x2771, 0x2771, 0x2771, 0x2771, 0x2771, 0x2771, \
        0x2771, 0x2771, 0x2771, 0x2771, 0x2771, 0x2771, 0x2771, 0x2771, 0x2771, 0x2771, 0x2771, 0x2771, \
        0x2771, 0x2771, 0x2771, 0x2771, 0x2771, 0x2771, 0x2771, 0x2771, 0x2771, 0x2771, 0x2771, 0x2771, \
        0x2771, 0x2771, 0x2771, 0x2771, 0x2771, 0x2771, 0x2771, 0x2771, 0x2771, 0x2771, 0x2771, 0x2771, \
        0x2771, 0x2771, 0x2771, 0x2771, 0x2771, 0x2771, 0x2771, 0x2771, 0x2771, 0x2771, 0x2771, 0x2771, \
        0x2771, 0x2771, 0x2771, 0x2771, 0x2771, 0x2771, 0x2771, 0x2771, 0x2771, 0x2771, 0x2771, 0x2771, \
        0x2771, 0x2771, 0x2771, 0x2771, 0x2771, 0x2771, 0x2771, 0x2771, 0x2771, 0x2771, 0x2771, 0x2771, \
        0x2771, 0x2771, 0x2771, 0x2771, 0x2771, 0x2771, 0x2771, 0x2771, 0x2771, 0x2771, 0x2771, 0x2771, \
        0x2771, 0x2771, 0x2771, 0x2771, 0x2771, 0x2771, 0x2771, 0x2771, 0x2771, 0x2771, 0x2771, 0x2771, \
        0x2771, 0x2771, 0x2771, 0x2771, 0x2771, 0x2771, 0x2771, 0x2771, 0x2771, 0x2771, 0x2771, 0x2771, \
        0x2771, 0x2771, 0x2771, 0x2771, 0x2771, 0x2771, 0x2771, 0x2771, 0x2771, 0x2771, 0x2771, 0x2771, \
        0x2771, 0x2771, 0x2771, 0x2771, 0x2771, 0x2771, 0x2771, 0x2771, 0x2771, 0x2771, 0x2771, 0x2771, \
        0x2771, 0x2771, 0x2771, 0x2771, 0x2771, 0x2771, 0x2771, 0x2771, 0x2771, 0x146C, 0x0000, 0x0416, \
        0x059E, 0x057E, 0x055E, 0x055D, 0x055D, 0x057E, 0x059E, 0x059E, 0x057E, 0x055E, 0x057E, 0x0499, \
        0x0044, 0x0AC9, 0x2771, 0x2771, 0x2771, 0x2771, 0x2771, 0x2771, 0x2771, 0x2771, 0x2771, 0x2771, \
        0x2771, 0x2771, 0x2771, 0x2771, 0x2771, 0x2771, 0x2771, 0x2771, 0x2771, 0x2771, 0x2771, 0x2771, \
        0x2771, 0x2771, 0x2771, 0x2771, 0x2771, 0x2771, 0x2771, 0x2771, 0x2771, 0x2771, 0x2690, 0x12E7, \
        0x0167, 0x022A, 0x0188, 0x09C4, 0x1C8C, 0x2771, 0x2771, 0x2771, 0x2771, 0x2771, 0x2771, 0x2771, \
        0x2771, 0x2771, 0x2771, 0x2771, 0x2771, 0x2771, 0x2771, 0x2771, 0x2771, 0x2771, 0x2771, 0x2771, \
        0x2771, 0x2771, 0x2771, 0x2771, 0x2771, 0x2771, 0x2771, 0x2771, 0x2771, 0x2771, 0x2771, 0x2771, \
        0x2771, 0x2771, 0x2771, 0x2771, 0x2771, 0x2771, 0x2771, 0x2771, 0x1309, 0x0000, 0x4310, 0x7D7C, \
        0x757C, 0x859C, 0xAE3C, 0xB65C, 0xB65C, 0xB65C, 0xB65C, 0xB65C, 0x5B4F, 0x0000, 0x258E, 0x2771, \
        0x2771, 0x2771, 0x2771, 0x2771, 0x2771, 0x2771, 0x2771, 0x2771, 0x2771, 0x2771, 0x2771, 0x2771, \
        0x2771, 0x2771, 0x2771, 0x2771, 0x2771, 0x2771, 0x2771, 0x2771, 0x2771, 0x2771, 0x2771, 0x2771, \
        0x2771, 0x2771, 0x2771, 0x2771, 0x2771, 0x2771, 0x2771, 0x2771, 0x2771, 0x2771, 0x2771, 0x2771, \
        0x2771, 0x2771, 0x2771, 0x2771, 0x2771, 0x2771, 0x2771, 0x2771, 0x2771, 0x2771, 0x2771, 0x2771, \
        0x2771, 0x2771, 0x2771, 0x2771, 0x2771, 0x2771, 0x2771, 0x2771, 0x2771, 0x2771, 0x2771, 0x2771, \
        0x2771, 0x2771, 0x2771, 0x2771, 0x2771, 0x2771, 0x2771, 0x2771, 0x2771, 0x2771, 0x2771, 0x2771, \
        0x2771, 0x2771, 0x2771, 0x2771, 0x2771, 0x2771, 0x2771, 0x2771, 0x2771, 0x2771, 0x2771, 0x2771, \
        0x2771, 0x2771, 0x2771, 0x2771, 0x2771, 0x2771, 0x2771, 0x2771, 0x2771, 0x2771, 0x2771, 0x2771, \
        0x2771, 0x2771, 0x2771, 0x2771, 0x2771, 0x2771, 0x2771, 0x2771, 0x2771, 0x2771, 0x2771, 0x2771, \
        0x2771, 0x2771, 0x2771, 0x2771, 0x2771, 0x2771, 0x2771, 0x2771, 0x2771, 0x2771, 0x2771, 0x2771, \
        0x2771, 0x2771, 0x2771, 0x2771, 0x2771, 0x2771, 0x2771, 0x2771, 0x2771, 0x2771, 0x2771, 0x2771, \
        0x2771, 0x2771, 0x2771, 0x2771, 0x2771, 0x2771, 0x2771, 0x2771, 0x2771, 0x2771, 0x2771, 0x2771, \
        0x2771, 0x2771, 0x2771, 0x2771, 0x2771, 0x2771, 0x2771, 0x2771, 0x2771, 0x2771, 0x2771, 0x2771, \
        0x2771, 0x2771, 0x2771, 0x2771, 0x2771, 0x2771, 0x2771, 0x2771, 0x2771, 0x2771, 0x2771, 0x2771, \
        0x2771, 0x2771, 0x2771, 0x2771, 0x2771, 0x2771, 0x2771, 0x2771, 0x2771, 0x2771, 0x2771, 0x2771, \
        0x2771, 0x2771, 0x2771, 0x2771, 0x2771, 0x2771, 0x2771, 0x2771, 0x2771, 0x2771, 0x2771, 0x2771, \
        0x2771, 0x2771, 0x2771, 0x2771, 0x2771, 0x2771, 0x2771, 0x2771, 0x2771, 0x2771, 0x2771, 0x2771, \
        0x2771, 0x2771, 0x2771, 0x2771, 0x2771, 0x2751, 0x0A27, 0x00C5, 0x0499, 0x059E, 0x055D, 0x055D, \
        0x055D, 0x055E, 0x055D, 0x055D, 0x057E, 0x059E, 0x0499, 0x0128, 0x0125, 0x26D0, 0x2771, 0x2771, \
        0x2771, 0x2771, 0x2771, 0x2771, 0x2771, 0x2771, 0x2771, 0x2771, 0x2771, 0x2771, 0x2771, 0x2771, \
        0x2771, 0x2771, 0x2771, 0x2771, 0x2771, 0x2771, 0x2771, 0x2771, 0x2771, 0x2771, 0x2771, 0x2771, \
        0x2771, 0x2771, 0x2771, 0x2771, 0x2771, 0x1DCE, 0x00C2, 0x0371, 0x057B, 0x05DD, 0x45FC, 0x3D18, \
        0x024C, 0x1327, 0x2771, 0x2771, 0x2771, 0x2771, 0x2771, 0x2771, 0x2771, 0x2771, 0x2771, 0x2771, \
        0x2771, 0x2771, 0x2771, 0x2771, 0x2771, 0x2771, 0x2771, 0x2771, 0x2771, 0x2771, 0x2771, 0x2771, \
        0x2771, 0x2771, 0x2771, 0x2771, 0x2771, 0x2771, 0x2771, 0x2771, 0x2771, 0x2771, 0x2771, 0x2771, \
        0x2771, 0x2771, 0x2771, 0x2771, 0x2711, 0x09C7, 0x0000, 0x5C35, 0x759C, 0x755B, 0x9DFC, 0xB65C, \
        0xB65C, 0xAE5C, 0xAE5C, 0xB65D, 0x8D17, 0x0000, 0x132A, 0x2771, 0x2771, 0x2771, 0x2771, 0x2771, \
        0x2771, 0x2771, 0x2771, 0x2771, 0x2771, 0x2771, 0x2771, 0x2771, 0x2771, 0x2771, 0x2771, 0x2771, \
        0x2771, 0x2771, 0x2771, 0x2771, 0x2771, 0x2771, 0x2771, 0x2771, 0x2771, 0x2771, 0x2771, 0x2771, \
        0x2771, 0x2771, 0x2771, 0x2771, 0x2771, 0x2771, 0x2771, 0x2771, 0x2771, 0x2771, 0x2771, 0x2771, \
        0x2771, 0x2771, 0x2771, 0x2771, 0x2771, 0x2771, 0x2771, 0x2771, 0x2771, 0x2771, 0x2771, 0x2771, \
        0x2771, 0x2771, 0x2771, 0x2771, 0x2771, 0x2771, 0x2771, 0x2771, 0x2771, 0x2771, 0x2771, 0x2771, \
        0x2771, 0x2771, 0x2771, 0x2771, 0x2771, 0x2771, 0x2771, 0x2771, 0x2771, 0x2771, 0x2771, 0x2771, \
        0x2771, 0x2771, 0x2771, 0x2771, 0x2771, 0x2771, 0x2771, 0x2771, 0x2771, 0x2771, 0x2771, 0x2771, \
        0x2771, 0x2771, 0x2771, 0x2771, 0x2771, 0x2771, 0x2771, 0x2771, 0x2771, 0x2771, 0x2771, 0x2771, \
        0x2771, 0x2771, 0x2771, 0x2771, 0x2771, 0x2771, 0x2771, 0x2771, 0x2771, 0x2771, 0x2771, 0x2771, \
        0x2771, 0x2771, 0x2771, 0x2771, 0x2771, 0x2771, 0x2771, 0x2771, 0x2771, 0x2771, 0x2771, 0x2771, \
        0x2771, 0x2771, 0x2771, 0x2771, 0x2771, 0x2771, 0x2771, 0x2771, 0x2771, 0x2771, 0x2771, 0x2771, \
        0x2771, 0x2771, 0x2771, 0x2771, 0x2771, 0x2771, 0x2771, 0x2771, 0x2771, 0x2771, 0x2771, 0x2771, \
        0x2771, 0x2771, 0x2771, 0x2771, 0x2771, 0x2771, 0x2771, 0x2771, 0x2771, 0x2771, 0x2771, 0x2771, \
        0x2771, 0x2771, 0x2771, 0x2771, 0x2771, 0x2771, 0x2771, 0x2771, 0x2771, 0x2771, 0x2771, 0x2771, \
        0x2771, 0x2771, 0x2771, 0x2771, 0x2771, 0x2771, 0x2771, 0x2771, 0x2771, 0x2771, 0x2771, 0x2771, \
        0x2771, 0x2771, 0x2771, 0x2771, 0x2771, 0x2771, 0x2771, 0x2771, 0x2771, 0x2771, 0x2771, 0x2771, \
        0x2771, 0x2771, 0x2771, 0x2771, 0x2771, 0x2771, 0x2771, 0x2771, 0x2771, 0x2771, 0x2771, 0x2771, \
        0x2771, 0x2771, 0x26F0, 0x09A7, 0x0004, 0x0373, 0x04FB, 0x057E, 0x059E, 0x057E, 0x055D, 0x057E, \
        0x051C, 0x03D5, 0x0064, 0x0124, 0x2670, 0x2771, 0x2771, 0x2771, 0x2771, 0x2771, 0x2771, 0x2771, \
        0x2771, 0x2771, 0x2771, 0x2771, 0x2771, 0x2771, 0x2771, 0x2771, 0x2771, 0x2771, 0x2771, 0x2771, \
        0x2771, 0x2771, 0x2771, 0x2771, 0x2771, 0x2771, 0x2771, 0x2771, 0x2771, 0x2771, 0x2771, 0x2771, \
        0x26B0, 0x00C4, 0x0436, 0x061E, 0x061F, 0x76DF, 0xC7FF, 0xC7DF, 0x5E3C, 0x020B, 0x1409, 0x2771, \
        0x2771, 0x2771, 0x2771, 0x2771, 0x2771, 0x2771, 0x2771, 0x2771, 0x2771, 0x2771, 0x2771, 0x2771, \
        0x2771, 0x2771, 0x2771, 0x2771, 0x2771, 0x2771, 0x2771, 0x2771, 0x2771, 0x2771, 0x2771, 0x2771, \
        0x2771, 0x2771, 0x2771, 0x2771, 0x2771, 0x2771, 0x2771, 0x2771, 0x2771, 0x2771, 0x2771, 0x2771, \
        0x2771, 0x25EF, 0x0023, 0x1968, 0x6D1A, 0x757C, 0x859C, 0xB65C, 0xB65C, 0xAE3C, 0xAE5C, 0xAE5C, \
        0xA5FB, 0x31E9, 0x00C4, 0x26F0, 0x2771, 0x2771, 0x2771, 0x2771, 0x2771, 0x2771, 0x2771, 0x2771, \
        0x2771, 0x2771, 0x2771, 0x2771, 0x2771, 0x2771, 0x2771, 0x2771, 0x2771, 0x2771, 0x2771, 0x2771, \
        0x2771, 0x2771, 0x2771, 0x2771, 0x2771, 0x2771, 0x2771, 0x2771, 0x2771, 0x2771, 0x2771, 0x2771, \
        0x2771, 0x2771, 0x2771, 0x2771, 0x2771, 0x2771, 0x2771, 0x2771, 0x2771, 0x2771, 0x2771, 0x2771, \
        0x2771, 0x2771, 0x2771, 0x2771, 0x2771, 0x2771, 0x2771, 0x2771, 0x2771, 0x2771, 0x2771, 0x2771, \
        0x2771, 0x2771, 0x2771, 0x2771, 0x2771, 0x2771, 0x2771, 0x2771, 0x2771, 0x2771, 0x2771, 0x2771, \
        0x2771, 0x2771, 0x2771, 0x2771, 0x2771, 0x2771, 0x2771, 0x2771, 0x2771, 0x2771, 0x2771, 0x2771, \
        0x2771, 0x2771, 0x2771, 0x2771, 0x2771, 0x2771, 0x2771, 0x2771, 0x2771, 0x2771, 0x2771, 0x2771, \
        0x2771, 0x2771, 0x2771, 0x2771, 0x2771, 0x2771, 0x2771, 0x2771, 0x2771, 0x2771, 0x2771, 0x2771, \
        0x2771, 0x2771, 0x2771, 0x2771, 0x2771, 0x2771, 0x2771, 0x2771, 0x2771, 0x2771, 0x2771, 0x2771, \
        0x2771, 0x2771, 0x2771, 0x2771, 0x2771, 0x2771, 0x2771, 0x2771, 0x2771, 0x2771, 0x2771, 0x2771, \
        0x2771, 0x2771, 0x2771, 0x2771, 0x2771, 0x2771, 0x2771, 0x2771, 0x2771, 0x2771, 0x2771, 0x2771, \
        0x2771, 0x2771, 0x2771, 0x2771, 0x2771, 0x2771, 0x2771, 0x2771, 0x2771, 0x2771, 0x2771, 0x2771, \
        0x2771, 0x2771, 0x2771, 0x2771, 0x2771, 0x2771, 0x2771, 0x2771, 0x2771, 0x2771, 0x2771, 0x2771, \
        0x2771, 0x2771, 0x2771, 0x2771, 0x2771, 0x2771, 0x2771, 0x2771, 0x2771, 0x2771, 0x2771, 0x2771, \
        0x2771, 0x2771, 0x2771, 0x2771, 0x2771, 0x2771, 0x2771, 0x2771, 0x2771, 0x2771, 0x2771, 0x2771, \
        0x2771, 0x2771, 0x2771, 0x2771, 0x2771, 0x2771, 0x2771, 0x2771, 0x2771, 0x2771, 0x2771, 0x2771, \
        0x2771, 0x2771, 0x2771, 0x2771, 0x2771, 0x2771, 0x2771, 0x2771, 0x2771, 0x2771, 0x2771, 0x26F0, \
        0x0B29, 0x0020, 0x0107, 0x0311, 0x03F5, 0x03F5, 0x03B4, 0x0311, 0x0168, 0x0000, 0x0AA9, 0x26B0, \
        0x2771, 0x2771, 0x2771, 0x2771, 0x2771, 0x2771, 0x2771, 0x2771, 0x2771, 0x2771, 0x2771, 0x2771, \
        0x2771, 0x2771, 0x2771, 0x2771, 0x2771, 0x2771, 0x2771, 0x2771, 0x2771, 0x2771, 0x2771, 0x2771, \
        0x2771, 0x2771, 0x2771, 0x2771, 0x2771, 0x2771, 0x2771, 0x2771, 0x1388, 0x0331, 0x05FF, 0x063F, \
        0x05FE, 0x9F5F, 0xCFFF, 0xCFFF, 0x871F, 0x04D8, 0x00E4, 0x26F0, 0x2771, 0x2771, 0x2771, 0x2771, \
        0x2771, 0x2771, 0x2771, 0x2771, 0x2771, 0x2771, 0x2771, 0x2771, 0x2771, 0x2771, 0x2771, 0x2771, \
        0x2771, 0x2771, 0x2771, 0x2771, 0x2771, 0x2771, 0x2771, 0x2771, 0x2771, 0x2771, 0x2771, 0x2771, \
        0x2771, 0x2771, 0x2771, 0x2771, 0x2771, 0x2771, 0x2771, 0x2771, 0x2771, 0x2771, 0x134A, 0x0000, \
        0x4B72, 0x7D7C, 0x755C, 0x9DFC, 0xB65C, 0xAE3C, 0xAE3C, 0xAE3C, 0xAE5C, 0x6BD1, 0x0000, 0x1D8E, \
        0x2771, 0x2771, 0x2771, 0x2771, 0x2771, 0x2771, 0x2771, 0x2771, 0x2771, 0x26B0, 0x260E, 0x262E, \
        0x2731, 0x2771, 0x2771, 0x2771, 0x2771, 0x2771, 0x2771, 0x2771, 0x2771, 0x2771, 0x2771, 0x2771, \
        0x2771, 0x2771, 0x2771, 0x2771, 0x2771, 0x2771, 0x2771, 0x2771, 0x2771, 0x2771, 0x2771, 0x2771, \
        0x2771, 0x2771, 0x2771, 0x2771, 0x2771, 0x2771, 0x2771, 0x2771, 0x2771, 0x2771, 0x2771, 0x2771, \
        0x2771, 0x2771, 0x2771, 0x2771, 0x2771, 0x2771, 0x2771, 0x2771, 0x2771, 0x2771, 0x2771, 0x2771, \
        0x2771, 0x2771, 0x2771, 0x2771, 0x2771, 0x2771, 0x2771, 0x2771, 0x2771, 0x2771, 0x2771, 0x2771, \
        0x2771, 0x2771, 0x2771, 0x2771, 0x2771, 0x2771, 0x2771, 0x2771, 0x2771, 0x2771, 0x2771, 0x2771, \
        0x2771, 0x2771, 0x2771, 0x2771, 0x2771, 0x2771, 0x2771, 0x2771, 0x2771, 0x2771, 0x2771, 0x2771, \
        0x2771, 0x2771, 0x2771, 0x2771, 0x2771, 0x2771, 0x2771, 0x2771, 0x2771, 0x2771, 0x2771, 0x2771, \
        0x2771, 0x2771, 0x2771, 0x2771, 0x2771, 0x2771, 0x2771, 0x2771, 0x2771, 0x2771, 0x2771, 0x2771, \
        0x2771, 0x2771, 0x2771, 0x2771, 0x2771, 0x2771, 0x2771, 0x2771, 0x2771, 0x2771, 0x2771, 0x2771, \
        0x2771, 0x2771, 0x2771, 0x2771, 0x2771, 0x2771, 0x2771, 0x2771, 0x2771, 0x2771, 0x2771, 0x2771, \
        0x2771, 0x2771, 0x2771, 0x2771, 0x2771, 0x2771, 0x2771, 0x2771, 0x2771, 0x2771, 0x2771, 0x2771, \
        0x2771, 0x2771, 0x2771, 0x2771, 0x2771, 0x2771, 0x2771, 0x2771, 0x2771, 0x2771, 0x2771, 0x2771, \
        0x2771, 0x2771, 0x2771, 0x2771, 0x2771, 0x2771, 0x2771, 0x2771, 0x2771, 0x2771, 0x2771, 0x2771, \
        0x2771, 0x2771, 0x2771, 0x2771, 0x2771, 0x2771, 0x2771, 0x2771, 0x2771, 0x2771, 0x2771, 0x2771, \
        0x2771, 0x2771, 0x2771, 0x2771, 0x2771, 0x2771, 0x2771, 0x2771, 0x2771, 0x2771, 0x2771, 0x2771, \
        0x2771, 0x2771, 0x2771, 0x2771, 0x2771, 0x2771, 0x2771, 0x2771, 0x2771, 0x1DEF, 0x0B0A, 0x0143, \
        0x00A1, 0x0061, 0x00A1, 0x0122, 0x0B09, 0x1DEF, 0x2771, 0x2771, 0x2771, 0x2771, 0x2771, 0x2771, \
        0x2771, 0x2771, 0x2771, 0x2771, 0x2771, 0x2771, 0x2771, 0x2771, 0x2771, 0x2771, 0x2771, 0x2771, \
        0x2771, 0x2771, 0x2771, 0x2771, 0x2771, 0x2771, 0x2771, 0x2771, 0x2771, 0x2771, 0x2771, 0x2771, \
        0x2771, 0x2771, 0x2771, 0x2751, 0x0163, 0x0478, 0x05FF, 0x063F, 0x061F, 0x5E9F, 0xB7BF, 0xAF9F, \
        0x467F, 0x05FD, 0x020B, 0x1D8D, 0x2771, 0x2771, 0x2771, 0x2771, 0x2771, 0x2771, 0x2771, 0x2771, \
        0x2771, 0x2771, 0x2771, 0x2771, 0x2771, 0x2771, 0x2771, 0x2771, 0x2771, 0x2771, 0x2771, 0x2771, \
        0x2771, 0x2771, 0x2771, 0x2771, 0x2771, 0x2771, 0x2771, 0x2771, 0x2771, 0x2771, 0x2771, 0x2771, \
        0x2771, 0x2771, 0x2771, 0x2771, 0x2771, 0x2771, 0x2690, 0x00C5, 0x08A5, 0x6CF9, 0x757C, 0x859C, \
        0xAE3C, 0xAE3C, 0xAE3C, 0xAE3C, 0xB65D, 0x8D17, 0x0000, 0x138A, 0x2771, 0x2771, 0x2771, 0x2771, \
        0x2771, 0x2771, 0x2771, 0x2690, 0x0AC6, 0x01A7, 0x028C, 0x01A9, 0x0143, 0x1C4B, 0x2771, 0x2771, \
        0x2771, 0x2771, 0x2771, 0x2771, 0x2771, 0x2771, 0x2771, 0x2771, 0x2771, 0x2771, 0x2771, 0x2771, \
        0x2771, 0x2771, 0x2771, 0x2771, 0x2771, 0x2771, 0x2771, 0x2771, 0x2771, 0x2771, 0x2771, 0x2771, \
        0x2771, 0x2771, 0x2771, 0x2771, 0x2771, 0x2771, 0x2771, 0x2771, 0x2771, 0x2771, 0x2771, 0x2771, \
        0x2771, 0x2771, 0x2771, 0x2771, 0x2771, 0x2771, 0x2771, 0x2771, 0x2771, 0x2771, 0x2771, 0x2771, \
        0x2771, 0x2771, 0x2771, 0x2771, 0x2771, 0x2771, 0x2771, 0x2771, 0x2771, 0x2771, 0x2771, 0x2771, \
        0x2771, 0x2771, 0x2771, 0x2771, 0x2771, 0x2771, 0x2771, 0x2771, 0x2771, 0x2771, 0x2771, 0x2771, \
        0x2771, 0x2771, 0x2771, 0x2771, 0x2771, 0x2771, 0x2771, 0x2771, 0x2771, 0x2771, 0x2771, 0x2771, \
        0x2771, 0x2771, 0x2771, 0x2771, 0x2771, 0x2771, 0x2771, 0x2771, 0x2771, 0x2771, 0x2771, 0x2771, \
        0x2771, 0x2771, 0x2771, 0x2771, 0x2771, 0x2771, 0x2771, 0x2771, 0x2771, 0x2771, 0x2771, 0x2771, \
        0x2771, 0x2771, 0x2771, 0x2771, 0x2771, 0x2771, 0x2771, 0x2771, 0x2771, 0x2771, 0x2771, 0x2771, \
        0x2771, 0x2771, 0x2771, 0x2771, 0x2771, 0x2771, 0x2771, 0x2771, 0x2771, 0x2771, 0x2771, 0x2771, \
        0x2771, 0x2771, 0x2771, 0x2771, 0x2771, 0x2771, 0x2771, 0x2771, 0x2771, 0x2771, 0x2771, 0x2771, \
        0x2771, 0x2771, 0x2771, 0x2771, 0x2771, 0x2771, 0x2771, 0x2771, 0x2771, 0x2771, 0x2771, 0x2771, \
        0x2771, 0x2771, 0x2771, 0x2771, 0x2771, 0x2771, 0x2771, 0x2771, 0x2771, 0x2771, 0x2771, 0x2771, \
        0x2771, 0x2771, 0x2771, 0x2771, 0x2771, 0x2771, 0x2771, 0x2771, 0x2771, 0x2771, 0x2771, 0x2771, \
        0x2771, 0x2771, 0x2771, 0x2771, 0x2771, 0x2771, 0x2771, 0x2771, 0x2771, 0x2771, 0x2771, 0x2771, \
        0x2771, 0x2771, 0x2771, 0x2771, 0x2771, 0x2771, 0x2771, 0x2751, 0x26D0, 0x2690, 0x26D0, 0x2731, \
        0x2771, 0x2771, 0x2771, 0x2771, 0x2771, 0x2771, 0x2771, 0x2771, 0x2771, 0x2771, 0x2771, 0x2771, \
        0x2771, 0x2771, 0x2771, 0x2771, 0x2771, 0x2771, 0x2771, 0x2771, 0x2771, 0x2771, 0x2771, 0x2771, \
        0x2771, 0x2771, 0x2771, 0x2771, 0x2771, 0x2771, 0x2771, 0x2771, 0x2771, 0x2771, 0x2771, 0x26D0, \
        0x00A6, 0x04BA, 0x05BE, 0x063F, 0x063F, 0x063F, 0x1E1F, 0x0E1E, 0x061F, 0x0E1E, 0x026D, 0x1D0C, \
        0x2771, 0x2771, 0x2771, 0x2771, 0x2771, 0x2771, 0x2771, 0x2771, 0x2771, 0x2771, 0x2771, 0x2771, \
        0x2771, 0x2771, 0x2771, 0x2771, 0x2771, 0x2771, 0x2771, 0x2771, 0x2771, 0x2771, 0x2771, 0x2771, \
        0x2771, 0x2771, 0x2771, 0x2771, 0x2771, 0x2771, 0x2771, 0x2771, 0x2771, 0x2771, 0x2771, 0x2771, \
        0x2771, 0x2771, 0x2771, 0x1C6C, 0x0000, 0x4372, 0x757C, 0x755C, 0xA61C, 0xAE3C, 0xAE3C, 0xAE3C, \
        0xAE5C, 0xA5DA, 0x1906, 0x0186, 0x2751, 0x2771, 0x2771, 0x2771, 0x2771, 0x2771, 0x1E4F, 0x00E4, \
        0x03B3, 0x05BC, 0x0E3E, 0x6E7D, 0x5D79, 0x022D, 0x12E8, 0x2771, 0x2771, 0x2771, 0x2771, 0x2771, \
        0x2771, 0x2771, 0x2771, 0x2771, 0x2771, 0x2771, 0x2771, 0x2771, 0x2771, 0x2771, 0x2771, 0x2771, \
        0x2771, 0x2771, 0x2771, 0x2771, 0x2771, 0x2771, 0x2771, 0x2771, 0x2771, 0x2771, 0x2771, 0x2771, \
        0x2771, 0x2771, 0x2771, 0x2771, 0x2771, 0x2771, 0x2771, 0x2771, 0x2771, 0x2771, 0x2771, 0x2771, \
        0x2771, 0x2771, 0x2771, 0x2771, 0x2771, 0x2771, 0x2771, 0x2771, 0x2771, 0x2771, 0x2771, 0x2771, \
        0x2771, 0x2771, 0x2771, 0x2771, 0x2771, 0x2771, 0x2771, 0x2771, 0x2771, 0x2771, 0x2771, 0x2771, \
        0x2771, 0x2771, 0x2771, 0x2771, 0x2771, 0x2771, 0x2771, 0x2771, 0x2771, 0x2771, 0x2771, 0x2771, \
        0x2771, 0x2771, 0x2771, 0x2771, 0x2771, 0x2771, 0x2771, 0x2771, 0x2771, 0x2771, 0x2771, 0x2771, \
        0x2771, 0x2771, 0x2771, 0x2771, 0x2771, 0x2771, 0x2771, 0x2771, 0x2771, 0x2771, 0x2771, 0x2771, \
        0x2771, 0x2771, 0x2771, 0x2771, 0x2771, 0x2771, 0x2771, 0x2771, 0x2771, 0x2771, 0x2771, 0x2771, \
        0x2771, 0x2771, 0x2771, 0x2771, 0x2771, 0x2771, 0x2771, 0x2771, 0x2771, 0x2771, 0x2771, 0x2771, \
        0x2771, 0x2771, 0x2771, 0x2771, 0x2771, 0x2771, 0x2771, 0x2771, 0x2771, 0x2771, 0x2771, 0x2771, \
        0x2771, 0x2771, 0x2771, 0x2771, 0x2771, 0x2771, 0x2771, 0x2771, 0x2771, 0x2771, 0x2771, 0x2771, \
        0x2771, 0x2771, 0x2771, 0x2771, 0x2771, 0x2771, 0x2771, 0x2771, 0x2771, 0x2771, 0x2771, 0x2771, \
        0x2771, 0x2771, 0x2771, 0x2771, 0x2771, 0x2771, 0x2771, 0x2771, 0x2771, 0x2771, 0x2771, 0x2771, \
        0x2771, 0x2771, 0x2771, 0x2771, 0x2771, 0x2771, 0x2771, 0x2771, 0x2771, 0x2771, 0x2771, 0x2771, \
        0x2771, 0x2771, 0x2771, 0x2771, 0x2771, 0x2771, 0x2771, 0x2771, 0x2771, 0x2771, 0x2771, 0x2771, \
        0x2771, 0x2771, 0x2771, 0x2771, 0x2771, 0x2771, 0x2771, 0x2771, 0x2771, 0x2771, 0x2771, 0x2771, \
        0x2771, 0x2771, 0x2771, 0x2771, 0x2771, 0x2771, 0x2771, 0x2771, 0x2771, 0x2771, 0x2771, 0x2771, \
        0x2771, 0x2771, 0x2771, 0x2771, 0x2771, 0x2771, 0x2771, 0x2771, 0x2771, 0x2771, 0x2771, 0x2771, \
        0x2771, 0x2771, 0x2771, 0x2771, 0x2771, 0x2771, 0x2771, 0x2711, 0x00C4, 0x0478, 0x055D, 0x05FF, \
        0x063F, 0x063F, 0x061F, 0x061F, 0x061F, 0x057C, 0x0148, 0x1D6D, 0x2771, 0x2771, 0x2771, 0x2771, \
        0x2771, 0x2771, 0x2771, 0x2771, 0x2771, 0x2771, 0x2771, 0x2771, 0x2771, 0x2771, 0x2771, 0x2771, \
        0x2771, 0x2771, 0x2771, 0x2771, 0x2771, 0x2771, 0x2771, 0x2771, 0x2771, 0x2771, 0x2771, 0x2771, \
        0x2771, 0x2771, 0x2771, 0x2771, 0x2771, 0x2771, 0x2771, 0x2771, 0x2771, 0x2771, 0x2771, 0x26F0, \
        0x00C5, 0x1127, 0x651A, 0x6D5C, 0x95DC, 0xB65C, 0xAE3C, 0xAE3C, 0xAE3C, 0xAE3C, 0x428C, 0x0081, \
        0x26B0, 0x2771, 0x2771, 0x2771, 0x2771, 0x2751, 0x09C4, 0x03B4, 0x063F, 0x063F, 0x7EFF, 0xD7FF, \
        0xCFFF, 0x65FC, 0x0169, 0x1CEB, 0x2771, 0x2771, 0x2771, 0x2771, 0x2771, 0x2771, 0x2771, 0x2771, \
        0x2771, 0x2771, 0x2771, 0x2771, 0x2771, 0x2771, 0x2771, 0x2771, 0x2771, 0x2771, 0x2771, 0x2771, \
        0x2771, 0x2771, 0x2771, 0x2771, 0x2771, 0x2771, 0x2771, 0x2771, 0x2771, 0x2771, 0x2771, 0x2771, \
        0x2771, 0x2771, 0x2771, 0x2771, 0x2771, 0x2771, 0x2771, 0x2771, 0x2771, 0x2771, 0x2771, 0x2771, \
        0x2771, 0x2771, 0x2771, 0x2771, 0x2771, 0x2771, 0x2771, 0x2771, 0x2771, 0x2771, 0x2771, 0x2771, \
        0x2771, 0x2771, 0x2771, 0x2771, 0x2771, 0x2771, 0x2771, 0x2771, 0x2771, 0x2771, 0x2771, 0x2771, \
        0x2771, 0x2771, 0x2771, 0x2771, 0x2771, 0x2771, 0x2771, 0x2771, 0x2771, 0x2771, 0x2771, 0x2771, \
        0x2771, 0x2771, 0x2771, 0x2771, 0x2771, 0x2771, 0x2771, 0x2771, 0x2771, 0x2771, 0x2771, 0x2771, \
        0x2771, 0x2771, 0x2771, 0x2771, 0x2771, 0x2771, 0x2771, 0x2771, 0x2771, 0x2771, 0x2771, 0x2771, \
        0x2771, 0x2771, 0x2771, 0x2771, 0x2771, 0x2771, 0x2771, 0x2771, 0x2771, 0x2771, 0x2771, 0x2771, \
        0x2771, 0x2771, 0x2771, 0x2771, 0x2771, 0x2771, 0x2771, 0x2771, 0x2771, 0x2771, 0x2771, 0x2771, \
        0x2771, 0x2771, 0x2771, 0x2771, 0x2771, 0x2771, 0x2771, 0x2771, 0x2771, 0x2771, 0x2771, 0x2771, \
        0x2771, 0x2771, 0x2771, 0x2771, 0x2771, 0x2771, 0x2771, 0x2771, 0x2771, 0x2771, 0x2771, 0x2771, \
        0x2771, 0x2771, 0x2771, 0x2771, 0x2771, 0x2771, 0x2771, 0x2771, 0x2771, 0x2771, 0x2771, 0x2771, \
        0x2771, 0x2771, 0x2771, 0x2771, 0x2771, 0x2771, 0x2771, 0x2771, 0x2771, 0x2771, 0x2771, 0x2771, \
        0x2771, 0x2771, 0x2771, 0x2771, 0x2771, 0x2771, 0x2771, 0x2771, 0x2771, 0x2771, 0x2771, 0x2771, \
        0x2771, 0x2771, 0x2771, 0x2771, 0x2771, 0x2771, 0x2771, 0x2771, 0x2771, 0x2771, 0x2771, 0x2771, \
        0x2771, 0x2771, 0x2771, 0x2771, 0x2771, 0x2771, 0x2771, 0x2771, 0x2771, 0x2771, 0x2771, 0x2771, \
        0x2771, 0x2771, 0x2771, 0x2771, 0x2771, 0x2771, 0x2771, 0x2771, 0x2771, 0x2771, 0x2771, 0x2771, \
        0x2771, 0x2771, 0x2771, 0x2771, 0x2771, 0x2771, 0x2771, 0x2771, 0x2771, 0x2771, 0x2771, 0x2771, \
        0x2771, 0x2771, 0x2771, 0x2771, 0x0A04, 0x0373, 0x057E, 0x057E, 0x05FE, 0x061F, 0x061F, 0x061F, \
        0x05DF, 0x0417, 0x00C1, 0x26F0, 0x2771, 0x2771, 0x2771, 0x2771, 0x2771, 0x2771, 0x2771, 0x2771, \
        0x2771, 0x2771, 0x2771, 0x2771, 0x2771, 0x2771, 0x2771, 0x2771, 0x2771, 0x2771, 0x2771, 0x2771, \
        0x2771, 0x2771, 0x2771, 0x2771, 0x2771, 0x2771, 0x2771, 0x2771, 0x2771, 0x2771, 0x2771, 0x2771, \
        0x2771, 0x2771, 0x2771, 0x2771, 0x2771, 0x2771, 0x2771, 0x2771, 0x13AA, 0x0000, 0x5415, 0x757C, \
        0x859C, 0xAE3C, 0xAE3C, 0xAE3C, 0xAE3C, 0xB65C, 0x63D1, 0x0000, 0x25AE, 0x2771, 0x2771, 0x2771, \
        0x2771, 0x1D4D, 0x0189, 0x051C, 0x063F, 0x063F, 0x7EFF, 0xD7FF, 0xCFFF, 0x76BF, 0x0436, 0x09E4, \
        0x2771, 0x2771, 0x2771, 0x2771, 0x2771, 0x2771, 0x2771, 0x2771, 0x2771, 0x2771, 0x2771, 0x2771, \
        0x2771, 0x2771, 0x2771, 0x2771, 0x2771, 0x2771, 0x2771, 0x2771, 0x2771, 0x2771, 0x2771, 0x2771, \
        0x2771, 0x2771, 0x2771, 0x2771, 0x2771, 0x2771, 0x2771, 0x2771, 0x2771, 0x2771, 0x2771, 0x2771, \
        0x2771, 0x2771, 0x2771, 0x2771, 0x2771, 0x2771, 0x2771, 0x2771, 0x2771, 0x2771, 0x2771, 0x2771, \
        0x2771, 0x2771, 0x2771, 0x2771, 0x2771, 0x2771, 0x2771, 0x2771, 0x2771, 0x2771, 0x2771, 0x2771, \
        0x2771, 0x2771, 0x2771, 0x2771, 0x2771, 0x2771, 0x2771, 0x2771, 0x2771, 0x2771, 0x2771, 0x2771, \
        0x2771, 0x2771, 0x2771, 0x2771, 0x2771, 0x2771, 0x2771, 0x2771, 0x2771, 0x2771, 0x2771, 0x2771, \
        0x2771, 0x2771, 0x2771, 0x2771, 0x2771, 0x2771, 0x2771, 0x2771, 0x2771, 0x2771, 0x2771, 0x2771, \
        0x2771, 0x2771, 0x2771, 0x2771, 0x2771, 0x2771, 0x2771, 0x2771, 0x2771, 0x2771, 0x2771, 0x2771, \
        0x2771, 0x2771, 0x2771, 0x2771, 0x2771, 0x2771, 0x2771, 0x2771, 0x2771, 0x2771, 0x2771, 0x2771, \
        0x2771, 0x2771, 0x2771, 0x2771, 0x2771, 0x2771, 0x2771, 0x2771, 0x2771, 0x2771, 0x2771, 0x2771, \
        0x2771, 0x2771, 0x2771, 0x2771, 0x2771, 0x2771, 0x2771, 0x2771, 0x2771, 0x2771, 0x2771, 0x2771, \
        0x2771, 0x2771, 0x2771, 0x2771, 0x2771, 0x2771, 0x2771, 0x2771, 0x2771, 0x2771, 0x2771, 0x2771, \
        0x2771, 0x2771, 0x2771, 0x2771, 0x2771, 0x2771, 0x2771, 0x2771, 0x2771, 0x2771, 0x2771, 0x2771, \
        0x2771, 0x2771, 0x2771, 0x2771, 0x2771, 0x2771, 0x2771, 0x2771, 0x2771, 0x2771, 0x2771, 0x2771, \
        0x2771, 0x2771, 0x2771, 0x2771, 0x2771, 0x2771, 0x2771, 0x2771, 0x2771, 0x2771, 0x2771, 0x2771, \
        0x2771, 0x2771, 0x2771, 0x2771, 0x2771, 0x2771, 0x2771, 0x2771, 0x2771, 0x2771, 0x2771, 0x2771, \
        0x2771, 0x2771, 0x2771, 0x2771, 0x2771, 0x2771, 0x2771, 0x2771, 0x2771, 0x2771, 0x2771, 0x2771, \
        0x2771, 0x2771, 0x2771, 0x2771, 0x2771, 0x2771, 0x2771, 0x2771, 0x2771, 0x2771, 0x2771, 0x2771, \
        0x2771, 0x2771, 0x2771, 0x2771, 0x2771, 0x2771, 0x2771, 0x2771, 0x2771, 0x2771, 0x2771, 0x2771, \
        0x1CEC, 0x00E7, 0x04DB, 0x057E, 0x055D, 0x057D, 0x059E, 0x059E, 0x04FC, 0x01AB, 0x13AA, 0x2771, \
        0x2771, 0x2771, 0x2771, 0x2771, 0x2771, 0x2771, 0x2771, 0x2771, 0x2771, 0x2771, 0x2771, 0x2771, \
        0x2771, 0x2771, 0x2771, 0x2771, 0x2771, 0x2771, 0x2771, 0x2771, 0x2771, 0x2771, 0x2771, 0x2771, \
        0x2771, 0x2771, 0x2771, 0x2771, 0x2771, 0x2771, 0x2771, 0x2771, 0x2771, 0x2771, 0x2771, 0x2771, \
        0x2771, 0x2771, 0x2771, 0x2771, 0x260F, 0x0020, 0x32AE, 0x757C, 0x757B, 0xAE1C, 0xB65C, 0xAE3C, \
        0xAE3C, 0xB67D, 0x7C95, 0x0000, 0x1CAC, 0x2771, 0x2771, 0x2771, 0x2771, 0x13A8, 0x02D0, 0x055D, \
        0x061F, 0x063F, 0x065F, 0x76DF, 0x7EDF, 0x161F, 0x057B, 0x00A6, 0x26D0, 0x2771, 0x2771, 0x2771, \
        0x2771, 0x2771, 0x2771, 0x2771, 0x2771, 0x2771, 0x2771, 0x2771, 0x2771, 0x2771, 0x2771, 0x2771, \
        0x2771, 0x2771, 0x2771, 0x2771, 0x2771, 0x2771, 0x2771, 0x2771, 0x2771, 0x2771, 0x2771, 0x2771, \
        0x2771, 0x2771, 0x2771, 0x2771, 0x2771, 0x2771, 0x2771, 0x2771, 0x2771, 0x2771, 0x2771, 0x2771, \
        0x2771, 0x2771, 0x2771, 0x2771, 0x2771, 0x2771, 0x2771, 0x2771, 0x2771, 0x2771, 0x2771, 0x2771, \
        0x2771, 0x2771, 0x2771, 0x2771, 0x2771, 0x2771, 0x2771, 0x2771, 0x2771, 0x2771, 0x2771, 0x2771, \
        0x2771, 0x2771, 0x2771, 0x2771, 0x2771, 0x2771, 0x2771, 0x2771, 0x2771, 0x2771, 0x2771, 0x2771, \
        0x2771, 0x2771, 0x2771, 0x2771, 0x2771, 0x2771, 0x2771, 0x2771, 0x2771, 0x2771, 0x2771, 0x2771, \
        0x2771, 0x2771, 0x2771, 0x2771, 0x2771, 0x2771, 0x2771, 0x2771, 0x2771, 0x2771, 0x2771, 0x2771, \
        0x2771, 0x2771, 0x2771, 0x2771, 0x2771, 0x2771, 0x2771, 0x2771, 0x2771, 0x2771, 0x2771, 0x2771, \
        0x2771, 0x2771, 0x2771, 0x2771, 0x2771, 0x2771, 0x2771, 0x2771, 0x2771, 0x2771, 0x2771, 0x2771, \
        0x2771, 0x2771, 0x2771, 0x2771, 0x2771, 0x2771, 0x2771, 0x2771, 0x2771, 0x2771, 0x2771, 0x2771, \
        0x2771, 0x2771, 0x2771, 0x2771, 0x2771, 0x2771, 0x2771, 0x2771, 0x2771, 0x2771, 0x2771, 0x2771, \
        0x2771, 0x2771, 0x2771, 0x2771, 0x2771, 0x2771, 0x2771, 0x2771, 0x2771, 0x2771, 0x2771, 0x2771, \
        0x2771, 0x2771, 0x2771, 0x2771, 0x2771, 0x2771, 0x2771, 0x2771, 0x2771, 0x2771, 0x2771, 0x2771, \
        0x2771, 0x2771, 0x2771, 0x2771, 0x2771, 0x2771, 0x2771, 0x2771, 0x2771, 0x2771, 0x2771, 0x2771, \
        0x2771, 0x2771, 0x2771, 0x2771, 0x2771, 0x2771, 0x2771, 0x2771, 0x2771, 0x2771, 0x2771, 0x2771, \
        0x2771, 0x2771, 0x2771, 0x2771, 0x2771, 0x2771, 0x2771, 0x2771, 0x2771, 0x2771, 0x2771, 0x2771, \
        0x2771, 0x2771, 0x2771, 0x2771, 0x2771, 0x2771, 0x2771, 0x2771, 0x2771, 0x2771, 0x2771, 0x2771, \
        0x2771, 0x2771, 0x2771, 0x2771, 0x2771, 0x2771, 0x2771, 0x2771, 0x2771, 0x2771, 0x2771, 0x2771, \
        0x2771, 0x2771, 0x2771, 0x2771, 0x2771, 0x2771, 0x2771, 0x2771, 0x2771, 0x1328, 0x0169, 0x0417, \
        0x051B, 0x055D, 0x053C, 0x0437, 0x01CB, 0x0A67, 0x2751, 0x2771, 0x2771, 0x2771, 0x2771, 0x2771, \
        0x2771, 0x2771, 0x2771, 0x2771, 0x2771, 0x2771, 0x2771, 0x2771, 0x2771, 0x2771, 0x2771, 0x2771, \
        0x2771, 0x2771, 0x2771, 0x2771, 0x2771, 0x2771, 0x2771, 0x2771, 0x2771, 0x2771, 0x2771, 0x2771, \
        0x2771, 0x2771, 0x2771, 0x2771, 0x2771, 0x2771, 0x2771, 0x2771, 0x2771, 0x2771, 0x2771, 0x2771, \
        0x2751, 0x0166, 0x10E6, 0x6D1A, 0x755C, 0xA5FC, 0xB65C, 0xAE5C, 0xAE3C, 0xB65D, 0x8CF7, 0x0000, \
        0x13CB, 0x2771, 0x2771, 0x2771, 0x2771, 0x1347, 0x0332, 0x055D, 0x05DE, 0x063F, 0x063F, 0x05FF, \
        0x05FE, 0x061F, 0x053B, 0x0084, 0x26D0, 0x2771, 0x2771, 0x2771, 0x2771, 0x2771, 0x2771, 0x2771, \
        0x2771, 0x2771, 0x2771, 0x2771, 0x2771, 0x2771, 0x2771, 0x2771, 0x2771, 0x2771, 0x2771, 0x2771, \
        0x2771, 0x2771, 0x2771, 0x2771, 0x2771, 0x2771, 0x2771, 0x2771, 0x2771, 0x2771, 0x2771, 0x2771, \
        0x2771, 0x2771, 0x2771, 0x2771, 0x2771, 0x2771, 0x2771, 0x2771, 0x2771, 0x2771, 0x2771, 0x2771, \
        0x2771, 0x2771, 0x2771, 0x2771, 0x2771, 0x2771, 0x2771, 0x2771, 0x2771, 0x2771, 0x2771, 0x2771, \
        0x2771, 0x2771, 0x2771, 0x2771, 0x2771, 0x2771, 0x2771, 0x2771, 0x2771, 0x2771, 0x2771, 0x2771, \
        0x2771, 0x2771, 0x2771, 0x2771, 0x2771, 0x2771, 0x2771, 0x2771, 0x2771, 0x2771, 0x2771, 0x2771, \
        0x2771, 0x2771, 0x2771, 0x2771, 0x2771, 0x2771, 0x2771, 0x2771, 0x2771, 0x2771, 0x2771, 0x2771, \
        0x2771, 0x2771, 0x2771, 0x2771, 0x2771, 0x2771, 0x2771, 0x2771, 0x2771, 0x2771, 0x2771, 0x2771, \
        0x2771, 0x2771, 0x2771, 0x2771, 0x2771, 0x2771, 0x2771, 0x2771, 0x2771, 0x2771, 0x2771, 0x2771, \
        0x2771, 0x2771, 0x2771, 0x2771, 0x2771, 0x2771, 0x2771, 0x2771, 0x2771, 0x2771, 0x2771, 0x2771, \
        0x2771, 0x2771, 0x2771, 0x2771, 0x2771, 0x2771, 0x2771, 0x2771, 0x2771, 0x2771, 0x2771, 0x2771, \
        0x2771, 0x2771, 0x2771, 0x2771, 0x2771, 0x2771, 0x2771, 0x2771, 0x2771, 0x2771, 0x2771, 0x2771, \
        0x2771, 0x2771, 0x2771, 0x2771, 0x2771, 0x2771, 0x2771, 0x2771, 0x2771, 0x2771, 0x2771, 0x2771, \
        0x2771, 0x2771, 0x2771, 0x2771, 0x2771, 0x2771, 0x2771, 0x2771, 0x2771, 0x2771, 0x2771, 0x2771, \
        0x2771, 0x2771, 0x2771, 0x2771, 0x2771, 0x2771, 0x2771, 0x2771, 0x2771, 0x2771, 0x2771, 0x2771, \
        0x2771, 0x2771, 0x2771, 0x2771, 0x2771, 0x2771, 0x2771, 0x2771, 0x2771, 0x2771, 0x2771, 0x2771, \
        0x2771, 0x2771, 0x2771, 0x2771, 0x2771, 0x2771, 0x2771, 0x2771, 0x2771, 0x2771, 0x2771, 0x2771, \
        0x2771, 0x2771, 0x2771, 0x2771, 0x2771, 0x2771, 0x2771, 0x2771, 0x2771, 0x2771, 0x2771, 0x2771, \
        0x2771, 0x2771, 0x2771, 0x2771, 0x2771, 0x2771, 0x2771, 0x2771, 0x2771, 0x2771, 0x2771, 0x2771, \
        0x2771, 0x2771, 0x2771, 0x2771, 0x2771, 0x2771, 0x13EA, 0x00A1, 0x0189, 0x024D, 0x01AA, 0x0081, \
        0x13AA, 0x2751, 0x2771, 0x2771, 0x2771, 0x2771, 0x2771, 0x2771, 0x2771, 0x2771, 0x2771, 0x2771, \
        0x2771, 0x2771, 0x2771, 0x2771, 0x2771, 0x2771, 0x2771, 0x2771, 0x2771, 0x2771, 0x2771, 0x2771, \
        0x2771, 0x2771, 0x2771, 0x2771, 0x2771, 0x2771, 0x2771, 0x2771, 0x2771, 0x2771, 0x2771, 0x2771, \
        0x2771, 0x2771, 0x2771, 0x2771, 0x2771, 0x2771, 0x2771, 0x2771, 0x2771, 0x134A, 0x0000, 0x5C56, \
        0x6D5C, 0x95DC, 0xB65C, 0xAE3C, 0xAE3C, 0xB65C, 0x9558, 0x0000, 0x134A, 0x2771, 0x2771, 0x2771, \
        0x2771, 0x144A, 0x022D, 0x053D, 0x057E, 0x05FE, 0x061F, 0x061F, 0x061F, 0x05DE, 0x03D5, 0x0963, \
        0x2751, 0x2771, 0x2771, 0x2771, 0x2771, 0x2771, 0x2771, 0x2771, 0x2771, 0x2771, 0x2771, 0x2771, \
        0x2771, 0x2771, 0x2771, 0x2771, 0x2771, 0x2771, 0x2771, 0x2771, 0x2771, 0x2771, 0x2771, 0x2771, \
        0x2771, 0x2771, 0x2771, 0x2771, 0x2771, 0x2771, 0x2771, 0x2771, 0x2771, 0x2771, 0x2771, 0x2771, \
        0x2771, 0x2771, 0x2771, 0x2771, 0x2771, 0x2771, 0x2771, 0x2771, 0x2771, 0x2771, 0x2771, 0x2771, \
        0x2771, 0x2771, 0x2771, 0x2771, 0x2771, 0x2771, 0x2771, 0x2771, 0x2771, 0x2771, 0x2771, 0x2771, \
        0x2771, 0x2771, 0x2771, 0x2771, 0x2771, 0x2771, 0x2771, 0x2771, 0x2771, 0x2771, 0x2771, 0x2771, \
        0x2771, 0x2771, 0x2771, 0x2771, 0x2771, 0x2771, 0x2771, 0x2771, 0x2771, 0x2771, 0x2771, 0x2771, \
        0x2771, 0x2771, 0x2771, 0x2771, 0x2771, 0x2771, 0x2771, 0x2771, 0x2771, 0x2771, 0x2771, 0x2771, \
        0x2771, 0x2771, 0x2771, 0x2771, 0x2771, 0x2771, 0x2771, 0x2771, 0x2771, 0x2771, 0x2771, 0x2771, \
        0x2771, 0x2771, 0x2771, 0x2771, 0x2771, 0x2771, 0x2771, 0x2771, 0x2771, 0x2771, 0x2771, 0x2771, \
        0x2771, 0x2771, 0x2771, 0x2771, 0x2771, 0x2771, 0x2771, 0x2771, 0x2771, 0x2771, 0x2771, 0x2771, \
        0x2771, 0x2771, 0x2771, 0x2771, 0x2771, 0x2771, 0x2771, 0x2771, 0x2771, 0x2771, 0x2771, 0x2771, \
        0x2771, 0x2771, 0x2771, 0x2771, 0x2771, 0x2771, 0x2771, 0x2771, 0x2771, 0x2771, 0x2771, 0x2771, \
        0x2771, 0x2771, 0x2771, 0x2771, 0x2771, 0x2771, 0x2771, 0x2771, 0x2771, 0x2771, 0x2771, 0x2771, \
        0x2771, 0x2771, 0x2771, 0x2771, 0x2771, 0x2771, 0x2771, 0x2771, 0x2771, 0x2771, 0x2771, 0x2771, \
        0x2771, 0x2771, 0x2771, 0x2771, 0x2771, 0x2771, 0x2771, 0x2771, 0x2771, 0x2771, 0x2771, 0x2771, \
        0x2771, 0x2771, 0x2771, 0x2771, 0x2771, 0x2771, 0x2771, 0x2771, 0x2771, 0x2771, 0x2771, 0x2771, \
        0x2771, 0x2771, 0x2771, 0x2771, 0x2771, 0x2771, 0x2771, 0x2771, 0x2771, 0x2771, 0x2771, 0x2771, \
        0x2771, 0x2771, 0x2771, 0x2771, 0x2771, 0x2771, 0x2771, 0x2771, 0x2771, 0x2771, 0x2771, 0x2771, \
        0x2771, 0x2771, 0x2771, 0x2771, 0x2771, 0x2771, 0x2771, 0x2771, 0x2771, 0x2771, 0x2771, 0x2771, \
        0x2771, 0x2771, 0x2771, 0x26D0, 0x1D4D, 0x1CCB, 0x1D6C, 0x26D0, 0x2771, 0x2771, 0x2771, 0x2771, \
        0x2771, 0x2771, 0x2771, 0x2771, 0x2771, 0x2771, 0x2771, 0x2771, 0x2771, 0x2771, 0x2771, 0x2771, \
        0x2771, 0x2771, 0x2771, 0x2771, 0x2771, 0x2771, 0x2771, 0x2771, 0x2771, 0x2771, 0x2771, 0x2771, \
        0x2771, 0x2771, 0x2771, 0x2771, 0x2771, 0x2771, 0x2771, 0x2771, 0x2771, 0x2771, 0x2771, 0x2771, \
        0x2771, 0x2771, 0x2771, 0x2771, 0x2771, 0x1CCD, 0x0000, 0x4392, 0x6D5C, 0x8DBC, 0xB65C, 0xAE3C, \
        0xAE3C, 0xB65C, 0x9D99, 0x0000, 0x12E9, 0x2771, 0x2771, 0x2771, 0x2771, 0x2690, 0x0081, 0x0458, \
        0x059F, 0x055D, 0x057D, 0x059E, 0x059E, 0x04FB, 0x01AA, 0x142A, 0x2771, 0x2771, 0x2771, 0x2771, \
        0x2771, 0x2771, 0x2771, 0x2771, 0x2771, 0x2771, 0x2771, 0x2771, 0x2771, 0x2771, 0x2771, 0x2771, \
        0x2771, 0x2771, 0x2771, 0x2771, 0x2771, 0x2771, 0x2771, 0x2771, 0x2771, 0x2771, 0x2771, 0x2771, \
        0x2771, 0x2771, 0x2771, 0x2771, 0x2771, 0x2771, 0x2771, 0x2771, 0x2771, 0x2771, 0x2771, 0x2771, \
        0x2771, 0x2771, 0x2771, 0x2771, 0x2771, 0x2771, 0x2771, 0x2771, 0x2771, 0x2771, 0x2771, 0x2771, \
        0x2771, 0x2771, 0x2771, 0x2771, 0x2771, 0x2771, 0x2771, 0x2771, 0x2771, 0x2771, 0x2771, 0x2771, \
        0x2771, 0x2771, 0x2771, 0x2771, 0x2771, 0x2771, 0x2771, 0x2771, 0x2771, 0x2771, 0x2771, 0x2771, \
        0x2771, 0x2771, 0x2771, 0x2771, 0x2771, 0x2771, 0x2771, 0x2771, 0x2771, 0x2771, 0x2771, 0x2771, \
        0x2771, 0x2771, 0x2771, 0x2771, 0x2771, 0x2771, 0x2771, 0x2771, 0x2771, 0x2771, 0x2771, 0x2771, \
        0x2771, 0x2771, 0x2771, 0x2771, 0x2771, 0x2771, 0x2771, 0x2771, 0x2771, 0x2771, 0x2771, 0x2771, \
        0x2771, 0x2771, 0x2771, 0x2771, 0x2771, 0x2771, 0x2771, 0x2771, 0x2771, 0x2771, 0x2771, 0x2771, \
        0x2771, 0x2771, 0x2771, 0x2771, 0x2771, 0x2771, 0x2771, 0x2771, 0x2771, 0x2771, 0x2771, 0x2771, \
        0x2771, 0x2771, 0x2771, 0x2771, 0x2771, 0x2771, 0x2771, 0x2771, 0x2771, 0x2771, 0x2771, 0x2771, \
        0x2771, 0x2771, 0x2771, 0x2771, 0x2771, 0x2771, 0x2771, 0x2771, 0x2771, 0x2771, 0x2771, 0x2771, \
        0x2771, 0x2771, 0x2771, 0x2771, 0x2771, 0x2771, 0x2771, 0x2771, 0x2771, 0x2771, 0x2771, 0x2771, \
        0x2771, 0x2771, 0x2771, 0x2771, 0x2771, 0x2771, 0x2771, 0x2771, 0x2771, 0x2771, 0x2771, 0x2771, \
        0x2771, 0x2771, 0x2771, 0x2771, 0x2771, 0x2771, 0x2771, 0x2771, 0x2771, 0x2771, 0x2771, 0x2771, \
        0x2771, 0x2771, 0x2771, 0x2771, 0x2771, 0x2771, 0x2771, 0x2771, 0x2771, 0x2771, 0x2771, 0x2771, \
        0x2751, 0x1E2F, 0x2771, 0x2771, 0x2771, 0x2771, 0x2771, 0x2771, 0x2771, 0x2771, 0x2771, 0x2771, \
        0x2771, 0x2771, 0x2771, 0x2771, 0x2771, 0x2771, 0x2771, 0x2771, 0x2771, 0x2771, 0x2771, 0x2771, \
        0x2771, 0x2771, 0x2771, 0x2771, 0x2771, 0x2771, 0x2771, 0x2771, 0x2771, 0x2771, 0x2771, 0x2771, \
        0x2771, 0x2771, 0x2771, 0x2771, 0x2771, 0x2771, 0x2771, 0x2771, 0x2771, 0x2771, 0x2771, 0x2771, \
        0x2771, 0x2771, 0x2771, 0x2771, 0x2771, 0x2771, 0x2771, 0x2771, 0x2771, 0x2771, 0x2771, 0x2771, \
        0x2771, 0x2771, 0x2771, 0x2771, 0x2771, 0x2771, 0x2771, 0x2771, 0x2771, 0x2771, 0x2771, 0x2771, \
        0x2771, 0x2771, 0x2771, 0x2771, 0x2771, 0x2771, 0x2771, 0x2771, 0x2771, 0x2771, 0x2771, 0x2771, \
        0x2771, 0x25CF, 0x0000, 0x3AEF, 0x6D5C, 0x859C, 0xB65C, 0xB65C, 0xAE3C, 0xB65C, 0x9D99, 0x0001, \
        0x12C9, 0x2771, 0x2771, 0x2771, 0x2771, 0x2771, 0x13EA, 0x0128, 0x0478, 0x055D, 0x053D, 0x053C, \
        0x04BA, 0x024E, 0x09C4, 0x2731, 0x2771, 0x2771, 0x2771, 0x2771, 0x2771, 0x2771, 0x2771, 0x2771, \
        0x2771, 0x2771, 0x2771, 0x2771, 0x2771, 0x2771, 0x2771, 0x2771, 0x2771, 0x2771, 0x2771, 0x2771, \
        0x2771, 0x2771, 0x2771, 0x2771, 0x2771, 0x2771, 0x2771, 0x2771, 0x2771, 0x2771, 0x2771, 0x2771, \
        0x2771, 0x2771, 0x2771, 0x2771, 0x2771, 0x2771, 0x2771, 0x2771, 0x2771, 0x2771, 0x2771, 0x2771, \
        0x2771, 0x2771, 0x2771, 0x2771, 0x2771, 0x2771, 0x2771, 0x2771, 0x2771, 0x2771, 0x2771, 0x2771, \
        0x2771, 0x2771, 0x2771, 0x2771, 0x2771, 0x2771, 0x2771, 0x2771, 0x2771, 0x2771, 0x2771, 0x2771, \
        0x2771, 0x2771, 0x2771, 0x2771, 0x2771, 0x2771, 0x2771, 0x2771, 0x2771, 0x2771, 0x2771, 0x2771, \
        0x2771, 0x2771, 0x2771, 0x2771, 0x2771, 0x2771, 0x2771, 0x2771, 0x2771, 0x2771, 0x2771, 0x2771, \
        0x2771, 0x2771, 0x2771, 0x2771, 0x2771, 0x2771, 0x2771, 0x2771, 0x2771, 0x2771, 0x2771, 0x2771, \
        0x2771, 0x2771, 0x2771, 0x2771, 0x2771, 0x2771, 0x2771, 0x2771, 0x2771, 0x2771, 0x2771, 0x2771, \
        0x2771, 0x2771, 0x2771, 0x2771, 0x2771, 0x2771, 0x2771, 0x2771, 0x2771, 0x2771, 0x2771, 0x2771, \
        0x2771, 0x2771, 0x2771, 0x2771, 0x2771, 0x2771, 0x2771, 0x2771, 0x2771, 0x2771, 0x2771, 0x2771, \
        0x2771, 0x2771, 0x2771, 0x2771, 0x2771, 0x2771, 0x2771, 0x2771, 0x2771, 0x2771, 0x2771, 0x2771, \
        0x2771, 0x2771, 0x2771, 0x2771, 0x2771, 0x2771, 0x2771, 0x2771, 0x2771, 0x2771, 0x2771, 0x2771, \
        0x2771, 0x2771, 0x2771, 0x2771, 0x2771, 0x2771, 0x2771, 0x2771, 0x2771, 0x2771, 0x2771, 0x2771, \
        0x2771, 0x2771, 0x2771, 0x2771, 0x2771, 0x2771, 0x2771, 0x2771, 0x2771, 0x2771, 0x2771, 0x2771, \
        0x2771, 0x2771, 0x2771, 0x2771, 0x2771, 0x2771, 0x2771, 0x2771, 0x2771, 0x2771, 0x2771, 0x2771, \
        0x2771, 0x2771, 0x2771, 0x2771, 0x2771, 0x2771, 0x2771, 0x2771, 0x2771, 0x136A, 0x1DAE, 0x2771, \
        0x2771, 0x2771, 0x2771, 0x2771, 0x2771, 0x2771, 0x2771, 0x2771, 0x2771, 0x2771, 0x2771, 0x2771, \
        0x2771, 0x2771, 0x2771, 0x2771, 0x2771, 0x2771, 0x2771, 0x2771, 0x2771, 0x2771, 0x2771, 0x2771, \
        0x2771, 0x2771, 0x2771, 0x2771, 0x2771, 0x2771, 0x2771, 0x2771, 0x2771, 0x2771, 0x2771, 0x2771, \
        0x2771, 0x2771, 0x2771, 0x2771, 0x2771, 0x2771, 0x2771, 0x2771, 0x2771, 0x2771, 0x2771, 0x2771, \
        0x2771, 0x2771, 0x2771, 0x2771, 0x2771, 0x2771, 0x2771, 0x2771, 0x2771, 0x2771, 0x2771, 0x2771, \
        0x2771, 0x2771, 0x2771, 0x2771, 0x2771, 0x2771, 0x2771, 0x2771, 0x2771, 0x2771, 0x2771, 0x2771, \
        0x2771, 0x2771, 0x2771, 0x2771, 0x2771, 0x2771, 0x2771, 0x2771, 0x2771, 0x2690, 0x0042, 0x2A4C, \
        0x6D3B, 0x859C, 0xB65C, 0xB65C, 0xB65C, 0xB65D, 0x9D99, 0x0000, 0x0AC8, 0x2771, 0x2771, 0x2771, \
        0x2771, 0x2771, 0x2771, 0x13CB, 0x0062, 0x022D, 0x02CF, 0x024D, 0x00A5, 0x0A66, 0x26F0, 0x2771, \
        0x2771, 0x2771, 0x2771, 0x2771, 0x2771, 0x2771, 0x2771, 0x2771, 0x2771, 0x2771, 0x2771, 0x2771, \
        0x2771, 0x2771, 0x2771, 0x2771, 0x2771, 0x2771, 0x2771, 0x2771, 0x2771, 0x2771, 0x2771, 0x2771, \
        0x2771, 0x2771, 0x2771, 0x2771, 0x2771, 0x2771, 0x2771, 0x2771, 0x2771, 0x2771, 0x2771, 0x2771, \
        0x2771, 0x2771, 0x2771, 0x2771, 0x2771, 0x2771, 0x2771, 0x2771, 0x2771, 0x2771, 0x2771, 0x2771, \
        0x2771, 0x2771, 0x2771, 0x2771, 0x2771, 0x2771, 0x2771, 0x2771, 0x2771, 0x2771, 0x2771, 0x2771, \
        0x2771, 0x2771, 0x2771, 0x2771, 0x2771, 0x2771, 0x2771, 0x2771, 0x2771, 0x2771, 0x2771, 0x2771, \
        0x2771, 0x2771, 0x2771, 0x2771, 0x2771, 0x2771, 0x2771, 0x2771, 0x2771, 0x2771, 0x2771, 0x2771, \
        0x2771, 0x2771, 0x2771, 0x2771, 0x2771, 0x2771, 0x2771, 0x2771, 0x2771, 0x2771, 0x2771, 0x2771, \
        0x2771, 0x2771, 0x2771, 0x2771, 0x2771, 0x2771, 0x2771, 0x2771, 0x2771, 0x2771, 0x2771, 0x2771, \
        0x2771, 0x2771, 0x2771, 0x2771, 0x2771, 0x2771, 0x2771, 0x2771, 0x2771, 0x2771, 0x2771, 0x2771, \
        0x2771, 0x2771, 0x2771, 0x2771, 0x2771, 0x2771, 0x2771, 0x2771, 0x2771, 0x2771, 0x2771, 0x2771, \
        0x2771, 0x2771, 0x2771, 0x2771, 0x2771, 0x2771, 0x2771, 0x2771, 0x2771, 0x2771, 0x2771, 0x2771, \
        0x2771, 0x2771, 0x2771, 0x2771, 0x2771, 0x2771, 0x2771, 0x2771, 0x2771, 0x2771, 0x2771, 0x2771, \
        0x2771, 0x2771, 0x2771, 0x2771, 0x2771, 0x2771, 0x2771, 0x2771, 0x2771, 0x2771, 0x2771, 0x2771, \
        0x2771, 0x2771, 0x2771, 0x2771, 0x2771, 0x2771, 0x2771, 0x2771, 0x2771, 0x2771, 0x2771, 0x2771, \
        0x2771, 0x2771, 0x2771, 0x2771, 0x2771, 0x2771, 0x2771, 0x2771, 0x2771, 0x2771, 0x2771, 0x2771, \
        0x2771, 0x2771, 0x2771, 0x2771, 0x2771, 0x2771, 0x2771, 0x2771, 0x2771, 0x2771, 0x2771, 0x2771, \
        0x2771, 0x2771, 0x2771, 0x2771, 0x2771, 0x144B, 0x09C7, 0x2731, 0x2771, 0x2771, 0x2771, 0x2771, \
        0x2771, 0x2771, 0x2771, 0x2771, 0x2771, 0x2771, 0x2771, 0x2771, 0x2771, 0x2771, 0x2771, 0x2771, \
        0x2771, 0x2771, 0x2771, 0x2771, 0x2771, 0x2771, 0x2771, 0x2771, 0x2771, 0x2771, 0x2771, 0x2771, \
        0x2771, 0x2771, 0x2771, 0x2771, 0x2771, 0x2771, 0x2771, 0x2771, 0x2771, 0x2771, 0x2771, 0x2771, \
        0x2771, 0x2771, 0x2771, 0x2771, 0x2771, 0x2771, 0x2771, 0x2771, 0x2771, 0x2771, 0x2771, 0x2771, \
        0x2771, 0x2771, 0x2771, 0x2771, 0x2771, 0x2771, 0x2771, 0x2771, 0x2771, 0x2771, 0x2771, 0x2771, \
        0x2771, 0x2771, 0x2771, 0x2771, 0x2771, 0x2771, 0x2771, 0x2771, 0x2771, 0x2771, 0x2771, 0x2771, \
        0x2771, 0x2771, 0x2771, 0x2771, 0x2771, 0x26D0, 0x00A4, 0x21EB, 0x6D3B, 0x85BC, 0xB65C, 0xB65C, \
        0xB65C, 0xB65D, 0x9558, 0x0000, 0x136A, 0x2771, 0x2771, 0x2771, 0x2771, 0x2771, 0x2771, 0x2771, \
        0x2690, 0x1C8A, 0x13A8, 0x1429, 0x1E0F, 0x2771, 0x2771, 0x2771, 0x2771, 0x2771, 0x2771, 0x2771, \
        0x2771, 0x2771, 0x2771, 0x2771, 0x2771, 0x2771, 0x2771, 0x2771, 0x2771, 0x2771, 0x2771, 0x2771, \
        0x2771, 0x2771, 0x2771, 0x2771, 0x2771, 0x2771, 0x2771, 0x2771, 0x2771, 0x2771, 0x2771, 0x2771, \
        0x2771, 0x2771, 0x2771, 0x2771, 0x2771, 0x2771, 0x2771, 0x2771, 0x2771, 0x2771, 0x2771, 0x2771, \
        0x2771, 0x2771, 0x2771, 0x2771, 0x2771, 0x2771, 0x2771, 0x2771, 0x2771, 0x2771, 0x2771, 0x2771, \
        0x2771, 0x2771, 0x2771, 0x2771, 0x2771, 0x2771, 0x2771, 0x2771, 0x2771, 0x2771, 0x2771, 0x2771, \
        0x2771, 0x2771, 0x2771, 0x2771, 0x2771, 0x2771, 0x2771, 0x2771, 0x2771, 0x2771, 0x2771, 0x2771, \
        0x2771, 0x2771, 0x2771, 0x2771, 0x2771, 0x2771, 0x2771, 0x2771, 0x2771, 0x2771, 0x2771, 0x2771, \
        0x2771, 0x2771, 0x2771, 0x2771, 0x2771, 0x2771, 0x2771, 0x2771, 0x2771, 0x2771, 0x2771, 0x2771, \
        0x2771, 0x2771, 0x2771, 0x2771, 0x2771, 0x2771, 0x2771, 0x2771, 0x2771, 0x2771, 0x2771, 0x2771, \
        0x2771, 0x2771, 0x2771, 0x2771, 0x2771, 0x2771, 0x2771, 0x2771, 0x2771, 0x2771, 0x2771, 0x2771, \
        0x2771, 0x2771, 0x2771, 0x2771, 0x2771, 0x2771, 0x2771, 0x2771, 0x2771, 0x2771, 0x2771, 0x2771, \
        0x2771, 0x2771, 0x2771, 0x2771, 0x2771, 0x2771, 0x2771, 0x2771, 0x2771, 0x2771, 0x2771, 0x2771, \
        0x2771, 0x2771, 0x2771, 0x2771, 0x2771, 0x2771, 0x2771, 0x2771, 0x2771, 0x2771, 0x2771, 0x2771, \
        0x2771, 0x2771, 0x2771, 0x2771, 0x2771, 0x2771, 0x2771, 0x2771, 0x2771, 0x2771, 0x2771, 0x2771, \
        0x2771, 0x2771, 0x2771, 0x2771, 0x2771, 0x2771, 0x2771, 0x2771, 0x2771, 0x2771, 0x2771, 0x2771, \
        0x2771, 0x2771, 0x2771, 0x2771, 0x2771, 0x2771, 0x2771, 0x2771, 0x2771, 0x2771, 0x2771, 0x2771, \
        0x2771, 0x2771, 0x2771, 0x2771, 0x2771, 0x2771, 0x2771, 0x2771, 0x2771, 0x2771, 0x2771, 0x2771, \
        0x2771, 0x1DEE, 0x0044, 0x138A, 0x2771, 0x2771, 0x2771, 0x2771, 0x2771, 0x2771, 0x2771, 0x2771, \
        0x2771, 0x2771, 0x2771, 0x2771, 0x2771, 0x2771, 0x2771, 0x2771, 0x2771, 0x2771, 0x2771, 0x2771, \
        0x2771, 0x2771, 0x2771, 0x2771, 0x2771, 0x2771, 0x2771, 0x2771, 0x2771, 0x2771, 0x2771, 0x2771, \
        0x2771, 0x2771, 0x2771, 0x2771, 0x2771, 0x2771, 0x2771, 0x2771, 0x2771, 0x2771, 0x2771, 0x2771, \
        0x2771, 0x2771, 0x2771, 0x2771, 0x2771, 0x2771, 0x2771, 0x2771, 0x2771, 0x2771, 0x2771, 0x2771, \
        0x2771, 0x2771, 0x2771, 0x2771, 0x2771, 0x2771, 0x2771, 0x2771, 0x2771, 0x2771, 0x2771, 0x2771, \
        0x2771, 0x2771, 0x2771, 0x2771, 0x2771, 0x2771, 0x2771, 0x2771, 0x2771, 0x2771, 0x2771, 0x2771, \
        0x2771, 0x2711, 0x0105, 0x21AA, 0x6D5B, 0x85BC, 0xB65C, 0xAE5C, 0xAE5C, 0xB67D, 0x8D17, 0x0000, \
        0x142B, 0x2771, 0x2771, 0x2771, 0x2771, 0x2771, 0x2771, 0x2771, 0x2771, 0x2771, 0x2771, 0x2771, \
        0x2771, 0x2771, 0x2771, 0x2771, 0x2771, 0x2771, 0x2771, 0x2771, 0x2771, 0x2771, 0x2771, 0x2771, \
        0x2771, 0x2771, 0x2771, 0x2771, 0x2771, 0x2771, 0x2771, 0x2771, 0x2771, 0x2771, 0x2771, 0x2771, \
        0x2771, 0x2771, 0x2771, 0x2771, 0x2771, 0x2771, 0x2771, 0x2771, 0x2771, 0x2771, 0x2771, 0x2771, \
        0x2771, 0x2771, 0x2771, 0x2771, 0x2771, 0x2771, 0x2771, 0x2771, 0x2771, 0x2771, 0x2771, 0x2771, \
        0x2771, 0x2771, 0x2771, 0x2771, 0x2771, 0x2771, 0x2771, 0x2771, 0x2771, 0x2771, 0x2771, 0x2771, \
        0x2771, 0x2771, 0x2771, 0x2771, 0x2771, 0x2771, 0x2771, 0x2771, 0x2771, 0x2771, 0x2771, 0x2771, \
        0x2771, 0x2771, 0x2771, 0x2771, 0x2771, 0x2771, 0x2771, 0x2771, 0x2771, 0x2771, 0x2771, 0x2771, \
        0x2771, 0x2771, 0x2771, 0x2771, 0x2771, 0x2771, 0x2771, 0x2771, 0x2771, 0x2771, 0x2771, 0x2771, \
        0x2771, 0x2771, 0x2771, 0x2771, 0x2771, 0x2771, 0x2771, 0x2771, 0x2771, 0x2771, 0x2771, 0x2771, \
        0x2771, 0x2771, 0x2771, 0x2771, 0x2771, 0x2771, 0x2771, 0x2771, 0x2771, 0x2771, 0x2771, 0x2771, \
        0x2771, 0x2771, 0x2771, 0x2771, 0x2771, 0x2771, 0x2771, 0x2771, 0x2771, 0x2771, 0x2771, 0x2771, \
        0x2771, 0x2771, 0x2771, 0x2771, 0x2771, 0x2771, 0x2771, 0x2771, 0x2771, 0x2771, 0x2771, 0x2771, \
        0x2771, 0x2771, 0x2771, 0x2771, 0x2771, 0x2771, 0x2771, 0x2771, 0x2771, 0x2771, 0x2771, 0x2771, \
        0x2771, 0x2771, 0x2771, 0x2771, 0x2771, 0x2771, 0x2771, 0x2771, 0x2771, 0x2771, 0x2771, 0x2771, \
        0x2771, 0x2771, 0x2771, 0x2771, 0x2771, 0x2771, 0x2771, 0x2771, 0x2771, 0x2771, 0x2771, 0x2771, \
        0x2771, 0x2771, 0x2771, 0x2771, 0x2771, 0x2771, 0x2771, 0x2771, 0x2771, 0x2771, 0x2771, 0x2771, \
        0x2771, 0x2771, 0x2771, 0x2771, 0x2771, 0x2771, 0x2771, 0x2771, 0x2771, 0x2771, 0x2771, 0x2771, \
        0x2771, 0x2771, 0x2771, 0x2771, 0x2771, 0x2771, 0x2771, 0x2771, 0x2771, 0x2710, 0x0146, 0x0044, \
        0x1D2D, 0x2771, 0x2771, 0x2771, 0x2771, 0x2771, 0x2771, 0x2771, 0x2771, 0x2771, 0x2771, 0x2771, \
        0x2771, 0x2771, 0x2771, 0x2771, 0x2771, 0x2771, 0x2771, 0x2771, 0x2771, 0x2771, 0x2771, 0x2771, \
        0x2771, 0x2771, 0x2771, 0x2771, 0x2771, 0x2771, 0x2771, 0x2771, 0x2771, 0x2771, 0x2771, 0x2771, \
        0x2771, 0x2771, 0x2771, 0x2771, 0x2771, 0x2771, 0x2771, 0x2771, 0x2771, 0x2771, 0x2771, 0x2771, \
        0x2771, 0x2771, 0x2771, 0x2771, 0x2771, 0x2771, 0x2771, 0x2771, 0x2771, 0x2771, 0x2771, 0x2771, \
        0x2771, 0x2771, 0x2771, 0x2771, 0x2771, 0x2771, 0x2771, 0x2771, 0x2771, 0x2771, 0x2771, 0x2771, \
        0x2771, 0x2771, 0x2771, 0x2771, 0x2771, 0x2771, 0x2771, 0x2771, 0x2771, 0x2711, 0x0105, 0x21A9, \
        0x6D3B, 0x859C, 0xAE3C, 0xAE3C, 0xAE5C, 0xB67D, 0x7C95, 0x0000, 0x1CCD, 0x2771, 0x2771, 0x2751, \
        0x26D0, 0x2690, 0x26D0, 0x2731, 0x2771, 0x2771, 0x2771, 0x2771, 0x2771, 0x2771, 0x2771, 0x2771, \
        0x2771, 0x2771, 0x2771, 0x2771, 0x2771, 0x2771, 0x2771, 0x2771, 0x2771, 0x2771, 0x2771, 0x2771, \
        0x2771, 0x2771, 0x2771, 0x2771, 0x2771, 0x2771, 0x2771, 0x2771, 0x2771, 0x2771, 0x2771, 0x2771, \
        0x2771, 0x2771, 0x2771, 0x2771, 0x2771, 0x2771, 0x2771, 0x2771, 0x2771, 0x2771, 0x2771, 0x2771, \
        0x2771, 0x2771, 0x2771, 0x2771, 0x2771, 0x2771, 0x2771, 0x2771, 0x2771, 0x2771, 0x2771, 0x2771, \
        0x2771, 0x2771, 0x2771, 0x2771, 0x2771, 0x2771, 0x2771, 0x2771, 0x2771, 0x2771, 0x2771, 0x2771, \
        0x2771, 0x2771, 0x2771, 0x2771, 0x2771, 0x2771, 0x2771, 0x2771, 0x2771, 0x2771, 0x2771, 0x2771, \
        0x2771, 0x2771, 0x2771, 0x2771, 0x2771, 0x2771, 0x2771, 0x2771, 0x2771, 0x2771, 0x2771, 0x2771, \
        0x2771, 0x2771, 0x2771, 0x2771, 0x2771, 0x2771, 0x2771, 0x2771, 0x2771, 0x2771, 0x2771, 0x2771, \
        0x2771, 0x2771, 0x2771, 0x2771, 0x2771, 0x2771, 0x2771, 0x2771, 0x2771, 0x2771, 0x2771, 0x2771, \
        0x2771, 0x2771, 0x2771, 0x2771, 0x2771, 0x2771, 0x2771, 0x2771, 0x2771, 0x2771, 0x2771, 0x2771, \
        0x2771, 0x2771, 0x2771, 0x2771, 0x2771, 0x2771, 0x2771, 0x2771, 0x2771, 0x2771, 0x2771, 0x2771, \
        0x2771, 0x2771, 0x2771, 0x2771, 0x2771, 0x2771, 0x2771, 0x2771, 0x2771, 0x2771, 0x2771, 0x2771, \
        0x2771, 0x2771, 0x2771, 0x2771, 0x2771, 0x2771, 0x2771, 0x2771, 0x2771, 0x2771, 0x2771, 0x2771, \
        0x2771, 0x2771, 0x2771, 0x2771, 0x2771, 0x2771, 0x2771, 0x2771, 0x2771, 0x2771, 0x2771, 0x2771, \
        0x2771, 0x2771, 0x2771, 0x2771, 0x2771, 0x2771, 0x2771, 0x2771, 0x2771, 0x2771, 0x2771, 0x2771, \
        0x2771, 0x2771, 0x2771, 0x2771, 0x2771, 0x2771, 0x2771, 0x2771, 0x2771, 0x2771, 0x2771, 0x2771, \
        0x2771, 0x2771, 0x2771, 0x2771, 0x2771, 0x2771, 0x2771, 0x2771, 0x2771, 0x2771, 0x2771, 0x2771, \
        0x2771, 0x2771, 0x2771, 0x2771, 0x2771, 0x2771, 0x0B29, 0x0044, 0x0105, 0x1E2F, 0x2771, 0x2771, \
        0x2771, 0x2771, 0x2771, 0x2771, 0x2771, 0x2771, 0x2771, 0x2771, 0x2771, 0x2771, 0x2771, 0x2771, \
        0x2771, 0x2771, 0x2771, 0x2771, 0x2771, 0x2771, 0x2771, 0x2771, 0x2771, 0x2771, 0x2771, 0x2771, \
        0x2771, 0x2771, 0x2771, 0x2771, 0x2771, 0x2771, 0x2771, 0x2771, 0x2771, 0x2771, 0x2771, 0x2771, \
        0x2771, 0x2771, 0x2771, 0x2771, 0x2771, 0x2771, 0x2771, 0x2771, 0x2771, 0x2771, 0x2771, 0x2771, \
        0x2771, 0x2771, 0x2771, 0x2771, 0x2771, 0x2771, 0x2771, 0x2771, 0x2771, 0x2771, 0x2771, 0x2771, \
        0x2771, 0x2771, 0x2771, 0x2771, 0x2771, 0x2771, 0x2771, 0x2771, 0x2771, 0x2771, 0x2771, 0x2771, \
        0x2771, 0x2771, 0x2771, 0x2771, 0x2771, 0x26F0, 0x00C4, 0x21EA, 0x6D3B, 0x85BC, 0xAE3C, 0xAE3C, \
        0xB65C, 0xB67D, 0x6BD1, 0x0000, 0x25EF, 0x2690, 0x1349, 0x0983, 0x00A1, 0x0061, 0x0081, 0x0143, \
        0x12E7, 0x1E0F, 0x2771, 0x2771, 0x2771, 0x2771, 0x2771, 0x2771, 0x2771, 0x2771, 0x2771, 0x2771, \
        0x2771, 0x2771, 0x2771, 0x2771, 0x2771, 0x2771, 0x2771, 0x2771, 0x2771, 0x2771, 0x2771, 0x2771, \
        0x2771, 0x2771, 0x2771, 0x2771, 0x2771, 0x2771, 0x2771, 0x2771, 0x2771, 0x2771, 0x2771, 0x2771, \
        0x2771, 0x2771, 0x2771, 0x2771, 0x2771, 0x2771, 0x2771, 0x2771, 0x2771, 0x2771, 0x2771, 0x2771, \
        0x2771, 0x2771, 0x2771, 0x2771, 0x2771, 0x2771, 0x2771, 0x2771, 0x2771, 0x2771, 0x2771, 0x2771, \
        0x2771, 0x2771, 0x2771, 0x2771, 0x2771, 0x2771, 0x2771, 0x2771, 0x2771, 0x2771, 0x2771, 0x2771, \
        0x2771, 0x2771, 0x2771, 0x2771, 0x2771, 0x2771, 0x2771, 0x2771, 0x2771, 0x2771, 0x2771, 0x2771, \
        0x2771, 0x2771, 0x2771, 0x2771, 0x2771, 0x2771, 0x2771, 0x2771, 0x2771, 0x2771, 0x2771, 0x2771, \
        0x2771, 0x2771, 0x2771, 0x2771, 0x2771, 0x2771, 0x2771, 0x2771, 0x2771, 0x2771, 0x2771, 0x2771, \
        0x2771, 0x2771, 0x2771, 0x2771, 0x2771, 0x2771, 0x2771, 0x2771, 0x2771, 0x2771, 0x2771, 0x2771, \
        0x2771, 0x2771, 0x2771, 0x2771, 0x2771, 0x2771, 0x2771, 0x2771, 0x2771, 0x2771, 0x2771, 0x2771, \
        0x2771, 0x2771, 0x2771, 0x2771, 0x2771, 0x2771, 0x2771, 0x2771, 0x2771, 0x2771, 0x2771, 0x2771, \
        0x2771, 0x2771, 0x2771, 0x2771, 0x2771, 0x2771, 0x2771, 0x2771, 0x2771, 0x2771, 0x2771, 0x2771, \
        0x2771, 0x2771, 0x2771, 0x2771, 0x2771, 0x2771, 0x2771, 0x2771, 0x2771, 0x2771, 0x2771, 0x2771, \
        0x2771, 0x2771, 0x2771, 0x2771, 0x2771, 0x2771, 0x2771, 0x2771, 0x2771, 0x2771, 0x2771, 0x2771, \
        0x2771, 0x2771, 0x2771, 0x2771, 0x2771, 0x2771, 0x2771, 0x2771, 0x2771, 0x2771, 0x2771, 0x2771, \
        0x2771, 0x2771, 0x2771, 0x2771, 0x2771, 0x2771, 0x2771, 0x2771, 0x2771, 0x2771, 0x2771, 0x2771, \
        0x2771, 0x2771, 0x2771, 0x2771, 0x2771, 0x2771, 0x2771, 0x2771, 0x2771, 0x2771, 0x2771, 0x2771, \
        0x2771, 0x2771, 0x1D6D, 0x0064, 0x0044, 0x09E7, 0x2751, 0x2771, 0x2771, 0x2771, 0x2771, 0x2771, \
        0x2771, 0x2771, 0x2771, 0x2771, 0x2771, 0x2771, 0x2771, 0x2771, 0x2771, 0x2771, 0x2771, 0x2771, \
        0x2771, 0x2771, 0x2771, 0x2771, 0x2771, 0x2771, 0x2771, 0x2771, 0x2771, 0x2771, 0x2771, 0x2771, \
        0x2771, 0x2771, 0x2771, 0x2771, 0x2771, 0x2771, 0x2771, 0x2771, 0x2771, 0x2771, 0x2771, 0x2771, \
        0x2771, 0x2771, 0x2771, 0x2771, 0x2771, 0x2771, 0x2771, 0x2771, 0x2771, 0x2771, 0x2771, 0x2771, \
        0x2771, 0x2771, 0x2771, 0x2771, 0x2771, 0x2771, 0x2771, 0x2771, 0x2771, 0x2771, 0x2771, 0x2771, \
        0x2771, 0x2771, 0x2771, 0x2771, 0x2771, 0x2771, 0x2771, 0x2771, 0x2771, 0x2771, 0x2771, 0x2771, \
        0x2771, 0x2690, 0x0061, 0x326D, 0x755C, 0x8DDC, 0xB65C, 0xAE3C, 0xB65C, 0xB65C, 0x4ACD, 0x0043, \
        0x1309, 0x0061, 0x01CA, 0x03F4, 0x04F8, 0x053A, 0x0519, 0x0414, 0x022C, 0x0020, 0x134A, 0x2731, \
        0x2771, 0x2771, 0x2771, 0x2771, 0x2771, 0x2771, 0x2771, 0x2771, 0x2771, 0x2771, 0x2771, 0x2771, \
        0x2771, 0x2771, 0x2771, 0x2771, 0x2771, 0x2771, 0x2771, 0x2771, 0x2771, 0x2771, 0x2771, 0x2771, \
        0x2771, 0x2771, 0x2771, 0x2771, 0x2771, 0x2771, 0x2771, 0x2771, 0x2771, 0x2771, 0x2771, 0x2771, \
        0x2771, 0x2771, 0x2771, 0x2771, 0x2771, 0x2771, 0x2771, 0x2771, 0x2771, 0x2771, 0x2771, 0x2771, \
        0x2771, 0x2771, 0x2771, 0x2771, 0x2771, 0x2771, 0x2771, 0x2771, 0x2771, 0x2771, 0x2771, 0x2771, \
        0x2771, 0x2771, 0x2771, 0x2771, 0x2771, 0x2771, 0x2771, 0x2771, 0x2771, 0x2771, 0x2771, 0x2771, \
        0x2771, 0x2771, 0x2771, 0x2771, 0x2771, 0x2771, 0x2771, 0x2771, 0x2771, 0x2771, 0x2771, 0x2771, \
        0x2771, 0x2771, 0x2771, 0x2771, 0x2771, 0x2771, 0x2771, 0x2771, 0x2771, 0x2771, 0x2771, 0x2771, \
        0x2771, 0x2771, 0x2771, 0x2771, 0x2771, 0x2771, 0x2771, 0x2771, 0x2771, 0x2771, 0x2771, 0x2771, \
        0x2771, 0x2771, 0x2771, 0x2771, 0x2771, 0x2771, 0x2771, 0x2771, 0x2771, 0x2771, 0x2771, 0x2771, \
        0x2771, 0x2771, 0x2771, 0x2771, 0x2771, 0x2771, 0x2771, 0x2771, 0x2771, 0x2771, 0x2771, 0x2771, \
        0x2771, 0x2771, 0x2771, 0x2771, 0x2771, 0x2771, 0x2771, 0x2771, 0x2771, 0x2771, 0x2771, 0x2771, \
        0x2771, 0x2771, 0x2771, 0x2771, 0x2771, 0x2771, 0x2771, 0x2771, 0x2771, 0x2771, 0x2771, 0x2771, \
        0x2771, 0x2771, 0x2771, 0x2771, 0x2771, 0x2771, 0x2771, 0x2771, 0x2771, 0x2771, 0x2771, 0x2771, \
        0x2771, 0x2771, 0x2771, 0x2771, 0x2771, 0x2771, 0x2771, 0x2771, 0x2771, 0x2771, 0x2771, 0x2771, \
        0x2771, 0x2771, 0x2771, 0x2771, 0x2771, 0x2771, 0x2771, 0x2771, 0x2771, 0x2771, 0x2771, 0x2771, \
        0x2771, 0x2771, 0x2771, 0x2771, 0x2771, 0x2771, 0x2771, 0x2771, 0x2771, 0x2771, 0x2771, 0x2771, \
        0x2771, 0x2771, 0x2771, 0x2771, 0x2771, 0x2771, 0x2771, 0x2771, 0x2771, 0x2771, 0x2710, 0x0166, \
        0x08C5, 0x1106, 0x140A, 0x2771, 0x2771, 0x2771, 0x2771, 0x2771, 0x2771, 0x2771, 0x2771, 0x2771, \
        0x2771, 0x2771, 0x2771, 0x2771, 0x2771, 0x2771, 0x2771, 0x2771, 0x2771, 0x2771, 0x2771, 0x2771, \
        0x2771, 0x2771, 0x2771, 0x2771, 0x2771, 0x2771, 0x2771, 0x2771, 0x2771, 0x2771, 0x2771, 0x2771, \
        0x2771, 0x2771, 0x2771, 0x2771, 0x2771, 0x2771, 0x2771, 0x2771, 0x2771, 0x2771, 0x2771, 0x2771, \
        0x2771, 0x2771, 0x2771, 0x2771, 0x2771, 0x2771, 0x2771, 0x2771, 0x2771, 0x2771, 0x2771, 0x2771, \
        0x2771, 0x2771, 0x2771, 0x2771, 0x2771, 0x2771, 0x2771, 0x2771, 0x2771, 0x2771, 0x2771, 0x2771, \
        0x2771, 0x2771, 0x2771, 0x2771, 0x2771, 0x2771, 0x2771, 0x2771, 0x2771, 0x260F, 0x0020, 0x3B10, \
        0x757C, 0x95DC, 0xB65C, 0xAE3C, 0xAE5C, 0xA5DA, 0x1106, 0x0001, 0x0025, 0x0415, 0x05BD, 0x061F, \
        0x061F, 0x061F, 0x161F, 0x669E, 0x6E7D, 0x14D8, 0x0129, 0x0A27, 0x2731, 0x2771, 0x2771, 0x2771, \
        0x2771, 0x2771, 0x2771, 0x2771, 0x2771, 0x2771, 0x2771, 0x2771, 0x2771, 0x2771, 0x2771, 0x2771, \
        0x2771, 0x2771, 0x2771, 0x2771, 0x2771, 0x2771, 0x2771, 0x2771, 0x2771, 0x2771, 0x2771, 0x2771, \
        0x2771, 0x2771, 0x2771, 0x2771, 0x2771, 0x2771, 0x2771, 0x2771, 0x2771, 0x2771, 0x2771, 0x2771, \
        0x2771, 0x2771, 0x2771, 0x2771, 0x2771, 0x2771, 0x2771, 0x2771, 0x2771, 0x2771, 0x2771, 0x2771, \
        0x2771, 0x2771, 0x2771, 0x2771, 0x2771, 0x2771, 0x2771, 0x2771, 0x2771, 0x2771, 0x2771, 0x2771, \
        0x2771, 0x2771, 0x2771, 0x2771, 0x2771, 0x2771, 0x2771, 0x2771, 0x2771, 0x2771, 0x2771, 0x2771, \
        0x2771, 0x2771, 0x2771, 0x2771, 0x2771, 0x2771, 0x2771, 0x2771, 0x2771, 0x2771, 0x2771, 0x2771, \
        0x2771, 0x2771, 0x2771, 0x2771, 0x2771, 0x2771, 0x2771, 0x2771, 0x2771, 0x2771, 0x2771, 0x2771, \
        0x2771, 0x2771, 0x2771, 0x2771, 0x2771, 0x2771, 0x2771, 0x2771, 0x2771, 0x2771, 0x2771, 0x2771, \
        0x2771, 0x2771, 0x2771, 0x2771, 0x2771, 0x2771, 0x2771, 0x2771, 0x2771, 0x2771, 0x2771, 0x2771, \
        0x2771, 0x2771, 0x2771, 0x2771, 0x2771, 0x2771, 0x2771, 0x2771, 0x2771, 0x2771, 0x2771, 0x2771, \
        0x2771, 0x2771, 0x2771, 0x2771, 0x2771, 0x2771, 0x2771, 0x2771, 0x2771, 0x2771, 0x2771, 0x2771, \
        0x2771, 0x2771, 0x2771, 0x2771, 0x2771, 0x2771, 0x2771, 0x2771, 0x2771, 0x2771, 0x2771, 0x2771, \
        0x2771, 0x2771, 0x2771, 0x2771, 0x2771, 0x2771, 0x2771, 0x2771, 0x2771, 0x2771, 0x2771, 0x2771, \
        0x2771, 0x2771, 0x2771, 0x2771, 0x2771, 0x2771, 0x2771, 0x2771, 0x2771, 0x2771, 0x2771, 0x2771, \
        0x2771, 0x2771, 0x2771, 0x2771, 0x2771, 0x2771, 0x2771, 0x2771, 0x2771, 0x2771, 0x2771, 0x2771, \
        0x2771, 0x2771, 0x2771, 0x2771, 0x2771, 0x2771, 0x2771, 0x2771, 0x2771, 0x2771, 0x2771, 0x2771, \
        0x2771, 0x2771, 0x2771, 0x2771, 0x2771, 0x2771, 0x2771, 0x142B, 0x0003, 0x428D, 0x1967, 0x1D6D, \
        0x2771, 0x2771, 0x2771, 0x2771, 0x2771, 0x2771, 0x2771, 0x2771, 0x2771, 0x2771, 0x2771, 0x2771, \
        0x2771, 0x2771, 0x2771, 0x2771, 0x2771, 0x2771, 0x2771, 0x2771, 0x2771, 0x2771, 0x2771, 0x2771, \
        0x2771, 0x2771, 0x2771, 0x2771, 0x2771, 0x2771, 0x2771, 0x2771, 0x2771, 0x2771, 0x2771, 0x2771, \
        0x2771, 0x2771, 0x2771, 0x2771, 0x2771, 0x2771, 0x2771, 0x2771, 0x2771, 0x2771, 0x2771, 0x2771, \
        0x2771, 0x2771, 0x2771, 0x2771, 0x2771, 0x2771, 0x2771, 0x2771, 0x2771, 0x2771, 0x2771, 0x2771, \
        0x2771, 0x2771, 0x2771, 0x2771, 0x2771, 0x2771, 0x2771, 0x2771, 0x2771, 0x2771, 0x2771, 0x2771, \
        0x2771, 0x2771, 0x2771, 0x2771, 0x2771, 0x1CED, 0x0000, 0x4B93, 0x757C, 0x9DFC, 0xAE3C, 0xAE3C, \
        0xB65D, 0x8CF6, 0x0000, 0x0107, 0x04B9, 0x061F, 0x061F, 0x061F, 0x05FF, 0x0DFE, 0x9F5F, 0xC7FF, \
        0xCFFF, 0xAF9F, 0x2D9B, 0x0128, 0x0AE8, 0x2771, 0x2771, 0x2771, 0x2771, 0x2771, 0x2771, 0x2771, \
        0x2771, 0x2771, 0x2771, 0x2771, 0x2771, 0x2771, 0x2771, 0x2771, 0x2771, 0x2771, 0x2771, 0x2771, \
        0x2771, 0x2771, 0x2771, 0x2771, 0x2771, 0x2771, 0x2771, 0x2771, 0x2771, 0x2771, 0x2771, 0x2771, \
        0x2771, 0x2771, 0x2771, 0x2771, 0x2771, 0x2771, 0x2771, 0x2771, 0x2771, 0x2771, 0x2771, 0x2771, \
        0x2771, 0x2771, 0x2771, 0x2771, 0x2771, 0x2771, 0x2771, 0x2771, 0x2771, 0x2771, 0x2771, 0x2771, \
        0x2771, 0x2771, 0x2771, 0x2771, 0x2771, 0x2771, 0x2771, 0x2771, 0x2771, 0x2771, 0x2771, 0x2771, \
        0x2771, 0x2771, 0x2771, 0x2771, 0x2771, 0x2771, 0x2771, 0x2771, 0x2771, 0x2771, 0x2771, 0x2771, \
        0x2771, 0x2771, 0x2771, 0x2771, 0x2771, 0x2771, 0x2771, 0x2771, 0x2771, 0x2771, 0x2771, 0x2771, \
        0x2771, 0x2771, 0x2771, 0x2771, 0x2771, 0x2771, 0x2771, 0x2771, 0x2771, 0x2771, 0x2771, 0x2771, \
        0x2771, 0x2771, 0x2771, 0x2771, 0x2771, 0x2771, 0x2771, 0x2771, 0x2771, 0x2771, 0x2771, 0x2771, \
        0x2771, 0x2771, 0x2771, 0x2771, 0x2771, 0x2771, 0x2771, 0x2771, 0x2771, 0x2771, 0x2771, 0x2771, \
        0x2771, 0x2771, 0x2771, 0x2771, 0x2771, 0x2771, 0x2771, 0x2771, 0x2771, 0x2771, 0x2771, 0x2771, \
        0x2771, 0x2771, 0x2771, 0x2771, 0x2771, 0x2771, 0x2771, 0x2771, 0x2771, 0x2771, 0x2771, 0x2771, \
        0x2771, 0x2771, 0x2771, 0x2771, 0x2771, 0x2771, 0x2771, 0x2771, 0x2771, 0x2771, 0x2771, 0x2771, \
        0x2771, 0x2771, 0x2771, 0x2771, 0x2771, 0x2771, 0x2771, 0x2771, 0x2771, 0x2771, 0x2771, 0x2771, \
        0x2771, 0x2771, 0x2771, 0x2771, 0x2771, 0x2771, 0x2771, 0x2771, 0x2771, 0x2771, 0x2771, 0x2771, \
        0x2771, 0x2771, 0x2771, 0x2771, 0x2771, 0x2771, 0x2771, 0x2771, 0x2771, 0x2771, 0x2771, 0x2771, \
        0x2771, 0x2771, 0x2771, 0x2771, 0x2771, 0x2771, 0x2771, 0x2771, 0x2771, 0x2771, 0x2771, 0x2771, \
        0x2771, 0x2771, 0x2771, 0x26F0, 0x0103, 0x3A0A, 0x63B1, 0x00C1, 0x266F, 0x2771, 0x2771, 0x2771, \
        0x2771, 0x2771, 0x2771, 0x2771, 0x2771, 0x2771, 0x2771, 0x2771, 0x2771, 0x2771, 0x2771, 0x2771, \
        0x2771, 0x2771, 0x2771, 0x2771, 0x2771, 0x2771, 0x2771, 0x2771, 0x2771, 0x2771, 0x2771, 0x2771, \
        0x2771, 0x2771, 0x2771, 0x2771, 0x2771, 0x2771, 0x2771, 0x2771, 0x2771, 0x2771, 0x2771, 0x2771, \
        0x2771, 0x2771, 0x2771, 0x2771, 0x2771, 0x2771, 0x2771, 0x2771, 0x2771, 0x2771, 0x2771, 0x2771, \
        0x2771, 0x2771, 0x2771, 0x2771, 0x2771, 0x2771, 0x2771, 0x2771, 0x2771, 0x2771, 0x2771, 0x2771, \
        0x2771, 0x2771, 0x2771, 0x2771, 0x2771, 0x2771, 0x2771, 0x2771, 0x2771, 0x2771, 0x2771, 0x2771, \
        0x2771, 0x136A, 0x0000, 0x5C36, 0x757C, 0xA61C, 0xAE3C, 0xAE3C, 0xB65D, 0x63B1, 0x0000, 0x0458, \
        0x05DF, 0x063F, 0x061F, 0x061F, 0x05FF, 0x669F, 0xC7FF, 0xC7FF, 0xC7FF, 0xCFFF, 0x871F, 0x04B8, \
        0x0000, 0x1D4E, 0x2771, 0x2771, 0x2771, 0x2771, 0x2771, 0x2771, 0x2771, 0x2771, 0x2771, 0x2771, \
        0x2771, 0x2771, 0x2771, 0x2771, 0x2771, 0x2771, 0x2771, 0x2771, 0x2771, 0x2771, 0x2771, 0x2771, \
        0x2771, 0x2771, 0x2771, 0x2771, 0x2771, 0x2771, 0x2771, 0x2771, 0x2771, 0x2771, 0x2771, 0x2771, \
        0x2771, 0x2771, 0x2771, 0x2771, 0x2771, 0x2771, 0x2771, 0x2771, 0x2771, 0x2771, 0x2771, 0x2771, \
        0x2771, 0x2771, 0x2771, 0x2771, 0x2771, 0x2771, 0x2771, 0x2771, 0x2771, 0x2771, 0x2771, 0x2771, \
        0x2771, 0x2771, 0x2771, 0x2771, 0x2771, 0x2771, 0x2771, 0x2771, 0x2771, 0x2771, 0x2771, 0x2771, \
        0x2771, 0x2771, 0x2771, 0x2771, 0x2771, 0x2771, 0x2771, 0x2771, 0x2771, 0x2771, 0x2771, 0x2771, \
        0x2771, 0x2771, 0x2771, 0x2771, 0x2771, 0x2771, 0x2771, 0x2771, 0x2771, 0x2771, 0x2771, 0x2771, \
        0x2771, 0x2771, 0x2771, 0x2771, 0x2771, 0x2771, 0x2771, 0x2771, 0x2771, 0x2771, 0x2771, 0x2771, \
        0x2771, 0x2771, 0x2771, 0x2771, 0x2771, 0x2771, 0x2771, 0x2771, 0x2771, 0x2771, 0x2771, 0x2771, \
        0x2771, 0x2771, 0x2771, 0x2771, 0x2771, 0x2771, 0x2771, 0x2771, 0x2771, 0x2771, 0x2771, 0x2771, \
        0x2771, 0x2771, 0x2771, 0x2771, 0x2771, 0x2771, 0x2771, 0x2771, 0x2771, 0x2771, 0x2771, 0x2771, \
        0x2771, 0x2771, 0x2771, 0x2771, 0x2771, 0x2771, 0x2771, 0x2771, 0x2771, 0x2771, 0x2771, 0x2771, \
        0x2771, 0x2771, 0x2771, 0x2771, 0x2771, 0x2771, 0x2771, 0x2771, 0x2771, 0x2771, 0x2771, 0x2771, \
        0x2771, 0x2771, 0x2771, 0x2771, 0x2771, 0x2771, 0x2771, 0x2771, 0x2771, 0x2771, 0x2771, 0x2771, \
        0x2771, 0x2771, 0x2771, 0x2771, 0x2771, 0x2771, 0x2771, 0x2771, 0x2771, 0x2771, 0x2771, 0x2771, \
        0x2771, 0x2771, 0x2771, 0x2771, 0x2771, 0x2771, 0x2771, 0x2771, 0x2771, 0x2771, 0x2771, 0x2771, \
        0x2771, 0x2771, 0x2771, 0x2771, 0x2771, 0x2771, 0x2771, 0x2771, 0x2771, 0x2771, 0x2771, 0x2771, \
        0x142B, 0x0000, 0x63D1, 0x4B0E, 0x09C4, 0x2731, 0x2771, 0x2771, 0x2771, 0x2771, 0x2771, 0x2771, \
        0x2771, 0x2771, 0x2771, 0x2771, 0x2771, 0x2771, 0x2771, 0x2771, 0x2771, 0x2771, 0x2771, 0x2771, \
        0x2771, 0x2771, 0x2771, 0x2771, 0x2771, 0x2771, 0x2771, 0x2771, 0x2771, 0x2771, 0x2771, 0x2771, \
        0x2771, 0x2771, 0x2771, 0x2771, 0x2771, 0x2771, 0x2771, 0x2771, 0x2771, 0x2771, 0x2771, 0x2771, \
        0x2771, 0x2771, 0x2771, 0x2771, 0x2771, 0x2771, 0x2771, 0x2771, 0x2771, 0x2771, 0x2771, 0x2771, \
        0x2771, 0x2771, 0x2771, 0x2771, 0x2771, 0x2771, 0x2771, 0x2771, 0x2771, 0x2771, 0x2771, 0x2771, \
        0x2771, 0x2771, 0x2771, 0x2771, 0x2771, 0x2771, 0x2771, 0x2771, 0x2751, 0x0166, 0x10E6, 0x64DA, \
        0x859C, 0xAE3C, 0xAE3C, 0xB65C, 0xA5FB, 0x2945, 0x0311, 0x055E, 0x05FE, 0x063F, 0x061F, 0x061F, \
        0x061F, 0x6EBF, 0xCFFF, 0xC7DF, 0xC7FF, 0xC7FF, 0x973F, 0x05FD, 0x02EF, 0x09E4, 0x2771, 0x2771, \
        0x2771, 0x2771, 0x2771, 0x2771, 0x2771, 0x2771, 0x2771, 0x2771, 0x2771, 0x2771, 0x2771, 0x2771, \
        0x2771, 0x2771, 0x2771, 0x2771, 0x2771, 0x2771, 0x2771, 0x2771, 0x2771, 0x2771, 0x2771, 0x2771, \
        0x2771, 0x2771, 0x2771, 0x2771, 0x2771, 0x2771, 0x2771, 0x2771, 0x2771, 0x2771, 0x2771, 0x2771, \
        0x2771, 0x2771, 0x2771, 0x2771, 0x2771, 0x2771, 0x2771, 0x2771, 0x2771, 0x2771, 0x2771, 0x2771, \
        0x2771, 0x2771, 0x2771, 0x2771, 0x2771, 0x2771, 0x2771, 0x2771, 0x2771, 0x2771, 0x2771, 0x2771, \
        0x2771, 0x2771, 0x2771, 0x2771, 0x2771, 0x2771, 0x2771, 0x2771, 0x2771, 0x2771, 0x2771, 0x2771, \
        0x2771, 0x2771, 0x2771, 0x2771, 0x2771, 0x2771, 0x2771, 0x2771, 0x2771, 0x2771, 0x2771, 0x2771, \
        0x2771, 0x2771, 0x2771, 0x2771, 0x2771, 0x2771, 0x2771, 0x2771, 0x2771, 0x2771, 0x2771, 0x2771, \
        0x2771, 0x2771, 0x2771, 0x2771, 0x2771, 0x2771, 0x2771, 0x2771, 0x2771, 0x2771, 0x2771, 0x2771, \
        0x2771, 0x2771, 0x2771, 0x2771, 0x2771, 0x2771, 0x2771, 0x2771, 0x2771, 0x2771, 0x2771, 0x2771, \
        0x2771, 0x2771, 0x2771, 0x2771, 0x2771, 0x2771, 0x2771, 0x2771, 0x2771, 0x2771, 0x2771, 0x2771, \
        0x2771, 0x2771, 0x2771, 0x2771, 0x2771, 0x2771, 0x2771, 0x2771, 0x2771, 0x2771, 0x2771, 0x2771, \
        0x2771, 0x2771, 0x2771, 0x2771, 0x2771, 0x2771, 0x2771, 0x2771, 0x2771, 0x2771, 0x2771, 0x2771, \
        0x2771, 0x2771, 0x2771, 0x2771, 0x2771, 0x2771, 0x2771, 0x2771, 0x2771, 0x2771, 0x2771, 0x2771, \
        0x2771, 0x2771, 0x2771, 0x2771, 0x2771, 0x2771, 0x2771, 0x2771, 0x2771, 0x2771, 0x2771, 0x2771, \
        0x2771, 0x2771, 0x2771, 0x2771, 0x2771, 0x2771, 0x2771, 0x2771, 0x2771, 0x2771, 0x2771, 0x2771, \
        0x2771, 0x2771, 0x2771, 0x2771, 0x2771, 0x2771, 0x2771, 0x2771, 0x2771, 0x2771, 0x2771, 0x2771, \
        0x2771, 0x2771, 0x2771, 0x2771, 0x2771, 0x2771, 0x2771, 0x2771, 0x26F0, 0x0125, 0x1106, 0x7496, \
        0x29CA, 0x1347, 0x2771, 0x2771, 0x2771, 0x2771, 0x2771, 0x2771, 0x2771, 0x2771, 0x2771, 0x2771, \
        0x2771, 0x2771, 0x2771, 0x2771, 0x2771, 0x2771, 0x2771, 0x2771, 0x2771, 0x2771, 0x2771, 0x2771, \
        0x2771, 0x2771, 0x2771, 0x2771, 0x2771, 0x2771, 0x2771, 0x2771, 0x2771, 0x2771, 0x2771, 0x2771, \
        0x2771, 0x2771, 0x2771, 0x2771, 0x2771, 0x2771, 0x2771, 0x2771, 0x2771, 0x2771, 0x2771, 0x2771, \
        0x2771, 0x2771, 0x2771, 0x2771, 0x2771, 0x2771, 0x2771, 0x2771, 0x2771, 0x2771, 0x2771, 0x2771, \
        0x2771, 0x2771, 0x2771, 0x2771, 0x2771, 0x2771, 0x2771, 0x2771, 0x2771, 0x2771, 0x2771, 0x2771, \
        0x2771, 0x2771, 0x2771, 0x2771, 0x25EF, 0x0020, 0x3ACF, 0x755C, 0x95DC, 0xAE3C, 0xAE3C, 0xB67D, \
        0x84D6, 0x0000, 0x04DA, 0x055E, 0x05FF, 0x063F, 0x061F, 0x061F, 0x061F, 0x2E5F, 0xAF9F, 0xC7FF, \
        0xC7FF, 0xBFDF, 0x567E, 0x063F, 0x04B7, 0x0040, 0x2670, 0x2771, 0x2771, 0x2771, 0x2771, 0x2771, \
        0x2771, 0x2771, 0x2771, 0x2771, 0x2771, 0x2771, 0x2771, 0x2771, 0x2771, 0x2771, 0x2771, 0x2771, \
        0x2771, 0x2771, 0x2771, 0x2771, 0x2771, 0x2771, 0x2771, 0x2771, 0x2771, 0x2771, 0x2771, 0x2771, \
        0x2771, 0x2771, 0x2771, 0x2771, 0x2771, 0x2771, 0x2771, 0x2771, 0x2771, 0x2771, 0x2771, 0x2771, \
        0x2771, 0x2771, 0x2771, 0x2771, 0x2771, 0x2771, 0x2771, 0x2771, 0x2771, 0x2771, 0x2771, 0x2771, \
        0x2771, 0x2771, 0x2771, 0x2771, 0x2771, 0x2771, 0x2771, 0x2771, 0x2771, 0x2771, 0x2771, 0x2771, \
        0x2771, 0x2771, 0x2771, 0x2771, 0x2771, 0x2771, 0x2771, 0x2771, 0x2771, 0x2771, 0x2771, 0x2771, \
        0x2771, 0x2771, 0x2771, 0x2771, 0x2771, 0x2771, 0x2771, 0x2771, 0x2771, 0x2771, 0x2771, 0x2771, \
        0x2771, 0x2771, 0x2771, 0x2771, 0x2771, 0x2771, 0x2771, 0x2771, 0x2771, 0x2771, 0x2771, 0x2771, \
        0x2771, 0x2771, 0x2771, 0x2771, 0x2771, 0x2771, 0x2771, 0x2771, 0x2771, 0x2771, 0x2771, 0x2771, \
        0x2771, 0x2771, 0x2771, 0x2771, 0x2771, 0x2771, 0x2771, 0x2771, 0x2771, 0x2771, 0x2771, 0x2771, \
        0x2771, 0x2771, 0x2771, 0x2771, 0x2771, 0x2771, 0x2771, 0x2771, 0x2771, 0x2771, 0x2771, 0x2771, \
        0x2771, 0x2771, 0x2771, 0x2771, 0x2771, 0x2771, 0x2771, 0x2771, 0x2771, 0x2771, 0x2771, 0x2771, \
        0x2771, 0x2771, 0x2771, 0x2771, 0x2771, 0x2771, 0x2771, 0x2771, 0x2771, 0x2771, 0x2771, 0x2771, \
        0x2771, 0x2771, 0x2771, 0x2771, 0x2771, 0x2771, 0x2771, 0x2771, 0x2771, 0x2771, 0x2771, 0x2771, \
        0x2771, 0x2771, 0x2771, 0x2771, 0x2771, 0x2771, 0x2771, 0x2771, 0x2771, 0x2771, 0x2771, 0x2771, \
        0x2771, 0x2771, 0x2771, 0x2771, 0x2771, 0x2771, 0x2771, 0x2771, 0x2771, 0x2771, 0x2771, 0x2771, \
        0x2771, 0x2771, 0x2771, 0x2771, 0x2771, 0x2771, 0x2771, 0x2771, 0x2771, 0x2771, 0x2771, 0x2771, \
        0x2771, 0x2771, 0x2771, 0x2771, 0x2771, 0x1CEC, 0x0000, 0x4B0F, 0x74D7, 0x0044, 0x13CA, 0x2771, \
        0x2771, 0x2771, 0x2771, 0x2771, 0x2771, 0x2771, 0x2771, 0x2771, 0x2771, 0x2771, 0x2771, 0x2771, \
        0x2771, 0x2771, 0x2771, 0x2771, 0x2771, 0x2771, 0x2771, 0x2771, 0x2771, 0x2771, 0x2771, 0x2771, \
        0x2771, 0x2771, 0x2771, 0x2771, 0x2771, 0x2771, 0x2771, 0x2771, 0x2771, 0x2771, 0x2751, 0x1DCE, \
        0x1CEB, 0x1D4C, 0x26B0, 0x2771, 0x2771, 0x2771, 0x2771, 0x2771, 0x2771, 0x2771, 0x2771, 0x2771, \
        0x2771, 0x2771, 0x2771, 0x2771, 0x2771, 0x2771, 0x2771, 0x2771, 0x2771, 0x2771, 0x2771, 0x2771, \
        0x2771, 0x2771, 0x2771, 0x2771, 0x2771, 0x2771, 0x2771, 0x2771, 0x2771, 0x2771, 0x2771, 0x2771, \
        0x134A, 0x0000, 0x5C36, 0x757C, 0xA5FC, 0xAE3C, 0xAE3C, 0xB65C, 0x4ACC, 0x020C, 0x053D, 0x055E, \
        0x05FF, 0x063F, 0x061F, 0x063F, 0x063F, 0x063F, 0x367F, 0x8F1F, 0x973F, 0x5E9F, 0x061F, 0x063F, \
        0x057B, 0x0004, 0x1D6E, 0x2771, 0x2771, 0x2771, 0x2771, 0x2771, 0x2771, 0x2771, 0x2771, 0x2771, \
        0x2771, 0x2771, 0x2771, 0x2771, 0x2771, 0x2771, 0x2771, 0x2771, 0x2771, 0x2771, 0x2771, 0x2771, \
        0x2771, 0x2771, 0x2771, 0x2771, 0x2771, 0x2771, 0x2771, 0x2771, 0x2771, 0x2771, 0x2771, 0x2771, \
        0x2771, 0x2771, 0x2771, 0x2771, 0x2771, 0x2771, 0x2771, 0x2771, 0x2771, 0x2771, 0x2771, 0x2771, \
        0x2771, 0x2771, 0x2771, 0x2771, 0x2771, 0x2771, 0x2771, 0x2771, 0x2771, 0x2771, 0x2771, 0x2771, \
        0x2771, 0x2771, 0x2771, 0x2771, 0x2771, 0x2771, 0x2771, 0x2771, 0x2771, 0x2771, 0x2771, 0x2771, \
        0x2771, 0x2771, 0x2771, 0x2771, 0x2771, 0x2771, 0x2771, 0x2771, 0x2771, 0x2771, 0x2771, 0x2771, \
        0x2771, 0x2771, 0x2771, 0x2771, 0x2771, 0x2771, 0x2771, 0x2771, 0x2771, 0x2771, 0x2771, 0x2771, \
        0x2771, 0x2771, 0x2771, 0x2771, 0x2771, 0x2771, 0x2771, 0x2771, 0x2771, 0x2771, 0x2771, 0x2771, \
        0x2771, 0x2771, 0x2771, 0x2771, 0x2771, 0x2771, 0x2771, 0x2771, 0x2771, 0x2771, 0x2771, 0x2771, \
        0x2771, 0x2771, 0x2771, 0x2771, 0x2771, 0x2771, 0x2771, 0x2771, 0x2771, 0x2771, 0x2771, 0x2771, \
        0x2771, 0x2771, 0x2771, 0x2771, 0x2771, 0x2771, 0x2771, 0x2771, 0x2771, 0x2771, 0x2771, 0x2771, \
        0x2771, 0x2771, 0x2771, 0x2771, 0x2771, 0x2771, 0x2771, 0x2771, 0x2771, 0x2771, 0x2771, 0x2771, \
        0x2771, 0x2771, 0x2771, 0x2771, 0x2771, 0x2771, 0x2771, 0x2771, 0x2771, 0x2771, 0x2771, 0x2771, \
        0x2771, 0x2771, 0x2771, 0x2771, 0x2771, 0x2771, 0x2771, 0x2771, 0x2771, 0x2771, 0x2771, 0x2771, \
        0x2771, 0x2771, 0x2771, 0x2771, 0x2771, 0x2771, 0x2771, 0x2771, 0x2771, 0x2771, 0x2771, 0x2771, \
        0x2771, 0x2771, 0x2771, 0x2771, 0x2771, 0x2771, 0x2771, 0x2771, 0x2771, 0x2771, 0x2771, 0x2771, \
        0x2771, 0x2771, 0x2771, 0x2771, 0x2771, 0x2771, 0x2771, 0x2771, 0x2771, 0x2771, 0x2771, 0x2771, \
        0x2771, 0x2751, 0x0A07, 0x0000, 0x6C96, 0x6476, 0x0000, 0x1CAC, 0x2771, 0x2771, 0x2771, 0x2771, \
        0x2771, 0x2771, 0x2771, 0x2771, 0x2771, 0x2771, 0x2771, 0x2771, 0x2771, 0x2771, 0x2771, 0x2771, \
        0x2771, 0x2771, 0x2771, 0x2771, 0x2771, 0x2771, 0x2771, 0x2771, 0x2771, 0x2771, 0x2771, 0x2771, \
        0x2771, 0x2771, 0x2771, 0x2771, 0x2771, 0x1D2C, 0x0983, 0x026C, 0x0330, 0x024D, 0x00C5, 0x1388, \
        0x2731, 0x2771, 0x2771, 0x2771, 0x2771, 0x2771, 0x2771, 0x2771, 0x2771, 0x2771, 0x2771, 0x2771, \
        0x2771, 0x2771, 0x2771, 0x2771, 0x2771, 0x2771, 0x2771, 0x2771, 0x2771, 0x2771, 0x2771, 0x2771, \
        0x2771, 0x2771, 0x2771, 0x2771, 0x2771, 0x2771, 0x2771, 0x2690, 0x0063, 0x1989, 0x6D1A, 0x859C, \
        0xAE3C, 0xAE3C, 0xB67D, 0x9D98, 0x0000, 0x0311, 0x055D, 0x055D, 0x05DE, 0x063F, 0x063F, 0x063F, \
        0x063F, 0x063F, 0x063F, 0x061F, 0x05FF, 0x061F, 0x063F, 0x063F, 0x059C, 0x00A6, 0x1CCD, 0x2771, \
        0x2771, 0x2771, 0x2771, 0x2771, 0x2771, 0x2771, 0x2771, 0x2771, 0x2771, 0x2771, 0x2771, 0x2771, \
        0x2771, 0x2771, 0x2771, 0x2771, 0x2771, 0x2771, 0x2771, 0x2771, 0x2771, 0x2771, 0x2771, 0x2771, \
        0x2771, 0x2771, 0x2771, 0x2771, 0x2771, 0x2771, 0x2771, 0x2771, 0x2771, 0x2771, 0x2771, 0x2771, \
        0x2771, 0x2771, 0x2771, 0x2771, 0x2771, 0x2771, 0x2771, 0x2771, 0x2771, 0x2771, 0x2771, 0x2771, \
        0x2771, 0x2771, 0x2771, 0x2771, 0x2771, 0x2771, 0x2771, 0x2771, 0x2771, 0x2771, 0x2771, 0x2771, \
        0x2771, 0x2771, 0x2771, 0x2771, 0x2771, 0x2771, 0x2771, 0x2771, 0x2771, 0x2771, 0x2771, 0x2771, \
        0x2771, 0x2771, 0x2771, 0x2771, 0x2771, 0x2771, 0x2771, 0x2771, 0x2771, 0x2771, 0x2771, 0x2771, \
        0x2771, 0x2771, 0x2771, 0x2771, 0x2771, 0x2771, 0x2771, 0x2771, 0x2771, 0x2771, 0x2771, 0x2771, \
        0x2771, 0x2771, 0x2771, 0x2771, 0x2771, 0x2771, 0x2771, 0x2771, 0x2771, 0x2771, 0x2771, 0x2771, \
        0x2771, 0x2771, 0x2771, 0x2771, 0x2771, 0x2771, 0x2771, 0x2771, 0x2771, 0x2771, 0x2771, 0x2771, \
        0x2771, 0x2771, 0x2771, 0x2771, 0x2771, 0x2771, 0x2771, 0x2771, 0x2771, 0x2771, 0x2771, 0x2771, \
        0x2771, 0x2771, 0x2771, 0x2771, 0x2771, 0x2771, 0x2771, 0x2771, 0x2771, 0x2771, 0x2771, 0x2771, \
        0x2771, 0x2771, 0x2771, 0x2771, 0x2771, 0x2771, 0x2771, 0x2771, 0x2771, 0x2771, 0x2771, 0x2771, \
        0x2771, 0x2771, 0x2771, 0x2771, 0x2771, 0x2771, 0x2771, 0x2771, 0x2771, 0x2771, 0x2771, 0x2771, \
        0x2771, 0x2771, 0x2771, 0x2771, 0x2771, 0x2771, 0x2771, 0x2771, 0x2771, 0x2771, 0x2771, 0x2771, \
        0x2771, 0x2771, 0x2771, 0x2771, 0x2771, 0x2771, 0x2771, 0x2771, 0x2771, 0x2771, 0x2771, 0x2771, \
        0x2771, 0x2771, 0x2771, 0x2771, 0x2771, 0x2771, 0x2771, 0x2771, 0x2771, 0x2771, 0x2771, 0x2771, \
        0x2771, 0x2771, 0x2771, 0x2771, 0x2771, 0x2771, 0x2771, 0x2771, 0x2771, 0x2771, 0x1DEE, 0x0043, \
        0x1927, 0x7519, 0x53B3, 0x0040, 0x1DAE, 0x2771, 0x2771, 0x2771, 0x2771, 0x2771, 0x2771, 0x2771, \
        0x2771, 0x2771, 0x2771, 0x2771, 0x2771, 0x2771, 0x2771, 0x2771, 0x2771, 0x2771, 0x2771, 0x2771, \
        0x2771, 0x2771, 0x2771, 0x2771, 0x2771, 0x2771, 0x2771, 0x2771, 0x2771, 0x2771, 0x2771, 0x2771, \
        0x146C, 0x0106, 0x0497, 0x061E, 0x1E7F, 0x7EDE, 0x6E3B, 0x02CF, 0x0A25, 0x2751, 0x2771, 0x2771, \
        0x2771, 0x2771, 0x2771, 0x2771, 0x2771, 0x2771, 0x2771, 0x2771, 0x2771, 0x2771, 0x2771, 0x2771, \
        0x2771, 0x2771, 0x2771, 0x2771, 0x2771, 0x2771, 0x2771, 0x2771, 0x2771, 0x2771, 0x2771, 0x2771, \
        0x2771, 0x2771, 0x2771, 0x13AB, 0x0000, 0x4BD3, 0x6D5C, 0x9DDC, 0xAE3C, 0xAE5C, 0xBE7D, 0x6390, \
        0x0000, 0x0352, 0x057E, 0x055D, 0x059E, 0x063F, 0x063F, 0x063F, 0x063F, 0x063F, 0x063F, 0x063F, \
        0x063F, 0x063F, 0x063F, 0x063F, 0x055B, 0x0004, 0x1D2D, 0x2771, 0x2771, 0x2771, 0x2771, 0x2771, \
        0x2771, 0x2771, 0x2771, 0x2771, 0x2771, 0x2771, 0x2771, 0x2771, 0x2771, 0x2771, 0x2771, 0x2771, \
        0x2771, 0x2771, 0x2771, 0x2771, 0x2771, 0x2771, 0x2771, 0x2771, 0x2771, 0x2771, 0x2771, 0x2771, \
        0x2771, 0x2771, 0x2771, 0x2771, 0x2771, 0x2771, 0x2771, 0x2771, 0x2771, 0x2771, 0x2771, 0x2771, \
        0x2771, 0x2771, 0x2771, 0x2771, 0x2771, 0x2771, 0x2771, 0x2771, 0x2771, 0x2771, 0x2771, 0x2771, \
        0x2771, 0x2771, 0x2771, 0x2771, 0x2771, 0x2771, 0x2771, 0x2771, 0x2771, 0x2771, 0x2771, 0x2771, \
        0x2771, 0x2771, 0x2771, 0x2771, 0x2771, 0x2771, 0x2771, 0x2771, 0x2771, 0x2771, 0x2771, 0x2771, \
        0x2771, 0x2771, 0x2771, 0x2771, 0x2771, 0x2771, 0x2771, 0x2771, 0x2771, 0x2771, 0x2771, 0x2771, \
        0x2771, 0x2771, 0x2771, 0x2771, 0x2771, 0x2771, 0x2771, 0x2771, 0x2771, 0x2771, 0x2771, 0x2771, \
        0x2771, 0x2771, 0x2771, 0x2771, 0x2771, 0x2771, 0x2771, 0x2771, 0x2771, 0x2771, 0x2771, 0x2771, \
        0x2771, 0x2771, 0x2771, 0x2771, 0x2771, 0x2771, 0x2771, 0x2771, 0x2771, 0x2771, 0x2771, 0x2771, \
        0x2771, 0x2771, 0x2771, 0x2771, 0x2771, 0x2771, 0x2771, 0x2771, 0x2771, 0x2771, 0x2771, 0x2771, \
        0x2771, 0x2771, 0x2771, 0x2771, 0x2771, 0x2771, 0x2771, 0x2771, 0x2771, 0x2771, 0x2771, 0x2771, \
        0x2771, 0x2771, 0x2771, 0x2771, 0x2771, 0x2771, 0x2771, 0x2771, 0x2771, 0x2771, 0x2771, 0x2771, \
        0x2771, 0x2771, 0x2771, 0x2771, 0x2771, 0x2771, 0x2771, 0x2771, 0x2771, 0x2771, 0x2771, 0x2771, \
        0x2771, 0x2771, 0x2771, 0x2771, 0x2771, 0x2771, 0x2771, 0x2771, 0x2771, 0x2771, 0x2771, 0x2771, \
        0x2771, 0x2771, 0x2771, 0x2771, 0x2771, 0x2771, 0x2771, 0x2771, 0x2771, 0x2771, 0x2771, 0x2771, \
        0x2771, 0x2771, 0x2771, 0x2771, 0x2771, 0x2771, 0x2771, 0x2771, 0x2771, 0x2771, 0x2771, 0x2771, \
        0x2771, 0x2771, 0x2771, 0x2771, 0x2771, 0x2771, 0x2771, 0x1C8C, 0x0000, 0x3A8D, 0x859B, 0x4B50, \
        0x00A1, 0x1DEE, 0x2771, 0x2771, 0x2771, 0x2771, 0x2771, 0x2771, 0x2771, 0x2771, 0x2771, 0x2771, \
        0x2771, 0x2771, 0x2771, 0x2771, 0x2771, 0x2771, 0x2771, 0x2771, 0x2771, 0x2771, 0x2771, 0x2771, \
        0x2771, 0x2771, 0x2771, 0x2771, 0x2771, 0x2771, 0x2771, 0x1E2F, 0x0065, 0x04D9, 0x065F, 0x061F, \
        0x7EFF, 0xC7FF, 0xC7FF, 0x6E7D, 0x024E, 0x1409, 0x2771, 0x2771, 0x2771, 0x2771, 0x2771, 0x2771, \
        0x2771, 0x2771, 0x2771, 0x2771, 0x2771, 0x2771, 0x2771, 0x2771, 0x2771, 0x2771, 0x2771, 0x2771, \
        0x2771, 0x2771, 0x2771, 0x2771, 0x2771, 0x2771, 0x2771, 0x2771, 0x2771, 0x2771, 0x262F, 0x0043, \
        0x2189, 0x6D3A, 0x7D9C, 0xA61C, 0xAE3C, 0xBE7D, 0xA598, 0x0002, 0x0000, 0x02AF, 0x057D, 0x055D, \
        0x055E, 0x05FF, 0x063F, 0x063F, 0x063F, 0x063F, 0x063F, 0x063F, 0x063F, 0x061F, 0x063F, 0x061F, \
        0x0477, 0x0000, 0x1DEF, 0x2771, 0x2771, 0x2771, 0x2771, 0x2771, 0x2771, 0x2771, 0x2771, 0x2771, \
        0x2771, 0x2771, 0x2771, 0x2771, 0x2771, 0x2771, 0x2771, 0x2771, 0x2771, 0x2771, 0x2771, 0x2771, \
        0x2771, 0x2771, 0x2771, 0x2771, 0x2771, 0x2771, 0x2771, 0x2771, 0x2771, 0x2771, 0x2771, 0x2771, \
        0x2771, 0x2771, 0x2771, 0x2771, 0x2771, 0x2771, 0x2771, 0x2771, 0x2771, 0x2771, 0x2771, 0x2771, \
        0x2771, 0x2771, 0x2771, 0x2771, 0x2771, 0x2771, 0x2771, 0x2771, 0x2771, 0x2771, 0x2771, 0x2771, \
        0x2771, 0x2771, 0x2771, 0x2771, 0x2771, 0x2771, 0x2771, 0x2771, 0x2771, 0x2771, 0x2771, 0x2771, \
        0x2771, 0x2771, 0x2771, 0x2771, 0x2771, 0x2771, 0x2771, 0x2771, 0x2771, 0x2771, 0x2771, 0x2771, \
        0x2771, 0x2771, 0x2771, 0x2771, 0x2771, 0x2771, 0x2771, 0x2771, 0x2771, 0x2771, 0x2771, 0x2771, \
        0x2771, 0x2771, 0x2771, 0x2771, 0x2771, 0x2771, 0x2771, 0x2771, 0x2771, 0x2771, 0x2771, 0x2771, \
        0x2771, 0x2771, 0x2771, 0x2771, 0x2771, 0x2771, 0x2771, 0x2771, 0x2771, 0x2771, 0x2771, 0x2771, \
        0x2771, 0x2771, 0x2771, 0x2771, 0x2771, 0x2771, 0x2771, 0x2771, 0x2771, 0x2771, 0x2771, 0x2771, \
        0x2771, 0x2771, 0x2771, 0x2771, 0x2771, 0x2771, 0x2771, 0x2771, 0x2771, 0x2771, 0x2771, 0x2771, \
        0x2771, 0x2771, 0x2771, 0x2771, 0x2771, 0x2771, 0x2771, 0x2771, 0x2771, 0x2771, 0x2771, 0x2771, \
        0x2771, 0x2771, 0x2771, 0x2771, 0x2771, 0x2771, 0x2771, 0x2771, 0x2771, 0x2771, 0x2771, 0x2771, \
        0x2771, 0x2771, 0x2771, 0x2771, 0x2771, 0x2771, 0x2771, 0x2771, 0x2771, 0x2771, 0x2771, 0x2771, \
        0x2771, 0x2771, 0x2771, 0x2771, 0x2771, 0x2771, 0x2771, 0x2771, 0x2771, 0x2771, 0x2771, 0x2771, \
        0x2771, 0x2771, 0x2771, 0x2771, 0x2771, 0x2771, 0x2771, 0x2771, 0x2771, 0x2771, 0x2771, 0x2771, \
        0x2771, 0x2771, 0x2771, 0x2771, 0x2771, 0x2771, 0x2771, 0x2771, 0x2771, 0x2771, 0x2771, 0x2771, \
        0x2771, 0x2771, 0x2771, 0x2771, 0x0AC8, 0x0000, 0x5BD3, 0x85BC, 0x3ACE, 0x00A1, 0x260F, 0x2771, \
        0x2771, 0x2771, 0x2771, 0x2771, 0x2771, 0x2771, 0x2771, 0x2771, 0x2771, 0x2771, 0x2771, 0x2771, \
        0x2771, 0x2771, 0x2771, 0x2771, 0x2771, 0x2771, 0x2771, 0x2771, 0x2771, 0x2771, 0x2771, 0x2771, \
        0x2771, 0x2771, 0x2771, 0x1347, 0x02F1, 0x05DF, 0x063F, 0x05FF, 0x76DF, 0xCFFF, 0xD7FF, 0x76FF, \
        0x04D9, 0x0183, 0x2751, 0x2771, 0x2771, 0x2771, 0x2771, 0x2771, 0x2771, 0x2771, 0x2771, 0x2771, \
        0x2771, 0x2771, 0x2771, 0x2771, 0x2771, 0x2771, 0x2771, 0x2771, 0x2771, 0x2771, 0x2771, 0x2771, \
        0x2771, 0x2771, 0x2771, 0x2771, 0x2771, 0x2771, 0x0A48, 0x0000, 0x5415, 0x759C, 0x9DFC, 0xAE1C, \
        0xAE3C, 0xB65C, 0x530D, 0x0023, 0x0967, 0x0169, 0x051C, 0x055D, 0x055D, 0x057E, 0x05FF, 0x063F, \
        0x063F, 0x061F, 0x063F, 0x063F, 0x063F, 0x063F, 0x061F, 0x059E, 0x02F0, 0x00E2, 0x2711, 0x2771, \
        0x2771, 0x2771, 0x2771, 0x2771, 0x2771, 0x2771, 0x2771, 0x2771, 0x2771, 0x2771, 0x2771, 0x2771, \
        0x2771, 0x2771, 0x2771, 0x2771, 0x2771, 0x2771, 0x2771, 0x2771, 0x2771, 0x2771, 0x2771, 0x2771, \
        0x2771, 0x2771, 0x2771, 0x2771, 0x2771, 0x2771, 0x2771, 0x2771, 0x2771, 0x2771, 0x2771, 0x2771, \
        0x2771, 0x2771, 0x2771, 0x2771, 0x2771, 0x2771, 0x2771, 0x2771, 0x2771, 0x2771, 0x2771, 0x2771, \
        0x2771, 0x2771, 0x2771, 0x2771, 0x2771, 0x2771, 0x2771, 0x2771, 0x2771, 0x2771, 0x2771, 0x2771, \
        0x2771, 0x2771, 0x2771, 0x2771, 0x2771, 0x2771, 0x2771, 0x2771, 0x2771, 0x2771, 0x2771, 0x2771, \
        0x2771, 0x2771, 0x2771, 0x2771, 0x2771, 0x2771, 0x2771, 0x2771, 0x2771, 0x2771, 0x2771, 0x2771, \
        0x2771, 0x2771, 0x2771, 0x2771, 0x2771, 0x2771, 0x2771, 0x2771, 0x2771, 0x2771, 0x2771, 0x2771, \
        0x2771, 0x2771, 0x2771, 0x2771, 0x2771, 0x2771, 0x2771, 0x2771, 0x2771, 0x2771, 0x2771, 0x2771, \
        0x2771, 0x2771, 0x2771, 0x2771, 0x2771, 0x2771, 0x2771, 0x2771, 0x2771, 0x2771, 0x2771, 0x2771, \
        0x2771, 0x2771, 0x2771, 0x2771, 0x2771, 0x2771, 0x2771, 0x2771, 0x2771, 0x2771, 0x2771, 0x2771, \
        0x2771, 0x2771, 0x2771, 0x2771, 0x2771, 0x2771, 0x2771, 0x2771, 0x2771, 0x2771, 0x2771, 0x2771, \
        0x2771, 0x2771, 0x2771, 0x2771, 0x2771, 0x2771, 0x2771, 0x2771, 0x2771, 0x2771, 0x2771, 0x2771, \
        0x2771, 0x2771, 0x2771, 0x2771, 0x2771, 0x2771, 0x2771, 0x2771, 0x2771, 0x2771, 0x2771, 0x2771, \
        0x2771, 0x2771, 0x2771, 0x2771, 0x2771, 0x2771, 0x2771, 0x2771, 0x2771, 0x2771, 0x2771, 0x2771, \
        0x2771, 0x2771, 0x2771, 0x2771, 0x2771, 0x2771, 0x2771, 0x2771, 0x2771, 0x2771, 0x2771, 0x2771, \
        0x2771, 0x2771, 0x2771, 0x2771, 0x2771, 0x2771, 0x2771, 0x2771, 0x2771, 0x2771, 0x2771, 0x2771, \
        0x2771, 0x2771, 0x2771, 0x2771, 0x2771, 0x2771, 0x2771, 0x2771, 0x2771, 0x2771, 0x2771, 0x2771, \
        0x26D0, 0x0145, 0x0000, 0x6C96, 0x85BC, 0x3A8D, 0x00A1, 0x260F, 0x2771, 0x2771, 0x2771, 0x2771, \
        0x2771, 0x2771, 0x2771, 0x2771, 0x2771, 0x2771, 0x2771, 0x2771, 0x2771, 0x2771, 0x2771, 0x2771, \
        0x2771, 0x2771, 0x2771, 0x2771, 0x2771, 0x2771, 0x2771, 0x2771, 0x2771, 0x2771, 0x2771, 0x09E4, \
        0x03D5, 0x059E, 0x061F, 0x061F, 0x061F, 0x76DF, 0x7EDF, 0x0E3F, 0x05BC, 0x0146, 0x26AF, 0x2771, \
        0x2771, 0x2771, 0x2771, 0x2771, 0x2771, 0x2771, 0x2771, 0x2771, 0x2771, 0x2771, 0x2771, 0x2771, \
        0x2771, 0x2771, 0x2771, 0x2771, 0x2771, 0x2771, 0x2771, 0x2771, 0x2771, 0x2771, 0x2771, 0x2771, \
        0x2771, 0x1C6C, 0x0000, 0x32AE, 0x6D3B, 0x8DBC, 0xAE3C, 0xAE3C, 0xB67D, 0x8495, 0x0000, 0x0A69, \
        0x1D8F, 0x0000, 0x0416, 0x057E, 0x057D, 0x057E, 0x057E, 0x05DE, 0x061F, 0x061F, 0x063F, 0x063F, \
        0x063F, 0x05FE, 0x057E, 0x0499, 0x0064, 0x13CB, 0x2771, 0x2771, 0x2771, 0x2771, 0x2771, 0x2771, \
        0x2771, 0x2771, 0x2771, 0x2771, 0x2771, 0x2771, 0x2771, 0x2771, 0x2771, 0x2771, 0x2771, 0x2771, \
        0x2771, 0x2771, 0x2771, 0x2771, 0x2771, 0x2771, 0x2771, 0x2771, 0x2771, 0x2771, 0x2771, 0x2771, \
        0x2771, 0x2771, 0x2771, 0x2771, 0x2771, 0x2771, 0x2771, 0x2771, 0x2771, 0x2771, 0x2771, 0x2771, \
        0x2771, 0x2771, 0x2771, 0x2771, 0x2771, 0x2771, 0x2771, 0x2771, 0x2771, 0x2771, 0x2771, 0x2771, \
        0x2771, 0x2771, 0x2771, 0x2771, 0x2771, 0x2771, 0x2771, 0x2771, 0x2771, 0x2771, 0x2771, 0x2771, \
        0x2771, 0x2771, 0x2771, 0x2771, 0x2771, 0x2771, 0x2771, 0x2771, 0x2771, 0x2771, 0x2771, 0x2771, \
        0x2771, 0x2771, 0x2771, 0x2771, 0x2771, 0x2771, 0x2771, 0x2771, 0x2771, 0x2771, 0x2771, 0x2771, \
        0x2771, 0x2771, 0x2771, 0x2771, 0x2771, 0x2771, 0x2771, 0x2771, 0x2771, 0x2771, 0x2771, 0x2771, \
        0x2771, 0x2771, 0x2771, 0x2771, 0x2771, 0x2771, 0x2771, 0x2771, 0x2771, 0x2771, 0x2771, 0x2771, \
        0x2771, 0x2771, 0x2771, 0x2771, 0x2771, 0x2771, 0x2771, 0x2771, 0x2771, 0x2771, 0x2771, 0x2771, \
        0x2771, 0x2771, 0x2771, 0x2771, 0x2771, 0x2771, 0x2771, 0x2771, 0x2771, 0x2771, 0x2771, 0x2771, \
        0x2771, 0x2771, 0x2771, 0x2771, 0x2771, 0x2771, 0x2771, 0x2771, 0x2771, 0x2771, 0x2771, 0x2771, \
        0x2771, 0x2771, 0x2771, 0x2771, 0x2771, 0x2771, 0x2771, 0x2771, 0x2771, 0x2771, 0x2771, 0x2771, \
        0x2771, 0x2771, 0x2771, 0x2771, 0x2771, 0x2771, 0x2771, 0x2771, 0x2771, 0x2771, 0x2771, 0x2771, \
        0x2771, 0x2771, 0x2771, 0x2771, 0x2771, 0x2771, 0x2771, 0x2771, 0x2771, 0x2771, 0x2771, 0x2771, \
        0x2771, 0x2771, 0x2771, 0x2771, 0x2771, 0x2771, 0x2771, 0x2771, 0x2771, 0x2771, 0x2771, 0x2771, \
        0x2771, 0x2771, 0x2771, 0x2771, 0x2771, 0x2771, 0x2771, 0x2771, 0x2771, 0x2771, 0x2771, 0x2771, \
        0x2771, 0x2771, 0x2771, 0x2771, 0x2771, 0x2771, 0x2771, 0x2771, 0x2771, 0x1DCE, 0x0063, 0x0044, \
        0x74F8, 0x859B, 0x324C, 0x00C1, 0x25EF, 0x2771, 0x2771, 0x2771, 0x2771, 0x2771, 0x2771, 0x2771, \
        0x2771, 0x2771, 0x2771, 0x2771, 0x2771, 0x2771, 0x2771, 0x2771, 0x2771, 0x2771, 0x2771, 0x2771, \
        0x2771, 0x2771, 0x2771, 0x2771, 0x2771, 0x2771, 0x2751, 0x0183, 0x0437, 0x055D, 0x05FE, 0x063F, \
        0x063F, 0x061F, 0x061F, 0x063F, 0x055B, 0x00A4, 0x26B0, 0x2771, 0x2771, 0x2771, 0x2771, 0x2771, \
        0x2771, 0x2771, 0x2771, 0x2771, 0x2771, 0x2771, 0x2771, 0x2771, 0x2771, 0x2771, 0x2771, 0x2771, \
        0x2771, 0x2771, 0x2771, 0x2771, 0x2771, 0x2771, 0x2771, 0x2771, 0x256E, 0x0023, 0x1948, 0x6CF9, \
        0x7D7C, 0xA61C, 0xAE3C, 0xBE9D, 0xA5FA, 0x10E6, 0x0022, 0x25EF, 0x2771, 0x09E6, 0x018A, 0x051C, \
        0x059E, 0x057E, 0x055D, 0x055D, 0x055D, 0x059E, 0x05BE, 0x059E, 0x057E, 0x055E, 0x051C, 0x024D, \
        0x0102, 0x26F0, 0x2771, 0x2771, 0x2771, 0x2771, 0x2771, 0x2771, 0x2771, 0x2771, 0x2771, 0x2771, \
        0x2771, 0x2771, 0x2771, 0x2771, 0x2771, 0x2771, 0x2771, 0x2771, 0x2771, 0x2771, 0x2771, 0x2771, \
        0x2771, 0x2771, 0x2771, 0x2771, 0x2771, 0x2771, 0x2771, 0x2771, 0x2771, 0x2771, 0x2771, 0x2771, \
        0x2771, 0x2771, 0x2771, 0x2771, 0x2771, 0x2771, 0x2771, 0x2771, 0x2771, 0x2771, 0x2771, 0x2771, \
        0x2771, 0x2771, 0x2771, 0x2771, 0x2771, 0x2771, 0x2771, 0x2771, 0x2771, 0x2771, 0x2771, 0x2771, \
        0x2771, 0x2771, 0x2771, 0x2771, 0x2771, 0x2771, 0x2771, 0x2771, 0x2771, 0x2771, 0x2771, 0x2771, \
        0x2771, 0x2771, 0x2771, 0x2771, 0x2771, 0x2771, 0x2771, 0x2771, 0x2771, 0x2771, 0x2771, 0x2771, \
        0x2771, 0x2771, 0x2771, 0x2771, 0x2771, 0x2771, 0x2771, 0x2771, 0x2771, 0x2771, 0x2771, 0x2771, \
        0x2771, 0x2771, 0x2771, 0x2771, 0x2771, 0x2771, 0x2771, 0x2771, 0x2771, 0x2771, 0x2771, 0x2771, \
        0x2771, 0x2771, 0x2771, 0x2771, 0x2771, 0x2771, 0x2771, 0x2771, 0x2771, 0x2771, 0x2771, 0x2771, \
        0x2771, 0x2771, 0x2771, 0x2771, 0x2771, 0x2771, 0x2771, 0x2771, 0x2771, 0x2771, 0x2771, 0x2771, \
        0x2771, 0x2771, 0x2771, 0x2771, 0x2771, 0x2771, 0x2771, 0x2771, 0x2771, 0x2771, 0x2771, 0x2771, \
        0x2771, 0x2771, 0x2771, 0x2771, 0x2771, 0x2771, 0x2771, 0x2771, 0x2771, 0x2771, 0x2771, 0x2771, \
        0x2771, 0x2771, 0x2771, 0x2771, 0x2771, 0x2771, 0x2771, 0x2771, 0x2771, 0x2771, 0x2771, 0x2771, \
        0x2771, 0x2771, 0x2771, 0x2771, 0x2771, 0x2771, 0x2771, 0x2771, 0x2771, 0x2771, 0x2771, 0x2771, \
        0x2771, 0x2771, 0x2771, 0x2771, 0x2771, 0x2771, 0x2771, 0x2771, 0x2771, 0x2771, 0x2771, 0x2771, \
        0x2771, 0x2771, 0x2771, 0x2771, 0x2771, 0x2771, 0x2771, 0x2771, 0x2771, 0x2771, 0x2771, 0x2771, \
        0x2771, 0x2771, 0x2771, 0x2771, 0x2771, 0x2771, 0x2771, 0x2771, 0x2771, 0x2771, 0x2771, 0x2771, \
        0x2771, 0x2771, 0x2771, 0x2771, 0x2771, 0x2771, 0x1D0D, 0x0000, 0x2168, 0x7D5A, 0x859B, 0x3A8D, \
        0x0081, 0x1D8E, 0x2771, 0x2771, 0x2771, 0x2771, 0x2771, 0x2771, 0x2771, 0x2771, 0x2771, 0x2771, \
        0x2771, 0x2771, 0x2771, 0x2771, 0x2771, 0x2771, 0x2771, 0x2771, 0x2771, 0x2771, 0x2771, 0x2771, \
        0x2771, 0x2771, 0x2771, 0x0A05, 0x0394, 0x057E, 0x059E, 0x061F, 0x063F, 0x061F, 0x061F, 0x05DE, \
        0x0416, 0x0122, 0x2731, 0x2771, 0x2771, 0x2771, 0x2771, 0x2771, 0x2771, 0x2771, 0x2771, 0x2771, \
        0x2771, 0x2771, 0x2771, 0x2771, 0x2771, 0x2771, 0x2771, 0x2771, 0x2771, 0x2771, 0x2771, 0x2771, \
        0x2771, 0x2771, 0x2771, 0x264F, 0x00C4, 0x0000, 0x6477, 0x7D9C, 0x9DFC, 0xAE1C, 0xB65C, 0xB65C, \
        0x530E, 0x0000, 0x1C2B, 0x2771, 0x2771, 0x1E2F, 0x0081, 0x028E, 0x053C, 0x059E, 0x055D, 0x055D, \
        0x055D, 0x055D, 0x055D, 0x055D, 0x055E, 0x051C, 0x02D0, 0x0020, 0x1D8E, 0x2771, 0x2771, 0x2771, \
        0x2771, 0x2771, 0x2771, 0x2771, 0x2771, 0x2771, 0x2771, 0x2771, 0x2771, 0x2771, 0x2771, 0x2771, \
        0x2771, 0x2771, 0x2771, 0x2771, 0x2771, 0x2771, 0x2771, 0x2771, 0x2771, 0x2771, 0x2771, 0x2771, \
        0x2771, 0x2771, 0x2771, 0x2771, 0x2771, 0x2771, 0x2771, 0x2771, 0x2771, 0x2771, 0x2771, 0x2771, \
        0x2771, 0x2771, 0x2771, 0x2771, 0x2771, 0x2771, 0x2771, 0x2771, 0x2771, 0x2771, 0x2771, 0x2771, \
        0x2771, 0x2771, 0x2771, 0x2771, 0x2771, 0x2771, 0x2771, 0x2771, 0x2771, 0x2771, 0x2771, 0x2771, \
        0x2771, 0x2771, 0x2771, 0x2771, 0x2771, 0x2771, 0x2771, 0x2771, 0x2771, 0x2771, 0x2771, 0x2771, \
        0x2771, 0x2771, 0x2771, 0x2771, 0x2771, 0x2771, 0x2771, 0x2771, 0x2771, 0x2771, 0x2771, 0x2771, \
        0x2771, 0x2771, 0x2771, 0x2771, 0x2771, 0x2771, 0x2771, 0x2771, 0x2771, 0x2771, 0x2771, 0x2771, \
        0x2771, 0x2771, 0x2771, 0x2771, 0x2771, 0x2771, 0x2771, 0x2771, 0x2771, 0x2771, 0x2771, 0x2771, \
        0x2771, 0x2771, 0x2771, 0x2771, 0x2771, 0x2771, 0x2771, 0x2771, 0x2771, 0x2771, 0x2771, 0x2771, \
        0x2771, 0x2771, 0x2771, 0x2771, 0x2771, 0x2771, 0x2771, 0x2771, 0x2771, 0x2771, 0x2771, 0x2771, \
        0x2771, 0x2771, 0x2771, 0x2771, 0x2771, 0x2771, 0x2771, 0x2771, 0x2771, 0x2771, 0x2771, 0x2771, \
        0x2771, 0x2771, 0x2771, 0x2771, 0x2771, 0x2771, 0x2771, 0x2771, 0x2771, 0x2771, 0x2771, 0x2771, \
        0x2771, 0x2771, 0x2771, 0x2771, 0x2771, 0x2771, 0x2771, 0x2771, 0x2771, 0x2771, 0x2771, 0x2771, \
        0x2771, 0x2771, 0x2771, 0x2771, 0x2771, 0x2771, 0x2771, 0x2771, 0x2771, 0x2771, 0x2771, 0x2771, \
        0x2771, 0x2771, 0x2771, 0x2771, 0x2771, 0x2771, 0x2771, 0x2771, 0x2771, 0x2771, 0x2771, 0x2771, \
        0x2771, 0x2771, 0x2771, 0x2771, 0x2771, 0x2771, 0x2771, 0x2771, 0x2771, 0x2771, 0x2771, 0x2771, \
        0x2771, 0x2771, 0x2771, 0x2771, 0x2771, 0x2771, 0x2771, 0x2771, 0x2771, 0x2771, 0x2771, 0x2771, \
        0x2771, 0x2771, 0x2771, 0x146C, 0x0000, 0x29EA, 0x7D7B, 0x85BC, 0x42EE, 0x0040, 0x1CEC, 0x2771, \
        0x2771, 0x2771, 0x2771, 0x2771, 0x2771, 0x2771, 0x2771, 0x2771, 0x2771, 0x2771, 0x2771, 0x2771, \
        0x2771, 0x2771, 0x2771, 0x2771, 0x2771, 0x2771, 0x2771, 0x2771, 0x2771, 0x2771, 0x2771, 0x144B, \
        0x0189, 0x053C, 0x059F, 0x059E, 0x05BE, 0x05BE, 0x059E, 0x051C, 0x022D, 0x138A, 0x2771, 0x2771, \
        0x2771, 0x2771, 0x2771, 0x2771, 0x2771, 0x2771, 0x2771, 0x2771, 0x2771, 0x2771, 0x2771, 0x2771, \
        0x2771, 0x2771, 0x2771, 0x2771, 0x2771, 0x2771, 0x2771, 0x2771, 0x2771, 0x2771, 0x26B0, 0x0166, \
        0x0000, 0x53F4, 0x757C, 0x9DFC, 0xAE5C, 0xAE5C, 0xB67D, 0x6BF1, 0x0000, 0x1289, 0x2751, 0x2771, \
        0x2771, 0x2771, 0x1D4E, 0x0020, 0x01EB, 0x0477, 0x055C, 0x057E, 0x059E, 0x057E, 0x055D, 0x051C, \
        0x0437, 0x020B, 0x0020, 0x1D0D, 0x2771, 0x2771, 0x2771, 0x2771, 0x2771, 0x2771, 0x2771, 0x2771, \
        0x2771, 0x2771, 0x2771, 0x2771, 0x2771, 0x2771, 0x2771, 0x2771, 0x2771, 0x2771, 0x2771, 0x2771, \
        0x2771, 0x2771, 0x2771, 0x2771, 0x2771, 0x2771, 0x2771, 0x2771, 0x2771, 0x2771, 0x2771, 0x2771, \
        0x2771, 0x2771, 0x2771, 0x2771, 0x2771, 0x2771, 0x2771, 0x2771, 0x2771, 0x2771, 0x2771, 0x2771, \
        0x2771, 0x2771, 0x2771, 0x2771, 0x2771, 0x2771, 0x2771, 0x2771, 0x2771, 0x2771, 0x2771, 0x2771, \
        0x2771, 0x2771, 0x2771, 0x2771, 0x2771, 0x2771, 0x2771, 0x2771, 0x2771, 0x2771, 0x2771, 0x2771, \
        0x2771, 0x2771, 0x2771, 0x2771, 0x2771, 0x2771, 0x2771, 0x2771, 0x2771, 0x2771, 0x2771, 0x2771, \
        0x2771, 0x2771, 0x2771, 0x2771, 0x2771, 0x2771, 0x2771, 0x2771, 0x2771, 0x2771, 0x2771, 0x2771, \
        0x2771, 0x2771, 0x2771, 0x2771, 0x2771, 0x2771, 0x2771, 0x2771, 0x2771, 0x2771, 0x2771, 0x2771, \
        0x2771, 0x2771, 0x2771, 0x2771, 0x2771, 0x2771, 0x2771, 0x2771, 0x2771, 0x2771, 0x2771, 0x2771, \
        0x2771, 0x2771, 0x2771, 0x2771, 0x2771, 0x2771, 0x2771, 0x2771, 0x2771, 0x2771, 0x2771, 0x2771, \
        0x2771, 0x2771, 0x2771, 0x2771, 0x2771, 0x2771, 0x2771, 0x2771, 0x2771, 0x2771, 0x2771, 0x2771, \
        0x2771, 0x2771, 0x2771, 0x2771, 0x2771, 0x2771, 0x2771, 0x2771, 0x2771, 0x2771, 0x2771, 0x2771, \
        0x2771, 0x2771, 0x2771, 0x2771, 0x2771, 0x2771, 0x2771, 0x2771, 0x2771, 0x2771, 0x2771, 0x2771, \
        0x2771, 0x2771, 0x2771, 0x2771, 0x2771, 0x2771, 0x2771, 0x2771, 0x2771, 0x2771, 0x2771, 0x2771, \
        0x2771, 0x2771, 0x2771, 0x2771, 0x2771, 0x2771, 0x2771, 0x2771, 0x2771, 0x2771, 0x2771, 0x2771, \
        0x2771, 0x2771, 0x2771, 0x2771, 0x2771, 0x2771, 0x2771, 0x2771, 0x2771, 0x2771, 0x2771, 0x2771, \
        0x2771, 0x2771, 0x2771, 0x2771, 0x2771, 0x2771, 0x2771, 0x2771, 0x2771, 0x2771, 0x2771, 0x2771, \
        0x2771, 0x2771, 0x2771, 0x2771, 0x2771, 0x2771, 0x2771, 0x2771, 0x2771, 0x2771, 0x2771, 0x2771, \
        0x13EB, 0x0000, 0x322B, 0x7D7B, 0x85BC, 0x4B50, 0x0000, 0x13CB, 0x2751, 0x2771, 0x2771, 0x2771, \
        0x2771, 0x2771, 0x2771, 0x2771, 0x2771, 0x2771, 0x2771, 0x2771, 0x2771, 0x2771, 0x2771, 0x2771, \
        0x2771, 0x2771, 0x2771, 0x2771, 0x2771, 0x2771, 0x2771, 0x2731, 0x09A4, 0x028F, 0x053C, 0x059E, \
        0x057E, 0x055D, 0x04FB, 0x02AF, 0x09A3, 0x2711, 0x2771, 0x2771, 0x2771, 0x2771, 0x2771, 0x2771, \
        0x2771, 0x2771, 0x2771, 0x2771, 0x2771, 0x2771, 0x2771, 0x2771, 0x2771, 0x2771, 0x2771, 0x2771, \
        0x2771, 0x2771, 0x2771, 0x2771, 0x2771, 0x266F, 0x01A6, 0x0000, 0x53B2, 0x757C, 0x8DBC, 0xAE3C, \
        0xB65C, 0xBEBD, 0x8CD5, 0x0000, 0x0166, 0x26D0, 0x2771, 0x2771, 0x2771, 0x2771, 0x2771, 0x1DCF, \
        0x09A5, 0x0000, 0x020B, 0x0372, 0x03F5, 0x03D5, 0x0352, 0x01CB, 0x0000, 0x09C4, 0x1DEF, 0x2771, \
        0x2771, 0x2771, 0x2771, 0x2771, 0x2771, 0x2771, 0x2771, 0x2771, 0x2771, 0x2771, 0x2771, 0x2771, \
        0x2771, 0x2771, 0x2771, 0x2771, 0x2771, 0x2771, 0x2771, 0x2771, 0x2771, 0x2771, 0x2771, 0x2771, \
        0x2771, 0x2771, 0x2771, 0x2771, 0x2771, 0x2771, 0x2771, 0x2771, 0x2771, 0x2771, 0x2771, 0x2771, \
        0x2771, 0x2771, 0x2771, 0x2771, 0x2771, 0x2771, 0x2771, 0x2771, 0x2771, 0x2771, 0x2771, 0x2771, \
        0x2771, 0x2771, 0x2771, 0x2771, 0x2771, 0x2771, 0x2771, 0x2771, 0x2771, 0x2771, 0x2771, 0x2771, \
        0x2771, 0x2771, 0x2771, 0x2771, 0x2771, 0x2771, 0x2771, 0x2771, 0x2771, 0x2771, 0x2771, 0x2771, \
        0x2771, 0x2771, 0x2771, 0x2771, 0x2771, 0x2771, 0x2771, 0x2771, 0x2771, 0x2771, 0x2771, 0x2771, \
        0x2771, 0x2771, 0x2771, 0x2771, 0x2771, 0x2771, 0x2771, 0x2771, 0x2771, 0x2771, 0x2771, 0x2771, \
        0x2771, 0x2771, 0x2771, 0x2771, 0x2771, 0x2771, 0x2771, 0x2771, 0x2771, 0x2771, 0x2771, 0x2771, \
        0x2771, 0x2771, 0x2771, 0x2771, 0x2771, 0x2771, 0x2771, 0x2771, 0x2771, 0x2771, 0x2771, 0x2771, \
        0x2771, 0x2771, 0x2771, 0x2771, 0x2771, 0x2771, 0x2771, 0x2771, 0x2771, 0x2771, 0x2771, 0x2771, \
        0x2771, 0x2771, 0x2771, 0x2771, 0x2771, 0x2771, 0x2771, 0x2771, 0x2771, 0x2771, 0x2771, 0x2771, \
        0x2771, 0x2771, 0x2771, 0x2771, 0x2771, 0x2771, 0x2771, 0x2771, 0x2771, 0x2771, 0x2771, 0x2771, \
        0x2771, 0x2771, 0x2771, 0x2771, 0x2771, 0x2771, 0x2771, 0x2771, 0x2771, 0x2771, 0x2771, 0x2771, \
        0x2771, 0x2771, 0x2771, 0x2771, 0x2771, 0x2771, 0x2771, 0x2771, 0x2771, 0x2771, 0x2771, 0x2771, \
        0x2771, 0x2771, 0x2771, 0x2771, 0x2771, 0x2771, 0x2771, 0x2771, 0x2771, 0x2771, 0x2771, 0x2771, \
        0x2771, 0x2771, 0x2771, 0x2771, 0x2771, 0x2771, 0x2771, 0x2771, 0x2771, 0x2771, 0x2771, 0x2771, \
        0x2771, 0x2771, 0x2771, 0x2771, 0x2771, 0x2771, 0x2771, 0x2771, 0x2771, 0x2771, 0x2771, 0x2771, \
        0x2771, 0x2771, 0x2771, 0x2771, 0x2771, 0x2771, 0x2771, 0x2771, 0x2771, 0x13AA, 0x0000, 0x322B, \
        0x7D7A, 0x85BD, 0x53D3, 0x0000, 0x0A27, 0x26B0, 0x2771, 0x2771, 0x2771, 0x2771, 0x2771, 0x2771, \
        0x2771, 0x2771, 0x2771, 0x2771, 0x2771, 0x2771, 0x2771, 0x2771, 0x2771, 0x2771, 0x2771, 0x2771, \
        0x2771, 0x2771, 0x2771, 0x2771, 0x26B0, 0x09E4, 0x0127, 0x0311, 0x0373, 0x02D0, 0x0107, 0x0A04, \
        0x26D0, 0x2771, 0x2771, 0x2771, 0x2771, 0x2771, 0x2771, 0x2771, 0x2771, 0x2771, 0x2771, 0x2771, \
        0x2771, 0x2771, 0x2771, 0x2771, 0x2771, 0x2771, 0x2771, 0x2771, 0x2771, 0x2771, 0x2771, 0x2771, \
        0x25EF, 0x0125, 0x0000, 0x5392, 0x7D9C, 0x95DC, 0xAE3C, 0xAE3C, 0xBE9D, 0x9537, 0x0000, 0x0064, \
        0x260F, 0x2771, 0x2771, 0x2771, 0x2771, 0x2771, 0x2771, 0x2771, 0x2751, 0x1D4E, 0x0A87, 0x0143, \
        0x00E2, 0x00E2, 0x0143, 0x0AA8, 0x1D6E, 0x2751, 0x2771, 0x2771, 0x2771, 0x2771, 0x2771, 0x2771, \
        0x2771, 0x2771, 0x2771, 0x2771, 0x2771, 0x2771, 0x2771, 0x2771, 0x2771, 0x2771, 0x2771, 0x2771, \
        0x2771, 0x2771, 0x2771, 0x2771, 0x2771, 0x2771, 0x2771, 0x2771, 0x2771, 0x2771, 0x2771, 0x2771, \
        0x2771, 0x2771, 0x2771, 0x2771, 0x2771, 0x2771, 0x2771, 0x2771, 0x2771, 0x2771, 0x2771, 0x2771, \
        0x2771, 0x2771, 0x2771, 0x2771, 0x2771, 0x2771, 0x2771, 0x2771, 0x2771, 0x2771, 0x2771, 0x2771, \
        0x2771, 0x2771, 0x2771, 0x2771, 0x2771, 0x2771, 0x2771, 0x2771, 0x2771, 0x2771, 0x2771, 0x2771, \
        0x2771, 0x2771, 0x2771, 0x2771, 0x2771, 0x2771, 0x2771, 0x2771, 0x2771, 0x2771, 0x2771, 0x2771, \
        0x2771, 0x2771, 0x2771, 0x2771, 0x2771, 0x2771, 0x2771, 0x2771, 0x2771, 0x2771, 0x2771, 0x2771, \
        0x2771, 0x2771, 0x2771, 0x2771, 0x2771, 0x2771, 0x2771, 0x2771, 0x2771, 0x2771, 0x2771, 0x2771, \
        0x2771, 0x2771, 0x2771, 0x2771, 0x2771, 0x2771, 0x2771, 0x2771, 0x2771, 0x2771, 0x2771, 0x2771, \
        0x2771, 0x2771, 0x2771, 0x2771, 0x2771, 0x2771, 0x2771, 0x2771, 0x2771, 0x2771, 0x2771, 0x2771, \
        0x2771, 0x2771, 0x2771, 0x2771, 0x2771, 0x2771, 0x2771, 0x2771, 0x2771, 0x2771, 0x2771, 0x2771, \
        0x2771, 0x2771, 0x2771, 0x2771, 0x2771, 0x2771, 0x2771, 0x2771, 0x2771, 0x2771, 0x2771, 0x2771, \
        0x2771, 0x2771, 0x2771, 0x2771, 0x2771, 0x2771, 0x2771, 0x2771, 0x2771, 0x2771, 0x2771, 0x2771, \
        0x2771, 0x2771, 0x2771, 0x2771, 0x2771, 0x2771, 0x2771, 0x2771, 0x2771, 0x2771, 0x2771, 0x2771, \
        0x2771, 0x2771, 0x2771, 0x2771, 0x2771, 0x2771, 0x2771, 0x2771, 0x2771, 0x2771, 0x2771, 0x2771, \
        0x2771, 0x2771, 0x2771, 0x2771, 0x2771, 0x2771, 0x2771, 0x2771, 0x2771, 0x2771, 0x2771, 0x2771, \
        0x2771, 0x2771, 0x2771, 0x2771, 0x2771, 0x2771, 0x2771, 0x2771, 0x2771, 0x2771, 0x2771, 0x2771, \
        0x2771, 0x2771, 0x2771, 0x2771, 0x2771, 0x2771, 0x2771, 0x2771, 0x2771, 0x2771, 0x2771, 0x2771, \
        0x2771, 0x2771, 0x2771, 0x2771, 0x2771, 0x2771, 0x13CA, 0x0000, 0x29EA, 0x7519, 0x7DBD, 0x5C36, \
        0x10C5, 0x00E2, 0x1D6D, 0x2771, 0x2771, 0x2771, 0x2771, 0x2771, 0x2771, 0x2771, 0x2771, 0x2771, \
        0x2771, 0x2771, 0x2771, 0x2771, 0x2771, 0x2771, 0x2771, 0x2771, 0x2771, 0x2771, 0x2771, 0x2771, \
        0x2771, 0x2751, 0x1D2D, 0x1327, 0x0A86, 0x1327, 0x1D4D, 0x2751, 0x2771, 0x2771, 0x2771, 0x2771, \
        0x2771, 0x2771, 0x2771, 0x2771, 0x2771, 0x2771, 0x2771, 0x2771, 0x2771, 0x2771, 0x2771, 0x2771, \
        0x2771, 0x2771, 0x2771, 0x2771, 0x2771, 0x2771, 0x2771, 0x1D2D, 0x0063, 0x0000, 0x53D3, 0x757C, \
        0x95DC, 0xAE5C, 0xAE5C, 0xBE9D, 0x9537, 0x0001, 0x0023, 0x254E, 0x2771, 0x2771, 0x2771, 0x2771, \
        0x2771, 0x2771, 0x2771, 0x2771, 0x2771, 0x2771, 0x2771, 0x2731, 0x2710, 0x2710, 0x2731, 0x2771, \
        0x2771, 0x2771, 0x2771, 0x2771, 0x2771, 0x2771, 0x2771, 0x2771, 0x2771, 0x2771, 0x2771, 0x2771, \
        0x2771, 0x2771, 0x2771, 0x2771, 0x2771, 0x2771, 0x2771, 0x2771, 0x2771, 0x2771, 0x2771, 0x2771, \
        0x2771, 0x2771, 0x2771, 0x2771, 0x2771, 0x2771, 0x2771, 0x2771, 0x2771, 0x2771, 0x2771, 0x2771, \
        0x2771, 0x2771, 0x2771, 0x2771, 0x2771, 0x2771, 0x2771, 0x2771, 0x2771, 0x2771, 0x2771, 0x2771, \
        0x2771, 0x2771, 0x2771, 0x2771, 0x2771, 0x2771, 0x2771, 0x2771, 0x2771, 0x2771, 0x2771, 0x2771, \
        0x2771, 0x2771, 0x2771, 0x2771, 0x2771, 0x2771, 0x2771, 0x2771, 0x2771, 0x2771, 0x2771, 0x2771, \
        0x2771, 0x2771, 0x2771, 0x2771, 0x2771, 0x2771, 0x2771, 0x2771, 0x2771, 0x2771, 0x2771, 0x2771, \
        0x2771, 0x2771, 0x2771, 0x2771, 0x2771, 0x2771, 0x2771, 0x2771, 0x2771, 0x2771, 0x2771, 0x2771, \
        0x2771, 0x2771, 0x2771, 0x2771, 0x2771, 0x2771, 0x2771, 0x2771, 0x2771, 0x2771, 0x2771, 0x2771, \
        0x2771, 0x2771, 0x2771, 0x2771, 0x2771, 0x2771, 0x2771, 0x2771, 0x2771, 0x2771, 0x2771, 0x2771, \
        0x2771, 0x2771, 0x2771, 0x2771, 0x2771, 0x2771, 0x2771, 0x2771, 0x2771, 0x2771, 0x2771, 0x2771, \
        0x2771, 0x2771, 0x2771, 0x2771, 0x2771, 0x2771, 0x2771, 0x2771, 0x2771, 0x2771, 0x2771, 0x2771, \
        0x2771, 0x2771, 0x2771, 0x2771, 0x2771, 0x2771, 0x2771, 0x2771, 0x2771, 0x2771, 0x2771, 0x2771, \
        0x2771, 0x2771, 0x2771, 0x2771, 0x2771, 0x2771, 0x2771, 0x2771, 0x2771, 0x2771, 0x2771, 0x2771, \
        0x2771, 0x2771, 0x2771, 0x2771, 0x2771, 0x2771, 0x2771, 0x2771, 0x2771, 0x2771, 0x2771, 0x2771, \
        0x2771, 0x2771, 0x2771, 0x2771, 0x2771, 0x2771, 0x2771, 0x2771, 0x2771, 0x2771, 0x2771, 0x2771, \
        0x2771, 0x2771, 0x2771, 0x2771, 0x2771, 0x2771, 0x2771, 0x2771, 0x2771, 0x2771, 0x2771, 0x2771, \
        0x2771, 0x2771, 0x2771, 0x2771, 0x2771, 0x2771, 0x2771, 0x2771, 0x2771, 0x2771, 0x2771, 0x2771, \
        0x2771, 0x2771, 0x2771, 0x2771, 0x2771, 0x2771, 0x2771, 0x2771, 0x2771, 0x2771, 0x2771, 0x2771, \
        0x2771, 0x2771, 0x2771, 0x140B, 0x0000, 0x1947, 0x6C97, 0x7DBD, 0x7519, 0x3A6C, 0x0000, 0x0B29, \
        0x26D0, 0x2771, 0x2771, 0x2771, 0x2771, 0x2771, 0x2771, 0x2771, 0x2771, 0x2771, 0x2771, 0x2771, \
        0x2771, 0x2771, 0x2771, 0x2771, 0x2771, 0x2771, 0x2771, 0x2771, 0x2771, 0x2771, 0x2771, 0x2771, \
        0x2771, 0x2771, 0x2771, 0x2771, 0x2771, 0x2771, 0x2771, 0x2771, 0x2771, 0x2771, 0x2771, 0x2771, \
        0x2771, 0x2771, 0x2771, 0x2771, 0x2771, 0x2771, 0x2771, 0x2771, 0x2771, 0x2771, 0x2771, 0x2771, \
        0x2771, 0x26F0, 0x136A, 0x0000, 0x08C5, 0x5C36, 0x757C, 0x95DC, 0xAE3C, 0xAE3C, 0xBE9D, 0x9536, \
        0x0000, 0x0042, 0x1D2D, 0x2771, 0x2771, 0x2771, 0x2771, 0x2771, 0x2771, 0x2771, 0x2771, 0x2771, \
        0x2771, 0x2771, 0x2771, 0x2771, 0x2771, 0x2771, 0x2771, 0x2771, 0x2771, 0x2771, 0x2771, 0x2771, \
        0x2771, 0x2771, 0x2771, 0x2771, 0x2771, 0x2771, 0x2771, 0x2771, 0x2771, 0x2771, 0x2771, 0x2771, \
        0x2771, 0x2771, 0x2771, 0x2771, 0x2771, 0x2771, 0x2771, 0x2771, 0x2771, 0x2771, 0x2771, 0x2771, \
        0x2771, 0x2771, 0x2771, 0x2771, 0x2771, 0x2771, 0x2771, 0x2771, 0x2771, 0x2771, 0x2771, 0x2771, \
        0x2771, 0x2771, 0x2771, 0x2771, 0x2771, 0x2771, 0x2771, 0x2771, 0x2771, 0x2771, 0x2771, 0x2771, \
        0x2771, 0x2771, 0x2771, 0x2771, 0x2771, 0x2771, 0x2771, 0x2771, 0x2771, 0x2771, 0x2771, 0x2771, \
        0x2771, 0x2771, 0x2771, 0x2771, 0x2771, 0x2771, 0x2771, 0x2771, 0x2771, 0x2771, 0x2771, 0x2771, \
        0x2771, 0x2771, 0x2771, 0x2771, 0x2771, 0x2771, 0x2771, 0x2771, 0x2771, 0x2771, 0x2771, 0x2771, \
        0x2771, 0x2771, 0x2771, 0x2771, 0x2771, 0x2771, 0x2771, 0x2771, 0x2771, 0x2771, 0x2771, 0x2771, \
        0x2771, 0x2771, 0x2771, 0x2771, 0x2771, 0x2771, 0x2771, 0x2771, 0x2771, 0x2771, 0x2771, 0x2771, \
        0x2771, 0x2771, 0x2771, 0x2771, 0x2771, 0x2771, 0x2771, 0x2771, 0x2771, 0x2771, 0x2771, 0x2771, \
        0x2771, 0x2771, 0x2771, 0x2771, 0x2771, 0x2771, 0x2771, 0x2771, 0x2771, 0x2771, 0x2771, 0x2771, \
        0x2771, 0x2771, 0x2771, 0x2771, 0x2771, 0x2771, 0x2771, 0x2771, 0x2771, 0x2771, 0x2771, 0x2771, \
        0x2771, 0x2771, 0x2771, 0x2771, 0x2771, 0x2771, 0x2771, 0x2771, 0x2771, 0x2771, 0x2771, 0x2771, \
        0x2771, 0x2771, 0x2771, 0x2771, 0x2771, 0x2771, 0x2771, 0x2771, 0x2771, 0x2771, 0x2771, 0x2771, \
        0x2771, 0x2771, 0x2771, 0x2771, 0x2771, 0x2771, 0x2771, 0x2771, 0x2771, 0x2771, 0x2771, 0x2771, \
        0x2771, 0x2771, 0x2771, 0x2771, 0x2771, 0x2771, 0x2771, 0x2771, 0x2771, 0x2771, 0x2771, 0x2771, \
        0x2771, 0x2771, 0x2771, 0x2771, 0x2771, 0x2771, 0x2771, 0x2771, 0x2771, 0x2771, 0x2771, 0x2771, \
        0x2771, 0x2771, 0x2771, 0x2771, 0x2771, 0x2771, 0x2771, 0x2771, 0x2771, 0x2771, 0x2771, 0x2771, \
        0x2771, 0x2771, 0x2771, 0x2771, 0x2771, 0x2771, 0x2771, 0x2771, 0x2771, 0x2771, 0x2771, 0x2771, \
        0x1CAC, 0x0021, 0x0023, 0x6455, 0x85DD, 0x7D9B, 0x53B2, 0x0000, 0x00C1, 0x1D0D, 0x2771, 0x2771, \
        0x2771, 0x2771, 0x2771, 0x2771, 0x2771, 0x2771, 0x2771, 0x2771, 0x2771, 0x2771, 0x2771, 0x2771, \
        0x2771, 0x2771, 0x2771, 0x2771, 0x2771, 0x2771, 0x2771, 0x2771, 0x2771, 0x2771, 0x2771, 0x2771, \
        0x2771, 0x2771, 0x2771, 0x2771, 0x2771, 0x2771, 0x2771, 0x2771, 0x2771, 0x2771, 0x2771, 0x2771, \
        0x2771, 0x2771, 0x2771, 0x2771, 0x2771, 0x2771, 0x2771, 0x2771, 0x258E, 0x0966, 0x0000, 0x2A2B, \
        0x64B8, 0x7D7C, 0x9DFC, 0xAE3C, 0xAE3C, 0xB65C, 0x8494, 0x0000, 0x0023, 0x1D2D, 0x2771, 0x2771, \
        0x2771, 0x2771, 0x2771, 0x2771, 0x2771, 0x2771, 0x2771, 0x2771, 0x2771, 0x2771, 0x2771, 0x2771, \
        0x2771, 0x2771, 0x2771, 0x2771, 0x2771, 0x2771, 0x2771, 0x2771, 0x2771, 0x2771, 0x2771, 0x2771, \
        0x2771, 0x2771, 0x2771, 0x2771, 0x2771, 0x2771, 0x2771, 0x2771, 0x2771, 0x2771, 0x2771, 0x2771, \
        0x2771, 0x2771, 0x2771, 0x2771, 0x2771, 0x2771, 0x2771, 0x2771, 0x2771, 0x2771, 0x2771, 0x2771, \
        0x2771, 0x2771, 0x2771, 0x2771, 0x2771, 0x2771, 0x2771, 0x2771, 0x2771, 0x2771, 0x2771, 0x2771, \
        0x2771, 0x2771, 0x2771, 0x2771, 0x2771, 0x2771, 0x2771, 0x2771, 0x2771, 0x2771, 0x2771, 0x2771, \
        0x2771, 0x2771, 0x2771, 0x2771, 0x2771, 0x2771, 0x2771, 0x2771, 0x2771, 0x2771, 0x2771, 0x2771, \
        0x2771, 0x2771, 0x2771, 0x2771, 0x2771, 0x2771, 0x2771, 0x2771, 0x2771, 0x2771, 0x2771, 0x2771, \
        0x2771, 0x2771, 0x2771, 0x2771, 0x2771, 0x2771, 0x2771, 0x2771, 0x2771, 0x2771, 0x2771, 0x2771, \
        0x2771, 0x2771, 0x2771, 0x2771, 0x2771, 0x2771, 0x2771, 0x2771, 0x2771, 0x2771, 0x2771, 0x2771, \
        0x2771, 0x2771, 0x2771, 0x2771, 0x2771, 0x2771, 0x2771, 0x2771, 0x2771, 0x2771, 0x2771, 0x2771, \
        0x2771, 0x2771, 0x2771, 0x2771, 0x2771, 0x2771, 0x2771, 0x2771, 0x2771, 0x2771, 0x2771, 0x2771, \
        0x2771, 0x2771, 0x2771, 0x2771, 0x2771, 0x2771, 0x2771, 0x2771, 0x2771, 0x2771, 0x2771, 0x2771, \
        0x2771, 0x2771, 0x2771, 0x2771, 0x2771, 0x2771, 0x2771, 0x2771, 0x2771, 0x2771, 0x2771, 0x2771, \
        0x2771, 0x2771, 0x2771, 0x2771, 0x2771, 0x2771, 0x2771, 0x2771, 0x2771, 0x2771, 0x2771, 0x2771, \
        0x2771, 0x2771, 0x2771, 0x2771, 0x2771, 0x2771, 0x2771, 0x2771, 0x2771, 0x2771, 0x2771, 0x2771, \
        0x2771, 0x2771, 0x2771, 0x2771, 0x2771, 0x2771, 0x2771, 0x2771, 0x2771, 0x2771, 0x2771, 0x2771, \
        0x2771, 0x2771, 0x2771, 0x2771, 0x2771, 0x2771, 0x2771, 0x2771, 0x2771, 0x2771, 0x2771, 0x2771, \
        0x2771, 0x2771, 0x2771, 0x2771, 0x2771, 0x2771, 0x2771, 0x2771, 0x2771, 0x2771, 0x2771, 0x2771, \
        0x2771, 0x2771, 0x2771, 0x2771, 0x2771, 0x2771, 0x2771, 0x2771, 0x2771, 0x2771, 0x2771, 0x2771, \
        0x2771, 0x2771, 0x2771, 0x2771, 0x2771, 0x2771, 0x2771, 0x2771, 0x2771, 0x1D4D, 0x0084, 0x0000, \
        0x5392, 0x7D7C, 0x7DBD, 0x6CD8, 0x3A6C, 0x0000, 0x0A06, 0x25CE, 0x2771, 0x2771, 0x2771, 0x2771, \
        0x2771, 0x2771, 0x2771, 0x2771, 0x2771, 0x2771, 0x2771, 0x2771, 0x2771, 0x2771, 0x2771, 0x2771, \
        0x2771, 0x2771, 0x2771, 0x2771, 0x2771, 0x2771, 0x2771, 0x2771, 0x2771, 0x2771, 0x2771, 0x2771, \
        0x2771, 0x2771, 0x2771, 0x2771, 0x2771, 0x2771, 0x2771, 0x2771, 0x2771, 0x2771, 0x2771, 0x2771, \
        0x2771, 0x2771, 0x2690, 0x1329, 0x0000, 0x0000, 0x4B92, 0x753B, 0x859C, 0xA61C, 0xAE5C, 0xB67D, \
        0xAE3C, 0x6BD1, 0x0000, 0x00A4, 0x256E, 0x2771, 0x2771, 0x2771, 0x2771, 0x2771, 0x2771, 0x2771, \
        0x2771, 0x2771, 0x2771, 0x2771, 0x2771, 0x2771, 0x2771, 0x2771, 0x2771, 0x2771, 0x2771, 0x2771, \
        0x2771, 0x2771, 0x2771, 0x2771, 0x2771, 0x2771, 0x2771, 0x2771, 0x2771, 0x2771, 0x2771, 0x2771, \
        0x2771, 0x2771, 0x2771, 0x2771, 0x2771, 0x2771, 0x2771, 0x2771, 0x2771, 0x2771, 0x2771, 0x2771, \
        0x2771, 0x2771, 0x2771, 0x2771, 0x2771, 0x2771, 0x2771, 0x2771, 0x2771, 0x2771, 0x2771, 0x2771, \
        0x2771, 0x2771, 0x2771, 0x2771, 0x2771, 0x2771, 0x2771, 0x2771, 0x2771, 0x2771, 0x2771, 0x2771, \
        0x2771, 0x2771, 0x2771, 0x2771, 0x2771, 0x2771, 0x2771, 0x2771, 0x2771, 0x2771, 0x2771, 0x2771, \
        0x2771, 0x2771, 0x2771, 0x2771, 0x2771, 0x2771, 0x2771, 0x2771, 0x2771, 0x2771, 0x2771, 0x2771, \
        0x2771, 0x2771, 0x2771, 0x2771, 0x2771, 0x2771, 0x2771, 0x2771, 0x2771, 0x2771, 0x2771, 0x2771, \
        0x2771, 0x2771, 0x2771, 0x2771, 0x2771, 0x2771, 0x2771, 0x2771, 0x2771, 0x2771, 0x2771, 0x2771, \
        0x2771, 0x2771, 0x2771, 0x2771, 0x2771, 0x2771, 0x2771, 0x2771, 0x2771, 0x2771, 0x2771, 0x2771, \
        0x2771, 0x2771, 0x2771, 0x2771, 0x2771, 0x2771, 0x2771, 0x2771, 0x2771, 0x2771, 0x2771, 0x2771, \
        0x2771, 0x2771, 0x2771, 0x2771, 0x2771, 0x2771, 0x2771, 0x2771, 0x2771, 0x2771, 0x2771, 0x2771, \
        0x2771, 0x2771, 0x2771, 0x2771, 0x2771, 0x2771, 0x2771, 0x2771, 0x2771, 0x2771, 0x2771, 0x2771, \
        0x2771, 0x2771, 0x2771, 0x2771, 0x2771, 0x2771, 0x2771, 0x2771, 0x2771, 0x2771, 0x2771, 0x2771, \
        0x2771, 0x2771, 0x2771, 0x2771, 0x2771, 0x2771, 0x2771, 0x2771, 0x2771, 0x2771, 0x2771, 0x2771, \
        0x2771, 0x2771, 0x2771, 0x2771, 0x2771, 0x2771, 0x2771, 0x2771, 0x2771, 0x2771, 0x2771, 0x2771, \
        0x2771, 0x2771, 0x2771, 0x2771, 0x2771, 0x2771, 0x2771, 0x2771, 0x2771, 0x2771, 0x2771, 0x2771, \
        0x2771, 0x2771, 0x2771, 0x2771, 0x2771, 0x2771, 0x2771, 0x2771, 0x2771, 0x2771, 0x2771, 0x2771, \
        0x2771, 0x2771, 0x2771, 0x2771, 0x2771, 0x2771, 0x2771, 0x2771, 0x2771, 0x2771, 0x2771, 0x2771, \
        0x2771, 0x2771, 0x2771, 0x2771, 0x2771, 0x2771, 0x2771, 0x2771, 0x2771, 0x2771, 0x2771, 0x2771, \
        0x2771, 0x2771, 0x2771, 0x2771, 0x2771, 0x2771, 0x260F, 0x0186, 0x0000, 0x3A6C, 0x74F9, 0x85DD, \
        0x85BC, 0x6435, 0x1968, 0x0020, 0x0AC8, 0x25EF, 0x2771, 0x2771, 0x2771, 0x2771, 0x2771, 0x2771, \
        0x2771, 0x2771, 0x2771, 0x2771, 0x2771, 0x2771, 0x2771, 0x2771, 0x2771, 0x2771, 0x2771, 0x2771, \
        0x2771, 0x2771, 0x2771, 0x2771, 0x2771, 0x2771, 0x2771, 0x2771, 0x2771, 0x2771, 0x2771, 0x2771, \
        0x2771, 0x2771, 0x2771, 0x2771, 0x2771, 0x2771, 0x2771, 0x2771, 0x26D0, 0x13EB, 0x0082, 0x0000, \
        0x326D, 0x6498, 0x7D7C, 0x95DC, 0xAE3C, 0xAE3C, 0xAE5D, 0x9DB9, 0x4ACC, 0x0000, 0x09A6, 0x262F, \
        0x2771, 0x2771, 0x2771, 0x2771, 0x2771, 0x2771, 0x2771, 0x2771, 0x2771, 0x2771, 0x2771, 0x2771, \
        0x2771, 0x2771, 0x2771, 0x2771, 0x2771, 0x2771, 0x2771, 0x2771, 0x2771, 0x2771, 0x2771, 0x2771, \
        0x2771, 0x2771, 0x2771, 0x2771, 0x2771, 0x2771, 0x2771, 0x2771, 0x2771, 0x2771, 0x2771, 0x2771, \
        0x2771, 0x2771, 0x2771, 0x2771, 0x2771, 0x2771, 0x2771, 0x2771, 0x2771, 0x2771, 0x2771, 0x2771, \
        0x2771, 0x2771, 0x2771, 0x2771, 0x2771, 0x2771, 0x2771, 0x2771, 0x2771, 0x2771, 0x2771, 0x2771, \
        0x2771, 0x2771, 0x2771, 0x2771, 0x2771, 0x2771, 0x2771, 0x2771, 0x2771, 0x2771, 0x2771, 0x2771, \
        0x2771, 0x2771, 0x2771, 0x2771, 0x2771, 0x2771, 0x2771, 0x2771, 0x2771, 0x2771, 0x2771, 0x2771, \
        0x2771, 0x2771, 0x2771, 0x2771, 0x2771, 0x2771, 0x2771, 0x2771, 0x2771, 0x2771, 0x2771, 0x2771, \
        0x2771, 0x2771, 0x2771, 0x2771, 0x2771, 0x2771, 0x2771, 0x2771, 0x2771, 0x2771, 0x2771, 0x2771, \
        0x2771, 0x2771, 0x2771, 0x2771, 0x2771, 0x2771, 0x2771, 0x2771, 0x2771, 0x2771, 0x2771, 0x2771, \
        0x2771, 0x2771, 0x2771, 0x2771, 0x2771, 0x2771, 0x2771, 0x2771, 0x2771, 0x2771, 0x2771, 0x2771, \
        0x2771, 0x2771, 0x2771, 0x2771, 0x2771, 0x2771, 0x2771, 0x2771, 0x2771, 0x2771, 0x2771, 0x2771, \
        0x2771, 0x2771, 0x2771, 0x2771, 0x2771, 0x2771, 0x2771, 0x2771, 0x2771, 0x2771, 0x2771, 0x2771, \
        0x2771, 0x2771, 0x2771, 0x2771, 0x2771, 0x2771, 0x2771, 0x2771, 0x2771, 0x2771, 0x2771, 0x2771, \
        0x2771, 0x2771, 0x2771, 0x2771, 0x2771, 0x2771, 0x2771, 0x2771, 0x2771, 0x2771, 0x2771, 0x2771, \
        0x2771, 0x2771, 0x2771, 0x2771, 0x2771, 0x2771, 0x2771, 0x2771, 0x2771, 0x2771, 0x2771, 0x2771, \
        0x2771, 0x2771, 0x2771, 0x2771, 0x2771, 0x2771, 0x2771, 0x2771, 0x2771, 0x2771, 0x2771, 0x2771, \
        0x2771, 0x2771, 0x2771, 0x2771, 0x2771, 0x2771, 0x2771, 0x2771, 0x2771, 0x2771, 0x2771, 0x2771, \
        0x2771, 0x2771, 0x2771, 0x2771, 0x2771, 0x2771, 0x2771, 0x2771, 0x2771, 0x2771, 0x2771, 0x2771, \
        0x2771, 0x2771, 0x2771, 0x2771, 0x2771, 0x2771, 0x2771, 0x2771, 0x2771, 0x2771, 0x2771, 0x2771, \
        0x2771, 0x2771, 0x2771, 0x2771, 0x2771, 0x2771, 0x2771, 0x2771, 0x2771, 0x2771, 0x2771, 0x2771, \
        0x2771, 0x2771, 0x2771, 0x26F0, 0x1329, 0x0000, 0x10C5, 0x6455, 0x85DC, 0x85FD, 0x7D5A, 0x53B3, \
        0x10E6, 0x0000, 0x09E7, 0x1D6E, 0x2751, 0x2771, 0x2771, 0x2771, 0x2771, 0x2771, 0x2771, 0x2771, \
        0x2771, 0x2771, 0x2771, 0x2771, 0x2771, 0x2771, 0x2771, 0x2771, 0x2771, 0x2771, 0x2771, 0x2771, \
        0x2771, 0x2771, 0x2771, 0x2771, 0x2771, 0x2771, 0x2771, 0x2771, 0x2771, 0x2771, 0x2771, 0x2771, \
        0x2771, 0x2771, 0x266F, 0x13CB, 0x00A4, 0x0000, 0x21C9, 0x5C35, 0x755C, 0x8DBC, 0xA61C, 0xAE5C, \
        0xB65D, 0xAE1B, 0x7C53, 0x0084, 0x0000, 0x12E9, 0x2710, 0x2771, 0x2771, 0x2771, 0x2771, 0x2771, \
        0x2771, 0x2771, 0x2771, 0x2771, 0x2771, 0x2771, 0x2771, 0x2771, 0x2771, 0x2771, 0x2771, 0x2771, \
        0x2771, 0x2771, 0x2771, 0x2771, 0x2771, 0x2771, 0x2771, 0x2771, 0x2771, 0x2771, 0x2771, 0x2771, \
        0x2771, 0x2771, 0x2771, 0x2771, 0x2771, 0x2771, 0x2771, 0x2771, 0x2771, 0x2771, 0x2771, 0x2771, \
        0x2771, 0x2771, 0x2771, 0x2771, 0x2771, 0x2771, 0x2771, 0x2771, 0x2771, 0x2771, 0x2771, 0x2771, \
        0x2771, 0x2771, 0x2771, 0x2771, 0x2771, 0x2771, 0x2771, 0x2771, 0x2771, 0x2771, 0x2771, 0x2771, \
        0x2771, 0x2771, 0x2771, 0x2771, 0x2771, 0x2771, 0x2771, 0x2771, 0x2771, 0x2771, 0x2771, 0x2771, \
        0x2771, 0x2771, 0x2771, 0x2771, 0x2771, 0x2771, 0x2771, 0x2771, 0x2771, 0x2771, 0x2771, 0x2771, \
        0x2771, 0x2771, 0x2771, 0x2771, 0x2771, 0x2771, 0x2771, 0x2771, 0x2771, 0x2771, 0x2771, 0x2771, \
        0x2771, 0x2771, 0x2771, 0x2771, 0x2771, 0x2771, 0x2771, 0x2771, 0x2771, 0x2771, 0x2771, 0x2771, \
        0x2771, 0x2771, 0x2771, 0x2771, 0x2771, 0x2771, 0x2771, 0x2771, 0x2771, 0x2771, 0x2771, 0x2771, \
        0x2771, 0x2771, 0x2771, 0x2771, 0x2771, 0x2771, 0x2771, 0x2771, 0x2771, 0x2771, 0x2771, 0x2771, \
        0x2771, 0x2771, 0x2771, 0x2771, 0x2771, 0x2771, 0x2771, 0x2771, 0x2771, 0x2771, 0x2771, 0x2771, \
        0x2771, 0x2771, 0x2771, 0x2771, 0x2771, 0x2771, 0x2771, 0x2771, 0x2771, 0x2771, 0x2771, 0x2771, \
        0x2771, 0x2771, 0x2771, 0x2771, 0x2771, 0x2771, 0x2771, 0x2771, 0x2771, 0x2771, 0x2771, 0x2771, \
        0x2771, 0x2771, 0x2771, 0x2771, 0x2771, 0x2771, 0x2771, 0x2771, 0x2771, 0x2771, 0x2771, 0x2771, \
        0x2771, 0x2771, 0x2771, 0x2771, 0x2771, 0x2771, 0x2771, 0x2771, 0x2771, 0x2771, 0x2771, 0x2771, \
        0x2771, 0x2771, 0x2771, 0x2771, 0x2771, 0x2771, 0x2771, 0x2771, 0x2771, 0x2771, 0x2771, 0x2771, \
        0x2771, 0x2771, 0x2771, 0x2771, 0x2771, 0x2771, 0x2771, 0x2771, 0x2771, 0x2771, 0x2771, 0x2771, \
        0x2771, 0x2771, 0x2771, 0x2771, 0x2771, 0x2771, 0x2771, 0x2771, 0x2771, 0x2771, 0x2771, 0x2771, \
        0x2771, 0x2771, 0x2771, 0x2771, 0x2771, 0x2771, 0x2771, 0x2771, 0x2771, 0x2771, 0x2771, 0x2771, \
        0x2771, 0x2771, 0x2771, 0x2771, 0x2771, 0x2771, 0x2771, 0x2771, 0x2771, 0x2771, 0x2771, 0x2771, \
        0x2771, 0x1CCC, 0x0064, 0x0000, 0x42CE, 0x7519, 0x7DBD, 0x85BD, 0x753A, 0x53D3, 0x2188, 0x0000, \
        0x0183, 0x140B, 0x264F, 0x2771, 0x2771, 0x2771, 0x2771, 0x2771, 0x2771, 0x2771, 0x2771, 0x2771, \
        0x2771, 0x2771, 0x2771, 0x2771, 0x2771, 0x2771, 0x2771, 0x2771, 0x2771, 0x2771, 0x2771, 0x2771, \
        0x2771, 0x2771, 0x2771, 0x2771, 0x2771, 0x2771, 0x2771, 0x2710, 0x1D6D, 0x0AA8, 0x0061, 0x0000, \
        0x29EA, 0x53F5, 0x753B, 0x85BC, 0x9DFC, 0xAE5C, 0xB65D, 0xAE5C, 0x9558, 0x4AAD, 0x0000, 0x0084, \
        0x1CAC, 0x2771, 0x2771, 0x2771, 0x2771, 0x2771, 0x2771, 0x2771, 0x2771, 0x2771, 0x2771, 0x2771, \
        0x2771, 0x2771, 0x2771, 0x2771, 0x2771, 0x2771, 0x2771, 0x2771, 0x2771, 0x2771, 0x2771, 0x2771, \
        0x2771, 0x2771, 0x2771, 0x2771, 0x2771, 0x2771, 0x2771, 0x2771, 0x2771, 0x2771, 0x2771, 0x2771, \
        0x2771, 0x2771, 0x2771, 0x2771, 0x2771, 0x2771, 0x2771, 0x2771, 0x2771, 0x2771, 0x2771, 0x2771, \
        0x2771, 0x2771, 0x2771, 0x2771, 0x2771, 0x2771, 0x2771, 0x2771, 0x2771, 0x2771, 0x2771, 0x2771, \
        0x2771, 0x2771, 0x2771, 0x2771, 0x2771, 0x2771, 0x2771, 0x2771, 0x2771, 0x2771, 0x2771, 0x2771, \
        0x2771, 0x2771, 0x2771, 0x2771, 0x2771, 0x2771, 0x2771, 0x2771, 0x2771, 0x2771, 0x2771, 0x2771, \
        0x2771, 0x2771, 0x2771, 0x2771, 0x2771, 0x2771, 0x2771, 0x2771, 0x2771, 0x2771, 0x2771, 0x2771, \
        0x2771, 0x2771, 0x2771, 0x2771, 0x2771, 0x2771, 0x2771, 0x2771, 0x2771, 0x2771, 0x2771, 0x2771, \
        0x2771, 0x2771, 0x2771, 0x2771, 0x2771, 0x2771, 0x2771, 0x2771, 0x2771, 0x2771, 0x2771, 0x2771, \
        0x2771, 0x2771, 0x2771, 0x2771, 0x2771, 0x2771, 0x2771, 0x2771, 0x2771, 0x2771, 0x2771, 0x2771, \
        0x2771, 0x2771, 0x2771, 0x2771, 0x2771, 0x2771, 0x2771, 0x2771, 0x2771, 0x2771, 0x2771, 0x2771, \
        0x2771, 0x2771, 0x2771, 0x2771, 0x2771, 0x2771, 0x2771, 0x2771, 0x2771, 0x2771, 0x2771, 0x2771, \
        0x2771, 0x2771, 0x2771, 0x2771, 0x2771, 0x2771, 0x2771, 0x2771, 0x2771, 0x2771, 0x2771, 0x2771, \
        0x2771, 0x2771, 0x2771, 0x2771, 0x2771, 0x2771, 0x2771, 0x2771, 0x2771, 0x2771, 0x2771, 0x2771, \
        0x2771, 0x2771, 0x2771, 0x2771, 0x2771, 0x2771, 0x2771, 0x2771, 0x2771, 0x2771, 0x2771, 0x2771, \
        0x2771, 0x2771, 0x2771, 0x2771, 0x2771, 0x2771, 0x2771, 0x2771, 0x2771, 0x2771, 0x2771, 0x2771, \
        0x2771, 0x2771, 0x2771, 0x2771, 0x2771, 0x2771, 0x2771, 0x2771, 0x2771, 0x2771, 0x2771, 0x2771, \
        0x2771, 0x2771, 0x2771, 0x2771, 0x2771, 0x2771, 0x2771, 0x2771, 0x2771, 0x2771, 0x2771, 0x2771, \
        0x2771, 0x2771, 0x2771, 0x2771, 0x2771, 0x2771, 0x2771, 0x2771, 0x2771, 0x2771, 0x2771, 0x2771, \
        0x2771, 0x2771, 0x2771, 0x2771, 0x2771, 0x2771, 0x2771, 0x2771, 0x2771, 0x2771, 0x2771, 0x2771, \
        0x2771, 0x2771, 0x2771, 0x2771, 0x2771, 0x2771, 0x2771, 0x2771, 0x2771, 0x2771, 0x262F, 0x0A68, \
        0x0000, 0x0043, 0x53B2, 0x7D5B, 0x85DD, 0x85DD, 0x857B, 0x6435, 0x326C, 0x0000, 0x0040, 0x09C4, \
        0x140B, 0x25CE, 0x26F0, 0x2771, 0x2771, 0x2771, 0x2771, 0x2771, 0x2771, 0x2771, 0x2771, 0x2771, \
        0x2771, 0x2771, 0x2771, 0x2771, 0x2771, 0x2771, 0x2771, 0x2771, 0x2771, 0x2771, 0x2771, 0x2751, \
        0x2670, 0x1D0D, 0x0B09, 0x00E3, 0x0000, 0x0002, 0x3AAE, 0x6476, 0x755B, 0x85BC, 0x9DFC, 0xAE3C, \
        0xB65D, 0xB65D, 0xA5BA, 0x63B0, 0x0000, 0x0000, 0x1288, 0x266F, 0x2771, 0x2771, 0x2771, 0x2771, \
        0x2771, 0x2771, 0x2771, 0x2771, 0x2771, 0x2771, 0x2771, 0x2771, 0x2771, 0x2771, 0x2771, 0x2771, \
        0x2771, 0x2771, 0x2771, 0x2771, 0x2771, 0x2771, 0x2771, 0x2771, 0x2771, 0x2771, 0x2771, 0x2771, \
        0x2771, 0x2771, 0x2771, 0x2771, 0x2771, 0x2771, 0x2771, 0x2771, 0x2771, 0x2771, 0x2771, 0x2771, \
        0x2771, 0x2771, 0x2771, 0x2771, 0x2771, 0x2771, 0x2771, 0x2771, 0x2771, 0x2771, 0x2771, 0x2771, \
        0x2771, 0x2771, 0x2771, 0x2771, 0x2771, 0x2771, 0x2771, 0x2771, 0x2771, 0x2771, 0x2771, 0x2771, \
        0x2771, 0x2771, 0x2771, 0x2771, 0x2771, 0x2771, 0x2771, 0x2771, 0x2771, 0x2771, 0x2771, 0x2771, \
        0x2771, 0x2771, 0x2771, 0x2771, 0x2771, 0x2771, 0x2771, 0x2771, 0x2771, 0x2771, 0x2771, 0x2771, \
        0x2771, 0x2771, 0x2771, 0x2771, 0x2771, 0x2771, 0x2771, 0x2771, 0x2771, 0x2771, 0x2771, 0x2771, \
        0x2771, 0x2771, 0x2771, 0x2771, 0x2771, 0x2771, 0x2771, 0x2771, 0x2771, 0x2771, 0x2771, 0x2771, \
        0x2771, 0x2771, 0x2771, 0x2771, 0x2771, 0x2771, 0x2771, 0x2771, 0x2771, 0x2771, 0x2771, 0x2771, \
        0x2771, 0x2771, 0x2771, 0x2771, 0x2771, 0x2771, 0x2771, 0x2771, 0x2771, 0x2771, 0x2771, 0x2771, \
        0x2771, 0x2771, 0x2771, 0x2771, 0x2771, 0x2771, 0x2771, 0x2771, 0x2771, 0x2771, 0x2771, 0x2771, \
        0x2771, 0x2771, 0x2771, 0x2771, 0x2771, 0x2771, 0x2771, 0x2771, 0x2771, 0x2771, 0x2771, 0x2771, \
        0x2771, 0x2771, 0x2771, 0x2771, 0x2771, 0x2771, 0x2771, 0x2771, 0x2771, 0x2771, 0x2771, 0x2771, \
        0x2771, 0x2771, 0x2771, 0x2771, 0x2771, 0x2771, 0x2771, 0x2771, 0x2771, 0x2771, 0x2771, 0x2771, \
        0x2771, 0x2771, 0x2771, 0x2771, 0x2771, 0x2771, 0x2771, 0x2771, 0x2771, 0x2771, 0x2771, 0x2771, \
        0x2771, 0x2771, 0x2771, 0x2771, 0x2771, 0x2771, 0x2771, 0x2771, 0x2771, 0x2771, 0x2771, 0x2771, \
        0x2771, 0x2771, 0x2771, 0x2771, 0x2771, 0x2771, 0x2771, 0x2771, 0x2771, 0x2771, 0x2771, 0x2771, \
        0x2771, 0x2771, 0x2771, 0x2771, 0x2771, 0x2771, 0x2771, 0x2771, 0x2771, 0x2771, 0x2771, 0x2771, \
        0x2771, 0x2771, 0x2771, 0x2771, 0x2771, 0x2771, 0x2771, 0x2771, 0x2771, 0x2771, 0x2771, 0x2771, \
        0x2771, 0x2771, 0x2771, 0x2771, 0x2771, 0x2771, 0x2771, 0x2771, 0x2771, 0x2771, 0x2771, 0x2771, \
        0x2771, 0x2771, 0x2771, 0x2771, 0x2771, 0x2771, 0x2771, 0x2771, 0x1D2D, 0x0145, 0x0000, 0x2188, \
        0x6434, 0x857B, 0x8DDD, 0x85BD, 0x859C, 0x74F8, 0x5BB3, 0x322B, 0x0003, 0x0000, 0x00C1, 0x09E7, \
        0x13AB, 0x1D2D, 0x260F, 0x26B0, 0x2731, 0x2771, 0x2771, 0x2771, 0x2771, 0x2771, 0x2771, 0x2771, \
        0x2771, 0x2771, 0x2711, 0x26B0, 0x25CE, 0x1C8C, 0x132A, 0x0166, 0x0040, 0x0000, 0x0002, 0x2A2B, \
        0x53D3, 0x6CF9, 0x859C, 0x8DDD, 0x9E1C, 0xAE3C, 0xB65D, 0xAE5C, 0x9DB9, 0x6BF2, 0x10E5, 0x0000, \
        0x0166, 0x1D2D, 0x2771, 0x2771, 0x2771, 0x2771, 0x2771, 0x2771, 0x2771, 0x2771, 0x2771, 0x2771, \
        0x2771, 0x2771, 0x2771, 0x2771, 0x2771, 0x2771, 0x2771, 0x2771, 0x2771, 0x2771, 0x2771, 0x2771, \
        0x2771, 0x2771, 0x2771, 0x2771, 0x2771, 0x2771, 0x2771, 0x2771, 0x2771, 0x2771, 0x2771, 0x2771, \
        0x2771, 0x2771, 0x2771, 0x2771, 0x2771, 0x2771, 0x2771, 0x2771, 0x2771, 0x2771, 0x2771, 0x2771, \
        0x2771, 0x2771, 0x2771, 0x2771, 0x2771, 0x2771, 0x2771, 0x2771, 0x2771, 0x2771, 0x2771, 0x2771, \
        0x2771, 0x2771, 0x2771, 0x2771, 0x2771, 0x2771, 0x2771, 0x2771, 0x2771, 0x2771, 0x2771, 0x2771, \
        0x2771, 0x2771, 0x2771, 0x2771, 0x2771, 0x2771, 0x2771, 0x2771, 0x2771, 0x2771, 0x2771, 0x2771, \
        0x2771, 0x2771, 0x2771, 0x2771, 0x2771, 0x2771, 0x2771, 0x2771, 0x2771, 0x2771, 0x2771, 0x2771, \
        0x2771, 0x2771, 0x2771, 0x2771, 0x2771, 0x2771, 0x2771, 0x2771, 0x2771, 0x2771, 0x2771, 0x2771, \
        0x2771, 0x2771, 0x2771, 0x2771, 0x2771, 0x2771, 0x2771, 0x2771, 0x2771, 0x2771, 0x2771, 0x2771, \
        0x2771, 0x2771, 0x2771, 0x2771, 0x2771, 0x2771, 0x2771, 0x2771, 0x2771, 0x2771, 0x2771, 0x2771, \
        0x2771, 0x2771, 0x2771, 0x2771, 0x2771, 0x2771, 0x2771, 0x2771, 0x2771, 0x2771, 0x2771, 0x2771, \
        0x2771, 0x2771, 0x2771, 0x2771, 0x2771, 0x2771, 0x2771, 0x2771, 0x2771, 0x2771, 0x2771, 0x2771, \
        0x2771, 0x2771, 0x2771, 0x2771, 0x2771, 0x2771, 0x2771, 0x2771, 0x2771, 0x2771, 0x2771, 0x2771, \
        0x2771, 0x2771, 0x2771, 0x2771, 0x2771, 0x2771, 0x2771, 0x2771, 0x2771, 0x2771, 0x2771, 0x2771, \
        0x2771, 0x2771, 0x2771, 0x2771, 0x2771, 0x2771, 0x2771, 0x2771, 0x2771, 0x2771, 0x2771, 0x2771, \
        0x2771, 0x2771, 0x2771, 0x2771, 0x2771, 0x2771, 0x2771, 0x2771, 0x2771, 0x2771, 0x2771, 0x2771, \
        0x2771, 0x2771, 0x2771, 0x2771, 0x2771, 0x2771, 0x2771, 0x2771, 0x2771, 0x2771, 0x2771, 0x2771, \
        0x2771, 0x2771, 0x2771, 0x2771, 0x2771, 0x2771, 0x2771, 0x2771, 0x2771, 0x2771, 0x2771, 0x2771, \
        0x2771, 0x2771, 0x2771, 0x2771, 0x2771, 0x2771, 0x2771, 0x2771, 0x2771, 0x2771, 0x2771, 0x2771, \
        0x2771, 0x2771, 0x2771, 0x2771, 0x2771, 0x2771, 0x2771, 0x2771, 0x2771, 0x2771, 0x2771, 0x2771, \
        0x2771, 0x2771, 0x2771, 0x2771, 0x2771, 0x2771, 0x2771, 0x2771, 0x2771, 0x2771, 0x2771, 0x2771, \
        0x2771, 0x2771, 0x2771, 0x2771, 0x2771, 0x26F0, 0x140B, 0x00C4, 0x0000, 0x29A9, 0x6414, 0x7D3A, \
        0x85BC, 0x85DD, 0x8DDC, 0x859B, 0x74F9, 0x5C14, 0x3ACE, 0x2189, 0x0001, 0x0000, 0x0020, 0x00A1, \
        0x0143, 0x09E6, 0x0A88, 0x0AE9, 0x1349, 0x1349, 0x0B29, 0x0AA9, 0x0A47, 0x09A6, 0x0102, 0x0081, \
        0x0000, 0x0000, 0x0003, 0x21CA, 0x3AEF, 0x5414, 0x6CF9, 0x7D7B, 0x8DBC, 0x9DFD, 0xA63C, 0xAE3D, \
        0xAE5D, 0xAE3C, 0x9D78, 0x63B1, 0x08A5, 0x0000, 0x00E5, 0x1C4C, 0x2731, 0x2771, 0x2771, 0x2771, \
        0x2771, 0x2771, 0x2771, 0x2771, 0x2771, 0x2771, 0x2771, 0x2771, 0x2771, 0x2771, 0x2771, 0x2771, \
        0x2771, 0x2771, 0x2771, 0x2771, 0x2771, 0x2771, 0x2771, 0x2771, 0x2771, 0x2771, 0x2771, 0x2771, \
        0x2771, 0x2771, 0x2771, 0x2771, 0x2771, 0x2771, 0x2771, 0x2771, 0x2771, 0x2771, 0x2771, 0x2771, \
        0x2771, 0x2771, 0x2771, 0x2771, 0x2771, 0x2771, 0x2771, 0x2771, 0x2771, 0x2771, 0x2771, 0x2771, \
        0x2771, 0x2771, 0x2771, 0x2771, 0x2771, 0x2771, 0x2771, 0x2771, 0x2771, 0x2771, 0x2771, 0x2771, \
        0x2771, 0x2771, 0x2771, 0x2771, 0x2771, 0x2771, 0x2771, 0x2771, 0x2771, 0x2771, 0x2771, 0x2771, \
        0x2771, 0x2771, 0x2771, 0x2771, 0x2771, 0x2771, 0x2771, 0x2771, 0x2771, 0x2771, 0x2771, 0x2771, \
        0x2771, 0x2771, 0x2771, 0x2771, 0x2771, 0x2771, 0x2771, 0x2771, 0x2771, 0x2771, 0x2771, 0x2771, \
        0x2771, 0x2771, 0x2771, 0x2771, 0x2771, 0x2771, 0x2771, 0x2771, 0x2771, 0x2771, 0x2771, 0x2771, \
        0x2771, 0x2771, 0x2771, 0x2771, 0x2771, 0x2771, 0x2771, 0x2771, 0x2771, 0x2771, 0x2771, 0x2771, \
        0x2771, 0x2771, 0x2771, 0x2771, 0x2771, 0x2771, 0x2771, 0x2771, 0x2771, 0x2771, 0x2771, 0x2771, \
        0x2771, 0x2771, 0x2771, 0x2771, 0x2771, 0x2771, 0x2771, 0x2771, 0x2771, 0x2771, 0x2771, 0x2771, \
        0x2771, 0x2771, 0x2771, 0x2771, 0x2771, 0x2771, 0x2771, 0x2771, 0x2771, 0x2771, 0x2771, 0x2771, \
        0x2771, 0x2771, 0x2771, 0x2771, 0x2771, 0x2771, 0x2771, 0x2771, 0x2771, 0x2771, 0x2771, 0x2771, \
        0x2771, 0x2771, 0x2771, 0x2771, 0x2771, 0x2771, 0x2771, 0x2771, 0x2771, 0x2771, 0x2771, 0x2771, \
        0x2771, 0x2771, 0x2771, 0x2771, 0x2771, 0x2771, 0x2771, 0x2771, 0x2771, 0x2771, 0x2771, 0x2771, \
        0x2771, 0x2771, 0x2771, 0x2771, 0x2771, 0x2771, 0x2771, 0x2771, 0x2771, 0x2771, 0x2771, 0x2771, \
        0x2771, 0x2771, 0x2771, 0x2771, 0x2771, 0x2771, 0x2771, 0x2771, 0x2771, 0x2771, 0x2771, 0x2771, \
        0x2771, 0x2771, 0x2771, 0x2771, 0x2771, 0x2771, 0x2771, 0x2771, 0x2771, 0x2771, 0x2771, 0x2771, \
        0x2771, 0x2771, 0x2771, 0x2771, 0x2771, 0x2771, 0x2771, 0x2771, 0x2771, 0x2771, 0x2771, 0x2771, \
        0x2771, 0x2771, 0x2771, 0x2771, 0x2771, 0x2771, 0x2771, 0x2771, 0x2771, 0x2771, 0x2771, 0x2771, \
        0x2771, 0x2771, 0x2771, 0x2771, 0x2771, 0x2771, 0x2771, 0x2771, 0x2771, 0x2771, 0x2771, 0x2771, \
        0x2771, 0x2771, 0x2771, 0x26B0, 0x13AA, 0x00A3, 0x0000, 0x1926, 0x5371, 0x74F8, 0x8DBC, 0x8DDD, \
        0x8DDD, 0x85BD, 0x859C, 0x7D5B, 0x6CF8, 0x6455, 0x4BB2, 0x430F, 0x324C, 0x21A9, 0x1127, 0x08A5, \
        0x0064, 0x0064, 0x0085, 0x08E6, 0x1947, 0x21CA, 0x2A4C, 0x3AEF, 0x4BB3, 0x5C56, 0x7519, 0x859B, \
        0x85BC, 0x8DDD, 0x9DFD, 0xA61C, 0xA63D, 0xAE7D, 0xAE5D, 0x9DBA, 0x84B5, 0x4ACD, 0x0000, 0x0000, \
        0x0146, 0x1C6C, 0x26F0, 0x2771, 0x2771, 0x2771, 0x2771, 0x2771, 0x2771, 0x2771, 0x2771, 0x2771, \
        0x2771, 0x2771, 0x2771, 0x2771, 0x2771, 0x2771, 0x2771, 0x2771, 0x2771, 0x2771, 0x2771, 0x2771, \
        0x2771, 0x2771, 0x2771, 0x2771, 0x2771, 0x2771, 0x2771, 0x2771, 0x2771, 0x2771, 0x2771, 0x2771, \
        0x2771, 0x2771, 0x2771, 0x2771, 0x2771, 0x2771, 0x2771, 0x2771, 0x2771, 0x2771, 0x2771, 0x2771, \
        0x2771, 0x2771, 0x2771, 0x2771, 0x2771, 0x2771, 0x2771, 0x2771, 0x2771, 0x2771, 0x2771, 0x2771, \
        0x2771, 0x2771, 0x2771, 0x2771, 0x2771, 0x2771, 0x2771, 0x2771, 0x2771, 0x2771, 0x2771, 0x2771, \
        0x2771, 0x2771, 0x2771, 0x2771, 0x2771, 0x2771, 0x2771, 0x2771, 0x2771, 0x2771, 0x2771, 0x2771, \
        0x2771, 0x2771, 0x2771, 0x2771, 0x2771, 0x2771, 0x2771, 0x2771, 0x2771, 0x2771, 0x2771, 0x2771, \
        0x2771, 0x2771, 0x2771, 0x2771, 0x2771, 0x2771, 0x2771, 0x2771, 0x2771, 0x2771, 0x2771, 0x2771, \
        0x2771, 0x2771, 0x2771, 0x2771, 0x2771, 0x2771, 0x2771, 0x2771, 0x2771, 0x2771, 0x2771, 0x2771, \
        0x2771, 0x2771, 0x2771, 0x2771, 0x2771, 0x2771, 0x2771, 0x2771, 0x2771, 0x2771, 0x2771, 0x2771, \
        0x2771, 0x2771, 0x2771, 0x2771, 0x2771, 0x2771, 0x2771, 0x2771, 0x2771, 0x2771, 0x2771, 0x2771, \
        0x2771, 0x2771, 0x2771, 0x2771, 0x2771, 0x2771, 0x2771, 0x2771, 0x2771, 0x2771, 0x2771, 0x2771, \
        0x2771, 0x2771, 0x2771, 0x2771, 0x2771, 0x2771, 0x2771, 0x2771, 0x2771, 0x2771, 0x2771, 0x2771, \
        0x2771, 0x2771, 0x2771, 0x2771, 0x2771, 0x2771, 0x2771, 0x2771, 0x2771, 0x2771, 0x2771, 0x2771, \
        0x2771, 0x2771, 0x2771, 0x2771, 0x2771, 0x2771, 0x2771, 0x2771, 0x2771, 0x2771, 0x2771, 0x2771, \
        0x2771, 0x2771, 0x2771, 0x2771, 0x2771, 0x2771, 0x2771, 0x2771, 0x2771, 0x2771, 0x2771, 0x2771, \
        0x2771, 0x2771, 0x2771, 0x2771, 0x2771, 0x2771, 0x2771, 0x2771, 0x2771, 0x2771, 0x2771, 0x2771, \
        0x2771, 0x2771, 0x2771, 0x2771, 0x2771, 0x2771, 0x2771, 0x2771, 0x2771, 0x2771, 0x2771, 0x2771, \
        0x2771, 0x2771, 0x2771, 0x2771, 0x2771, 0x2771, 0x2771, 0x2771, 0x2771, 0x2771, 0x2771, 0x2771, \
        0x2771, 0x2771, 0x2771, 0x2771, 0x2771, 0x2771, 0x2771, 0x2771, 0x2771, 0x2771, 0x2771, 0x2771, \
        0x2771, 0x2771, 0x2771, 0x2771, 0x2771, 0x2771, 0x2771, 0x2771, 0x2771, 0x2771, 0x2771, 0x2771, \
        0x2771, 0x2771, 0x2771, 0x2771, 0x2771, 0x2771, 0x2771, 0x2771, 0x2771, 0x2771, 0x2771, 0x2771, \
        0x2771, 0x26B0, 0x146B, 0x0145, 0x0000, 0x0000, 0x3A6C, 0x63F3, 0x74F8, 0x857B, 0x85BD, 0x85BD, \
        0x8DDD, 0x8DDD, 0x85DD, 0x85BC, 0x85BC, 0x7D7B, 0x755A, 0x753A, 0x7519, 0x7519, 0x7D3A, 0x7D3A, \
        0x753A, 0x7D5B, 0x859B, 0x85BC, 0x8DDD, 0x961D, 0x9E1D, 0xA63D, 0xA63D, 0xA63D, 0xA63D, 0xA61C, \
        0x9DBA, 0x84D5, 0x5B4F, 0x1926, 0x0000, 0x0060, 0x0A88, 0x1D4D, 0x2711, 0x2771, 0x2771, 0x2771, \
        0x2771, 0x2771, 0x2771, 0x2771, 0x2771, 0x2771, 0x2771, 0x2771, 0x2771, 0x2771, 0x2771, 0x2771, \
        0x2771, 0x2771, 0x2771, 0x2771, 0x2771, 0x2771, 0x2771, 0x2771, 0x2771, 0x2771, 0x2771, 0x2771, \
        0x2771, 0x2771, 0x2771, 0x2771, 0x2771, 0x2771, 0x2771, 0x2771, 0x2771, 0x2771, 0x2771, 0x2771, \
        0x2771, 0x2771, 0x2771, 0x2771, 0x2771, 0x2771, 0x2771, 0x2771, 0x2771, 0x2771, 0x2771, 0x2771, \
        0x2771, 0x2771, 0x2771, 0x2771, 0x2771, 0x2771, 0x2771, 0x2771, 0x2771, 0x2771, 0x2771, 0x2771, \
        0x2771, 0x2771, 0x2771, 0x2771, 0x2771, 0x2771, 0x2771, 0x2771, 0x2771, 0x2771, 0x2771, 0x2771, \
        0x2771, 0x2771, 0x2771, 0x2771, 0x2771, 0x2771, 0x2771, 0x2771, 0x2771, 0x2771, 0x2771, 0x2771, \
        0x2771, 0x2771, 0x2771, 0x2771, 0x2771, 0x2771, 0x2771, 0x2771, 0x2771, 0x2771, 0x2771, 0x2771, \
        0x2771, 0x2771, 0x2771, 0x2771, 0x2771, 0x2771, 0x2771, 0x2771, 0x2771, 0x2771, 0x2771, 0x2771, \
        0x2771, 0x2771, 0x2771, 0x2771, 0x2771, 0x2771, 0x2771, 0x2771, 0x2771, 0x2771, 0x2771, 0x2771, \
        0x2771, 0x2771, 0x2771, 0x2771, 0x2771, 0x2771, 0x2771, 0x2771, 0x2771, 0x2771, 0x2771, 0x2771, \
        0x2771, 0x2771, 0x2771, 0x2771, 0x2771, 0x2771, 0x2771, 0x2771, 0x2771, 0x2771, 0x2771, 0x2771, \
        0x2771, 0x2771, 0x2771, 0x2771, 0x2771, 0x2771, 0x2771, 0x2771, 0x2771, 0x2771, 0x2771, 0x2771, \
        0x2771, 0x2771, 0x2771, 0x2771, 0x2771, 0x2771, 0x2771, 0x2771, 0x2771, 0x2771, 0x2771, 0x2771, \
        0x2771, 0x2771, 0x2771, 0x2771, 0x2771, 0x2771, 0x2771, 0x2771, 0x2771, 0x2771, 0x2771, 0x2771, \
        0x2771, 0x2771, 0x2771, 0x2771, 0x2771, 0x2771, 0x2771, 0x2771, 0x2771, 0x2771, 0x2771, 0x2771, \
        0x2771, 0x2771, 0x2771, 0x2771, 0x2771, 0x2771, 0x2771, 0x2771, 0x2771, 0x2771, 0x2771, 0x2771, \
        0x2771, 0x2771, 0x2771, 0x2771, 0x2771, 0x2771, 0x2771, 0x2771, 0x2771, 0x2771, 0x2771, 0x2771, \
        0x2771, 0x2771, 0x2771, 0x2771, 0x2771, 0x2771, 0x2771, 0x2771, 0x2771, 0x2771, 0x2771, 0x2771, \
        0x2771, 0x2771, 0x2771, 0x2771, 0x2771, 0x2771, 0x2771, 0x2771, 0x2771, 0x2771, 0x2771, 0x2771, \
        0x2771, 0x2771, 0x2771, 0x2771, 0x2771, 0x2771, 0x2771, 0x2771, 0x2771, 0x2771, 0x2771, 0x2771, \
        0x2771, 0x2771, 0x2771, 0x2771, 0x2771, 0x2771, 0x2771, 0x2771, 0x2771, 0x2771, 0x2771, 0x2771, \
        0x2771, 0x2771, 0x2771, 0x2771, 0x2771, 0x2771, 0x2771, 0x2771, 0x2771, 0x2771, 0x2771, 0x2731, \
        0x1D4D, 0x0AC9, 0x0082, 0x0000, 0x0000, 0x29EA, 0x5371, 0x6C76, 0x7D39, 0x859B, 0x8DDC, 0x95FD, \
        0x95FD, 0x8DFD, 0x8DDD, 0x8DFD, 0x95FD, 0x9E1D, 0x9E1D, 0x9E1D, 0x9E1D, 0x9E1D, 0x9E1D, 0x9E1D, \
        0xA63D, 0xA63D, 0xA63D, 0xA61C, 0x959A, 0x84F7, 0x6BF2, 0x428C, 0x0084, 0x0000, 0x0020, 0x0186, \
        0x1C2B, 0x264F, 0x2771, 0x2771, 0x2771, 0x2771, 0x2771, 0x2771, 0x2771, 0x2771, 0x2771, 0x2771, \
        0x2771, 0x2771, 0x2771, 0x2771, 0x2771, 0x2771, 0x2771, 0x2771, 0x2771, 0x2771, 0x2771, 0x2771, \
        0x2771, 0x2771, 0x2771, 0x2771, 0x2771, 0x2771, 0x2771, 0x2771, 0x2771, 0x2771, 0x2771, 0x2771, \
        0x2771, 0x2771, 0x2771, 0x2771, 0x2771, 0x2771, 0x2771, 0x2771, 0x2771, 0x2771, 0x2771, 0x2771, \
        0x2771, 0x2771, 0x2771, 0x2771, 0x2771, 0x2771, 0x2771, 0x2771, 0x2771, 0x2771, 0x2771, 0x2771, \
        0x2771, 0x2771, 0x2771, 0x2771, 0x2771, 0x2771, 0x2771, 0x2771, 0x2771, 0x2771, 0x2771, 0x2771, \
        0x2771, 0x2771, 0x2771, 0x2771, 0x2771, 0x2771, 0x2771, 0x2771, 0x2771, 0x2771, 0x2771, 0x2771, \
        0x2771, 0x2771, 0x2771, 0x2771, 0x2771, 0x2771, 0x2771, 0x2771, 0x2771, 0x2771, 0x2771, 0x2771, \
        0x2771, 0x2771, 0x2771, 0x2771, 0x2771, 0x2771, 0x2771, 0x2771, 0x2771, 0x2771, 0x2771, 0x2771, \
        0x2771, 0x2771, 0x2771, 0x2771, 0x2771, 0x2771, 0x2771, 0x2771, 0x2771, 0x2771, 0x2771, 0x2771, \
        0x2771, 0x2771, 0x2771, 0x2771, 0x2771, 0x2771, 0x2771, 0x2771, 0x2771, 0x2771, 0x2771, 0x2771, \
        0x2771, 0x2771, 0x2771, 0x2771, 0x2771, 0x2771, 0x2771, 0x2771, 0x2771, 0x2771, 0x2771, 0x2771, \
        0x2771, 0x2771, 0x2771, 0x2771, 0x2771, 0x2771, 0x2771, 0x2771, 0x2771, 0x2771, 0x2771, 0x2771, \
        0x2771, 0x2771, 0x2771, 0x2771, 0x2771, 0x2771, 0x2771, 0x2771, 0x2771, 0x2771, 0x2771, 0x2771, \
        0x2771, 0x2771, 0x2771, 0x2771, 0x2771, 0x2771, 0x2771, 0x2771, 0x2771, 0x2771, 0x2771, 0x2771, \
        0x2771, 0x2771, 0x2771, 0x2771, 0x2771, 0x2771, 0x2771, 0x2771, 0x2771, 0x2771, 0x2771, 0x2771, \
        0x2771, 0x2771, 0x2771, 0x2771, 0x2771, 0x2771, 0x2771, 0x2771, 0x2771, 0x2771, 0x2771, 0x2771, \
        0x2771, 0x2771, 0x2771, 0x2771, 0x2771, 0x2771, 0x2771, 0x2771, 0x2771, 0x2771, 0x2771, 0x2771, \
        0x2771, 0x2771, 0x2771, 0x2771, 0x2771, 0x2771, 0x2771, 0x2771, 0x2771, 0x2771, 0x2771, 0x2771, \
        0x2771, 0x2771, 0x2771, 0x2771, 0x2771, 0x2771, 0x2771, 0x2771, 0x2771, 0x2771, 0x2771, 0x2771, \
        0x2771, 0x2771, 0x2771, 0x2771, 0x2771, 0x2771, 0x2771, 0x2771, 0x2771, 0x2771, 0x2771, 0x2771, \
        0x2771, 0x2771, 0x2771, 0x2771, 0x2771, 0x2771, 0x2771, 0x2771, 0x2771, 0x2771, 0x2771, 0x2771, \
        0x2771, 0x2771, 0x2771, 0x2771, 0x2771, 0x2771, 0x2771, 0x2771, 0x2771, 0x2771, 0x2771, 0x2771, \
        0x2771, 0x2771, 0x2771, 0x2771, 0x2771, 0x2771, 0x2771, 0x2771, 0x2771, 0x2771, 0x2690, 0x1C8C, \
        0x0A88, 0x00A2, 0x0000, 0x0000, 0x0864, 0x29EA, 0x4AEF, 0x5BD2, 0x6C55, 0x74B7, 0x7519, 0x7D3A, \
        0x857A, 0x8D9B, 0x8DBB, 0x8D9B, 0x8D9A, 0x8D59, 0x8538, 0x84F7, 0x7C95, 0x6BF2, 0x532F, 0x3A2A, \
        0x08A4, 0x0000, 0x0000, 0x0061, 0x09E7, 0x1C0B, 0x25EF, 0x2751, 0x2771, 0x2771, 0x2771, 0x2771, \
        0x2771, 0x2771, 0x2771, 0x2771, 0x2771, 0x2771, 0x2771, 0x2771, 0x2771, 0x2771, 0x2771, 0x2771, \
        0x2771, 0x2771, 0x2771, 0x2771, 0x2771, 0x2771, 0x2771, 0x2771, 0x2771, 0x2771, 0x2771, 0x2771, \
        0x2771, 0x2771, 0x2771, 0x2771, 0x2771, 0x2771, 0x2771, 0x2771, 0x2771, 0x2771, 0x2771, 0x2771, \
        0x2771, 0x2771, 0x2771, 0x2771, 0x2771, 0x2771, 0x2771, 0x2771, 0x2771, 0x2771, 0x2771, 0x2771, \
        0x2771, 0x2771, 0x2771, 0x2771, 0x2771, 0x2771, 0x2771, 0x2771, 0x2771, 0x2771, 0x2771, 0x2771, \
        0x2771, 0x2771, 0x2771, 0x2771, 0x2771, 0x2771, 0x2771, 0x2771, 0x2771, 0x2771, 0x2771, 0x2771, \
        0x2771, 0x2771, 0x2771, 0x2771, 0x2771, 0x2771, 0x2771, 0x2771, 0x2771, 0x2771, 0x2771, 0x2771, \
        0x2771, 0x2771, 0x2771, 0x2771, 0x2771, 0x2771, 0x2771, 0x2771, 0x2771, 0x2771, 0x2771, 0x2771, \
        0x2771, 0x2771, 0x2771, 0x2771, 0x2771, 0x2771, 0x2771, 0x2771, 0x2771, 0x2771, 0x2771, 0x2771, \
        0x2771, 0x2771, 0x2771, 0x2771, 0x2771, 0x2771, 0x2771, 0x2771, 0x2771, 0x2771, 0x2771, 0x2771, \
        0x2771, 0x2771, 0x2771, 0x2771, 0x2771, 0x2771, 0x2771, 0x2771, 0x2771, 0x2771, 0x2771, 0x2771, \
        0x2771, 0x2771, 0x2771, 0x2771, 0x2771, 0x2771, 0x2771, 0x2771, 0x2771, 0x2771, 0x2771, 0x2771, \
        0x2771, 0x2771, 0x2771, 0x2771, 0x2771, 0x2771, 0x2771, 0x2771, 0x2771, 0x2771, 0x2771, 0x2771, \
        0x2771, 0x2771, 0x2771, 0x2771, 0x2771, 0x2771, 0x2771, 0x2771, 0x2771, 0x2771, 0x2771, 0x2771, \
        0x2771, 0x2771, 0x2771, 0x2771, 0x2771, 0x2771, 0x2771, 0x2771, 0x2771, 0x2771, 0x2771, 0x2771, \
        0x2771, 0x2771, 0x2771, 0x2771, 0x2771, 0x2771, 0x2771, 0x2771, 0x2771, 0x2771, 0x2771, 0x2771, \
        0x2771, 0x2771, 0x2771, 0x2771, 0x2771, 0x2771, 0x2771, 0x2771, 0x2771, 0x2771, 0x2771, 0x2771, \
        0x2771, 0x2771, 0x2771, 0x2771, 0x2771, 0x2771, 0x2771, 0x2771, 0x2771, 0x2771, 0x2771, 0x2771, \
        0x2771, 0x2771, 0x2771, 0x2771, 0x2771, 0x2771, 0x2771, 0x2771, 0x2771, 0x2771, 0x2771, 0x2771, \
        0x2771, 0x2771, 0x2771, 0x2771, 0x2771, 0x2771, 0x2771, 0x2771, 0x2771, 0x2771, 0x2771, 0x2771, \
        0x2771, 0x2771, 0x2771, 0x2771, 0x2771, 0x2771, 0x2771, 0x2771, 0x2771, 0x2771, 0x2771, 0x2771, \
        0x2771, 0x2771, 0x2771, 0x2771, 0x2771, 0x2771, 0x2771, 0x2771, 0x2771, 0x2771, 0x2771, 0x2771, \
        0x2771, 0x2771, 0x2771, 0x2771, 0x2771, 0x2771, 0x2771, 0x2771, 0x2771, 0x2771, 0x2771, 0x2771, \
        0x2771, 0x2771, 0x2771, 0x2771, 0x2771, 0x2771, 0x2771, 0x2771, 0x2771, 0x26D0, 0x1D8E, 0x142B, \
        0x0AA8, 0x0125, 0x0061, 0x0000, 0x0000, 0x0000, 0x0000, 0x0064, 0x08E6, 0x1127, 0x1127, 0x1106, \
        0x10C5, 0x0003, 0x0000, 0x0000, 0x0000, 0x0000, 0x0040, 0x0104, 0x0A88, 0x142B, 0x1D6E, 0x26B0, \
        0x2771, 0x2771, 0x2771, 0x2771, 0x2771, 0x2771, 0x2771, 0x2771, 0x2771, 0x2771, 0x2771, 0x2771, \
        0x2771, 0x2771, 0x2771, 0x2771, 0x2771, 0x2771, 0x2771, 0x2771, 0x2771, 0x2771, 0x2771, 0x2771, \
        0x2771, 0x2771, 0x2771, 0x2771, 0x2771, 0x2771, 0x2771, 0x2771, 0x2771, 0x2771, 0x2771, 0x2771, \
        0x2771, 0x2771, 0x2771, 0x2771, 0x2771, 0x2771, 0x2771, 0x2771, 0x2771, 0x2771, 0x2771, 0x2771, \
        0x2771, 0x2771, 0x2771, 0x2771, 0x2771, 0x2771, 0x2771, 0x2771, 0x2771, 0x2771, 0x2771, 0x2771, \
        0x2771, 0x2771, 0x2771, 0x2771, 0x2771, 0x2771, 0x2771, 0x2771, 0x2771, 0x2771, 0x2771, 0x2771, \
        0x2771, 0x2771, 0x2771, 0x2771, 0x2771, 0x2771, 0x2771, 0x2771, 0x2771, 0x2771, 0x2771, 0x2771, \
        0x2771, 0x2771, 0x2771, 0x2771, 0x2771, 0x2771, 0x2771, 0x2771, 0x2771, 0x2771, 0x2771, 0x2771, \
        0x2771, 0x2771, 0x2771, 0x2771, 0x2771, 0x2771, 0x2771, 0x2771, 0x2771, 0x2771, 0x2771, 0x2771, \
        0x2771, 0x2771, 0x2771, 0x2771, 0x2771, 0x2771, 0x2771, 0x2771, 0x2771, 0x2771, 0x2771, 0x2771, \
        0x2771, 0x2771, 0x2771, 0x2771, 0x2771, 0x2771, 0x2771, 0x2771, 0x2771, 0x2771, 0x2771, 0x2771, \
        0x2771, 0x2771, 0x2771, 0x2771, 0x2771, 0x2771, 0x2771, 0x2771, 0x2771, 0x2771, 0x2771, 0x2771, \
        0x2771, 0x2771, 0x2771, 0x2771, 0x2771, 0x2771, 0x2771, 0x2771, 0x2771, 0x2771, 0x2771, 0x2771, \
        0x2771, 0x2771, 0x2771, 0x2771, 0x2771, 0x2771, 0x2771, 0x2771, 0x2771, 0x2771, 0x2771, 0x2771, \
        0x2771, 0x2771, 0x2771, 0x2771, 0x2771, 0x2771, 0x2771, 0x2771, 0x2771, 0x2771, 0x2771, 0x2771, \
        0x2771, 0x2771, 0x2771, 0x2771, 0x2771, 0x2771, 0x2771, 0x2771, 0x2771, 0x2771, 0x2771, 0x2771, \
        0x2771, 0x2771, 0x2771, 0x2771, 0x2771, 0x2771, 0x2771, 0x2771, 0x2771, 0x2771, 0x2771, 0x2771, \
        0x2771, 0x2771, 0x2771, 0x2771, 0x2771, 0x2771, 0x2771, 0x2771, 0x2771, 0x2771, 0x2771, 0x2771, \
        0x2771, 0x2771, 0x2771, 0x2771, 0x2771, 0x2771, 0x2771, 0x2771, 0x2771, 0x2771, 0x2771, 0x2771, \
        0x2771, 0x2771, 0x2771, 0x2771, 0x2771, 0x2771, 0x2771, 0x2771, 0x2771, 0x2771, 0x2771, 0x2771, \
        0x2771, 0x2771, 0x2771, 0x2771, 0x2771, 0x2771, 0x2771, 0x2771, 0x2771, 0x2771, 0x2771, 0x2771, \
        0x2771, 0x2771, 0x2771, 0x2771, 0x2771, 0x2771, 0x2771, 0x2771, 0x2771, 0x2771, 0x2771, 0x2771, \
        0x2771, 0x2771, 0x2771, 0x2771, 0x2771, 0x2771, 0x2771, 0x2771, 0x2771, 0x2771, 0x2771, 0x2771, \
        0x2771, 0x2771, 0x2771, 0x2771, 0x2771, 0x2771, 0x2771, 0x2771, 0x2771, 0x2771, 0x2771, 0x2771, \
        0x2771, 0x2771, 0x2771, 0x2771, 0x2771, 0x2771, 0x2771, 0x2771, 0x2771, 0x2731, 0x2690, 0x1DAE, \
        0x1CCC, 0x140B, 0x1349, 0x0AC9, 0x0A48, 0x0A07, 0x09E6, 0x0A07, 0x0A47, 0x0AC8, 0x132A, 0x1BEB, \
        0x1CCC, 0x1DAE, 0x266F, 0x2711, 0x2771, 0x2771, 0x2771, 0x2771, 0x2771, 0x2771, 0x2771, 0x2771, \
        0x2771, 0x2771, 0x2771, 0x2771, 0x2771, 0x2771, 0x2771, 0x2771, 0x2771, 0x2771, 0x2771, 0x2771, \
        0x2771, 0x2771, 0x2771, 0x2771, 0x2771, 0x2771, 0x2771, 0x2771, 0x2771, 0x2771, 0x2771, 0x2771, \
        0x2771, 0x2771, 0x2771, 0x2771, 0x2771, 0x2771, 0x2771, 0x2771, 0x2771, 0x2771, 0x2771, 0x2771, \
        0x2771, 0x2771, 0x2771, 0x2771, 0x2771, 0x2771, 0x2771, 0x2771, 0x2771, 0x2771, 0x2771, 0x2771, \
        0x2771, 0x2771, 0x2771, 0x2771, 0x2771, 0x2771, 0x2771, 0x2771, 0x2771, 0x2771, 0x2771, 0x2771, \
        0x2771, 0x2771, 0x2771, 0x2771, 0x2771, 0x2771, 0x2771, 0x2771, 0x2771, 0x2771, 0x2771, 0x2771, \
        0x2771, 0x2771, 0x2771, 0x2771, 0x2771, 0x2771, 0x2771, 0x2771, 0x2771, 0x2771, 0x2771, 0x2771, \
        0x2771, 0x2771, 0x2771, 0x2771, 0x2771, 0x2771, 0x2771, 0x2771, 0x2771, 0x2771, 0x2771, 0x2771, \
        0x2771, 0x2771, 0x2771, 0x2771, 0x2771, 0x2771, 0x2771, 0x2771, 0x2771, 0x2771, 0x2771, 0x2771, \
        0x2771, 0x2771, 0x2771, 0x2771, 0x2771, 0x2771, 0x2771, 0x2771, 0x2771, 0x2771, 0x2771, 0x2771, \
        0x2771, 0x2771, 0x2771, 0x2771, 0x2771, 0x2771, 0x2771, 0x2771, 0x2771, 0x2771, 0x2771, 0x2771, \
        0x2771, 0x2771, 0x2771, 0x2771, 0x2771, 0x2771, 0x2771, 0x2771, 0x2771, 0x2771, 0x2771, 0x2771, \
        0x2771, 0x2771, 0x2771, 0x2771, 0x2771, 0x2771, 0x2771, 0x2771, 0x2771, 0x2771, 0x2771, 0x2771, \
        0x2771, 0x2771, 0x2771, 0x2771, 0x2771, 0x2771, 0x2771, 0x2771, 0x2771, 0x2771, 0x2771, 0x2771, \
        0x2771, 0x2771, 0x2771, 0x2771, 0x2771, 0x2771, 0x2771, 0x2771, 0x2771, 0x2771, 0x2771, 0x2771, \
        0x2771, 0x2771, 0x2771, 0x2771, 0x2771, 0x2771, 0x2771, 0x2771, 0x2771, 0x2771, 0x2771, 0x2771, \
        0x2771, 0x2771, 0x2771, 0x2771, 0x2771, 0x2771, 0x2771, 0x2771, 0x2771, 0x2771, 0x2771, 0x2771, \
        0x2771, 0x2771, 0x2771, 0x2771, 0x2771, 0x2771, 0x2771, 0x2771, 0x2771, 0x2771, 0x2771, 0x2771, \
        0x2771, 0x2771, 0x2771, 0x2771, 0x2771, 0x2771, 0x2771, 0x2771, 0x2771, 0x2771, 0x2771, 0x2771, \
        0x2771, 0x2771, 0x2771, 0x2771, 0x2771, 0x2771, 0x2771, 0x2771, 0x2771, 0x2771, 0x2771, 0x2771, \
        0x2771, 0x2771, 0x2771, 0x2771, 0x2771, 0x2771, 0x2771, 0x2771, 0x2771, 0x2771, 0x2771, 0x2771, \
        0x2771, 0x2771, 0x2771, 0x2771, 0x2771, 0x2771, 0x2771, 0x2771, 0x2771, 0x2771, 0x2771, 0x2771, \
        0x2771, 0x2771, 0x2771, 0x2771, 0x2771, 0x2771, 0x2771, 0x2771, 0x2771, 0x2771, 0x2771, 0x2771, \
        0x2771, 0x2771, 0x2771, 0x2771, 0x2771, 0x2771, 0x2771, 0x2771, 0x2771, 0x2771, 0x2771, 0x2771, \
        0x2771, 0x2771, 0x2771, 0x2771, 0x2771, 0x2771, 0x2771, 0x2771, 0x2771, 0x2771, 0x2771, 0x2771, \
        0x2771, 0x2771, 0x2771, 0x2771, 0x2771, 0x2771, 0x2771, 0x2771, 0x2771, 0x2771, 0x2771, 0x2771, \
        0x2771, 0x2771, 0x2771, 0x2771, 0x2771, 0x2771, 0x2771, 0x2771, 0x2771, 0x2771, 0x2771, 0x2771, \
        0x2771, 0x2771, 0x2771, 0x2771, 0x2771, 0x2771, 0x2771, 0x2771, 0x2771, 0x2771, 0x2771, 0x2771, \
        0x2771, 0x2771, 0x2771, 0x2771, 0x2771, 0x2771, 0x2771, 0x2771, 0x2771, 0x2771, 0x2771, 0x2771, \
        0x2771, 0x2771, 0x2771, 0x2771, 0x2771, 0x2771, 0x2771, 0x2771, 0x2771, 0x2771, 0x2771, 0x2771, \
        0x2771, 0x2771, 0x2771, 0x2771, 0x2771, 0x2771, 0x2771, 0x2771, 0x2771, 0x2771, 0x2771, 0x2771, \
        0x2771, 0x2771, 0x2771, 0x2771, 0x2771, 0x2771, 0x2771, 0x2771, 0x2771, 0x2771, 0x2771, 0x2771, \
        0x2771, 0x2771, 0x2771, 0x2771, 0x2771, 0x2771, 0x2771, 0x2771, 0x2771, 0x2771, 0x2771, 0x2771, \
        0x2771, 0x2771, 0x2771, 0x2771, 0x2771, 0x2771, 0x2771, 0x2771, 0x2771, 0x2771, 0x2771, 0x2771, \
        0x2771, 0x2771, 0x2771, 0x2771, 0x2771, 0x2771, 0x2771, 0x2771, 0x2771, 0x2771, 0x2771, 0x2771, \
        0x2771, 0x2771, 0x2771, 0x2771, 0x2771, 0x2771, 0x2771, 0x2771, 0x2771, 0x2771, 0x2771, 0x2771, \
        0x2771, 0x2771, 0x2771, 0x2771, 0x2771, 0x2771, 0x2771, 0x2771, 0x2771, 0x2771, 0x2771, 0x2771, \
        0x2771, 0x2771, 0x2771, 0x2771, 0x2771, 0x2771, 0x2771, 0x2771, 0x2771, 0x2771, 0x2771, 0x2771, \
        0x2771, 0x2771, 0x2771, 0x2771, 0x2771, 0x2771, 0x2771, 0x2771, 0x2771, 0x2771, 0x2771, 0x2771, \
        0x2771, 0x2771, 0x2771, 0x2771, 0x2771, 0x2771, 0x2771, 0x2771, 0x2771, 0x2771, 0x2771, 0x2771, \
        0x2771, 0x2771, 0x2771, 0x2771, 0x2771, 0x2771, 0x2771, 0x2771, 0x2771, 0x2771, 0x2771, 0x2771, \
        0x2771, 0x2771, 0x2771, 0x2771, 0x2771, 0x2771, 0x2771, 0x2771, 0x2771, 0x2771, 0x2771, 0x2771, \
        0x2771, 0x2771, 0x2771, 0x2771, 0x2771, 0x2771, 0x2771, 0x2771, 0x2771, 0x2771, 0x2771, 0x2771, \
        0x2771, 0x2771, 0x2771, 0x2771, 0x2771, 0x2771, 0x2771, 0x2771, 0x2771, 0x2771, 0x2771, 0x2771, \
        0x2771, 0x2771, 0x2771, 0x2771, 0x2771, 0x2771, 0x2771, 0x2771, 0x2771, 0x2771, 0x2771, 0x2771, \
        0x2771, 0x2771, 0x2771, 0x2771, 0x2771, 0x2771, 0x2771, 0x2771, 0x2771, 0x2771, 0x2771, 0x2771, \
        0x2771, 0x2771, 0x2771, 0x2771, 0x2771, 0x2771, 0x2771, 0x2771, 0x2771, 0x2771, 0x2771, 0x2771, \
        0x2771, 0x2771, 0x2771, 0x2771, 0x2771, 0x2771, 0x2771, 0x2771, 0x2771, 0x2771, 0x2771, 0x2771, \
        0x2771, 0x2771, 0x2771, 0x2771, 0x2771, 0x2771, 0x2771, 0x2771, 0x2771, 0x2771, 0x2771, 0x2771, \
        0x2771, 0x2771, 0x2771, 0x2771, 0x2771, 0x2771, 0x2771, 0x2771, 0x2771, 0x2771, 0x2771, 0x2771, \
        0x2771, 0x2771, 0x2771, 0x2771, 0x2771, 0x2771, 0x2771, 0x2771, 0x2771, 0x2771, 0x2771, 0x2771, \
        0x2771, 0x2771, 0x2771, 0x2771, 0x2771, 0x2771, 0x2771, 0x2771, 0x2771, 0x2771, 0x2771, 0x2771, \
        0x2771, 0x2771, 0x2771, 0x2771, 0x2771, 0x2771, 0x2771, 0x2771, 0x2771, 0x2771, 0x2771, 0x2771, \
        0x2771, 0x2771, 0x2771, 0x2771, 0x2771, 0x2771, 0x2771, 0x2771, 0x2771, 0x2771, 0x2771, 0x2771, \
        0x2771, 0x2771, 0x2771, 0x2771, 0x2771, 0x2771, 0x2771, 0x2771, 0x2771, 0x2771, 0x2771, 0x2771, \
        0x2771, 0x2771, 0x2771, 0x2771, 0x2771, 0x2771, 0x2771, 0x2771, 0x2771, 0x2771, 0x2771, 0x2771, \
        0x2771, 0x2771, 0x2771, 0x2771, 0x2771, 0x2771, 0x2771, 0x2771, 0x2771, 0x2771, 0x2771, 0x2771, \
        0x2771, 0x2771, 0x2771, 0x2771, 0x2771, 0x2771, 0x2771, 0x2771, 0x2771, 0x2771, 0x2771, 0x2771, \
        0x2771, 0x2771, 0x2771, 0x2771, 0x2771, 0x2771, 0x2771, 0x2771, 0x2771, 0x2771, 0x2771, 0x2771, \
        0x2771, 0x2771, 0x2771, 0x2771, 0x2771, 0x2771, 0x2771, 0x2771, 0x2771, 0x2771, 0x2771, 0x2771, \
        0x2771, 0x2771, 0x2771, 0x2771, 0x2771, 0x2771, 0x2771, 0x2771, 0x2771, 0x2771, 0x2771, 0x2771, \
        0x2771, 0x2771, 0x2771, 0x2771, 0x2771, 0x2771, 0x2771, 0x2771, 0x2771, 0x2771, 0x2771, 0x2771, \
        0x2771, 0x2771, 0x2771, 0x2771, 0x2771, 0x2771, 0x2771, 0x2771, 0x2771, 0x2771, 0x2771, 0x2771, \
        0x2771, 0x2771, 0x2771, 0x2771, 0x2771, 0x2771, 0x2771, 0x2771, 0x2771, 0x2771, 0x2771, 0x2771, \
        0x2771, 0x2771, 0x2771, 0x2771, 0x2771, 0x2771, 0x2771, 0x2771, 0x2771, 0x2771, 0x2771, 0x2771, \
        0x2771, 0x2771, 0x2771, 0x2771, 0x2771, 0x2771, 0x2771, 0x2771, 0x2771, 0x2771, 0x2771, 0x2771, \
        0x2771, 0x2771, 0x2771, 0x2771, 0x2771, 0x2771, 0x2771, 0x2771, 0x2771, 0x2771, 0x2771, 0x2771, \
        0x2771, 0x2771, 0x2771, 0x2771, 0x2771, 0x2771, 0x2771, 0x2771, 0x2771, 0x2771, 0x2771, 0x2771, \
        0x2771, 0x2771, 0x2771, 0x2771, 0x2771, 0x2771, 0x2771, 0x2771, 0x2771, 0x2771, 0x2771, 0x2771, \
        0x2771, 0x2771, 0x2771, 0x2771, 0x2771, 0x2771, 0x2771, 0x2771, 0x2771, 0x2771, 0x2771, 0x2771, \
        0x2771, 0x2771, 0x2771, 0x2771, 0x2771, 0x2771, 0x2771, 0x2771, 0x2771, 0x2771, 0x2771, 0x2771, \
        0x2771, 0x2771, 0x2771, 0x2771, 0x2771, 0x2771, 0x2771, 0x2771, 0x2771, 0x2771, 0x2771, 0x2771, \
        0x2771, 0x2771, 0x2771, 0x2771, 0x2771, 0x2771, 0x2771, 0x2771, 0x2771, 0x2771, 0x2771, 0x2771, \
        0x2771, 0x2771, 0x2771, 0x2771, 0x2771, 0x2771, 0x2771, 0x2771, 0x2771, 0x2771, 0x2771, 0x2771, \
        0x2771, 0x2771, 0x2771, 0x2771, 0x2771, 0x2771, 0x2771, 0x2771, 0x2771, 0x2771, 0x2771, 0x2771, \
        0x2771, 0x2771, 0x2771, 0x2771, 0x2771, 0x2771, 0x2771, 0x2771, 0x2771, 0x2771, 0x2771, 0x2771, \
        0x2771, 0x2771, 0x2771, 0x2771, 0x2771, 0x2771, 0x2771, 0x2771, 0x2771, 0x2771, 0x2771, 0x2771, \
        0x2771, 0x2771, 0x2771, 0x2771, 0x2771, 0x2771, 0x2771, 0x2771, 0x2771, 0x2771, 0x2771, 0x2771, \
        0x2771, 0x2771, 0x2771, 0x2771, 0x2771, 0x2771, 0x2771, 0x2771, 0x2771, 0x2771, 0x2771, 0x2771, \
        0x2771, 0x2771, 0x2771, 0x2771, 0x2771, 0x2771, 0x2771, 0x2771, 0x2771, 0x2771, 0x2771, 0x2771, \
        0x2771, 0x2771, 0x2771, 0x2771, 0x2771, 0x2771, 0x2771, 0x2771, 0x2771, 0x2771, 0x2771, 0x2771, \
        0x2771, 0x2771, 0x2771, 0x2771, 0x2771, 0x2771, 0x2771, 0x2771, 0x2771, 0x2771, 0x2771, 0x2771, \
        0x2771, 0x2771, 0x2771, 0x2771, 0x2771, 0x2771, 0x2771, 0x2771, 0x2771, 0x2771, 0x2771, 0x2771, \
        0x2771, 0x2771, 0x2771, 0x2771, 0x2771, 0x2771, 0x2771, 0x2771, 0x2771, 0x2771, 0x2771, 0x2771, \
        0x2771, 0x2771, 0x2771, 0x2771, 0x2771, 0x2771, 0x2771, 0x2771, 0x2771, 0x2771, 0x2771, 0x2771, \
        0x2771, 0x2771, 0x2771, 0x2771, 0x2771, 0x2771, 0x2771, 0x2771, 0x2771, 0x2771, 0x2771, 0x2771, \
        0x2771, 0x2771, 0x2771, 0x2771, 0x2771, 0x2771, 0x2771, 0x2771, 0x2771, 0x2771, 0x2771, 0x2771, \
        0x2771, 0x2771, 0x2771, 0x2771, 0x2771, 0x2771, 0x2771, 0x2771, 0x2771, 0x2771, 0x2771, 0x2771, \
        0x2771, 0x2771, 0x2771, 0x2771, 0x2771, 0x2771, 0x2771, 0x2771, 0x2771, 0x2771, 0x2771, 0x2771, \
        0x2771, 0x2771, 0x2771, 0x2771, 0x2771, 0x2771, 0x2771, 0x2771, 0x2771, 0x2771, 0x2771, 0x2771, \
        0x2771, 0x2771, 0x2771, 0x2771, 0x2771, 0x2771, 0x2771, 0x2771, 0x2771, 0x2771, 0x2771, 0x2771, \
        0x2771, 0x2771, 0x2771, 0x2771, 0x2771, 0x2771, 0x2771, 0x2771, 0x2771, 0x2771, 0x2771, 0x2771, \
        0x2771, 0x2771, 0x2771, 0x2771, 0x2771, 0x2771, 0x2771, 0x2771, 0x2771, 0x2771, 0x2771, 0x2771, \
        0x2771, 0x2771, 0x2771, 0x2771, 0x2771, 0x2771, 0x2771, 0x2771, 0x2771, 0x2771, 0x2771, 0x2771, \
        0x2771, 0x2771, 0x2771, 0x2771, 0x2771, 0x2771, 0x2771, 0x2771, 0x2771, 0x2771, 0x2771, 0x2771, \
        0x2771, 0x2771, 0x2771, 0x2771, 0x2771, 0x2771, 0x2771, 0x2771, 0x2771, 0x2771, 0x2771, 0x2771, \
        0x2771, 0x2771, 0x2771, 0x2771, 0x2771, 0x2771, 0x2771, 0x2771, 0x2771, 0x2771, 0x2771, 0x2771, \
        0x2771, 0x2771, 0x2771, 0x2771, 0x2771, 0x2771, 0x2771, 0x2771, 0x2771, 0x2771, 0x2771, 0x2771, \
        0x2771, 0x2771, 0x2771, 0x2771, 0x2771, 0x2771, 0x2771, 0x2771, 0x2771, 0x2771, 0x2771, 0x2771, \
        0x2771, 0x2771, 0x2771, 0x2771, 0x2771, 0x2771, 0x2771, 0x2771, 0x2771, 0x2771, 0x2771, 0x2771, \
        0x2771, 0x2771, 0x2771, 0x2771, 0x2771, 0x2771, 0x2771, 0x2771, 0x2771, 0x2771, 0x2771, 0x2771, \
        0x2771, 0x2771, 0x2771, 0x2771, 0x2771, 0x2771, 0x2771, 0x2771, 0x2771, 0x2771, 0x2771, 0x2771, \
        0x2771, 0x2771, 0x2771, 0x2771, 0x2771, 0x2771, 0x2771, 0x2771, 0x2771, 0x2771, 0x2771, 0x2771, \
        0x2771, 0x2771, 0x2771, 0x2771, 0x2771, 0x2771, 0x2771, 0x2771, 0x2771, 0x2771, 0x2771, 0x2771, \
        0x2771, 0x2771, 0x2771, 0x2771, 0x2771, 0x2771, 0x2771, 0x2771, 0x2771, 0x2771, 0x2771, 0x2771, \
        0x2771, 0x2771, 0x2771, 0x2771, 0x2771, 0x2771, 0x2771, 0x2771, 0x2771, 0x2771, 0x2771, 0x2771, \
        0x2771, 0x2771, 0x2771, 0x2771, 0x2771, 0x2771, 0x2771, 0x2771, 0x2771, 0x2771, 0x2771, 0x2771, \
        0x2771, 0x2771, 0x2771, 0x2771, 0x2771, 0x2771, 0x2771, 0x2771, 0x2771, 0x2771, 0x2771, 0x2771, \
        0x2771, 0x2771, 0x2771, 0x2771, 0x2771, 0x2771, 0x2771, 0x2771, 0x2771, 0x2771, 0x2771, 0x2771, \
        0x2771, 0x2771, 0x2771, 0x2771, 0x2771, 0x2771, 0x2771, 0x2771, 0x2771, 0x2771, 0x2771, 0x2771, \
        0x2771, 0x2771, 0x2771, 0x2771, 0x2771, 0x2771, 0x2771, 0x2771, 0x2771, 0x2771, 0x2771, 0x2771, \
        0x2771, 0x2771, 0x2771, 0x2771, 0x2771, 0x2771, 0x2771, 0x2771, 0x2771, 0x2771, 0x2771, 0x2771, \
        0x2771, 0x2771, 0x2771, 0x2771, 0x2771, 0x2771, 0x2771, 0x2771, 0x2771, 0x2771, 0x2771, 0x2771, \
        0x2771, 0x2771, 0x2771, 0x2771, 0x2771, 0x2771, 0x2771, 0x2771, 0x2771, 0x2771, 0x2771, 0x2771, \
        0x2771, 0x2771, 0x2771, 0x2771, 0x2771, 0x2771, 0x2771, 0x2771, 0x2771, 0x2771, 0x2771, 0x2771, \
        0x2771, 0x2771, 0x2771, 0x2771, 0x2771, 0x2771, 0x2771, 0x2771, 0x2771, 0x2771, 0x2771, 0x2771, \
        0x2771, 0x2771, 0x2771, 0x2771, 0x2771, 0x2771, 0x2771, 0x2771, 0x2771, 0x2771, 0x2771, 0x2771, \
        0x2771, 0x2771, 0x2771, 0x2771, 0x2771, 0x2771, 0x2771, 0x2771, 0x2771, 0x2771, 0x2771, 0x2771, \
        0x2771, 0x2771, 0x2771, 0x2771, 0x2771, 0x2771, 0x2771, 0x2771, 0x2771, 0x2771, 0x2771, 0x2771, \
        0x2771, 0x2771, 0x2771, 0x2771, 0x2771, 0x2771, 0x2771, 0x2771, 0x2771, 0x2771, 0x2771, 0x2771, \
        0x2771, 0x2771, 0x2771, 0x2771, 0x2771, 0x2771, 0x2771, 0x2771, 0x2771, 0x2771, 0x2771, 0x2771, \
        0x2771, 0x2771, 0x2771, 0x2771, 0x2771, 0x2771, 0x2771, 0x2771, 0x2771, 0x2771, 0x2771, 0x2771, \
        0x2771, 0x2771, 0x2771, 0x2771, 0x2771, 0x2771, 0x2771, 0x2771, 0x2771, 0x2771, 0x2771, 0x2771, \
        0x2771, 0x2771, 0x2771, 0x2771, 0x2771, 0x2771, 0x2771, 0x2771, 0x2771, 0x2771, 0x2771, 0x2771, \
        0x2771, 0x2771, 0x2771, 0x2771, 0x2771, 0x2771, 0x2771, 0x2771, 0x2771, 0x2771, 0x2771, 0x2771, \
        0x2771, 0x2771, 0x2771, 0x2771, 0x2771, 0x2771, 0x2771, 0x2771, 0x2771, 0x2771, 0x2771, 0x2771, \
        0x2771, 0x2771, 0x2771, 0x2771, 0x2771, 0x2771, 0x2771, 0x2771, 0x2771, 0x2771, 0x2771, 0x2771, \
        0x2771, 0x2771, 0x2771, 0x2771, 0x2771, 0x2771, 0x2771, 0x2771, 0x2771, 0x2771, 0x2771, 0x2771, \
        0x2771, 0x2771, 0x2771, 0x2771, 0x2771, 0x2771, 0x2771, 0x2771, 0x2771, 0x2771, 0x2771, 0x2771, \
        0x2771, 0x2771, 0x2771, 0x2771, 0x2771, 0x2771, 0x2771, 0x2771, 0x2771, 0x2771, 0x2771, 0x2771, \
        0x2771, 0x2771, 0x2771, 0x2771, 0x2771, 0x2771, 0x2771, 0x2771, 0x2771, 0x2771, 0x2771, 0x2771, \
        0x2771, 0x2771, 0x2771, 0x2771, 0x2771, 0x2771, 0x2771, 0x2771, 0x2771, 0x2771, 0x2771, 0x2771, \
        0x2771, 0x2771, 0x2771, 0x2771, 0x2771, 0x2771, 0x2771, 0x2771, 0x2771, 0x2771, 0x2771, 0x2771, \
        0x2771, 0x2771, 0x2771, 0x2771, 0x2771, 0x2771, 0x2771, 0x2771, 0x2771, 0x2771, 0x2771, 0x2771, \
        0x2771, 0x2771, 0x2771, 0x2771, 0x2771, 0x2771, 0x2771, 0x2771, 0x2771, 0x2771, 0x2771, 0x2771, \
        0x2771, 0x2771, 0x2771, 0x2771, 0x2771, 0x2771, 0x2771, 0x2771, 0x2771, 0x2771, 0x2771, 0x2771, \
        0x2771, 0x2771, 0x2771, 0x2771, 0x2771, 0x2771, 0x2771, 0x2771, 0x2771, 0x2771, 0x2771, 0x2771, \
        0x2771, 0x2771, 0x2771, 0x2771, 0x2771, 0x2771, 0x2771, 0x2771, 0x2771, 0x2771, 0x2771, 0x2771, \
        0x2771, 0x2771, 0x2771, 0x2771, 0x2771, 0x2771, 0x2771, 0x2771, 0x2771, 0x2771, 0x2771, 0x2771, \
        0x2771, 0x2771, 0x2771, 0x2771, 0x2771, 0x2771, 0x2771, 0x2771, 0x2771, 0x2771, 0x2771, 0x2771, \
        0x2771, 0x2771, 0x2771, 0x2771, 0x2771, 0x2771, 0x2771, 0x2771, 0x2771, 0x2771, 0x2771, 0x2771, \
        0x2771, 0x2771, 0x2771, 0x2771, 0x2771, 0x2771, 0x2771, 0x2771, 0x2771, 0x2771, 0x2771, 0x2771, \
        0x2771, 0x2771, 0x2771, 0x2771, 0x2771, 0x2771, 0x2771, 0x2771, 0x2771, 0x2771, 0x2771, 0x2771, \
        0x2771, 0x2771, 0x2771, 0x2771, 0x2771, 0x2771, 0x2771, 0x2771, 0x2771, 0x2771, 0x2771, 0x2771, \
        0x2771, 0x2771, 0x2771, 0x2771, 0x2771, 0x2771, 0x2771, 0x2771, 0x2771, 0x2771, 0x2771, 0x2771, \
        0x2771, 0x2771, 0x2771, 0x2771, 0x2771, 0x2771, 0x2771, 0x2771, 0x2771, 0x2771, 0x2771, 0x2771, \
        0x2771, 0x2771, 0x2771, 0x2771, 0x2771, 0x2771, 0x2771, 0x2771, 0x2771, 0x2771, 0x2771, 0x2771, \
        0x2771, 0x2771, 0x2771, 0x2771, 0x2771, 0x2771, 0x2771, 0x2771, 0x2771, 0x2771, 0x2771, 0x2771, \
        0x2771, 0x2771, 0x2771, 0x2771, 0x2771, 0x2771, 0x2771, 0x2771, 0x2771, 0x2771, 0x2771, 0x2771, \
        0x2771, 0x2771, 0x2771, 0x2771, 0x2771, 0x2771, 0x2771, 0x2771, 0x2771, 0x2771, 0x2771, 0x2771, \
        0x2771, 0x2771, 0x2771, 0x2771, 0x2771, 0x2771, 0x2771, 0x2771, 0x2771, 0x2771, 0x2771, 0x2771, \
        0x2771, 0x2771, 0x2771, 0x2771, 0x2771, 0x2771, 0x2771, 0x2771, 0x2771, 0x2771, 0x2771, 0x2771, \
        0x2771, 0x2771, 0x2771, 0x2771, 0x2771, 0x2771, 0x2771, 0x2771, 0x2771, 0x2771, 0x2771, 0x2771, \
        0x2771, 0x2771, 0x2771, 0x2771, 0x2771, 0x2771, 0x2771, 0x2771, 0x2771, 0x2771, 0x2771, 0x2771, \
        0x2771, 0x2771, 0x2771, 0x2771, 0x2771, 0x2771, 0x2771, 0x2771, 0x2771, 0x2771, 0x2771, 0x2771, \
        0x2771, 0x2771, 0x2771, 0x2771, 0x2771, 0x2771, 0x2771, 0x2771, 0x2771, 0x2771, 0x2771, 0x2771, \
        0x2771, 0x2771, 0x2771, 0x2771, 0x2771, 0x2771, 0x2771, 0x2771, 0x2771, 0x2771, 0x2771, 0x2771, \
        0x2771, 0x2771, 0x2771, 0x2771, 0x2771, 0x2771, 0x2771, 0x2771, 0x2771, 0x2771, 0x2771, 0x2771, \
        0x2771, 0x2771, 0x2771, 0x2771, 0x2771, 0x2771, 0x2771, 0x2771, 0x2771, 0x2771, 0x2771, 0x2771, \
        0x2771, 0x2771, 0x2771, 0x2771, 0x2771, 0x2771, 0x2771, 0x2771, 0x2771, 0x2771, 0x2771, 0x2771, \
        0x2771, 0x2771, 0x2771, 0x2771, 0x2771, 0x2771, 0x2771, 0x2771, 0x2771, 0x2771, 0x2771, 0x2771, \
        0x2771, 0x2771, 0x2771, 0x2771, 0x2771, 0x2771, 0x2771, 0x2771, 0x2771, 0x2771, 0x2771, 0x2771, \
        0x2771, 0x2771, 0x2771, 0x2771, 0x2771, 0x2771, 0x2771, 0x2771, 0x2771, 0x2771, 0x2771, 0x2771, \
        0x2771, 0x2771, 0x2771, 0x2771, 0x2771, 0x2771, 0x2771, 0x2771, 0x2771, 0x2771, 0x2771, 0x2771, \
        0x2771, 0x2771, 0x2771, 0x2771, 0x2771, 0x2771, 0x2771, 0x2771, 0x2771, 0x2771, 0x2771, 0x2771, \
        0x2771, 0x2771, 0x2771, 0x2771, 0x2771, 0x2771, 0x2771, 0x2771, 0x2771, 0x2771, 0x2771, 0x2771, \
        0x2771, 0x2771, 0x2771, 0x2771, 0x2771, 0x2771, 0x2771, 0x2771, 0x2771, 0x2771, 0x2771, 0x2771, \
        0x2771, 0x2771, 0x2771, 0x2771, 0x2771, 0x2771, 0x2771, 0x2771, 0x2771, 0x2771, 0x2771, 0x2771, \
        0x2771, 0x2771, 0x2771, 0x2771, 0x2771, 0x2771, 0x2771, 0x2771, 0x2771, 0x2771, 0x2771, 0x2771, \
        0x2771, 0x2771, 0x2771, 0x2771, 0x2771, 0x2771, 0x2771, 0x2771, 0x2771, 0x2771, 0x2771, 0x2771, \
        0x2771, 0x2771, 0x2771, 0x2771, 0x2771, 0x2771, 0x2771, 0x2771, 0x2771, 0x2771, 0x2771, 0x2771, \
        0x2771, 0x2771, 0x2771, 0x2771, 0x2771, 0x2771, 0x2771, 0x2771, 0x2771, 0x2771, 0x2771, 0x2771, \
        0x2771, 0x2771, 0x2771, 0x2771, 0x2771, 0x2771, 0x2771, 0x2771, 0x2771, 0x2771, 0x2771, 0x2771, \
        0x2771, 0x2771, 0x2771, 0x2771, 0x2771, 0x2771, 0x2771, 0x2771, 0x2771, 0x2771, 0x2771, 0x2771, \
        0x2771, 0x2771, 0x2771, 0x2771, 0x2771, 0x2771, 0x2771, 0x2771, 0x2771, 0x2771, 0x2771, 0x2771, \
        0x2771, 0x2771, 0x2771, 0x2771, 0x2771, 0x2771, 0x2771, 0x2771, 0x2771, 0x2771, 0x2771, 0x2771, \
        0x2771, 0x2771, 0x2771, 0x2771, 0x2771, 0x2771, 0x2771, 0x2771, 0x2771, 0x2771, 0x2771, 0x2771, \
        0x2771, 0x2771, 0x2771, 0x2771, 0x2771, 0x2771, 0x2771, 0x2771, 0x2771, 0x2771, 0x2771, 0x2771, \
        0x2771, 0x2771, 0x2771, 0x2771, 0x2771, 0x2771, 0x2771, 0x2771, 0x2771, 0x2771, 0x2771, 0x2771, \
        0x2771, 0x2771, 0x2771, 0x2771, 0x2771, 0x2771, 0x2771, 0x2771, 0x2771, 0x2771, 0x2771, 0x2771, \
        0x2771, 0x2771, 0x2771, 0x2771, 0x2771, 0x2771, 0x2771, 0x2771, 0x2771, 0x2771, 0x2771, 0x2771, \
        0x2771, 0x2771, 0x2771, 0x2771, 0x2771, 0x2771, 0x2771, 0x2771, 0x2771, 0x2771, 0x2771, 0x2771, \
        0x2771, 0x2771, 0x2771, 0x2771, 0x2771, 0x2771, 0x2771, 0x2771, 0x2771, 0x2771, 0x2771, 0x2771, \
        0x2771, 0x2771, 0x2771, 0x2771, 0x2771, 0x2771, 0x2771, 0x2771, 0x2771, 0x2771, 0x2771, 0x2771, \
        0x2771, 0x2771, 0x2771, 0x2771, 0x2771, 0x2771, 0x2771, 0x2771, 0x2771, 0x2771, 0x2771, 0x2771, \
        0x2771, 0x2771, 0x2771, 0x2771, 0x2771, 0x2771, 0x2771, 0x2771, 0x2771, 0x2771, 0x2771, 0x2771, \
        0x2771, 0x2771, 0x2771, 0x2771, 0x2771, 0x2771, 0x2771, 0x2771, 0x2771, 0x2771, 0x2771, 0x2771, \
        0x2771, 0x2771, 0x2771, 0x2771, 0x2771, 0x2771, 0x2771, 0x2771, 0x2771, 0x2771, 0x2771, 0x2771, \
        0x2771, 0x2771, 0x2771, 0x2771, 0x2771, 0x2771, 0x2771, 0x2771, 0x2771, 0x2771, 0x2771, 0x2771, \
        0x2771, 0x2771, 0x2771, 0x2771, 0x2771, 0x2771, 0x2771, 0x2771, 0x2771, 0x2771, 0x2771, 0x2771, \
        0x2771, 0x2771, 0x2771, 0x2771, 0x2771, 0x2771, 0x2771, 0x2771, 0x2771, 0x2771, 0x2771, 0x2771, \
        0x2771, 0x2771, 0x2771, 0x2771, 0x2771, 0x2771, 0x2771, 0x2771, 0x2771, 0x2771, 0x2771, 0x2771, \
        0x2771, 0x2771, 0x2771, 0x2771, 0x2771, 0x2771, 0x2771, 0x2771, 0x2771, 0x2771, 0x2771, 0x2771, \
        0x2771, 0x2771, 0x2771, 0x2771, 0x2771, 0x2771, 0x2771, 0x2771, 0x2771, 0x2771, 0x2771, 0x2771, \
        0x2771, 0x2771, 0x2771, 0x2771, 0x2771, 0x2771, 0x2771, 0x2771, 0x2771, 0x2771, 0x2771, 0x2771, \
        0x2771, 0x2771, 0x2771, 0x2771, 0x2771, 0x2771, 0x2771, 0x2771, 0x2771, 0x2771, 0x2771, 0x2771, \
        0x2771, 0x2771, 0x2771, 0x2771, 0x2771, 0x2771, 0x2771, 0x2771, 0x2771, 0x2771, 0x2771, 0x2771, \
        0x2771, 0x2771, 0x2771, 0x2771, 0x2771, 0x2771, 0x2771, 0x2771, 0x2771, 0x2771, 0x2771, 0x2771, \
        0x2771, 0x2771, 0x2771, 0x2771, 0x2771, 0x2771, 0x2771, 0x2771, 0x2771, 0x2771, 0x2771, 0x2771, \
        0x2771, 0x2771, 0x2771, 0x2771, 0x2771, 0x2771, 0x2771, 0x2771, 0x2771, 0x2771, 0x2771, 0x2771, \
        0x2771, 0x2771, 0x2771, 0x2771, 0x2771, 0x2771, 0x2771, 0x2771, 0x2771, 0x2771, 0x2771, 0x2771, \
        0x2771, 0x2771, 0x2771, 0x2771, 0x2771, 0x2771, 0x2771, 0x2771, 0x2771, 0x2771, 0x2771, 0x2771, \
        0x2771, 0x2771, 0x2771, 0x2771, 0x2771, 0x2771, 0x2771, 0x2771, 0x2771, 0x2771, 0x2771, 0x2771, \
        0x2771, 0x2771, 0x2771, 0x2771, 0x2771, 0x2771, 0x2771, 0x2771, 0x2771, 0x2771, 0x2771, 0x2771, \
        0x2771, 0x2771, 0x2771, 0x2771, 0x2771, 0x2771, 0x2771, 0x2771, 0x2771, 0x2771, 0x2771, 0x2771, \
        0x2771, 0x2771, 0x2771, 0x2771, 0x2771, 0x2771, 0x2771, 0x2771, 0x2771, 0x2771, 0x2771, 0x2771, \
        0x2771, 0x2771, 0x2771, 0x2771, 0x2771, 0x2771, 0x2771, 0x2771, 0x2771, 0x2771, 0x2771, 0x2771, \
        0x2771, 0x2771, 0x2771, 0x2771, 0x2771, 0x2771, 0x2771, 0x2771, 0x2771, 0x2771, 0x2771, 0x2771, \
        0x2771, 0x2771, 0x2771, 0x2771, 0x2771, 0x2771, 0x2771, 0x2771, 0x2771, 0x2771, 0x2771, 0x2771, \
        0x2771, 0x2771, 0x2771, 0x2771, 0x2771, 0x2771, 0x2771, 0x2771, 0x2771, 0x2771, 0x2771, 0x2771, \
        0x2771, 0x2771, 0x2771, 0x2771, 0x2771, 0x2771, 0x2771, 0x2771, 0x2771, 0x2771, 0x2771, 0x2771, \
        0x2771, 0x2771, 0x2771, 0x2771, 0x2771, 0x2771, 0x2771, 0x2771, 0x2771, 0x2771, 0x2771, 0x2771, \
        0x2771, 0x2771, 0x2771, 0x2771, 0x2771, 0x2771, 0x2771, 0x2771, 0x2771, 0x2771, 0x2771, 0x2771, \
        0x2771, 0x2771, 0x2771, 0x2771, 0x2771, 0x2771, 0x2771, 0x2771, 0x2771, 0x2771, 0x2771, 0x2771, \
        0x2771, 0x2771, 0x2771, 0x2771, 0x2771, 0x2771, 0x2771, 0x2771, 0x2771, 0x2771, 0x2771, 0x2771, \
        0x2771, 0x2771, 0x2771, 0x2771, 0x2771, 0x2771, 0x2771, 0x2771, 0x2771, 0x2771, 0x2771, 0x2771, \
        0x2771, 0x2771, 0x2771, 0x2771, 0x2771, 0x2771, 0x2771, 0x2771, 0x2771, 0x2771, 0x2771, 0x2771, \
        0x2771, 0x2771, 0x2771, 0x2771, 0x2771, 0x2771, 0x2771, 0x2771, 0x2771, 0x2771, 0x2771, 0x2771, \
        0x2771, 0x2771, 0x2771, 0x2771, 0x2771, 0x2771, 0x2771, 0x2771, 0x2771, 0x2771, 0x2771, 0x2771, \
        0x2771, 0x2771, 0x2771, 0x2771, 0x2771, 0x2771, 0x2771, 0x2771, 0x2771, 0x2771, 0x2771, 0x2771, \
        0x2771, 0x2771, 0x2771, 0x2771, 0x2771, 0x2771, 0x2771, 0x2771, 0x2771, 0x2771, 0x2771, 0x2771, \
        0x2771, 0x2771, 0x2771, 0x2771, 0x2771, 0x2771, 0x2771, 0x2771, 0x2771, 0x2771, 0x2771, 0x2771, \
        0x2771, 0x2771, 0x2771, 0x2771, 0x2771, 0x2771, 0x2771, 0x2771, 0x2771, 0x2771, 0x2771, 0x2771, \
        0x2771, 0x2771, 0x2771, 0x2771, 0x2771, 0x2771, 0x2771, 0x2771, 0x2771, 0x2771, 0x2771, 0x2771, \
        0x2771, 0x2771, 0x2771, 0x2771, 0x2771, 0x2771, 0x2771, 0x2771, 0x2771, 0x2771, 0x2771, 0x2771, \
        0x2771, 0x2771, 0x2771, 0x2771, 0x2771, 0x2771, 0x2771, 0x2771, 0x2771, 0x2771, 0x2771, 0x2771, \
        0x2771, 0x2771, 0x2771, 0x2771, 0x2771, 0x2771, 0x2771, 0x2771, 0x2771, 0x2771, 0x2771, 0x2771, \
        0x2771, 0x2771, 0x2771, 0x2771, 0x2771, 0x2771, 0x2771, 0x2771, 0x2771, 0x2771, 0x2771, 0x2771, \
        0x2771, 0x2771, 0x2771, 0x2771, 0x2771, 0x2771, 0x2771, 0x2771, 0x2771, 0x2771, 0x2771, 0x2771, \
        0x2771, 0x2771, 0x2771, 0x2771, 0x2771, 0x2771, 0x2771, 0x2771, 0x2771, 0x2771, 0x2771, 0x2771, \
        0x2771, 0x2771, 0x2771, 0x2771, 0x2771, 0x2771, 0x2771, 0x2771, 0x2771, 0x2771, 0x2771, 0x2771, \
        0x2771, 0x2771, 0x2771, 0x2771, 0x2771, 0x2771, 0x2771, 0x2771, 0x2771, 0x2771, 0x2771, 0x2771, \
        0x2771, 0x2771, 0x2771, 0x2771, 0x2771, 0x2771, 0x2771, 0x2771, 0x2771, 0x2771, 0x2771, 0x2771, \
        0x2771, 0x2771, 0x2771, 0x2771, 0x2771, 0x2771, 0x2771, 0x2771, 0x2771, 0x2771, 0x2771, 0x2771, \
        0x2771, 0x2771, 0x2771, 0x2771, 0x2771, 0x2771, 0x2771, 0x2771, 0x2771, 0x2771, 0x2771, 0x2771, \
        0x2771, 0x2771, 0x2771, 0x2771, 0x2771, 0x2771, 0x2771, 0x2771, 0x2771, 0x2771, 0x2771, 0x2771, \
        0x2771, 0x2771, 0x2771, 0x2771, 0x2771, 0x2771, 0x2771, 0x2771, 0x2771, 0x2771, 0x2771, 0x2771, \
        0x2771, 0x2771, 0x2771, 0x2771, 0x2771, 0x2771, 0x2771, 0x2771, 0x2771, 0x2771, 0x2771, 0x2771, \
        0x2771, 0x2771, 0x2771, 0x2771, 0x2771, 0x2771, 0x2771, 0x2771, 0x2771, 0x2771, 0x2771, 0x2771, \
        0x2771, 0x2771, 0x2771, 0x2771, 0x2771, 0x2771, 0x2771, 0x2771, 0x2771, 0x2771, 0x2771, 0x2771, \
        0x2771, 0x2771, 0x2771, 0x2771, 0x2771, 0x2771, 0x2771, 0x2771, 0x2771, 0x2771, 0x2771, 0x2771, \
        0x2771, 0x2771, 0x2771, 0x2771, 0x2771, 0x2771, 0x2771, 0x2771, 0x2771, 0x2771, 0x2771, 0x2771, \
        0x2771, 0x2771, 0x2771, 0x2771, 0x2771, 0x2771, 0x2771, 0x2771, 0x2771, 0x2771, 0x2771, 0x2771, \
        0x2771, 0x2771, 0x2771, 0x2771, 0x2771, 0x2771, 0x2771, 0x2771, 0x2771, 0x2771, 0x2771, 0x2771, \
        0x2771, 0x2771, 0x2771, 0x2771, 0x2771, 0x2771, 0x2771, 0x2771, 0x2771, 0x2771, 0x2771, 0x2771, \
        0x2771, 0x2771, 0x2771, 0x2771, 0x2771, 0x2771, 0x2771, 0x2771, 0x2771, 0x2771, 0x2771, 0x2771, \
        0x2771, 0x2771, 0x2771, 0x2771, 0x2771, 0x2771, 0x2771, 0x2771, 0x2771, 0x2771, 0x2771, 0x2771, \
        0x2771, 0x2771, 0x2771, 0x2771, 0x2771, 0x2771, 0x2771, 0x2771, 0x2771, 0x2771, 0x2771, 0x2771, \
        0x2771, 0x2771, 0x2771, 0x2771, 0x2771, 0x2771, 0x2771, 0x2771, 0x2771, 0x2771, 0x2771, 0x2771, \
        0x2771, 0x2771, 0x2771, 0x2771, 0x2771, 0x2771, 0x2771, 0x2771, 0x2771, 0x2771, 0x2771, 0x2771, \
        0x2771, 0x2771, 0x2771, 0x2771, 0x2771, 0x2771, 0x2771, 0x2771, 0x2771, 0x2771, 0x2771, 0x2771, \
        0x2771, 0x2771, 0x2771, 0x2771, 0x2771, 0x2771, 0x2771, 0x2771, 0x2771, 0x2771, 0x2771, 0x2771, \
        0x2771, 0x2771, 0x2771, 0x2771, 0x2771, 0x2771, 0x2771, 0x2771, 0x2771, 0x2771, 0x2771, 0x2771, \
        0x2771, 0x2771, 0x2771, 0x2771, 0x2771, 0x2771, 0x2771, 0x2771, 0x2771, 0x2771, 0x2771, 0x2771, \
        0x2771, 0x2771, 0x2771, 0x2771, 0x2771, 0x2771, 0x2771, 0x2771, 0x2771, 0x2771, 0x2771, 0x2771, \
        0x2771, 0x2771, 0x2771, 0x2771, 0x2771, 0x2771, 0x2771, 0x2771, 0x2771, 0x2771, 0x2771, 0x2771, \
        0x2771, 0x2771, 0x2771, 0x2771, 0x2771, 0x2771, 0x2771, 0x2771, 0x2771, 0x2771, 0x2771, 0x2771, \
        0x2771, 0x2771, 0x2771, 0x2771, 0x2771, 0x2771, 0x2771, 0x2771, 0x2771, 0x2771, 0x2771, 0x2771, \
        0x2771, 0x2771, 0x2771, 0x2771, 0x2771, 0x2771, 0x2771, 0x2771, 0x2771, 0x2771, 0x2771, 0x2771, \
        0x2771, 0x2771, 0x2771, 0x2771, 0x2771, 0x2771, 0x2771, 0x2771, 0x2771, 0x2771, 0x2771, 0x2771, \
        0x2771, 0x2771, 0x2771, 0x2771, 0x2771, 0x2771, 0x2771, 0x2771, 0x2771, 0x2771, 0x2771, 0x2771, \
        0x2771, 0x2771, 0x2771, 0x2771, 0x2771, 0x2771, 0x2771, 0x2771, 0x2771, 0x2771, 0x2771, 0x2771, \
        0x2771, 0x2771, 0x2771, 0x2771, 0x2771, 0x2771, 0x2771, 0x2771, 0x2771, 0x2771, 0x2771, 0x2771, \
        0x2771, 0x2771, 0x2771, 0x2771, 0x2771, 0x2771, 0x2771, 0x2771, 0x2771, 0x2771, 0x2771, 0x2771, \
        0x2771, 0x2771, 0x2771, 0x2771, 0x2771, 0x2771, 0x2771, 0x2771, 0x2771, 0x2771, 0x2771, 0x2771, \
        0x2771, 0x2771, 0x2771, 0x2771, 0x2771, 0x2771, 0x2771, 0x2771, 0x2771, 0x2771, 0x2771, 0x2771, \
        0x2771, 0x2771, 0x2771, 0x2771, 0x2771, 0x2771, 0x2771, 0x2771, 0x2771, 0x2771, 0x2771, 0x2771, \
        0x2771, 0x2771, 0x2771, 0x2771, 0x2771, 0x2771, 0x2771, 0x2771, 0x2771, 0x2771, 0x2771, 0x2771, \
        0x2771, 0x2771, 0x2771, 0x2771, 0x2771, 0x2771, 0x2771, 0x2771, 0x2771, 0x2771, 0x2771, 0x2771, \
        0x2771, 0x2771, 0x2771, 0x2771, 0x2771, 0x2771, 0x2771, 0x2771, 0x2771, 0x2771, 0x2771, 0x2771, \
        0x2771, 0x2771, 0x2771, 0x2771, 0x2771, 0x2771, 0x2771, 0x2771, 0x2771, 0x2771, 0x2771, 0x2771, \
        0x2771, 0x2771, 0x2771, 0x2771, 0x2771, 0x2771, 0x2771, 0x2771, 0x2771, 0x2771, 0x2771, 0x2771, \
        0x2771, 0x2771, 0x2771, 0x2771, 0x2771, 0x2771, 0x2771, 0x2771, 0x2771, 0x2771, 0x2771, 0x2771, \
        0x2771, 0x2771, 0x2771, 0x2771, 0x2771, 0x2771, 0x2771, 0x2771, 0x2771, 0x2771, 0x2771, 0x2771, \
        0x2771, 0x2771, 0x2771, 0x2771, 0x2771, 0x2771, 0x2771, 0x2771, 0x2771, 0x2771, 0x2771, 0x2771, \
        0x2771, 0x2771, 0x2771, 0x2771, 0x2771, 0x2771, 0x2771, 0x2771, 0x2771, 0x2771, 0x2771, 0x2771, \
        0x2771, 0x2771, 0x2771, 0x2771, 0x2771, 0x2771, 0x2771, 0x2771, 0x2771, 0x2771, 0x2771, 0x2771, \
        0x2771, 0x2771, 0x2771, 0x2771, 0x2771, 0x2771, 0x2771, 0x2771, 0x2771, 0x2771, 0x2771, 0x2771, \
        0x2771, 0x2771, 0x2771, 0x2771, 0x2771, 0x2771, 0x2771, 0x2771, 0x2771, 0x2771, 0x2771, 0x2771, \
        0x2771, 0x2771, 0x2771, 0x2771, 0x2771, 0x2771, 0x2771, 0x2771, 0x2771, 0x2771, 0x2771, 0x2771, \
        0x2771, 0x2771, 0x2771, 0x2771, 0x2771, 0x2771, 0x2771, 0x2771, 0x2771, 0x2771, 0x2771, 0x2771, \
        0x2771, 0x2771, 0x2771, 0x2771, 0x2771, 0x2771, 0x2771, 0x2771, 0x2771, 0x2771, 0x2771, 0x2771, \
        0x2771, 0x2771, 0x2771, 0x2771, 0x2771, 0x2771, 0x2771, 0x2771, 0x2771, 0x2771, 0x2771, 0x2771, \
        0x2771, 0x2771, 0x2771, 0x2771, 0x2771, 0x2771, 0x2771, 0x2771, 0x2771, 0x2771, 0x2771, 0x2771, \
        0x2771, 0x2771, 0x2771, 0x2771, 0x2771, 0x2771, 0x2771, 0x2771, 0x2771, 0x2771, 0x2771, 0x2771, \
        0x2771, 0x2771, 0x2771, 0x2771, 0x2771, 0x2771, 0x2771, 0x2771, 0x2771, 0x2771, 0x2771, 0x2771, \
        0x2771, 0x2771, 0x2771, 0x2771, 0x2771, 0x2771, 0x2771, 0x2771, 0x2771, 0x2771, 0x2771, 0x2771, \
        0x2771, 0x2771, 0x2771, 0x2771, 0x2771, 0x2771, 0x2771, 0x2771, 0x2771, 0x2771, 0x2771, 0x2771, \
        0x2771, 0x2771, 0x2771, 0x2771, 0x2771, 0x2771, 0x2771, 0x2771, 0x2771, 0x2771, 0x2771, 0x2771, \
        0x2771, 0x2771, 0x2771, 0x2771, 0x2771, 0x2771, 0x2771, 0x2771, 0x2771, 0x2771, 0x2771, 0x2771, \
        0x2771, 0x2771, 0x2771, 0x2771, 0x2771, 0x2771, 0x2771, 0x2771, 0x2771, 0x2771, 0x2771, 0x2771, \
        0x2771, 0x2771, 0x2771, 0x2771, 0x2771, 0x2771, 0x2771, 0x2771, 0x2771, 0x2771, 0x2771, 0x2771, \
        0x2771, 0x2771, 0x2771, 0x2771, 0x2771, 0x2771, 0x2771, 0x2771, 0x2771, 0x2771, 0x2771, 0x2771, \
        0x2771, 0x2771, 0x2771, 0x2771, 0x2771, 0x2771, 0x2771, 0x2771, 0x2771, 0x2771, 0x2771, 0x2771, \
        0x2771, 0x2771, 0x2771, 0x2771, 0x2771, 0x2771, 0x2771, 0x2771, 0x2771, 0x2771, 0x2771, 0x2771, \
        0x2771, 0x2771, 0x2771, 0x2771, 0x2771, 0x2771, 0x2771, 0x2771, 0x2771, 0x2771, 0x2771, 0x2771, \
        0x2771, 0x2771, 0x2771, 0x2771, 0x2771, 0x2771, 0x2771, 0x2771, 0x2771, 0x2771, 0x2771, 0x2771, \
        0x2771, 0x2771, 0x2771, 0x2771, 0x2771, 0x2771, 0x2771, 0x2771, 0x2771, 0x2771, 0x2771, 0x2771, \
        0x2771, 0x2771, 0x2771, 0x2771, 0x2771, 0x2771, 0x2771, 0x2771, 0x2771, 0x2771, 0x2771, 0x2771, \
        0x2771, 0x2771, 0x2771, 0x2771, 0x2771, 0x2771, 0x2771, 0x2771, 0x2771, 0x2771, 0x2771, 0x2771, \
        0x2771, 0x2771, 0x2771, 0x2771, 0x2771, 0x2771, 0x2771, 0x2771, 0x2771, 0x2771, 0x2771, 0x2771, \
        0x2771, 0x2771, 0x2771, 0x2771, 0x2771, 0x2771, 0x2771, 0x2771, 0x2771, 0x2771, 0x2771, 0x2771, \
        0x2771, 0x2771, 0x2771, 0x2771, 0x2771, 0x2771, 0x2771, 0x2771, 0x2771, 0x2771, 0x2771, 0x2771, \
        0x2771, 0x2771, 0x2771, 0x2771, 0x2771, 0x2771, 0x2771, 0x2771, 0x2771, 0x2771, 0x2771, 0x2771, \
        0x2771, 0x2771, 0x2771, 0x2771, 0x2771, 0x2771, 0x2771, 0x2771, 0x2771, 0x2771, 0x2771, 0x2771, \
        0x2771, 0x2771, 0x2771, 0x2771, 0x2771, 0x2771, 0x2771, 0x2771, 0x2771, 0x2771, 0x2771, 0x2771, \
        0x2771, 0x2771, 0x2771, 0x2771, 0x2771, 0x2771, 0x2771, 0x2771, 0x2771, 0x2771, 0x2771, 0x2771, \
        0x2771, 0x2771, 0x2771, 0x2771, 0x2771, 0x2771, 0x2771, 0x2771, 0x2771, 0x2771, 0x2771, 0x2771, \
        0x2771, 0x2771, 0x2771, 0x2771, 0x2771, 0x2771, 0x2771, 0x2771, 0x2771, 0x2771, 0x2771, 0x2771, \
        0x2771, 0x2771, 0x2771, 0x2771, 0x2771, 0x2771, 0x2771, 0x2771, 0x2771, 0x2771, 0x2771, 0x2771, \
        0x2771, 0x2771, 0x2771, 0x2771, 0x2771, 0x2771, 0x2771, 0x2771, 0x2771, 0x2771, 0x2771, 0x2771, \
        0x2771, 0x2771, 0x2771, 0x2771, 0x2771, 0x2771, 0x2771, 0x2771, 0x2771, 0x2771, 0x2771, 0x2771, \
        0x2771, 0x2771, 0x2771, 0x2771, 0x2771, 0x2771, 0x2771, 0x2771, 0x2771, 0x2771, 0x2771, 0x2771, \
        0x2771, 0x2771, 0x2771, 0x2771, 0x2771, 0x2771, 0x2771, 0x2771, 0x2771, 0x2771, 0x2771, 0x2771, \
        0x2771, 0x2771, 0x2771, 0x2771, 0x2771, 0x2771, 0x2771, 0x2771, 0x2771, 0x2771, 0x2771, 0x2771, \
        0x2771, 0x2771, 0x2771, 0x2771, 0x2771, 0x2771, 0x2771, 0x2771, 0x2771, 0x2771, 0x2771, 0x2771, \
        0x2771, 0x2771, 0x2771, 0x2771, 0x2771, 0x2771, 0x2771, 0x2771, 0x2771, 0x2771, 0x2771, 0x2771, \
        0x2771, 0x2771, 0x2771, 0x2771, 0x2771, 0x2771, 0x2771, 0x2771, 0x2771, 0x2771, 0x2771, 0x2771, \
        0x2771, 0x2771, 0x2771, 0x2771, 0x2771, 0x2771, 0x2771, 0x2771, 0x2771, 0x2771, 0x2771, 0x2771, \
        0x2771, 0x2771, 0x2771, 0x2771, 0x2771, 0x2771, 0x2771, 0x2771, 0x2771, 0x2771, 0x2771, 0x2771, \
        0x2771, 0x2771, 0x2771, 0x2771, 0x2771, 0x2771, 0x2771, 0x2771, 0x2771, 0x2771, 0x2771, 0x2771, \
        0x2771, 0x2771, 0x2771, 0x2771, 0x2771, 0x2771, 0x2771, 0x2771, 0x2771, 0x2771, 0x2771, 0x2771, \
        0x2771, 0x2771, 0x2771, 0x2771, 0x2771, 0x2771, 0x2771, 0x2771, 0x2771, 0x2771, 0x2771, 0x2771, \
        0x2771, 0x2771, 0x2771, 0x2771, 0x2771, 0x2771, 0x2771, 0x2771, 0x2771, 0x2771, 0x2771, 0x2771, \
        0x2771, 0x2771, 0x2771, 0x2771, 0x2771, 0x2771, 0x2771, 0x2771, 0x2771, 0x2771, 0x2771, 0x2771, \
        0x2771, 0x2771, 0x2771, 0x2771, 0x2771, 0x2771, 0x2771, 0x2771, 0x2771, 0x2771, 0x2771, 0x2771, \
        0x2771, 0x2771, 0x2771, 0x2771, 0x2771, 0x2771, 0x2771, 0x2771, 0x2771, 0x2771, 0x2771, 0x2771, \
        0x2771, 0x2771, 0x2771, 0x2771, 0x2771, 0x2771, 0x2771, 0x2771, 0x2771, 0x2771, 0x2771, 0x2771, \
        0x2771, 0x2771, 0x2771, 0x2771, 0x2771, 0x2771, 0x2771, 0x2771, 0x2771, 0x2771, 0x2771, 0x2771, \
        0x2771, 0x2771, 0x2771, 0x2771, 0x2771, 0x2771, 0x2771, 0x2771, 0x2771, 0x2771, 0x2771, 0x2771, \
        0x2771, 0x2771, 0x2771, 0x2771, 0x2771, 0x2771, 0x2771, 0x2771, 0x2771, 0x2771, 0x2771, 0x2771 \
    }
// clang-format on
